{"ast":null,"code":"module.exports = {\n  C: {\n    \"2\": 0,\n    \"3\": 0,\n    \"4\": 0,\n    \"5\": 0,\n    \"6\": 0,\n    \"7\": 0,\n    \"8\": 0,\n    \"9\": 0,\n    \"10\": 0,\n    \"11\": 0,\n    \"12\": 0,\n    \"13\": 0,\n    \"14\": 0,\n    \"15\": 0,\n    \"16\": 0,\n    \"17\": 0,\n    \"18\": 0,\n    \"19\": 0,\n    \"20\": 0,\n    \"21\": 0,\n    \"22\": 0,\n    \"23\": 0,\n    \"24\": 0,\n    \"25\": 0,\n    \"26\": 0,\n    \"27\": 0,\n    \"28\": 0,\n    \"29\": 0,\n    \"30\": 0,\n    \"31\": 0,\n    \"32\": 0,\n    \"33\": 0,\n    \"34\": 0,\n    \"35\": 0.01121,\n    \"36\": 0.01121,\n    \"37\": 0,\n    \"38\": 0,\n    \"39\": 0,\n    \"40\": 0,\n    \"41\": 0,\n    \"42\": 0,\n    \"43\": 0,\n    \"44\": 0,\n    \"45\": 0,\n    \"46\": 0,\n    \"47\": 0,\n    \"48\": 0.0056,\n    \"49\": 0,\n    \"50\": 0.0056,\n    \"51\": 0,\n    \"52\": 0.10648,\n    \"53\": 0,\n    \"54\": 0,\n    \"55\": 0,\n    \"56\": 0.01681,\n    \"57\": 0,\n    \"58\": 0,\n    \"59\": 0,\n    \"60\": 0.0056,\n    \"61\": 0.0056,\n    \"62\": 0,\n    \"63\": 0,\n    \"64\": 0,\n    \"65\": 0,\n    \"66\": 0.0056,\n    \"67\": 0,\n    \"68\": 0.02242,\n    \"69\": 0,\n    \"70\": 0.0056,\n    \"71\": 0,\n    \"72\": 0.0056,\n    \"73\": 0.0056,\n    \"74\": 0,\n    \"75\": 0,\n    \"76\": 0,\n    \"77\": 0,\n    \"78\": 0.1457,\n    \"79\": 0,\n    \"80\": 0.0056,\n    \"81\": 0.01121,\n    \"82\": 0.0056,\n    \"83\": 0.0056,\n    \"84\": 0.01121,\n    \"85\": 0.01121,\n    \"86\": 0.01121,\n    \"87\": 0.01681,\n    \"88\": 0.07285,\n    \"89\": 0.12889,\n    \"90\": 1.55791,\n    \"91\": 2.20798,\n    \"92\": 0.01121,\n    \"93\": 0.0056,\n    \"3.5\": 0,\n    \"3.6\": 0\n  },\n  D: {\n    \"4\": 0,\n    \"5\": 0,\n    \"6\": 0,\n    \"7\": 0,\n    \"8\": 0,\n    \"9\": 0,\n    \"10\": 0,\n    \"11\": 0,\n    \"12\": 0,\n    \"13\": 0,\n    \"14\": 0,\n    \"15\": 0,\n    \"16\": 0,\n    \"17\": 0,\n    \"18\": 0,\n    \"19\": 0,\n    \"20\": 0,\n    \"21\": 0,\n    \"22\": 0,\n    \"23\": 0,\n    \"24\": 0,\n    \"25\": 0,\n    \"26\": 0,\n    \"27\": 0,\n    \"28\": 0,\n    \"29\": 0,\n    \"30\": 0,\n    \"31\": 0,\n    \"32\": 0,\n    \"33\": 0,\n    \"34\": 0.0056,\n    \"35\": 0,\n    \"36\": 0,\n    \"37\": 0,\n    \"38\": 0.0056,\n    \"39\": 0,\n    \"40\": 0,\n    \"41\": 0,\n    \"42\": 0.0056,\n    \"43\": 0,\n    \"44\": 0,\n    \"45\": 0,\n    \"46\": 0.0056,\n    \"47\": 0,\n    \"48\": 0.0056,\n    \"49\": 0.12329,\n    \"50\": 0.0056,\n    \"51\": 0,\n    \"52\": 0,\n    \"53\": 0.01121,\n    \"54\": 0,\n    \"55\": 0,\n    \"56\": 0.01121,\n    \"57\": 0,\n    \"58\": 0.0056,\n    \"59\": 0,\n    \"60\": 0,\n    \"61\": 0.07285,\n    \"62\": 0,\n    \"63\": 0.0056,\n    \"64\": 0,\n    \"65\": 0.0056,\n    \"66\": 0.0056,\n    \"67\": 0.0056,\n    \"68\": 0.0056,\n    \"69\": 0.0056,\n    \"70\": 0.0056,\n    \"71\": 0.0056,\n    \"72\": 0.01121,\n    \"73\": 0.0056,\n    \"74\": 0.0056,\n    \"75\": 0.01681,\n    \"76\": 0.0056,\n    \"77\": 0.0056,\n    \"78\": 0.01121,\n    \"79\": 0.06164,\n    \"80\": 0.02242,\n    \"81\": 0.07285,\n    \"83\": 0.02242,\n    \"84\": 0.03362,\n    \"85\": 0.02802,\n    \"86\": 0.06164,\n    \"87\": 0.11208,\n    \"88\": 0.10087,\n    \"89\": 0.17372,\n    \"90\": 0.16252,\n    \"91\": 0.93026,\n    \"92\": 16.6663,\n    \"93\": 0.01121,\n    \"94\": 0.0056,\n    \"95\": 0,\n    \"96\": 0\n  },\n  F: {\n    \"9\": 0,\n    \"11\": 0,\n    \"12\": 0,\n    \"15\": 0,\n    \"16\": 0,\n    \"17\": 0,\n    \"18\": 0,\n    \"19\": 0,\n    \"20\": 0,\n    \"21\": 0,\n    \"22\": 0,\n    \"23\": 0,\n    \"24\": 0,\n    \"25\": 0,\n    \"26\": 0,\n    \"27\": 0,\n    \"28\": 0,\n    \"29\": 0,\n    \"30\": 0,\n    \"31\": 0,\n    \"32\": 0,\n    \"33\": 0,\n    \"34\": 0,\n    \"35\": 0,\n    \"36\": 0.0056,\n    \"37\": 0,\n    \"38\": 0,\n    \"39\": 0,\n    \"40\": 0,\n    \"41\": 0,\n    \"42\": 0,\n    \"43\": 0,\n    \"44\": 0,\n    \"45\": 0,\n    \"46\": 0.0056,\n    \"47\": 0,\n    \"48\": 0,\n    \"49\": 0,\n    \"50\": 0,\n    \"51\": 0,\n    \"52\": 0.0056,\n    \"53\": 0,\n    \"54\": 0,\n    \"55\": 0,\n    \"56\": 0,\n    \"57\": 0,\n    \"58\": 0.02242,\n    \"60\": 0,\n    \"62\": 0,\n    \"63\": 0,\n    \"64\": 0,\n    \"65\": 0.01121,\n    \"66\": 0,\n    \"67\": 0,\n    \"68\": 0,\n    \"69\": 0,\n    \"70\": 0,\n    \"71\": 0,\n    \"72\": 0,\n    \"73\": 0,\n    \"74\": 0.0056,\n    \"75\": 0,\n    \"76\": 0.0056,\n    \"77\": 0.85181,\n    \"78\": 0.73973,\n    \"9.5-9.6\": 0,\n    \"10.0-10.1\": 0,\n    \"10.5\": 0,\n    \"10.6\": 0,\n    \"11.1\": 0,\n    \"11.5\": 0,\n    \"11.6\": 0,\n    \"12.1\": 0.01681\n  },\n  G: {\n    \"8\": 0,\n    \"3.2\": 0,\n    \"4.0-4.1\": 0,\n    \"4.2-4.3\": 0,\n    \"5.0-5.1\": 0.00843,\n    \"6.0-6.1\": 0.00422,\n    \"7.0-7.1\": 0.00984,\n    \"8.1-8.4\": 0.00703,\n    \"9.0-9.2\": 0.00422,\n    \"9.3\": 0.12089,\n    \"10.0-10.2\": 0.01265,\n    \"10.3\": 0.1237,\n    \"11.0-11.2\": 0.03936,\n    \"11.3-11.4\": 0.03514,\n    \"12.0-12.1\": 0.03233,\n    \"12.2-12.4\": 0.09559,\n    \"13.0-13.1\": 0.02249,\n    \"13.2\": 0.01125,\n    \"13.3\": 0.08996,\n    \"13.4-13.7\": 0.30644,\n    \"14.0-14.4\": 1.25808,\n    \"14.5-14.7\": 11.30445\n  },\n  E: {\n    \"4\": 0,\n    \"5\": 0,\n    \"6\": 0,\n    \"7\": 0,\n    \"8\": 0,\n    \"9\": 0,\n    \"10\": 0,\n    \"11\": 0,\n    \"12\": 0,\n    \"13\": 0.01681,\n    \"14\": 0.23537,\n    \"15\": 0.01121,\n    _: \"0\",\n    \"3.1\": 0,\n    \"3.2\": 0,\n    \"5.1\": 0.0056,\n    \"6.1\": 0,\n    \"7.1\": 0,\n    \"9.1\": 0.0056,\n    \"10.1\": 0.0056,\n    \"11.1\": 0.01681,\n    \"12.1\": 0.02802,\n    \"13.1\": 0.1345,\n    \"14.1\": 1.04795\n  },\n  B: {\n    \"12\": 0.0056,\n    \"13\": 0,\n    \"14\": 0.0056,\n    \"15\": 0.01121,\n    \"16\": 0.0056,\n    \"17\": 0.01121,\n    \"18\": 0.03923,\n    \"79\": 0,\n    \"80\": 0,\n    \"81\": 0,\n    \"83\": 0.0056,\n    \"84\": 0.0056,\n    \"85\": 0.0056,\n    \"86\": 0.01121,\n    \"87\": 0.0056,\n    \"88\": 0.0056,\n    \"89\": 0.01681,\n    \"90\": 0.02242,\n    \"91\": 0.12329,\n    \"92\": 3.53052,\n    \"93\": 0.0056\n  },\n  P: {\n    \"4\": 0.12251,\n    \"5.0-5.4\": 0,\n    \"6.2-6.4\": 0,\n    \"7.2-7.4\": 0.01021,\n    \"8.2\": 0,\n    \"9.2\": 0.02042,\n    \"10.1\": 0.02042,\n    \"11.1-11.2\": 0.08168,\n    \"12.0\": 0.04084,\n    \"13.0\": 0.13272,\n    \"14.0\": 2.28694\n  },\n  I: {\n    \"0\": 0,\n    \"3\": 0,\n    \"4\": 0,\n    \"2.1\": 0,\n    \"2.2\": 0,\n    \"2.3\": 0,\n    \"4.1\": 0.00965,\n    \"4.2-4.3\": 0.02895,\n    \"4.4\": 0,\n    \"4.4.3-4.4.4\": 0.18337\n  },\n  K: {\n    _: \"0 10 11 12 11.1 11.5 12.1\"\n  },\n  A: {\n    \"6\": 0,\n    \"7\": 0,\n    \"8\": 0.00584,\n    \"9\": 0,\n    \"10\": 0.01751,\n    \"11\": 0.54266,\n    \"5.5\": 0\n  },\n  J: {\n    \"7\": 0,\n    \"10\": 0.0044\n  },\n  N: {\n    \"10\": 0,\n    \"11\": 0\n  },\n  R: {\n    _: \"0\"\n  },\n  M: {\n    \"0\": 0.444\n  },\n  Q: {\n    \"10.4\": 0.0044\n  },\n  O: {\n    \"0\": 0.15386\n  },\n  H: {\n    \"0\": 0.5452\n  },\n  L: {\n    \"0\": 48.55699\n  },\n  S: {\n    \"2.5\": 0\n  }\n};","map":{"version":3,"sources":["C:/xampp/public_html/vamo/interface2/node_modules/caniuse-lite/data/regions/CZ.js"],"names":["module","exports","C","D","F","G","E","_","B","P","I","K","A","J","N","R","M","Q","O","H","L","S"],