{"ast":null,"code":"module.exports = {\n  C: {\n    \"52\": 0.01008,\n    \"68\": 0.00504,\n    \"78\": 0.03527,\n    \"88\": 0.03023,\n    \"89\": 0.13101,\n    \"90\": 0.95237,\n    \"91\": 1.16905,\n    \"92\": 0.00504,\n    _: \"2 3 4 5 6 7 8 9 10 11 12 13 14 15 16 17 18 19 20 21 22 23 24 25 26 27 28 29 30 31 32 33 34 35 36 37 38 39 40 41 42 43 44 45 46 47 48 49 50 51 53 54 55 56 57 58 59 60 61 62 63 64 65 66 67 69 70 71 72 73 74 75 76 77 79 80 81 82 83 84 85 86 87 93 3.5 3.6\"\n  },\n  D: {\n    \"38\": 0.01008,\n    \"47\": 0.00504,\n    \"49\": 0.03023,\n    \"53\": 0.01512,\n    \"54\": 0.00504,\n    \"65\": 0.01512,\n    \"68\": 0.03023,\n    \"70\": 0.01512,\n    \"72\": 0.03527,\n    \"73\": 0.01008,\n    \"74\": 0.60972,\n    \"75\": 0.0252,\n    \"76\": 0.01512,\n    \"77\": 0.00504,\n    \"78\": 0.03023,\n    \"79\": 0.1159,\n    \"80\": 0.17133,\n    \"83\": 0.0252,\n    \"84\": 0.01008,\n    \"85\": 0.0252,\n    \"86\": 0.05039,\n    \"87\": 0.12598,\n    \"88\": 0.06047,\n    \"89\": 0.16629,\n    \"90\": 0.37289,\n    \"91\": 2.1315,\n    \"92\": 21.61731,\n    \"93\": 0.01512,\n    \"94\": 0.01008,\n    _: \"4 5 6 7 8 9 10 11 12 13 14 15 16 17 18 19 20 21 22 23 24 25 26 27 28 29 30 31 32 33 34 35 36 37 39 40 41 42 43 44 45 46 48 50 51 52 55 56 57 58 59 60 61 62 63 64 66 67 69 71 81 95 96\"\n  },\n  F: {\n    \"77\": 0.08566,\n    \"78\": 0.13605,\n    _: \"9 11 12 15 16 17 18 19 20 21 22 23 24 25 26 27 28 29 30 31 32 33 34 35 36 37 38 39 40 41 42 43 44 45 46 47 48 49 50 51 52 53 54 55 56 57 58 60 62 63 64 65 66 67 68 69 70 71 72 73 74 75 76 9.5-9.6 10.5 10.6 11.1 11.5 11.6 12.1\",\n    \"10.0-10.1\": 0\n  },\n  G: {\n    \"8\": 0,\n    \"3.2\": 0,\n    \"4.0-4.1\": 0,\n    \"4.2-4.3\": 0,\n    \"5.0-5.1\": 0,\n    \"6.0-6.1\": 0,\n    \"7.0-7.1\": 0.00575,\n    \"8.1-8.4\": 0,\n    \"9.0-9.2\": 0,\n    \"9.3\": 0.26743,\n    \"10.0-10.2\": 0,\n    \"10.3\": 0.25305,\n    \"11.0-11.2\": 0.02013,\n    \"11.3-11.4\": 0.03451,\n    \"12.0-12.1\": 0.00863,\n    \"12.2-12.4\": 0.18691,\n    \"13.0-13.1\": 0.01438,\n    \"13.2\": 0.00863,\n    \"13.3\": 0.05751,\n    \"13.4-13.7\": 0.3422,\n    \"14.0-14.4\": 2.12219,\n    \"14.5-14.7\": 25.035\n  },\n  E: {\n    \"4\": 0,\n    \"12\": 0.01512,\n    \"13\": 0.07559,\n    \"14\": 0.95741,\n    \"15\": 0.04535,\n    _: \"0 5 6 7 8 9 10 11 3.1 3.2 5.1 6.1 7.1 9.1\",\n    \"10.1\": 0.01008,\n    \"11.1\": 0.01512,\n    \"12.1\": 0.15621,\n    \"13.1\": 0.48374,\n    \"14.1\": 7.47284\n  },\n  B: {\n    \"15\": 0.01008,\n    \"16\": 0.04031,\n    \"17\": 0.00504,\n    \"18\": 0.11086,\n    \"84\": 0.01512,\n    \"85\": 0.0252,\n    \"86\": 0.00504,\n    \"87\": 0.01512,\n    \"88\": 0.01008,\n    \"89\": 0.03023,\n    \"90\": 0.01008,\n    \"91\": 0.17637,\n    \"92\": 9.4582,\n    _: \"12 13 14 79 80 81 83 93\"\n  },\n  P: {\n    \"4\": 0.19895,\n    \"5.0-5.4\": 0.01047,\n    \"6.2-6.4\": 0.21226,\n    \"7.2-7.4\": 0.04188,\n    \"8.2\": 0.04043,\n    \"9.2\": 0.02165,\n    \"10.1\": 0.06064,\n    \"11.1-11.2\": 0.20942,\n    \"12.0\": 0.0433,\n    \"13.0\": 0.05236,\n    \"14.0\": 3.78007\n  },\n  I: {\n    \"0\": 0,\n    \"3\": 0,\n    \"4\": 0.00331,\n    \"2.1\": 0,\n    \"2.2\": 0,\n    \"2.3\": 0,\n    \"4.1\": 0,\n    \"4.2-4.3\": 0.00248,\n    \"4.4\": 0,\n    \"4.4.3-4.4.4\": 0.00909\n  },\n  K: {\n    _: \"0 10 11 12 11.1 11.5 12.1\"\n  },\n  A: {\n    \"6\": 0.00504,\n    \"11\": 0.69538,\n    _: \"7 8 9 10 5.5\"\n  },\n  J: {\n    \"7\": 0,\n    \"10\": 0\n  },\n  N: {\n    \"11\": 0.01983,\n    _: \"10\"\n  },\n  R: {\n    _: \"0\"\n  },\n  M: {\n    \"0\": 0.55552\n  },\n  Q: {\n    \"10.4\": 0\n  },\n  O: {\n    \"0\": 0.12896\n  },\n  H: {\n    \"0\": 0.07983\n  },\n  L: {\n    \"0\": 17.0216\n  },\n  S: {\n    \"2.5\": 0\n  }\n};","map":{"version":3,"sources":["C:/xampp/public_html/vamo/interface2/node_modules/caniuse-lite/data/regions/VI.js"],"names":["module","exports","C","_","D","F","G","E","B","P","I","K","A","J","N","R","M","Q","O","H","L","S"],"mappings":"AAAAA,MAAM,CAACC,OAAP,GAAe;AAACC,EAAAA,CAAC,EAAC;AAAC,UAAK,OAAN;AAAc,UAAK,OAAnB;AAA2B,UAAK,OAAhC;AAAwC,UAAK,OAA7C;AAAqD,UAAK,OAA1D;AAAkE,UAAK,OAAvE;AAA+E,UAAK,OAApF;AAA4F,UAAK,OAAjG;AAAyGC,IAAAA,CAAC,EAAC;AAA3G,GAAH;AAA6WC,EAAAA,CAAC,EAAC;AAAC,UAAK,OAAN;AAAc,UAAK,OAAnB;AAA2B,UAAK,OAAhC;AAAwC,UAAK,OAA7C;AAAqD,UAAK,OAA1D;AAAkE,UAAK,OAAvE;AAA+E,UAAK,OAApF;AAA4F,UAAK,OAAjG;AAAyG,UAAK,OAA9G;AAAsH,UAAK,OAA3H;AAAmI,UAAK,OAAxI;AAAgJ,UAAK,MAArJ;AAA4J,UAAK,OAAjK;AAAyK,UAAK,OAA9K;AAAsL,UAAK,OAA3L;AAAmM,UAAK,MAAxM;AAA+M,UAAK,OAApN;AAA4N,UAAK,MAAjO;AAAwO,UAAK,OAA7O;AAAqP,UAAK,MAA1P;AAAiQ,UAAK,OAAtQ;AAA8Q,UAAK,OAAnR;AAA2R,UAAK,OAAhS;AAAwS,UAAK,OAA7S;AAAqT,UAAK,OAA1T;AAAkU,UAAK,MAAvU;AAA8U,UAAK,QAAnV;AAA4V,UAAK,OAAjW;AAAyW,UAAK,OAA9W;AAAsXD,IAAAA,CAAC,EAAC;AAAxX,GAA/W;AAAi6BE,EAAAA,CAAC,EAAC;AAAC,UAAK,OAAN;AAAc,UAAK,OAAnB;AAA2BF,IAAAA,CAAC,EAAC,mOAA7B;AAAiQ,iBAAY;AAA7Q,GAAn6B;AAAmrCG,EAAAA,CAAC,EAAC;AAAC,SAAI,CAAL;AAAO,WAAM,CAAb;AAAe,eAAU,CAAzB;AAA2B,eAAU,CAArC;AAAuC,eAAU,CAAjD;AAAmD,eAAU,CAA7D;AAA+D,eAAU,OAAzE;AAAiF,eAAU,CAA3F;AAA6F,eAAU,CAAvG;AAAyG,WAAM,OAA/G;AAAuH,iBAAY,CAAnI;AAAqI,YAAO,OAA5I;AAAoJ,iBAAY,OAAhK;AAAwK,iBAAY,OAApL;AAA4L,iBAAY,OAAxM;AAAgN,iBAAY,OAA5N;AAAoO,iBAAY,OAAhP;AAAwP,YAAO,OAA/P;AAAuQ,YAAO,OAA9Q;AAAsR,iBAAY,MAAlS;AAAyS,iBAAY,OAArT;AAA6T,iBAAY;AAAzU,GAArrC;AAAsgDC,EAAAA,CAAC,EAAC;AAAC,SAAI,CAAL;AAAO,UAAK,OAAZ;AAAoB,UAAK,OAAzB;AAAiC,UAAK,OAAtC;AAA8C,UAAK,OAAnD;AAA2DJ,IAAAA,CAAC,EAAC,2CAA7D;AAAyG,YAAO,OAAhH;AAAwH,YAAO,OAA/H;AAAuI,YAAO,OAA9I;AAAsJ,YAAO,OAA7J;AAAqK,YAAO;AAA5K,GAAxgD;AAA6rDK,EAAAA,CAAC,EAAC;AAAC,UAAK,OAAN;AAAc,UAAK,OAAnB;AAA2B,UAAK,OAAhC;AAAwC,UAAK,OAA7C;AAAqD,UAAK,OAA1D;AAAkE,UAAK,MAAvE;AAA8E,UAAK,OAAnF;AAA2F,UAAK,OAAhG;AAAwG,UAAK,OAA7G;AAAqH,UAAK,OAA1H;AAAkI,UAAK,OAAvI;AAA+I,UAAK,OAApJ;AAA4J,UAAK,MAAjK;AAAwKL,IAAAA,CAAC,EAAC;AAA1K,GAA/rD;AAAo4DM,EAAAA,CAAC,EAAC;AAAC,SAAI,OAAL;AAAa,eAAU,OAAvB;AAA+B,eAAU,OAAzC;AAAiD,eAAU,OAA3D;AAAmE,WAAM,OAAzE;AAAiF,WAAM,OAAvF;AAA+F,YAAO,OAAtG;AAA8G,iBAAY,OAA1H;AAAkI,YAAO,MAAzI;AAAgJ,YAAO,OAAvJ;AAA+J,YAAO;AAAtK,GAAt4D;AAAqjEC,EAAAA,CAAC,EAAC;AAAC,SAAI,CAAL;AAAO,SAAI,CAAX;AAAa,SAAI,OAAjB;AAAyB,WAAM,CAA/B;AAAiC,WAAM,CAAvC;AAAyC,WAAM,CAA/C;AAAiD,WAAM,CAAvD;AAAyD,eAAU,OAAnE;AAA2E,WAAM,CAAjF;AAAmF,mBAAc;AAAjG,GAAvjE;AAAiqEC,EAAAA,CAAC,EAAC;AAACR,IAAAA,CAAC,EAAC;AAAH,GAAnqE;AAAmsES,EAAAA,CAAC,EAAC;AAAC,SAAI,OAAL;AAAa,UAAK,OAAlB;AAA0BT,IAAAA,CAAC,EAAC;AAA5B,GAArsE;AAAivEU,EAAAA,CAAC,EAAC;AAAC,SAAI,CAAL;AAAO,UAAK;AAAZ,GAAnvE;AAAkwEC,EAAAA,CAAC,EAAC;AAAC,UAAK,OAAN;AAAcX,IAAAA,CAAC,EAAC;AAAhB,GAApwE;AAA0xEY,EAAAA,CAAC,EAAC;AAACZ,IAAAA,CAAC,EAAC;AAAH,GAA5xE;AAAoyEa,EAAAA,CAAC,EAAC;AAAC,SAAI;AAAL,GAAtyE;AAAozEC,EAAAA,CAAC,EAAC;AAAC,YAAO;AAAR,GAAtzE;AAAi0EC,EAAAA,CAAC,EAAC;AAAC,SAAI;AAAL,GAAn0E;AAAi1EC,EAAAA,CAAC,EAAC;AAAC,SAAI;AAAL,GAAn1E;AAAi2EC,EAAAA,CAAC,EAAC;AAAC,SAAI;AAAL,GAAn2E;AAAi3EC,EAAAA,CAAC,EAAC;AAAC,WAAM;AAAP;AAAn3E,CAAf",