{"ast":null,"code":"module.exports = {\n  C: {\n    \"2\": 0,\n    \"3\": 0,\n    \"4\": 0,\n    \"5\": 0,\n    \"6\": 0,\n    \"7\": 0,\n    \"8\": 0,\n    \"9\": 0,\n    \"10\": 0,\n    \"11\": 0,\n    \"12\": 0,\n    \"13\": 0,\n    \"14\": 0,\n    \"15\": 0,\n    \"16\": 0,\n    \"17\": 0,\n    \"18\": 0,\n    \"19\": 0,\n    \"20\": 0,\n    \"21\": 0,\n    \"22\": 0,\n    \"23\": 0,\n    \"24\": 0,\n    \"25\": 0,\n    \"26\": 0,\n    \"27\": 0,\n    \"28\": 0,\n    \"29\": 0,\n    \"30\": 0,\n    \"31\": 0,\n    \"32\": 0,\n    \"33\": 0,\n    \"34\": 0,\n    \"35\": 0,\n    \"36\": 0,\n    \"37\": 0,\n    \"38\": 0,\n    \"39\": 0,\n    \"40\": 0,\n    \"41\": 0,\n    \"42\": 0,\n    \"43\": 0,\n    \"44\": 0,\n    \"45\": 0,\n    \"46\": 0,\n    \"47\": 0,\n    \"48\": 0.00475,\n    \"49\": 0,\n    \"50\": 0,\n    \"51\": 0,\n    \"52\": 0.01426,\n    \"53\": 0,\n    \"54\": 0,\n    \"55\": 0,\n    \"56\": 0,\n    \"57\": 0,\n    \"58\": 0,\n    \"59\": 0,\n    \"60\": 0,\n    \"61\": 0,\n    \"62\": 0,\n    \"63\": 0,\n    \"64\": 0,\n    \"65\": 0,\n    \"66\": 0,\n    \"67\": 0,\n    \"68\": 0.00475,\n    \"69\": 0,\n    \"70\": 0,\n    \"71\": 0,\n    \"72\": 0,\n    \"73\": 0,\n    \"74\": 0,\n    \"75\": 0,\n    \"76\": 0,\n    \"77\": 0,\n    \"78\": 0.01426,\n    \"79\": 0,\n    \"80\": 0,\n    \"81\": 0,\n    \"82\": 0,\n    \"83\": 0,\n    \"84\": 0,\n    \"85\": 0,\n    \"86\": 0.00475,\n    \"87\": 0.00951,\n    \"88\": 0.00475,\n    \"89\": 0.08557,\n    \"90\": 0.2995,\n    \"91\": 0.45163,\n    \"92\": 0.00475,\n    \"93\": 0,\n    \"3.5\": 0,\n    \"3.6\": 0\n  },\n  D: {\n    \"4\": 0,\n    \"5\": 0,\n    \"6\": 0,\n    \"7\": 0,\n    \"8\": 0,\n    \"9\": 0,\n    \"10\": 0,\n    \"11\": 0,\n    \"12\": 0,\n    \"13\": 0,\n    \"14\": 0,\n    \"15\": 0,\n    \"16\": 0,\n    \"17\": 0,\n    \"18\": 0,\n    \"19\": 0,\n    \"20\": 0,\n    \"21\": 0,\n    \"22\": 0,\n    \"23\": 0,\n    \"24\": 0,\n    \"25\": 0,\n    \"26\": 0,\n    \"27\": 0,\n    \"28\": 0,\n    \"29\": 0,\n    \"30\": 0,\n    \"31\": 0,\n    \"32\": 0,\n    \"33\": 0,\n    \"34\": 0,\n    \"35\": 0,\n    \"36\": 0,\n    \"37\": 0,\n    \"38\": 0.00951,\n    \"39\": 0,\n    \"40\": 0,\n    \"41\": 0.00475,\n    \"42\": 0,\n    \"43\": 0,\n    \"44\": 0,\n    \"45\": 0,\n    \"46\": 0,\n    \"47\": 0.00475,\n    \"48\": 0,\n    \"49\": 0.09033,\n    \"50\": 0.00475,\n    \"51\": 0,\n    \"52\": 0,\n    \"53\": 0.00475,\n    \"54\": 0,\n    \"55\": 0,\n    \"56\": 0.00951,\n    \"57\": 0,\n    \"58\": 0.00475,\n    \"59\": 0,\n    \"60\": 0,\n    \"61\": 0,\n    \"62\": 0,\n    \"63\": 0.00475,\n    \"64\": 0,\n    \"65\": 0.00475,\n    \"66\": 0.00475,\n    \"67\": 0.01426,\n    \"68\": 0.00475,\n    \"69\": 0.00475,\n    \"70\": 0.01426,\n    \"71\": 0.00475,\n    \"72\": 0,\n    \"73\": 0,\n    \"74\": 0.19016,\n    \"75\": 0.05705,\n    \"76\": 0.02377,\n    \"77\": 0.00475,\n    \"78\": 0.00475,\n    \"79\": 0.08557,\n    \"80\": 0.01426,\n    \"81\": 0.05229,\n    \"83\": 0.00951,\n    \"84\": 0.00951,\n    \"85\": 0.00951,\n    \"86\": 0.01426,\n    \"87\": 0.16639,\n    \"88\": 0.01902,\n    \"89\": 0.05229,\n    \"90\": 0.09033,\n    \"91\": 0.61327,\n    \"92\": 12.32712,\n    \"93\": 0.04279,\n    \"94\": 0.00951,\n    \"95\": 0,\n    \"96\": 0\n  },\n  F: {\n    \"9\": 0,\n    \"11\": 0,\n    \"12\": 0,\n    \"15\": 0,\n    \"16\": 0,\n    \"17\": 0,\n    \"18\": 0,\n    \"19\": 0,\n    \"20\": 0,\n    \"21\": 0,\n    \"22\": 0,\n    \"23\": 0,\n    \"24\": 0,\n    \"25\": 0,\n    \"26\": 0,\n    \"27\": 0,\n    \"28\": 0.01426,\n    \"29\": 0,\n    \"30\": 0,\n    \"31\": 0,\n    \"32\": 0,\n    \"33\": 0,\n    \"34\": 0,\n    \"35\": 0,\n    \"36\": 0,\n    \"37\": 0,\n    \"38\": 0,\n    \"39\": 0,\n    \"40\": 0,\n    \"41\": 0,\n    \"42\": 0,\n    \"43\": 0,\n    \"44\": 0,\n    \"45\": 0,\n    \"46\": 0,\n    \"47\": 0,\n    \"48\": 0,\n    \"49\": 0,\n    \"50\": 0,\n    \"51\": 0,\n    \"52\": 0,\n    \"53\": 0,\n    \"54\": 0,\n    \"55\": 0,\n    \"56\": 0,\n    \"57\": 0,\n    \"58\": 0.01902,\n    \"60\": 0,\n    \"62\": 0,\n    \"63\": 0,\n    \"64\": 0,\n    \"65\": 0,\n    \"66\": 0,\n    \"67\": 0,\n    \"68\": 0,\n    \"69\": 0,\n    \"70\": 0,\n    \"71\": 0,\n    \"72\": 0,\n    \"73\": 0,\n    \"74\": 0,\n    \"75\": 0,\n    \"76\": 0,\n    \"77\": 0.25672,\n    \"78\": 0.21393,\n    \"9.5-9.6\": 0,\n    \"10.0-10.1\": 0,\n    \"10.5\": 0,\n    \"10.6\": 0,\n    \"11.1\": 0,\n    \"11.5\": 0,\n    \"11.6\": 0,\n    \"12.1\": 0\n  },\n  G: {\n    \"8\": 0,\n    \"3.2\": 0,\n    \"4.0-4.1\": 0,\n    \"4.2-4.3\": 0,\n    \"5.0-5.1\": 0.05104,\n    \"6.0-6.1\": 0.00537,\n    \"7.0-7.1\": 0.12492,\n    \"8.1-8.4\": 0,\n    \"9.0-9.2\": 0,\n    \"9.3\": 0.34117,\n    \"10.0-10.2\": 0.00269,\n    \"10.3\": 0.2861,\n    \"11.0-11.2\": 0.03627,\n    \"11.3-11.4\": 0.01746,\n    \"12.0-12.1\": 0.02149,\n    \"12.2-12.4\": 0.09671,\n    \"13.0-13.1\": 0.03089,\n    \"13.2\": 0.02149,\n    \"13.3\": 0.08194,\n    \"13.4-13.7\": 0.24984,\n    \"14.0-14.4\": 1.23306,\n    \"14.5-14.7\": 9.93699\n  },\n  E: {\n    \"4\": 0,\n    \"5\": 0,\n    \"6\": 0,\n    \"7\": 0,\n    \"8\": 0,\n    \"9\": 0,\n    \"10\": 0,\n    \"11\": 0.00475,\n    \"12\": 0,\n    \"13\": 0.01902,\n    \"14\": 0.20442,\n    \"15\": 0.00475,\n    _: \"0\",\n    \"3.1\": 0,\n    \"3.2\": 0,\n    \"5.1\": 0.00475,\n    \"6.1\": 0,\n    \"7.1\": 0,\n    \"9.1\": 0,\n    \"10.1\": 0.00951,\n    \"11.1\": 0.05705,\n    \"12.1\": 0.01902,\n    \"13.1\": 0.1236,\n    \"14.1\": 0.87949\n  },\n  B: {\n    \"12\": 0.00475,\n    \"13\": 0.00475,\n    \"14\": 0,\n    \"15\": 0,\n    \"16\": 0.00475,\n    \"17\": 0.00475,\n    \"18\": 0.04279,\n    \"79\": 0,\n    \"80\": 0,\n    \"81\": 0,\n    \"83\": 0,\n    \"84\": 0.00951,\n    \"85\": 0.00475,\n    \"86\": 0,\n    \"87\": 0,\n    \"88\": 0,\n    \"89\": 0.01902,\n    \"90\": 0.00951,\n    \"91\": 0.05705,\n    \"92\": 2.59093,\n    \"93\": 0\n  },\n  P: {\n    \"4\": 0.4441,\n    \"5.0-5.4\": 0,\n    \"6.2-6.4\": 0,\n    \"7.2-7.4\": 0.17764,\n    \"8.2\": 0,\n    \"9.2\": 0.06661,\n    \"10.1\": 0.0222,\n    \"11.1-11.2\": 0.29976,\n    \"12.0\": 0.04441,\n    \"13.0\": 0.29976,\n    \"14.0\": 5.39576\n  },\n  I: {\n    \"0\": 0,\n    \"3\": 0,\n    \"4\": 0.04019,\n    \"2.1\": 0,\n    \"2.2\": 0,\n    \"2.3\": 0,\n    \"4.1\": 0.04019,\n    \"4.2-4.3\": 0.22773,\n    \"4.4\": 0,\n    \"4.4.3-4.4.4\": 2.14333\n  },\n  K: {\n    _: \"0 10 11 12 11.1 11.5 12.1\"\n  },\n  A: {\n    \"6\": 0,\n    \"7\": 0,\n    \"8\": 0,\n    \"9\": 0,\n    \"10\": 0,\n    \"11\": 0.07131,\n    \"5.5\": 0\n  },\n  J: {\n    \"7\": 0,\n    \"10\": 0.00525\n  },\n  N: {\n    \"10\": 0,\n    \"11\": 0\n  },\n  R: {\n    _: \"0\"\n  },\n  M: {\n    \"0\": 0.13115\n  },\n  Q: {\n    \"10.4\": 0.01049\n  },\n  O: {\n    \"0\": 0.05771\n  },\n  H: {\n    \"0\": 0.24833\n  },\n  L: {\n    \"0\": 54.34476\n  },\n  S: {\n    \"2.5\": 0\n  }\n};","map":{"version":3,"sources":["C:/xampp/public_html/vamo/interface2/node_modules/caniuse-lite/data/regions/TT.js"],"names":["module","exports","C","D","F","G","E","_","B","P","I","K","A","J","N","R","M","Q","O","H","L","S"],