{"ast":null,"code":"module.exports = {\n  C: {\n    \"2\": 0,\n    \"3\": 0,\n    \"4\": 0,\n    \"5\": 0,\n    \"6\": 0,\n    \"7\": 0,\n    \"8\": 0,\n    \"9\": 0,\n    \"10\": 0,\n    \"11\": 0,\n    \"12\": 0,\n    \"13\": 0,\n    \"14\": 0,\n    \"15\": 0,\n    \"16\": 0,\n    \"17\": 0,\n    \"18\": 0,\n    \"19\": 0,\n    \"20\": 0,\n    \"21\": 0,\n    \"22\": 0,\n    \"23\": 0,\n    \"24\": 0,\n    \"25\": 0,\n    \"26\": 0,\n    \"27\": 0,\n    \"28\": 0,\n    \"29\": 0,\n    \"30\": 0,\n    \"31\": 0,\n    \"32\": 0,\n    \"33\": 0,\n    \"34\": 0.01757,\n    \"35\": 0.01171,\n    \"36\": 0.01171,\n    \"37\": 0,\n    \"38\": 0,\n    \"39\": 0,\n    \"40\": 0,\n    \"41\": 0,\n    \"42\": 0,\n    \"43\": 0,\n    \"44\": 0,\n    \"45\": 0,\n    \"46\": 0,\n    \"47\": 0,\n    \"48\": 0,\n    \"49\": 0,\n    \"50\": 0,\n    \"51\": 0,\n    \"52\": 0.02342,\n    \"53\": 0,\n    \"54\": 0,\n    \"55\": 0,\n    \"56\": 0.00586,\n    \"57\": 0,\n    \"58\": 0.00586,\n    \"59\": 0,\n    \"60\": 0.00586,\n    \"61\": 0,\n    \"62\": 0,\n    \"63\": 0,\n    \"64\": 0,\n    \"65\": 0,\n    \"66\": 0,\n    \"67\": 0,\n    \"68\": 0.03513,\n    \"69\": 0,\n    \"70\": 0,\n    \"71\": 0,\n    \"72\": 0.00586,\n    \"73\": 0,\n    \"74\": 0,\n    \"75\": 0,\n    \"76\": 0,\n    \"77\": 0,\n    \"78\": 0.08197,\n    \"79\": 0,\n    \"80\": 0,\n    \"81\": 0.00586,\n    \"82\": 0,\n    \"83\": 0,\n    \"84\": 0.00586,\n    \"85\": 0.01171,\n    \"86\": 0.01171,\n    \"87\": 0.01171,\n    \"88\": 0.02342,\n    \"89\": 0.04099,\n    \"90\": 0.67918,\n    \"91\": 1.03634,\n    \"92\": 0.00586,\n    \"93\": 0,\n    \"3.5\": 0,\n    \"3.6\": 0\n  },\n  D: {\n    \"4\": 0,\n    \"5\": 0,\n    \"6\": 0,\n    \"7\": 0,\n    \"8\": 0,\n    \"9\": 0,\n    \"10\": 0,\n    \"11\": 0,\n    \"12\": 0,\n    \"13\": 0,\n    \"14\": 0,\n    \"15\": 0,\n    \"16\": 0,\n    \"17\": 0,\n    \"18\": 0,\n    \"19\": 0,\n    \"20\": 0.00586,\n    \"21\": 0,\n    \"22\": 0,\n    \"23\": 0,\n    \"24\": 0,\n    \"25\": 0,\n    \"26\": 0.00586,\n    \"27\": 0,\n    \"28\": 0,\n    \"29\": 0,\n    \"30\": 0,\n    \"31\": 0,\n    \"32\": 0,\n    \"33\": 0,\n    \"34\": 0.02342,\n    \"35\": 0,\n    \"36\": 0,\n    \"37\": 0,\n    \"38\": 0.08197,\n    \"39\": 0,\n    \"40\": 0,\n    \"41\": 0,\n    \"42\": 0,\n    \"43\": 0,\n    \"44\": 0,\n    \"45\": 0,\n    \"46\": 0,\n    \"47\": 0,\n    \"48\": 0,\n    \"49\": 0.09954,\n    \"50\": 0,\n    \"51\": 0,\n    \"52\": 0,\n    \"53\": 0.04684,\n    \"54\": 0,\n    \"55\": 0,\n    \"56\": 0.00586,\n    \"57\": 0.01171,\n    \"58\": 0.00586,\n    \"59\": 0,\n    \"60\": 0,\n    \"61\": 0.01171,\n    \"62\": 0.00586,\n    \"63\": 0.01171,\n    \"64\": 0,\n    \"65\": 0.02928,\n    \"66\": 0.00586,\n    \"67\": 0.02342,\n    \"68\": 0.01171,\n    \"69\": 0.04099,\n    \"70\": 0.02342,\n    \"71\": 0.01171,\n    \"72\": 0.01171,\n    \"73\": 0.01757,\n    \"74\": 0.02928,\n    \"75\": 0.01757,\n    \"76\": 0.03513,\n    \"77\": 0.02342,\n    \"78\": 0.01757,\n    \"79\": 0.21664,\n    \"80\": 0.02928,\n    \"81\": 0.02928,\n    \"83\": 0.02928,\n    \"84\": 0.01757,\n    \"85\": 0.01171,\n    \"86\": 0.04099,\n    \"87\": 0.12296,\n    \"88\": 0.07612,\n    \"89\": 0.09954,\n    \"90\": 0.43913,\n    \"91\": 1.56329,\n    \"92\": 18.05682,\n    \"93\": 0.02928,\n    \"94\": 0.01171,\n    \"95\": 0.00586,\n    \"96\": 0\n  },\n  F: {\n    \"9\": 0,\n    \"11\": 0,\n    \"12\": 0,\n    \"15\": 0,\n    \"16\": 0,\n    \"17\": 0,\n    \"18\": 0,\n    \"19\": 0,\n    \"20\": 0,\n    \"21\": 0,\n    \"22\": 0,\n    \"23\": 0,\n    \"24\": 0,\n    \"25\": 0,\n    \"26\": 0,\n    \"27\": 0,\n    \"28\": 0.00586,\n    \"29\": 0,\n    \"30\": 0,\n    \"31\": 0,\n    \"32\": 0,\n    \"33\": 0,\n    \"34\": 0,\n    \"35\": 0,\n    \"36\": 0.00586,\n    \"37\": 0.00586,\n    \"38\": 0,\n    \"39\": 0,\n    \"40\": 0,\n    \"41\": 0,\n    \"42\": 0,\n    \"43\": 0,\n    \"44\": 0,\n    \"45\": 0,\n    \"46\": 0.0527,\n    \"47\": 0,\n    \"48\": 0,\n    \"49\": 0,\n    \"50\": 0,\n    \"51\": 0,\n    \"52\": 0,\n    \"53\": 0,\n    \"54\": 0,\n    \"55\": 0,\n    \"56\": 0,\n    \"57\": 0,\n    \"58\": 0.00586,\n    \"60\": 0,\n    \"62\": 0,\n    \"63\": 0,\n    \"64\": 0,\n    \"65\": 0,\n    \"66\": 0,\n    \"67\": 0,\n    \"68\": 0,\n    \"69\": 0,\n    \"70\": 0,\n    \"71\": 0,\n    \"72\": 0,\n    \"73\": 0,\n    \"74\": 0,\n    \"75\": 0.00586,\n    \"76\": 0.00586,\n    \"77\": 0.1171,\n    \"78\": 0.1171,\n    \"9.5-9.6\": 0,\n    \"10.0-10.1\": 0,\n    \"10.5\": 0,\n    \"10.6\": 0,\n    \"11.1\": 0,\n    \"11.5\": 0,\n    \"11.6\": 0,\n    \"12.1\": 0\n  },\n  G: {\n    \"8\": 0.00304,\n    \"3.2\": 0,\n    \"4.0-4.1\": 0,\n    \"4.2-4.3\": 0,\n    \"5.0-5.1\": 0.01216,\n    \"6.0-6.1\": 0.0821,\n    \"7.0-7.1\": 0.04865,\n    \"8.1-8.4\": 0.07297,\n    \"9.0-9.2\": 0.02737,\n    \"9.3\": 0.50474,\n    \"10.0-10.2\": 0.05777,\n    \"10.3\": 0.60508,\n    \"11.0-11.2\": 0.24325,\n    \"11.3-11.4\": 0.16115,\n    \"12.0-12.1\": 0.12771,\n    \"12.2-12.4\": 0.46217,\n    \"13.0-13.1\": 0.04865,\n    \"13.2\": 0.02737,\n    \"13.3\": 0.2098,\n    \"13.4-13.7\": 0.93651,\n    \"14.0-14.4\": 2.67271,\n    \"14.5-14.7\": 22.30602\n  },\n  E: {\n    \"4\": 0,\n    \"5\": 0,\n    \"6\": 0,\n    \"7\": 0,\n    \"8\": 0,\n    \"9\": 0,\n    \"10\": 0,\n    \"11\": 0.01757,\n    \"12\": 0.01171,\n    \"13\": 0.10539,\n    \"14\": 0.64991,\n    \"15\": 0.01171,\n    _: \"0\",\n    \"3.1\": 0,\n    \"3.2\": 0,\n    \"5.1\": 0,\n    \"6.1\": 0,\n    \"7.1\": 0,\n    \"9.1\": 0,\n    \"10.1\": 0.03513,\n    \"11.1\": 0.05855,\n    \"12.1\": 0.10539,\n    \"13.1\": 0.43327,\n    \"14.1\": 3.37834\n  },\n  B: {\n    \"12\": 0,\n    \"13\": 0,\n    \"14\": 0,\n    \"15\": 0.00586,\n    \"16\": 0.00586,\n    \"17\": 0.00586,\n    \"18\": 0.09368,\n    \"79\": 0,\n    \"80\": 0,\n    \"81\": 0,\n    \"83\": 0.00586,\n    \"84\": 0.00586,\n    \"85\": 0.00586,\n    \"86\": 0.00586,\n    \"87\": 0,\n    \"88\": 0,\n    \"89\": 0.01171,\n    \"90\": 0.01171,\n    \"91\": 0.0527,\n    \"92\": 2.71087,\n    \"93\": 0\n  },\n  P: {\n    \"4\": 0.58419,\n    \"5.0-5.4\": 0,\n    \"6.2-6.4\": 0,\n    \"7.2-7.4\": 0.01062,\n    \"8.2\": 0,\n    \"9.2\": 0.01062,\n    \"10.1\": 0.01062,\n    \"11.1-11.2\": 0.05311,\n    \"12.0\": 0.03186,\n    \"13.0\": 0.1487,\n    \"14.0\": 2.24115\n  },\n  I: {\n    \"0\": 0,\n    \"3\": 0,\n    \"4\": 0.00317,\n    \"2.1\": 0,\n    \"2.2\": 0,\n    \"2.3\": 0,\n    \"4.1\": 0.00793,\n    \"4.2-4.3\": 0.01111,\n    \"4.4\": 0,\n    \"4.4.3-4.4.4\": 0.10949\n  },\n  K: {\n    _: \"0 10 11 12 11.1 11.5 12.1\"\n  },\n  A: {\n    \"6\": 0,\n    \"7\": 0,\n    \"8\": 0,\n    \"9\": 0,\n    \"10\": 0,\n    \"11\": 0.69089,\n    \"5.5\": 0\n  },\n  J: {\n    \"7\": 0,\n    \"10\": 0.00415\n  },\n  N: {\n    \"10\": 0,\n    \"11\": 0\n  },\n  R: {\n    _: \"0\"\n  },\n  M: {\n    \"0\": 0.39378\n  },\n  Q: {\n    \"10.4\": 0.05803\n  },\n  O: {\n    \"0\": 0.25699\n  },\n  H: {\n    \"0\": 0.2276\n  },\n  L: {\n    \"0\": 32.09469\n  },\n  S: {\n    \"2.5\": 0\n  }\n};","map":{"version":3,"sources":["C:/xampp/public_html/vamo/interface2/node_modules/caniuse-lite/data/regions/NZ.js"],"names":["module","exports","C","D","F","G","E","_","B","P","I","K","A","J","N","R","M","Q","O","H","L","S"],