{"ast":null,"code":"module.exports = {\n  C: {\n    \"2\": 0,\n    \"3\": 0,\n    \"4\": 0,\n    \"5\": 0,\n    \"6\": 0,\n    \"7\": 0,\n    \"8\": 0,\n    \"9\": 0,\n    \"10\": 0,\n    \"11\": 0,\n    \"12\": 0,\n    \"13\": 0,\n    \"14\": 0,\n    \"15\": 0,\n    \"16\": 0,\n    \"17\": 0,\n    \"18\": 0,\n    \"19\": 0,\n    \"20\": 0,\n    \"21\": 0,\n    \"22\": 0,\n    \"23\": 0,\n    \"24\": 0,\n    \"25\": 0,\n    \"26\": 0,\n    \"27\": 0,\n    \"28\": 0,\n    \"29\": 0,\n    \"30\": 0,\n    \"31\": 0,\n    \"32\": 0,\n    \"33\": 0,\n    \"34\": 0,\n    \"35\": 0.00378,\n    \"36\": 0.00378,\n    \"37\": 0,\n    \"38\": 0,\n    \"39\": 0,\n    \"40\": 0.00378,\n    \"41\": 0,\n    \"42\": 0,\n    \"43\": 0,\n    \"44\": 0,\n    \"45\": 0,\n    \"46\": 0,\n    \"47\": 0,\n    \"48\": 0.00378,\n    \"49\": 0.00378,\n    \"50\": 0.06428,\n    \"51\": 0,\n    \"52\": 0.06806,\n    \"53\": 0,\n    \"54\": 0,\n    \"55\": 0,\n    \"56\": 0.01134,\n    \"57\": 0,\n    \"58\": 0,\n    \"59\": 0,\n    \"60\": 0.00378,\n    \"61\": 0,\n    \"62\": 0,\n    \"63\": 0.00378,\n    \"64\": 0,\n    \"65\": 0,\n    \"66\": 0.00378,\n    \"67\": 0,\n    \"68\": 0.00756,\n    \"69\": 0.00378,\n    \"70\": 0,\n    \"71\": 0,\n    \"72\": 0.00378,\n    \"73\": 0,\n    \"74\": 0,\n    \"75\": 0,\n    \"76\": 0.00378,\n    \"77\": 0,\n    \"78\": 0.02269,\n    \"79\": 0,\n    \"80\": 0,\n    \"81\": 0.00378,\n    \"82\": 0.00378,\n    \"83\": 0.00378,\n    \"84\": 0.01134,\n    \"85\": 0.00378,\n    \"86\": 0.00378,\n    \"87\": 0.00378,\n    \"88\": 0.03403,\n    \"89\": 0.05293,\n    \"90\": 0.59362,\n    \"91\": 1.15699,\n    \"92\": 0.01134,\n    \"93\": 0,\n    \"3.5\": 0,\n    \"3.6\": 0\n  },\n  D: {\n    \"4\": 0,\n    \"5\": 0,\n    \"6\": 0,\n    \"7\": 0,\n    \"8\": 0,\n    \"9\": 0,\n    \"10\": 0,\n    \"11\": 0,\n    \"12\": 0,\n    \"13\": 0,\n    \"14\": 0,\n    \"15\": 0,\n    \"16\": 0,\n    \"17\": 0,\n    \"18\": 0,\n    \"19\": 0,\n    \"20\": 0,\n    \"21\": 0,\n    \"22\": 0,\n    \"23\": 0,\n    \"24\": 0,\n    \"25\": 0,\n    \"26\": 0,\n    \"27\": 0,\n    \"28\": 0,\n    \"29\": 0,\n    \"30\": 0,\n    \"31\": 0,\n    \"32\": 0,\n    \"33\": 0,\n    \"34\": 0.00378,\n    \"35\": 0,\n    \"36\": 0,\n    \"37\": 0,\n    \"38\": 0.00756,\n    \"39\": 0,\n    \"40\": 0,\n    \"41\": 0,\n    \"42\": 0,\n    \"43\": 0.00378,\n    \"44\": 0,\n    \"45\": 0,\n    \"46\": 0,\n    \"47\": 0.00378,\n    \"48\": 0.00378,\n    \"49\": 0.10587,\n    \"50\": 0,\n    \"51\": 0,\n    \"52\": 0.00378,\n    \"53\": 0.00756,\n    \"54\": 0,\n    \"55\": 0,\n    \"56\": 0,\n    \"57\": 0,\n    \"58\": 0.00378,\n    \"59\": 0,\n    \"60\": 0,\n    \"61\": 0.04159,\n    \"62\": 0.00378,\n    \"63\": 0.00378,\n    \"64\": 0,\n    \"65\": 0.00378,\n    \"66\": 0.00378,\n    \"67\": 0.00378,\n    \"68\": 0.00756,\n    \"69\": 0.00378,\n    \"70\": 0.00756,\n    \"71\": 0.00756,\n    \"72\": 0.00378,\n    \"73\": 0.00378,\n    \"74\": 0.00378,\n    \"75\": 0.01134,\n    \"76\": 0.00378,\n    \"77\": 0.00756,\n    \"78\": 0.00378,\n    \"79\": 0.03781,\n    \"80\": 0.01134,\n    \"81\": 0.02269,\n    \"83\": 0.01512,\n    \"84\": 0.01512,\n    \"85\": 0.02269,\n    \"86\": 0.02647,\n    \"87\": 0.0794,\n    \"88\": 0.03025,\n    \"89\": 0.03403,\n    \"90\": 0.05672,\n    \"91\": 0.3592,\n    \"92\": 8.78704,\n    \"93\": 0.00756,\n    \"94\": 0.00378,\n    \"95\": 0,\n    \"96\": 0\n  },\n  F: {\n    \"9\": 0,\n    \"11\": 0,\n    \"12\": 0,\n    \"15\": 0,\n    \"16\": 0,\n    \"17\": 0,\n    \"18\": 0,\n    \"19\": 0,\n    \"20\": 0,\n    \"21\": 0,\n    \"22\": 0,\n    \"23\": 0,\n    \"24\": 0,\n    \"25\": 0,\n    \"26\": 0,\n    \"27\": 0,\n    \"28\": 0.00378,\n    \"29\": 0,\n    \"30\": 0,\n    \"31\": 0,\n    \"32\": 0,\n    \"33\": 0,\n    \"34\": 0,\n    \"35\": 0,\n    \"36\": 0.00756,\n    \"37\": 0,\n    \"38\": 0,\n    \"39\": 0,\n    \"40\": 0,\n    \"41\": 0,\n    \"42\": 0,\n    \"43\": 0,\n    \"44\": 0,\n    \"45\": 0,\n    \"46\": 0,\n    \"47\": 0,\n    \"48\": 0,\n    \"49\": 0,\n    \"50\": 0,\n    \"51\": 0,\n    \"52\": 0,\n    \"53\": 0,\n    \"54\": 0,\n    \"55\": 0,\n    \"56\": 0,\n    \"57\": 0.00378,\n    \"58\": 0.01512,\n    \"60\": 0,\n    \"62\": 0,\n    \"63\": 0,\n    \"64\": 0,\n    \"65\": 0.00378,\n    \"66\": 0,\n    \"67\": 0,\n    \"68\": 0,\n    \"69\": 0,\n    \"70\": 0,\n    \"71\": 0,\n    \"72\": 0,\n    \"73\": 0,\n    \"74\": 0,\n    \"75\": 0,\n    \"76\": 0.00378,\n    \"77\": 0.43103,\n    \"78\": 0.3781,\n    \"9.5-9.6\": 0,\n    \"10.0-10.1\": 0,\n    \"10.5\": 0,\n    \"10.6\": 0,\n    \"11.1\": 0,\n    \"11.5\": 0,\n    \"11.6\": 0,\n    \"12.1\": 0\n  },\n  G: {\n    \"8\": 0,\n    \"3.2\": 0,\n    \"4.0-4.1\": 0,\n    \"4.2-4.3\": 0,\n    \"5.0-5.1\": 0.01097,\n    \"6.0-6.1\": 0.00439,\n    \"7.0-7.1\": 0.03948,\n    \"8.1-8.4\": 0.01316,\n    \"9.0-9.2\": 0.00439,\n    \"9.3\": 0.08553,\n    \"10.0-10.2\": 0.01535,\n    \"10.3\": 0.13378,\n    \"11.0-11.2\": 0.08553,\n    \"11.3-11.4\": 0.12939,\n    \"12.0-12.1\": 0.05263,\n    \"12.2-12.4\": 0.27194,\n    \"13.0-13.1\": 0.05702,\n    \"13.2\": 0.02851,\n    \"13.3\": 0.21054,\n    \"13.4-13.7\": 0.70617,\n    \"14.0-14.4\": 2.75013,\n    \"14.5-14.7\": 16.20471\n  },\n  E: {\n    \"4\": 0.00378,\n    \"5\": 0,\n    \"6\": 0,\n    \"7\": 0,\n    \"8\": 0,\n    \"9\": 0,\n    \"10\": 0,\n    \"11\": 0,\n    \"12\": 0.00378,\n    \"13\": 0.00378,\n    \"14\": 0.04159,\n    \"15\": 0.00378,\n    _: \"0\",\n    \"3.1\": 0,\n    \"3.2\": 0,\n    \"5.1\": 0,\n    \"6.1\": 0,\n    \"7.1\": 0,\n    \"9.1\": 0,\n    \"10.1\": 0.00378,\n    \"11.1\": 0.00756,\n    \"12.1\": 0.00756,\n    \"13.1\": 0.03025,\n    \"14.1\": 0.21174\n  },\n  B: {\n    \"12\": 0,\n    \"13\": 0.00378,\n    \"14\": 0.00378,\n    \"15\": 0.00756,\n    \"16\": 0,\n    \"17\": 0.00378,\n    \"18\": 0.01134,\n    \"79\": 0,\n    \"80\": 0,\n    \"81\": 0,\n    \"83\": 0,\n    \"84\": 0,\n    \"85\": 0,\n    \"86\": 0,\n    \"87\": 0,\n    \"88\": 0,\n    \"89\": 0.00756,\n    \"90\": 0.00378,\n    \"91\": 0.01891,\n    \"92\": 0.54068,\n    \"93\": 0\n  },\n  P: {\n    \"4\": 0.11226,\n    \"5.0-5.4\": 0,\n    \"6.2-6.4\": 0,\n    \"7.2-7.4\": 0.02041,\n    \"8.2\": 0,\n    \"9.2\": 0.04082,\n    \"10.1\": 0.02041,\n    \"11.1-11.2\": 0.19391,\n    \"12.0\": 0.06123,\n    \"13.0\": 0.14288,\n    \"14.0\": 2.45953\n  },\n  I: {\n    \"0\": 0,\n    \"3\": 0,\n    \"4\": 0,\n    \"2.1\": 0,\n    \"2.2\": 0,\n    \"2.3\": 0,\n    \"4.1\": 0.01581,\n    \"4.2-4.3\": 0.01581,\n    \"4.4\": 0,\n    \"4.4.3-4.4.4\": 0.0724\n  },\n  K: {\n    _: \"0 10 11 12 11.1 11.5 12.1\"\n  },\n  A: {\n    \"6\": 0,\n    \"7\": 0,\n    \"8\": 0.01668,\n    \"9\": 0.00417,\n    \"10\": 0.00417,\n    \"11\": 0.13757,\n    \"5.5\": 0\n  },\n  J: {\n    \"7\": 0,\n    \"10\": 0\n  },\n  N: {\n    \"10\": 0,\n    \"11\": 0\n  },\n  R: {\n    _: \"0\"\n  },\n  M: {\n    \"0\": 0.19279\n  },\n  Q: {\n    \"10.4\": 0.00622\n  },\n  O: {\n    \"0\": 0.03731\n  },\n  H: {\n    \"0\": 0.34149\n  },\n  L: {\n    \"0\": 59.86622\n  },\n  S: {\n    \"2.5\": 0\n  }\n};","map":{"version":3,"sources":["C:/xampp/public_html/vamo/interface2/node_modules/caniuse-lite/data/regions/RS.js"],"names":["module","exports","C","D","F","G","E","_","B","P","I","K","A","J","N","R","M","Q","O","H","L","S"],