{"ast":null,"code":"module.exports = {\n  C: {\n    \"2\": 0,\n    \"3\": 0,\n    \"4\": 0,\n    \"5\": 0,\n    \"6\": 0,\n    \"7\": 0,\n    \"8\": 0,\n    \"9\": 0,\n    \"10\": 0,\n    \"11\": 0,\n    \"12\": 0,\n    \"13\": 0,\n    \"14\": 0,\n    \"15\": 0,\n    \"16\": 0,\n    \"17\": 0,\n    \"18\": 0,\n    \"19\": 0,\n    \"20\": 0,\n    \"21\": 0,\n    \"22\": 0,\n    \"23\": 0,\n    \"24\": 0,\n    \"25\": 0,\n    \"26\": 0,\n    \"27\": 0,\n    \"28\": 0,\n    \"29\": 0,\n    \"30\": 0,\n    \"31\": 0,\n    \"32\": 0,\n    \"33\": 0,\n    \"34\": 0,\n    \"35\": 0.00442,\n    \"36\": 0,\n    \"37\": 0,\n    \"38\": 0,\n    \"39\": 0,\n    \"40\": 0,\n    \"41\": 0,\n    \"42\": 0,\n    \"43\": 0,\n    \"44\": 0,\n    \"45\": 0,\n    \"46\": 0,\n    \"47\": 0,\n    \"48\": 0,\n    \"49\": 0,\n    \"50\": 0,\n    \"51\": 0,\n    \"52\": 0.00883,\n    \"53\": 0,\n    \"54\": 0,\n    \"55\": 0,\n    \"56\": 0,\n    \"57\": 0,\n    \"58\": 0,\n    \"59\": 0,\n    \"60\": 0,\n    \"61\": 0,\n    \"62\": 0,\n    \"63\": 0,\n    \"64\": 0,\n    \"65\": 0,\n    \"66\": 0.26938,\n    \"67\": 0,\n    \"68\": 0.00883,\n    \"69\": 0,\n    \"70\": 0.01766,\n    \"71\": 0,\n    \"72\": 0.00442,\n    \"73\": 0.03091,\n    \"74\": 0.00442,\n    \"75\": 0,\n    \"76\": 0,\n    \"77\": 0,\n    \"78\": 0.01766,\n    \"79\": 0.00442,\n    \"80\": 0,\n    \"81\": 0,\n    \"82\": 0.00442,\n    \"83\": 0.00442,\n    \"84\": 0,\n    \"85\": 0.00442,\n    \"86\": 0.00442,\n    \"87\": 0.00883,\n    \"88\": 0.00883,\n    \"89\": 0.0265,\n    \"90\": 0.43718,\n    \"91\": 0.76397,\n    \"92\": 0.01766,\n    \"93\": 0,\n    \"3.5\": 0,\n    \"3.6\": 0\n  },\n  D: {\n    \"4\": 0,\n    \"5\": 0,\n    \"6\": 0,\n    \"7\": 0,\n    \"8\": 0,\n    \"9\": 0,\n    \"10\": 0,\n    \"11\": 0,\n    \"12\": 0,\n    \"13\": 0,\n    \"14\": 0,\n    \"15\": 0,\n    \"16\": 0,\n    \"17\": 0,\n    \"18\": 0,\n    \"19\": 0,\n    \"20\": 0,\n    \"21\": 0,\n    \"22\": 0,\n    \"23\": 0,\n    \"24\": 0,\n    \"25\": 0,\n    \"26\": 0,\n    \"27\": 0,\n    \"28\": 0,\n    \"29\": 0,\n    \"30\": 0,\n    \"31\": 0,\n    \"32\": 0,\n    \"33\": 0,\n    \"34\": 0,\n    \"35\": 0,\n    \"36\": 0,\n    \"37\": 0.00442,\n    \"38\": 0.00442,\n    \"39\": 0,\n    \"40\": 0,\n    \"41\": 0,\n    \"42\": 0,\n    \"43\": 0.00442,\n    \"44\": 0,\n    \"45\": 0,\n    \"46\": 0,\n    \"47\": 0,\n    \"48\": 0,\n    \"49\": 0.03974,\n    \"50\": 0,\n    \"51\": 0,\n    \"52\": 0,\n    \"53\": 0.00442,\n    \"54\": 0,\n    \"55\": 0.00883,\n    \"56\": 0,\n    \"57\": 0,\n    \"58\": 0,\n    \"59\": 0,\n    \"60\": 0,\n    \"61\": 0,\n    \"62\": 0,\n    \"63\": 0.00442,\n    \"64\": 0,\n    \"65\": 0.00442,\n    \"66\": 0,\n    \"67\": 0.00883,\n    \"68\": 0.00442,\n    \"69\": 0.00442,\n    \"70\": 0.00883,\n    \"71\": 0.00442,\n    \"72\": 0.00442,\n    \"73\": 0.00442,\n    \"74\": 0.00442,\n    \"75\": 0.00883,\n    \"76\": 0.01325,\n    \"77\": 0.00442,\n    \"78\": 0.00883,\n    \"79\": 0.03974,\n    \"80\": 0.01766,\n    \"81\": 0.03533,\n    \"83\": 0.02208,\n    \"84\": 0.02208,\n    \"85\": 0.01766,\n    \"86\": 0.03974,\n    \"87\": 0.06624,\n    \"88\": 0.03533,\n    \"89\": 0.03974,\n    \"90\": 0.06624,\n    \"91\": 0.37094,\n    \"92\": 12.95654,\n    \"93\": 0.00883,\n    \"94\": 0.00442,\n    \"95\": 0,\n    \"96\": 0\n  },\n  F: {\n    \"9\": 0,\n    \"11\": 0,\n    \"12\": 0,\n    \"15\": 0,\n    \"16\": 0,\n    \"17\": 0,\n    \"18\": 0,\n    \"19\": 0,\n    \"20\": 0,\n    \"21\": 0,\n    \"22\": 0,\n    \"23\": 0,\n    \"24\": 0,\n    \"25\": 0,\n    \"26\": 0,\n    \"27\": 0.00442,\n    \"28\": 0,\n    \"29\": 0,\n    \"30\": 0,\n    \"31\": 0,\n    \"32\": 0,\n    \"33\": 0,\n    \"34\": 0,\n    \"35\": 0,\n    \"36\": 0,\n    \"37\": 0,\n    \"38\": 0,\n    \"39\": 0,\n    \"40\": 0,\n    \"41\": 0,\n    \"42\": 0,\n    \"43\": 0,\n    \"44\": 0,\n    \"45\": 0,\n    \"46\": 0,\n    \"47\": 0,\n    \"48\": 0,\n    \"49\": 0,\n    \"50\": 0,\n    \"51\": 0,\n    \"52\": 0,\n    \"53\": 0,\n    \"54\": 0,\n    \"55\": 0.00442,\n    \"56\": 0,\n    \"57\": 0.00442,\n    \"58\": 0.0265,\n    \"60\": 0,\n    \"62\": 0,\n    \"63\": 0,\n    \"64\": 0,\n    \"65\": 0,\n    \"66\": 0,\n    \"67\": 0,\n    \"68\": 0,\n    \"69\": 0,\n    \"70\": 0,\n    \"71\": 0,\n    \"72\": 0,\n    \"73\": 0,\n    \"74\": 0,\n    \"75\": 0,\n    \"76\": 0,\n    \"77\": 0.37094,\n    \"78\": 0.36653,\n    \"9.5-9.6\": 0,\n    \"10.0-10.1\": 0,\n    \"10.5\": 0,\n    \"10.6\": 0,\n    \"11.1\": 0,\n    \"11.5\": 0,\n    \"11.6\": 0,\n    \"12.1\": 0\n  },\n  G: {\n    \"8\": 0.00171,\n    \"3.2\": 0.00513,\n    \"4.0-4.1\": 0,\n    \"4.2-4.3\": 0,\n    \"5.0-5.1\": 0.00855,\n    \"6.0-6.1\": 0,\n    \"7.0-7.1\": 0.01368,\n    \"8.1-8.4\": 0.00171,\n    \"9.0-9.2\": 0.00342,\n    \"9.3\": 0.09403,\n    \"10.0-10.2\": 0.00171,\n    \"10.3\": 0.0436,\n    \"11.0-11.2\": 0.01026,\n    \"11.3-11.4\": 0.02223,\n    \"12.0-12.1\": 0.01624,\n    \"12.2-12.4\": 0.08035,\n    \"13.0-13.1\": 0.02393,\n    \"13.2\": 0.01368,\n    \"13.3\": 0.07522,\n    \"13.4-13.7\": 0.21114,\n    \"14.0-14.4\": 0.98988,\n    \"14.5-14.7\": 6.42652\n  },\n  E: {\n    \"4\": 0,\n    \"5\": 0,\n    \"6\": 0,\n    \"7\": 0,\n    \"8\": 0,\n    \"9\": 0,\n    \"10\": 0,\n    \"11\": 0,\n    \"12\": 0,\n    \"13\": 0.01325,\n    \"14\": 0.08832,\n    \"15\": 0.00442,\n    _: \"0\",\n    \"3.1\": 0,\n    \"3.2\": 0,\n    \"5.1\": 0.06182,\n    \"6.1\": 0,\n    \"7.1\": 0,\n    \"9.1\": 0,\n    \"10.1\": 0,\n    \"11.1\": 0.00442,\n    \"12.1\": 0.00883,\n    \"13.1\": 0.05299,\n    \"14.1\": 0.43277\n  },\n  B: {\n    \"12\": 0,\n    \"13\": 0,\n    \"14\": 0.00442,\n    \"15\": 0.00883,\n    \"16\": 0,\n    \"17\": 0.00442,\n    \"18\": 0.02208,\n    \"79\": 0,\n    \"80\": 0.00883,\n    \"81\": 0,\n    \"83\": 0,\n    \"84\": 0.00442,\n    \"85\": 0.00442,\n    \"86\": 0.00442,\n    \"87\": 0,\n    \"88\": 0,\n    \"89\": 0.00883,\n    \"90\": 0.00442,\n    \"91\": 0.01325,\n    \"92\": 1.07309,\n    \"93\": 0.00883\n  },\n  P: {\n    \"4\": 0.17445,\n    \"5.0-5.4\": 0,\n    \"6.2-6.4\": 0,\n    \"7.2-7.4\": 0.18472,\n    \"8.2\": 0,\n    \"9.2\": 0.0821,\n    \"10.1\": 0.02052,\n    \"11.1-11.2\": 0.24629,\n    \"12.0\": 0.0821,\n    \"13.0\": 0.31812,\n    \"14.0\": 1.90873\n  },\n  I: {\n    \"0\": 0,\n    \"3\": 0,\n    \"4\": 0.0049,\n    \"2.1\": 0,\n    \"2.2\": 0,\n    \"2.3\": 0,\n    \"4.1\": 0.0049,\n    \"4.2-4.3\": 0.03183,\n    \"4.4\": 0,\n    \"4.4.3-4.4.4\": 0.22527\n  },\n  K: {\n    _: \"0 10 11 12 11.1 11.5 12.1\"\n  },\n  A: {\n    \"6\": 0,\n    \"7\": 0,\n    \"8\": 0,\n    \"9\": 0,\n    \"10\": 0,\n    \"11\": 0.07066,\n    \"5.5\": 0\n  },\n  J: {\n    \"7\": 0,\n    \"10\": 0.02792\n  },\n  N: {\n    \"10\": 0,\n    \"11\": 0\n  },\n  R: {\n    _: \"0\"\n  },\n  M: {\n    \"0\": 1.12797\n  },\n  Q: {\n    \"10.4\": 0\n  },\n  O: {\n    \"0\": 0.15635\n  },\n  H: {\n    \"0\": 0.24318\n  },\n  L: {\n    \"0\": 67.03173\n  },\n  S: {\n    \"2.5\": 0\n  }\n};","map":{"version":3,"sources":["C:/xampp/public_html/vamo/interface2/node_modules/caniuse-lite/data/regions/SV.js"],"names":["module","exports","C","D","F","G","E","_","B","P","I","K","A","J","N","R","M","Q","O","H","L","S"],