{"ast":null,"code":"module.exports = {\n  C: {\n    \"2\": 0,\n    \"3\": 0,\n    \"4\": 0,\n    \"5\": 0,\n    \"6\": 0,\n    \"7\": 0,\n    \"8\": 0,\n    \"9\": 0,\n    \"10\": 0,\n    \"11\": 0,\n    \"12\": 0,\n    \"13\": 0,\n    \"14\": 0,\n    \"15\": 0,\n    \"16\": 0,\n    \"17\": 0,\n    \"18\": 0,\n    \"19\": 0,\n    \"20\": 0,\n    \"21\": 0,\n    \"22\": 0,\n    \"23\": 0,\n    \"24\": 0,\n    \"25\": 0,\n    \"26\": 0,\n    \"27\": 0,\n    \"28\": 0,\n    \"29\": 0,\n    \"30\": 0,\n    \"31\": 0,\n    \"32\": 0,\n    \"33\": 0,\n    \"34\": 0,\n    \"35\": 0.01789,\n    \"36\": 0.01192,\n    \"37\": 0,\n    \"38\": 0,\n    \"39\": 0,\n    \"40\": 0,\n    \"41\": 0,\n    \"42\": 0,\n    \"43\": 0,\n    \"44\": 0,\n    \"45\": 0,\n    \"46\": 0,\n    \"47\": 0,\n    \"48\": 0.00596,\n    \"49\": 0,\n    \"50\": 0,\n    \"51\": 0,\n    \"52\": 0.02981,\n    \"53\": 0,\n    \"54\": 0,\n    \"55\": 0,\n    \"56\": 0,\n    \"57\": 0,\n    \"58\": 0,\n    \"59\": 0,\n    \"60\": 0,\n    \"61\": 0,\n    \"62\": 0,\n    \"63\": 0,\n    \"64\": 0,\n    \"65\": 0,\n    \"66\": 0,\n    \"67\": 0.00596,\n    \"68\": 0,\n    \"69\": 0,\n    \"70\": 0,\n    \"71\": 0,\n    \"72\": 0,\n    \"73\": 0,\n    \"74\": 0,\n    \"75\": 0,\n    \"76\": 0.00596,\n    \"77\": 0.00596,\n    \"78\": 0.10732,\n    \"79\": 0,\n    \"80\": 0,\n    \"81\": 0,\n    \"82\": 0,\n    \"83\": 0.10732,\n    \"84\": 0.01192,\n    \"85\": 0.00596,\n    \"86\": 0.00596,\n    \"87\": 0.00596,\n    \"88\": 0.01789,\n    \"89\": 0.06558,\n    \"90\": 1.41299,\n    \"91\": 2.17613,\n    \"92\": 0.00596,\n    \"93\": 0,\n    \"3.5\": 0,\n    \"3.6\": 0\n  },\n  D: {\n    \"4\": 0,\n    \"5\": 0,\n    \"6\": 0,\n    \"7\": 0,\n    \"8\": 0,\n    \"9\": 0,\n    \"10\": 0,\n    \"11\": 0,\n    \"12\": 0,\n    \"13\": 0,\n    \"14\": 0,\n    \"15\": 0,\n    \"16\": 0,\n    \"17\": 0,\n    \"18\": 0,\n    \"19\": 0,\n    \"20\": 0,\n    \"21\": 0,\n    \"22\": 0,\n    \"23\": 0,\n    \"24\": 0,\n    \"25\": 0,\n    \"26\": 0,\n    \"27\": 0,\n    \"28\": 0,\n    \"29\": 0,\n    \"30\": 0,\n    \"31\": 0,\n    \"32\": 0,\n    \"33\": 0,\n    \"34\": 0,\n    \"35\": 0,\n    \"36\": 0,\n    \"37\": 0,\n    \"38\": 0.01192,\n    \"39\": 0,\n    \"40\": 0,\n    \"41\": 0,\n    \"42\": 0,\n    \"43\": 0,\n    \"44\": 0,\n    \"45\": 0,\n    \"46\": 0,\n    \"47\": 0,\n    \"48\": 0,\n    \"49\": 0.1252,\n    \"50\": 0,\n    \"51\": 0,\n    \"52\": 0.01192,\n    \"53\": 0,\n    \"54\": 0,\n    \"55\": 0,\n    \"56\": 0,\n    \"57\": 0,\n    \"58\": 0,\n    \"59\": 0,\n    \"60\": 0,\n    \"61\": 0,\n    \"62\": 0,\n    \"63\": 0.01789,\n    \"64\": 0,\n    \"65\": 0.01789,\n    \"66\": 0.02385,\n    \"67\": 0.03577,\n    \"68\": 0.01192,\n    \"69\": 0,\n    \"70\": 0.00596,\n    \"71\": 0,\n    \"72\": 0.00596,\n    \"73\": 0.00596,\n    \"74\": 0,\n    \"75\": 0.00596,\n    \"76\": 0.01192,\n    \"77\": 0.00596,\n    \"78\": 0.02981,\n    \"79\": 0.02981,\n    \"80\": 0.02385,\n    \"81\": 0.01789,\n    \"83\": 0.01192,\n    \"84\": 0.01192,\n    \"85\": 0.01192,\n    \"86\": 0.02385,\n    \"87\": 0.18482,\n    \"88\": 0.03577,\n    \"89\": 0.04173,\n    \"90\": 0.26829,\n    \"91\": 1.20432,\n    \"92\": 18.87569,\n    \"93\": 0.01192,\n    \"94\": 0,\n    \"95\": 0.00596,\n    \"96\": 0\n  },\n  F: {\n    \"9\": 0,\n    \"11\": 0,\n    \"12\": 0,\n    \"15\": 0,\n    \"16\": 0,\n    \"17\": 0,\n    \"18\": 0,\n    \"19\": 0,\n    \"20\": 0,\n    \"21\": 0,\n    \"22\": 0,\n    \"23\": 0,\n    \"24\": 0,\n    \"25\": 0,\n    \"26\": 0,\n    \"27\": 0,\n    \"28\": 0,\n    \"29\": 0,\n    \"30\": 0,\n    \"31\": 0,\n    \"32\": 0,\n    \"33\": 0,\n    \"34\": 0,\n    \"35\": 0,\n    \"36\": 0,\n    \"37\": 0,\n    \"38\": 0,\n    \"39\": 0,\n    \"40\": 0,\n    \"41\": 0,\n    \"42\": 0,\n    \"43\": 0,\n    \"44\": 0,\n    \"45\": 0,\n    \"46\": 0,\n    \"47\": 0,\n    \"48\": 0,\n    \"49\": 0,\n    \"50\": 0,\n    \"51\": 0,\n    \"52\": 0,\n    \"53\": 0.01192,\n    \"54\": 0,\n    \"55\": 0,\n    \"56\": 0,\n    \"57\": 0,\n    \"58\": 0,\n    \"60\": 0,\n    \"62\": 0,\n    \"63\": 0,\n    \"64\": 0,\n    \"65\": 0,\n    \"66\": 0,\n    \"67\": 0,\n    \"68\": 0,\n    \"69\": 0,\n    \"70\": 0,\n    \"71\": 0,\n    \"72\": 0,\n    \"73\": 0,\n    \"74\": 0,\n    \"75\": 0,\n    \"76\": 0.00596,\n    \"77\": 0.47696,\n    \"78\": 0.45907,\n    \"9.5-9.6\": 0,\n    \"10.0-10.1\": 0,\n    \"10.5\": 0,\n    \"10.6\": 0,\n    \"11.1\": 0,\n    \"11.5\": 0,\n    \"11.6\": 0,\n    \"12.1\": 0\n  },\n  G: {\n    \"8\": 0,\n    \"3.2\": 0,\n    \"4.0-4.1\": 0,\n    \"4.2-4.3\": 0,\n    \"5.0-5.1\": 0,\n    \"6.0-6.1\": 0,\n    \"7.0-7.1\": 0,\n    \"8.1-8.4\": 0.11718,\n    \"9.0-9.2\": 0.02344,\n    \"9.3\": 0.16991,\n    \"10.0-10.2\": 0.00586,\n    \"10.3\": 0.22557,\n    \"11.0-11.2\": 0.07324,\n    \"11.3-11.4\": 0.08202,\n    \"12.0-12.1\": 0.07616,\n    \"12.2-12.4\": 0.32224,\n    \"13.0-13.1\": 0.01758,\n    \"13.2\": 0.01758,\n    \"13.3\": 0.14061,\n    \"13.4-13.7\": 0.65326,\n    \"14.0-14.4\": 2.46071,\n    \"14.5-14.7\": 24.28196\n  },\n  E: {\n    \"4\": 0,\n    \"5\": 0,\n    \"6\": 0,\n    \"7\": 0,\n    \"8\": 0,\n    \"9\": 0,\n    \"10\": 0,\n    \"11\": 0.00596,\n    \"12\": 0.00596,\n    \"13\": 0.06558,\n    \"14\": 0.66178,\n    \"15\": 0.01192,\n    _: \"0\",\n    \"3.1\": 0,\n    \"3.2\": 0,\n    \"5.1\": 0,\n    \"6.1\": 0,\n    \"7.1\": 0,\n    \"9.1\": 0.00596,\n    \"10.1\": 0.01789,\n    \"11.1\": 0.17886,\n    \"12.1\": 0.1252,\n    \"13.1\": 0.57831,\n    \"14.1\": 3.41026\n  },\n  B: {\n    \"12\": 0,\n    \"13\": 0,\n    \"14\": 0,\n    \"15\": 0,\n    \"16\": 0,\n    \"17\": 0,\n    \"18\": 0.01192,\n    \"79\": 0,\n    \"80\": 0,\n    \"81\": 0,\n    \"83\": 0,\n    \"84\": 0.00596,\n    \"85\": 0.00596,\n    \"86\": 0.01192,\n    \"87\": 0,\n    \"88\": 0,\n    \"89\": 0.01192,\n    \"90\": 0.02385,\n    \"91\": 0.07751,\n    \"92\": 2.93927,\n    \"93\": 0.05962\n  },\n  P: {\n    \"4\": 0.05215,\n    \"5.0-5.4\": 0,\n    \"6.2-6.4\": 0,\n    \"7.2-7.4\": 0,\n    \"8.2\": 0,\n    \"9.2\": 0.01043,\n    \"10.1\": 0.01043,\n    \"11.1-11.2\": 0.07301,\n    \"12.0\": 0.1043,\n    \"13.0\": 0.07301,\n    \"14.0\": 3.87992\n  },\n  I: {\n    \"0\": 0,\n    \"3\": 0,\n    \"4\": 0.00912,\n    \"2.1\": 0,\n    \"2.2\": 0,\n    \"2.3\": 0,\n    \"4.1\": 0.00912,\n    \"4.2-4.3\": 0.00304,\n    \"4.4\": 0,\n    \"4.4.3-4.4.4\": 0.08815\n  },\n  K: {\n    _: \"0 10 11 12 11.1 11.5 12.1\"\n  },\n  A: {\n    \"6\": 0,\n    \"7\": 0,\n    \"8\": 0,\n    \"9\": 0.01237,\n    \"10\": 0,\n    \"11\": 0.15457,\n    \"5.5\": 0\n  },\n  J: {\n    \"7\": 0,\n    \"10\": 0.00404\n  },\n  N: {\n    \"10\": 0,\n    \"11\": 0\n  },\n  R: {\n    _: \"0\"\n  },\n  M: {\n    \"0\": 0.4361\n  },\n  Q: {\n    \"10.4\": 0\n  },\n  O: {\n    \"0\": 0.02019\n  },\n  H: {\n    \"0\": 0.1835\n  },\n  L: {\n    \"0\": 28.51077\n  },\n  S: {\n    \"2.5\": 0\n  }\n};","map":{"version":3,"sources":["C:/xampp/public_html/vamo/interface2/node_modules/caniuse-lite/data/regions/IS.js"],"names":["module","exports","C","D","F","G","E","_","B","P","I","K","A","J","N","R","M","Q","O","H","L","S"],