{"ast":null,"code":"module.exports = {\n  C: {\n    \"2\": 0,\n    \"3\": 0.00676,\n    \"4\": 0,\n    \"5\": 0,\n    \"6\": 0,\n    \"7\": 0,\n    \"8\": 0,\n    \"9\": 0,\n    \"10\": 0,\n    \"11\": 0,\n    \"12\": 0,\n    \"13\": 0,\n    \"14\": 0,\n    \"15\": 0,\n    \"16\": 0,\n    \"17\": 0,\n    \"18\": 0,\n    \"19\": 0,\n    \"20\": 0,\n    \"21\": 0,\n    \"22\": 0,\n    \"23\": 0,\n    \"24\": 0,\n    \"25\": 0,\n    \"26\": 0,\n    \"27\": 0,\n    \"28\": 0,\n    \"29\": 0,\n    \"30\": 0,\n    \"31\": 0,\n    \"32\": 0,\n    \"33\": 0,\n    \"34\": 0,\n    \"35\": 0,\n    \"36\": 0,\n    \"37\": 0,\n    \"38\": 0,\n    \"39\": 0,\n    \"40\": 0,\n    \"41\": 0,\n    \"42\": 0,\n    \"43\": 0.00225,\n    \"44\": 0,\n    \"45\": 0,\n    \"46\": 0,\n    \"47\": 0.00225,\n    \"48\": 0,\n    \"49\": 0,\n    \"50\": 0,\n    \"51\": 0,\n    \"52\": 0.00676,\n    \"53\": 0.00225,\n    \"54\": 0,\n    \"55\": 0,\n    \"56\": 0.00225,\n    \"57\": 0.00225,\n    \"58\": 0.00225,\n    \"59\": 0.00225,\n    \"60\": 0.00225,\n    \"61\": 0,\n    \"62\": 0.00225,\n    \"63\": 0,\n    \"64\": 0.00225,\n    \"65\": 0,\n    \"66\": 0.00225,\n    \"67\": 0,\n    \"68\": 0.01127,\n    \"69\": 0,\n    \"70\": 0,\n    \"71\": 0,\n    \"72\": 0.00451,\n    \"73\": 0,\n    \"74\": 0.00225,\n    \"75\": 0,\n    \"76\": 0.00225,\n    \"77\": 0,\n    \"78\": 0.00451,\n    \"79\": 0,\n    \"80\": 0.00225,\n    \"81\": 0.00225,\n    \"82\": 0.00225,\n    \"83\": 0.00451,\n    \"84\": 0.00676,\n    \"85\": 0.00676,\n    \"86\": 0.00451,\n    \"87\": 0.00225,\n    \"88\": 0.00901,\n    \"89\": 0.01802,\n    \"90\": 0.12392,\n    \"91\": 0.18249,\n    \"92\": 0.00225,\n    \"93\": 0,\n    \"3.5\": 0,\n    \"3.6\": 0\n  },\n  D: {\n    \"4\": 0,\n    \"5\": 0,\n    \"6\": 0,\n    \"7\": 0,\n    \"8\": 0,\n    \"9\": 0,\n    \"10\": 0,\n    \"11\": 0,\n    \"12\": 0,\n    \"13\": 0,\n    \"14\": 0,\n    \"15\": 0,\n    \"16\": 0,\n    \"17\": 0,\n    \"18\": 0,\n    \"19\": 0,\n    \"20\": 0,\n    \"21\": 0,\n    \"22\": 0,\n    \"23\": 0,\n    \"24\": 0,\n    \"25\": 0,\n    \"26\": 0,\n    \"27\": 0,\n    \"28\": 0,\n    \"29\": 0,\n    \"30\": 0,\n    \"31\": 0,\n    \"32\": 0,\n    \"33\": 0.00225,\n    \"34\": 0,\n    \"35\": 0,\n    \"36\": 0,\n    \"37\": 0.00225,\n    \"38\": 0,\n    \"39\": 0,\n    \"40\": 0.00225,\n    \"41\": 0,\n    \"42\": 0.00225,\n    \"43\": 0.00225,\n    \"44\": 0,\n    \"45\": 0,\n    \"46\": 0,\n    \"47\": 0,\n    \"48\": 0.00225,\n    \"49\": 0.00225,\n    \"50\": 0,\n    \"51\": 0.00225,\n    \"52\": 0,\n    \"53\": 0.00225,\n    \"54\": 0,\n    \"55\": 0.00225,\n    \"56\": 0.00225,\n    \"57\": 0.00225,\n    \"58\": 0.00225,\n    \"59\": 0,\n    \"60\": 0,\n    \"61\": 0,\n    \"62\": 0.00225,\n    \"63\": 0.00451,\n    \"64\": 0.00225,\n    \"65\": 0,\n    \"66\": 0.00451,\n    \"67\": 0,\n    \"68\": 0.00225,\n    \"69\": 0.00225,\n    \"70\": 0.00451,\n    \"71\": 0.00451,\n    \"72\": 0.00225,\n    \"73\": 0.00225,\n    \"74\": 0.00451,\n    \"75\": 0.00225,\n    \"76\": 0.00451,\n    \"77\": 0.00225,\n    \"78\": 0.00676,\n    \"79\": 0.01802,\n    \"80\": 0.00451,\n    \"81\": 0.00676,\n    \"83\": 0.01577,\n    \"84\": 0.00901,\n    \"85\": 0.00901,\n    \"86\": 0.01802,\n    \"87\": 0.04281,\n    \"88\": 0.01577,\n    \"89\": 0.02704,\n    \"90\": 0.02704,\n    \"91\": 0.15546,\n    \"92\": 1.83845,\n    \"93\": 0,\n    \"94\": 0,\n    \"95\": 0,\n    \"96\": 0\n  },\n  F: {\n    \"9\": 0,\n    \"11\": 0,\n    \"12\": 0,\n    \"15\": 0,\n    \"16\": 0,\n    \"17\": 0,\n    \"18\": 0,\n    \"19\": 0,\n    \"20\": 0,\n    \"21\": 0,\n    \"22\": 0,\n    \"23\": 0,\n    \"24\": 0,\n    \"25\": 0,\n    \"26\": 0,\n    \"27\": 0,\n    \"28\": 0.02929,\n    \"29\": 0,\n    \"30\": 0.00225,\n    \"31\": 0,\n    \"32\": 0,\n    \"33\": 0,\n    \"34\": 0,\n    \"35\": 0,\n    \"36\": 0,\n    \"37\": 0.00225,\n    \"38\": 0.01352,\n    \"39\": 0,\n    \"40\": 0,\n    \"41\": 0,\n    \"42\": 0,\n    \"43\": 0,\n    \"44\": 0,\n    \"45\": 0,\n    \"46\": 0,\n    \"47\": 0,\n    \"48\": 0,\n    \"49\": 0,\n    \"50\": 0,\n    \"51\": 0,\n    \"52\": 0,\n    \"53\": 0.00225,\n    \"54\": 0.00225,\n    \"55\": 0.00225,\n    \"56\": 0.00225,\n    \"57\": 0,\n    \"58\": 0.0766,\n    \"60\": 0,\n    \"62\": 0,\n    \"63\": 0,\n    \"64\": 0.00676,\n    \"65\": 0.00225,\n    \"66\": 0,\n    \"67\": 0,\n    \"68\": 0,\n    \"69\": 0,\n    \"70\": 0,\n    \"71\": 0,\n    \"72\": 0,\n    \"73\": 0,\n    \"74\": 0,\n    \"75\": 0,\n    \"76\": 0,\n    \"77\": 0.02028,\n    \"78\": 0.01127,\n    \"9.5-9.6\": 0,\n    \"10.0-10.1\": 0,\n    \"10.5\": 0,\n    \"10.6\": 0,\n    \"11.1\": 0,\n    \"11.5\": 0,\n    \"11.6\": 0,\n    \"12.1\": 0.02253\n  },\n  G: {\n    \"8\": 0.00081,\n    \"3.2\": 0,\n    \"4.0-4.1\": 0,\n    \"4.2-4.3\": 0.0499,\n    \"5.0-5.1\": 0.01187,\n    \"6.0-6.1\": 0.00593,\n    \"7.0-7.1\": 0.04586,\n    \"8.1-8.4\": 0.00081,\n    \"9.0-9.2\": 0.0027,\n    \"9.3\": 0.0375,\n    \"10.0-10.2\": 0.00971,\n    \"10.3\": 0.05665,\n    \"11.0-11.2\": 0.04208,\n    \"11.3-11.4\": 0.09199,\n    \"12.0-12.1\": 0.05908,\n    \"12.2-12.4\": 0.21607,\n    \"13.0-13.1\": 0.0259,\n    \"13.2\": 0.01538,\n    \"13.3\": 0.0785,\n    \"13.4-13.7\": 0.18208,\n    \"14.0-14.4\": 0.68868,\n    \"14.5-14.7\": 0.83867\n  },\n  E: {\n    \"4\": 0,\n    \"5\": 0,\n    \"6\": 0,\n    \"7\": 0,\n    \"8\": 0,\n    \"9\": 0,\n    \"10\": 0,\n    \"11\": 0,\n    \"12\": 0,\n    \"13\": 0,\n    \"14\": 0.00451,\n    \"15\": 0,\n    _: \"0\",\n    \"3.1\": 0,\n    \"3.2\": 0,\n    \"5.1\": 0.00901,\n    \"6.1\": 0,\n    \"7.1\": 0,\n    \"9.1\": 0,\n    \"10.1\": 0,\n    \"11.1\": 0,\n    \"12.1\": 0,\n    \"13.1\": 0,\n    \"14.1\": 0.01352\n  },\n  B: {\n    \"12\": 0,\n    \"13\": 0,\n    \"14\": 0,\n    \"15\": 0.00225,\n    \"16\": 0,\n    \"17\": 0,\n    \"18\": 0.00451,\n    \"79\": 0,\n    \"80\": 0,\n    \"81\": 0,\n    \"83\": 0,\n    \"84\": 0.00225,\n    \"85\": 0.00225,\n    \"86\": 0,\n    \"87\": 0,\n    \"88\": 0,\n    \"89\": 0.00451,\n    \"90\": 0.00225,\n    \"91\": 0.01127,\n    \"92\": 0.14645,\n    \"93\": 0\n  },\n  P: {\n    \"4\": 0.39432,\n    \"5.0-5.4\": 0.11122,\n    \"6.2-6.4\": 0.05055,\n    \"7.2-7.4\": 0.15166,\n    \"8.2\": 0.02022,\n    \"9.2\": 0.22244,\n    \"10.1\": 0.091,\n    \"11.1-11.2\": 0.21233,\n    \"12.0\": 0.091,\n    \"13.0\": 0.57631,\n    \"14.0\": 2.58836\n  },\n  I: {\n    \"0\": 0,\n    \"3\": 0,\n    \"4\": 0.00184,\n    \"2.1\": 0,\n    \"2.2\": 0,\n    \"2.3\": 0,\n    \"4.1\": 0.01106,\n    \"4.2-4.3\": 0.01475,\n    \"4.4\": 0,\n    \"4.4.3-4.4.4\": 0.20164\n  },\n  K: {\n    _: \"0 10 11 12 11.1 11.5 12.1\"\n  },\n  A: {\n    \"6\": 0,\n    \"7\": 0,\n    \"8\": 0,\n    \"9\": 0,\n    \"10\": 0,\n    \"11\": 0.07435,\n    \"5.5\": 0\n  },\n  J: {\n    \"7\": 0,\n    \"10\": 0\n  },\n  N: {\n    \"10\": 0,\n    \"11\": 0\n  },\n  R: {\n    _: \"0\"\n  },\n  M: {\n    \"0\": 0.38735\n  },\n  Q: {\n    \"10.4\": 0.00775\n  },\n  O: {\n    \"0\": 3.8735\n  },\n  H: {\n    \"0\": 5.42743\n  },\n  L: {\n    \"0\": 76.28384\n  },\n  S: {\n    \"2.5\": 0\n  }\n};","map":{"version":3,"sources":["C:/xampp/public_html/vamo/interface2/node_modules/caniuse-lite/data/regions/YE.js"],"names":["module","exports","C","D","F","G","E","_","B","P","I","K","A","J","N","R","M","Q","O","H","L","S"],