{"ast":null,"code":"module.exports = {\n  C: {\n    \"4\": 0.08167,\n    \"11\": 0.01922,\n    \"17\": 0.0048,\n    \"38\": 0.0048,\n    \"43\": 0.0048,\n    \"44\": 0.01922,\n    \"45\": 0.00961,\n    \"48\": 0.01441,\n    \"52\": 0.04804,\n    \"54\": 0.0048,\n    \"55\": 0.01441,\n    \"56\": 0.00961,\n    \"58\": 0.01441,\n    \"59\": 0.0048,\n    \"63\": 0.01922,\n    \"68\": 0.00961,\n    \"70\": 0.0048,\n    \"72\": 0.0048,\n    \"73\": 0.0048,\n    \"76\": 0.00961,\n    \"77\": 0.0048,\n    \"78\": 0.15853,\n    \"79\": 0.00961,\n    \"80\": 0.00961,\n    \"81\": 0.00961,\n    \"82\": 0.01441,\n    \"83\": 0.00961,\n    \"84\": 0.00961,\n    \"85\": 0.00961,\n    \"86\": 0.01441,\n    \"87\": 0.00961,\n    \"88\": 0.03363,\n    \"89\": 0.08647,\n    \"90\": 1.01845,\n    \"91\": 1.42679,\n    \"92\": 0.00961,\n    _: \"2 3 5 6 7 8 9 10 12 13 14 15 16 18 19 20 21 22 23 24 25 26 27 28 29 30 31 32 33 34 35 36 37 39 40 41 42 46 47 49 50 51 53 57 60 61 62 64 65 66 67 69 71 74 75 93 3.5 3.6\"\n  },\n  D: {\n    \"33\": 0.0048,\n    \"35\": 0.0048,\n    \"37\": 0.0048,\n    \"38\": 0.00961,\n    \"40\": 0.01922,\n    \"43\": 0.0048,\n    \"46\": 0.0048,\n    \"47\": 0.00961,\n    \"48\": 0.06245,\n    \"49\": 0.21138,\n    \"52\": 0.0048,\n    \"53\": 0.0048,\n    \"56\": 0.09608,\n    \"58\": 0.0048,\n    \"59\": 0.01441,\n    \"60\": 0.02402,\n    \"61\": 0.03363,\n    \"62\": 0.0048,\n    \"63\": 0.01441,\n    \"64\": 0.04324,\n    \"65\": 0.02402,\n    \"66\": 0.04324,\n    \"67\": 0.02882,\n    \"68\": 0.0048,\n    \"69\": 0.01922,\n    \"70\": 0.06245,\n    \"71\": 0.00961,\n    \"72\": 0.05284,\n    \"73\": 0.00961,\n    \"74\": 0.09128,\n    \"75\": 0.07686,\n    \"76\": 0.17294,\n    \"77\": 0.03843,\n    \"78\": 0.07206,\n    \"79\": 0.22098,\n    \"80\": 0.1201,\n    \"81\": 0.07686,\n    \"83\": 0.14892,\n    \"84\": 0.21618,\n    \"85\": 0.19216,\n    \"86\": 0.21138,\n    \"87\": 0.43236,\n    \"88\": 0.25942,\n    \"89\": 0.26902,\n    \"90\": 0.64854,\n    \"91\": 2.36837,\n    \"92\": 21.45466,\n    \"93\": 0.03363,\n    \"94\": 0.03843,\n    \"95\": 0.02882,\n    _: \"4 5 6 7 8 9 10 11 12 13 14 15 16 17 18 19 20 21 22 23 24 25 26 27 28 29 30 31 32 34 36 39 41 42 44 45 50 51 54 55 57 96\"\n  },\n  F: {\n    \"77\": 0.29785,\n    \"78\": 0.26422,\n    _: \"9 11 12 15 16 17 18 19 20 21 22 23 24 25 26 27 28 29 30 31 32 33 34 35 36 37 38 39 40 41 42 43 44 45 46 47 48 49 50 51 52 53 54 55 56 57 58 60 62 63 64 65 66 67 68 69 70 71 72 73 74 75 76 9.5-9.6 10.5 10.6 11.1 11.5 11.6 12.1\",\n    \"10.0-10.1\": 0\n  },\n  G: {\n    \"8\": 0,\n    \"3.2\": 0,\n    \"4.0-4.1\": 0,\n    \"4.2-4.3\": 0,\n    \"5.0-5.1\": 0.00523,\n    \"6.0-6.1\": 0.01308,\n    \"7.0-7.1\": 0.02093,\n    \"8.1-8.4\": 0.02093,\n    \"9.0-9.2\": 0.01831,\n    \"9.3\": 0.15697,\n    \"10.0-10.2\": 0.02355,\n    \"10.3\": 0.17528,\n    \"11.0-11.2\": 0.06802,\n    \"11.3-11.4\": 0.08372,\n    \"12.0-12.1\": 0.07848,\n    \"12.2-12.4\": 0.23022,\n    \"13.0-13.1\": 0.07587,\n    \"13.2\": 0.03663,\n    \"13.3\": 0.19883,\n    \"13.4-13.7\": 0.65403,\n    \"14.0-14.4\": 2.81233,\n    \"14.5-14.7\": 20.79291\n  },\n  E: {\n    \"4\": 0,\n    \"8\": 0.00961,\n    \"9\": 0.00961,\n    \"11\": 0.00961,\n    \"12\": 0.01922,\n    \"13\": 0.1201,\n    \"14\": 0.95119,\n    \"15\": 0.02882,\n    _: \"0 5 6 7 10 3.1 3.2 6.1 7.1\",\n    \"5.1\": 0.00961,\n    \"9.1\": 0.05284,\n    \"10.1\": 0.03843,\n    \"11.1\": 0.1153,\n    \"12.1\": 0.16814,\n    \"13.1\": 1.47483,\n    \"14.1\": 5.03459\n  },\n  B: {\n    \"12\": 0.0048,\n    \"14\": 0.0048,\n    \"15\": 0.00961,\n    \"16\": 0.00961,\n    \"17\": 0.02402,\n    \"18\": 0.14892,\n    \"84\": 0.00961,\n    \"85\": 0.00961,\n    \"86\": 0.00961,\n    \"87\": 0.01922,\n    \"88\": 0.00961,\n    \"89\": 0.02402,\n    \"90\": 0.01922,\n    \"91\": 0.16814,\n    \"92\": 5.36607,\n    \"93\": 0.00961,\n    _: \"13 79 80 81 83\"\n  },\n  P: {\n    \"4\": 0.07567,\n    \"5.0-5.4\": 0,\n    \"6.2-6.4\": 0.01029,\n    \"7.2-7.4\": 0.03153,\n    \"8.2\": 0,\n    \"9.2\": 0.01081,\n    \"10.1\": 0.02102,\n    \"11.1-11.2\": 0.06486,\n    \"12.0\": 0.03243,\n    \"13.0\": 0.11891,\n    \"14.0\": 2.01062\n  },\n  I: {\n    \"0\": 0,\n    \"3\": 0,\n    \"4\": 0.00889,\n    \"2.1\": 0,\n    \"2.2\": 0,\n    \"2.3\": 0,\n    \"4.1\": 0.00243,\n    \"4.2-4.3\": 0.01859,\n    \"4.4\": 0,\n    \"4.4.3-4.4.4\": 0.04285\n  },\n  K: {\n    _: \"0 10 11 12 11.1 11.5 12.1\"\n  },\n  A: {\n    \"8\": 0.01615,\n    \"9\": 0.26381,\n    \"11\": 0.65682,\n    _: \"6 7 10 5.5\"\n  },\n  J: {\n    \"7\": 0,\n    \"10\": 0\n  },\n  N: {\n    \"10\": 0,\n    \"11\": 0\n  },\n  R: {\n    _: \"0\"\n  },\n  M: {\n    \"0\": 0.42615\n  },\n  Q: {\n    \"10.4\": 0.02079\n  },\n  O: {\n    \"0\": 0.20788\n  },\n  H: {\n    \"0\": 0.23617\n  },\n  L: {\n    \"0\": 23.66505\n  },\n  S: {\n    \"2.5\": 0\n  }\n};","map":{"version":3,"sources":["C:/xampp/public_html/vamo/interface2/node_modules/caniuse-lite/data/regions/alt-na.js"],"names":["module","exports","C","_","D","F","G","E","B","P","I","K","A","J","N","R","M","Q","O","H","L","S"],