{"ast":null,"code":"module.exports = {\n  C: {\n    \"2\": 0,\n    \"3\": 0,\n    \"4\": 0,\n    \"5\": 0,\n    \"6\": 0,\n    \"7\": 0,\n    \"8\": 0,\n    \"9\": 0,\n    \"10\": 0,\n    \"11\": 0,\n    \"12\": 0,\n    \"13\": 0,\n    \"14\": 0,\n    \"15\": 0,\n    \"16\": 0,\n    \"17\": 0,\n    \"18\": 0,\n    \"19\": 0,\n    \"20\": 0,\n    \"21\": 0,\n    \"22\": 0,\n    \"23\": 0,\n    \"24\": 0,\n    \"25\": 0,\n    \"26\": 0,\n    \"27\": 0,\n    \"28\": 0,\n    \"29\": 0,\n    \"30\": 0,\n    \"31\": 0,\n    \"32\": 0,\n    \"33\": 0,\n    \"34\": 0.00224,\n    \"35\": 0.00673,\n    \"36\": 0.00673,\n    \"37\": 0,\n    \"38\": 0,\n    \"39\": 0,\n    \"40\": 0,\n    \"41\": 0,\n    \"42\": 0,\n    \"43\": 0,\n    \"44\": 0,\n    \"45\": 0,\n    \"46\": 0,\n    \"47\": 0,\n    \"48\": 0,\n    \"49\": 0,\n    \"50\": 0,\n    \"51\": 0,\n    \"52\": 0.00673,\n    \"53\": 0,\n    \"54\": 0,\n    \"55\": 0,\n    \"56\": 0,\n    \"57\": 0,\n    \"58\": 0,\n    \"59\": 0,\n    \"60\": 0.00224,\n    \"61\": 0,\n    \"62\": 0,\n    \"63\": 0,\n    \"64\": 0,\n    \"65\": 0,\n    \"66\": 0,\n    \"67\": 0,\n    \"68\": 0.00224,\n    \"69\": 0,\n    \"70\": 0,\n    \"71\": 0,\n    \"72\": 0,\n    \"73\": 0,\n    \"74\": 0,\n    \"75\": 0,\n    \"76\": 0,\n    \"77\": 0,\n    \"78\": 0.00449,\n    \"79\": 0,\n    \"80\": 0.01122,\n    \"81\": 0,\n    \"82\": 0.00224,\n    \"83\": 0,\n    \"84\": 0.00449,\n    \"85\": 0,\n    \"86\": 0,\n    \"87\": 0.00224,\n    \"88\": 0.00897,\n    \"89\": 0.01122,\n    \"90\": 0.10991,\n    \"91\": 0.15252,\n    \"92\": 0.00224,\n    \"93\": 0,\n    \"3.5\": 0,\n    \"3.6\": 0\n  },\n  D: {\n    \"4\": 0,\n    \"5\": 0,\n    \"6\": 0,\n    \"7\": 0,\n    \"8\": 0,\n    \"9\": 0,\n    \"10\": 0,\n    \"11\": 0.00224,\n    \"12\": 0,\n    \"13\": 0,\n    \"14\": 0,\n    \"15\": 0,\n    \"16\": 0,\n    \"17\": 0,\n    \"18\": 0,\n    \"19\": 0,\n    \"20\": 0,\n    \"21\": 0,\n    \"22\": 0,\n    \"23\": 0,\n    \"24\": 0,\n    \"25\": 0,\n    \"26\": 0,\n    \"27\": 0,\n    \"28\": 0.00224,\n    \"29\": 0,\n    \"30\": 0,\n    \"31\": 0,\n    \"32\": 0,\n    \"33\": 0,\n    \"34\": 0,\n    \"35\": 0,\n    \"36\": 0,\n    \"37\": 0,\n    \"38\": 0,\n    \"39\": 0,\n    \"40\": 0.00224,\n    \"41\": 0,\n    \"42\": 0,\n    \"43\": 0,\n    \"44\": 0,\n    \"45\": 0,\n    \"46\": 0.00224,\n    \"47\": 0,\n    \"48\": 0,\n    \"49\": 0.01794,\n    \"50\": 0,\n    \"51\": 0,\n    \"52\": 0,\n    \"53\": 0,\n    \"54\": 0,\n    \"55\": 0.00449,\n    \"56\": 0,\n    \"57\": 0,\n    \"58\": 0.00224,\n    \"59\": 0,\n    \"60\": 0,\n    \"61\": 0,\n    \"62\": 0,\n    \"63\": 0.00224,\n    \"64\": 0.00224,\n    \"65\": 0.00224,\n    \"66\": 0,\n    \"67\": 0.00224,\n    \"68\": 0.00224,\n    \"69\": 0.00224,\n    \"70\": 0.00673,\n    \"71\": 0.00224,\n    \"72\": 0.00224,\n    \"73\": 0.00224,\n    \"74\": 0.00449,\n    \"75\": 0.00224,\n    \"76\": 0.00224,\n    \"77\": 0.00224,\n    \"78\": 0.00224,\n    \"79\": 0.00897,\n    \"80\": 0.00449,\n    \"81\": 0.02916,\n    \"83\": 0.00673,\n    \"84\": 0.00449,\n    \"85\": 0.00224,\n    \"86\": 0.00673,\n    \"87\": 0.0471,\n    \"88\": 0.01122,\n    \"89\": 0.01122,\n    \"90\": 0.01794,\n    \"91\": 0.10991,\n    \"92\": 2.56824,\n    \"93\": 0.00224,\n    \"94\": 0.00224,\n    \"95\": 0,\n    \"96\": 0\n  },\n  F: {\n    \"9\": 0,\n    \"11\": 0,\n    \"12\": 0,\n    \"15\": 0,\n    \"16\": 0,\n    \"17\": 0,\n    \"18\": 0,\n    \"19\": 0,\n    \"20\": 0,\n    \"21\": 0,\n    \"22\": 0,\n    \"23\": 0,\n    \"24\": 0,\n    \"25\": 0,\n    \"26\": 0.00673,\n    \"27\": 0,\n    \"28\": 0.00449,\n    \"29\": 0,\n    \"30\": 0.00224,\n    \"31\": 0,\n    \"32\": 0.00449,\n    \"33\": 0,\n    \"34\": 0,\n    \"35\": 0.0314,\n    \"36\": 0,\n    \"37\": 0,\n    \"38\": 0.00449,\n    \"39\": 0,\n    \"40\": 0,\n    \"41\": 0,\n    \"42\": 0,\n    \"43\": 0,\n    \"44\": 0,\n    \"45\": 0,\n    \"46\": 0.00673,\n    \"47\": 0.00449,\n    \"48\": 0,\n    \"49\": 0,\n    \"50\": 0.00897,\n    \"51\": 0.0157,\n    \"52\": 0,\n    \"53\": 0,\n    \"54\": 0.0314,\n    \"55\": 0.01346,\n    \"56\": 0.01346,\n    \"57\": 0.02916,\n    \"58\": 0.4172,\n    \"60\": 0,\n    \"62\": 0,\n    \"63\": 0.00224,\n    \"64\": 0.00224,\n    \"65\": 0.00673,\n    \"66\": 0,\n    \"67\": 0,\n    \"68\": 0,\n    \"69\": 0,\n    \"70\": 0,\n    \"71\": 0,\n    \"72\": 0,\n    \"73\": 0,\n    \"74\": 0,\n    \"75\": 0,\n    \"76\": 0,\n    \"77\": 0.05159,\n    \"78\": 0.04262,\n    \"9.5-9.6\": 0,\n    \"10.0-10.1\": 0,\n    \"10.5\": 0,\n    \"10.6\": 0,\n    \"11.1\": 0,\n    \"11.5\": 0,\n    \"11.6\": 0,\n    \"12.1\": 0.00224\n  },\n  G: {\n    \"8\": 0,\n    \"3.2\": 0,\n    \"4.0-4.1\": 0,\n    \"4.2-4.3\": 0,\n    \"5.0-5.1\": 0.00407,\n    \"6.0-6.1\": 0.00407,\n    \"7.0-7.1\": 0.02035,\n    \"8.1-8.4\": 0.01356,\n    \"9.0-9.2\": 0.00814,\n    \"9.3\": 0.17226,\n    \"10.0-10.2\": 0.01492,\n    \"10.3\": 0.12208,\n    \"11.0-11.2\": 0.03798,\n    \"11.3-11.4\": 0.04883,\n    \"12.0-12.1\": 0.04069,\n    \"12.2-12.4\": 0.1899,\n    \"13.0-13.1\": 0.06375,\n    \"13.2\": 0.02848,\n    \"13.3\": 0.13022,\n    \"13.4-13.7\": 0.38251,\n    \"14.0-14.4\": 1.64668,\n    \"14.5-14.7\": 9.77702\n  },\n  E: {\n    \"4\": 0,\n    \"5\": 0,\n    \"6\": 0,\n    \"7\": 0,\n    \"8\": 0,\n    \"9\": 0,\n    \"10\": 0,\n    \"11\": 0,\n    \"12\": 0,\n    \"13\": 0.0157,\n    \"14\": 0.04262,\n    \"15\": 0.00224,\n    _: \"0\",\n    \"3.1\": 0,\n    \"3.2\": 0,\n    \"5.1\": 0,\n    \"6.1\": 0,\n    \"7.1\": 0,\n    \"9.1\": 0,\n    \"10.1\": 0,\n    \"11.1\": 0.00673,\n    \"12.1\": 0.00673,\n    \"13.1\": 0.02916,\n    \"14.1\": 0.20636\n  },\n  B: {\n    \"12\": 0.00224,\n    \"13\": 0.00224,\n    \"14\": 0.00224,\n    \"15\": 0.00224,\n    \"16\": 0.00449,\n    \"17\": 0.00449,\n    \"18\": 0.01794,\n    \"79\": 0,\n    \"80\": 0,\n    \"81\": 0,\n    \"83\": 0,\n    \"84\": 0.00224,\n    \"85\": 0.00224,\n    \"86\": 0,\n    \"87\": 0,\n    \"88\": 0.00224,\n    \"89\": 0.00449,\n    \"90\": 0.00224,\n    \"91\": 0.0157,\n    \"92\": 0.45533,\n    \"93\": 0\n  },\n  P: {\n    \"4\": 0.39721,\n    \"5.0-5.4\": 0.02037,\n    \"6.2-6.4\": 0.03055,\n    \"7.2-7.4\": 0.61109,\n    \"8.2\": 0.02037,\n    \"9.2\": 0.11203,\n    \"10.1\": 0.06111,\n    \"11.1-11.2\": 0.36666,\n    \"12.0\": 0.24444,\n    \"13.0\": 0.58054,\n    \"14.0\": 6.24334\n  },\n  I: {\n    \"0\": 0,\n    \"3\": 0,\n    \"4\": 0.00109,\n    \"2.1\": 0,\n    \"2.2\": 0,\n    \"2.3\": 0,\n    \"4.1\": 0.00272,\n    \"4.2-4.3\": 0.00707,\n    \"4.4\": 0,\n    \"4.4.3-4.4.4\": 0.06258\n  },\n  K: {\n    _: \"0 10 11 12 11.1 11.5 12.1\"\n  },\n  A: {\n    \"6\": 0,\n    \"7\": 0,\n    \"8\": 0,\n    \"9\": 0.00236,\n    \"10\": 0,\n    \"11\": 0.12997,\n    \"5.5\": 0\n  },\n  J: {\n    \"7\": 0,\n    \"10\": 0.00776\n  },\n  N: {\n    \"10\": 0,\n    \"11\": 0\n  },\n  R: {\n    _: \"0\"\n  },\n  M: {\n    \"0\": 0.43439\n  },\n  Q: {\n    \"10.4\": 0.01551\n  },\n  O: {\n    \"0\": 0.63607\n  },\n  H: {\n    \"0\": 3.84817\n  },\n  L: {\n    \"0\": 65.47812\n  },\n  S: {\n    \"2.5\": 0.00776\n  }\n};","map":{"version":3,"sources":["C:/xampp/public_html/vamo/interface2/node_modules/caniuse-lite/data/regions/ZA.js"],"names":["module","exports","C","D","F","G","E","_","B","P","I","K","A","J","N","R","M","Q","O","H","L","S"],