{"ast":null,"code":"module.exports = {\n  C: {\n    \"2\": 0,\n    \"3\": 0,\n    \"4\": 0,\n    \"5\": 0,\n    \"6\": 0,\n    \"7\": 0,\n    \"8\": 0,\n    \"9\": 0,\n    \"10\": 0,\n    \"11\": 0,\n    \"12\": 0,\n    \"13\": 0,\n    \"14\": 0,\n    \"15\": 0,\n    \"16\": 0,\n    \"17\": 0,\n    \"18\": 0,\n    \"19\": 0,\n    \"20\": 0,\n    \"21\": 0,\n    \"22\": 0,\n    \"23\": 0,\n    \"24\": 0,\n    \"25\": 0,\n    \"26\": 0,\n    \"27\": 0,\n    \"28\": 0.0037,\n    \"29\": 0,\n    \"30\": 0,\n    \"31\": 0,\n    \"32\": 0,\n    \"33\": 0,\n    \"34\": 0,\n    \"35\": 0.0037,\n    \"36\": 0.0037,\n    \"37\": 0,\n    \"38\": 0,\n    \"39\": 0,\n    \"40\": 0,\n    \"41\": 0,\n    \"42\": 0,\n    \"43\": 0,\n    \"44\": 0.01109,\n    \"45\": 0,\n    \"46\": 0,\n    \"47\": 0.0037,\n    \"48\": 0,\n    \"49\": 0,\n    \"50\": 0,\n    \"51\": 0.0037,\n    \"52\": 0,\n    \"53\": 0,\n    \"54\": 0,\n    \"55\": 0,\n    \"56\": 0.0037,\n    \"57\": 0,\n    \"58\": 0.0037,\n    \"59\": 0,\n    \"60\": 0,\n    \"61\": 0.0037,\n    \"62\": 0,\n    \"63\": 0,\n    \"64\": 0,\n    \"65\": 0,\n    \"66\": 0.01478,\n    \"67\": 0,\n    \"68\": 0.00739,\n    \"69\": 0,\n    \"70\": 0,\n    \"71\": 0,\n    \"72\": 0.0037,\n    \"73\": 0,\n    \"74\": 0,\n    \"75\": 0,\n    \"76\": 0,\n    \"77\": 0.00739,\n    \"78\": 0.0037,\n    \"79\": 0,\n    \"80\": 0,\n    \"81\": 0.00739,\n    \"82\": 0.02218,\n    \"83\": 0.0037,\n    \"84\": 0.04435,\n    \"85\": 0.02587,\n    \"86\": 0.01109,\n    \"87\": 0.01848,\n    \"88\": 0.07392,\n    \"89\": 0.05914,\n    \"90\": 0.31786,\n    \"91\": 0.49526,\n    \"92\": 0.01478,\n    \"93\": 0,\n    \"3.5\": 0,\n    \"3.6\": 0\n  },\n  D: {\n    \"4\": 0,\n    \"5\": 0,\n    \"6\": 0,\n    \"7\": 0,\n    \"8\": 0,\n    \"9\": 0,\n    \"10\": 0,\n    \"11\": 0.0037,\n    \"12\": 0,\n    \"13\": 0,\n    \"14\": 0,\n    \"15\": 0,\n    \"16\": 0,\n    \"17\": 0,\n    \"18\": 0,\n    \"19\": 0,\n    \"20\": 0,\n    \"21\": 0,\n    \"22\": 0,\n    \"23\": 0,\n    \"24\": 0,\n    \"25\": 0,\n    \"26\": 0,\n    \"27\": 0,\n    \"28\": 0,\n    \"29\": 0,\n    \"30\": 0,\n    \"31\": 0.0037,\n    \"32\": 0,\n    \"33\": 0.0037,\n    \"34\": 0,\n    \"35\": 0,\n    \"36\": 0,\n    \"37\": 0.0037,\n    \"38\": 0.0037,\n    \"39\": 0,\n    \"40\": 0.02218,\n    \"41\": 0,\n    \"42\": 0.0037,\n    \"43\": 0.0037,\n    \"44\": 0,\n    \"45\": 0,\n    \"46\": 0.0037,\n    \"47\": 0,\n    \"48\": 0,\n    \"49\": 0.0037,\n    \"50\": 0,\n    \"51\": 0,\n    \"52\": 0.0037,\n    \"53\": 0.00739,\n    \"54\": 0,\n    \"55\": 0.02218,\n    \"56\": 0.0037,\n    \"57\": 0,\n    \"58\": 0.0037,\n    \"59\": 0.0037,\n    \"60\": 0,\n    \"61\": 0,\n    \"62\": 0.00739,\n    \"63\": 0.01109,\n    \"64\": 0.0037,\n    \"65\": 0.01109,\n    \"66\": 0,\n    \"67\": 0.00739,\n    \"68\": 0.01109,\n    \"69\": 0.05544,\n    \"70\": 0.07392,\n    \"71\": 0.0037,\n    \"72\": 0.0037,\n    \"73\": 0.0037,\n    \"74\": 0.00739,\n    \"75\": 0.0037,\n    \"76\": 0.0037,\n    \"77\": 0.0037,\n    \"78\": 0.01478,\n    \"79\": 0.01478,\n    \"80\": 0.01478,\n    \"81\": 0.02587,\n    \"83\": 0.01109,\n    \"84\": 0.01109,\n    \"85\": 0.01109,\n    \"86\": 0.02587,\n    \"87\": 0.05174,\n    \"88\": 0.04435,\n    \"89\": 0.05544,\n    \"90\": 0.08131,\n    \"91\": 0.28459,\n    \"92\": 6.46061,\n    \"93\": 0.0037,\n    \"94\": 0,\n    \"95\": 0,\n    \"96\": 0\n  },\n  F: {\n    \"9\": 0,\n    \"11\": 0,\n    \"12\": 0,\n    \"15\": 0,\n    \"16\": 0,\n    \"17\": 0,\n    \"18\": 0.0037,\n    \"19\": 0,\n    \"20\": 0,\n    \"21\": 0,\n    \"22\": 0,\n    \"23\": 0,\n    \"24\": 0,\n    \"25\": 0,\n    \"26\": 0.0037,\n    \"27\": 0,\n    \"28\": 0,\n    \"29\": 0,\n    \"30\": 0,\n    \"31\": 0,\n    \"32\": 0,\n    \"33\": 0,\n    \"34\": 0,\n    \"35\": 0.0037,\n    \"36\": 0,\n    \"37\": 0.02218,\n    \"38\": 0,\n    \"39\": 0,\n    \"40\": 0,\n    \"41\": 0,\n    \"42\": 0,\n    \"43\": 0,\n    \"44\": 0,\n    \"45\": 0,\n    \"46\": 0,\n    \"47\": 0.0037,\n    \"48\": 0,\n    \"49\": 0,\n    \"50\": 0,\n    \"51\": 0.0037,\n    \"52\": 0,\n    \"53\": 0,\n    \"54\": 0.01109,\n    \"55\": 0.02957,\n    \"56\": 0.01478,\n    \"57\": 0.02218,\n    \"58\": 0.24024,\n    \"60\": 0,\n    \"62\": 0,\n    \"63\": 0,\n    \"64\": 0.0037,\n    \"65\": 0.01478,\n    \"66\": 0,\n    \"67\": 0,\n    \"68\": 0,\n    \"69\": 0,\n    \"70\": 0,\n    \"71\": 0.0037,\n    \"72\": 0,\n    \"73\": 0,\n    \"74\": 0,\n    \"75\": 0.00739,\n    \"76\": 0.0037,\n    \"77\": 0.1885,\n    \"78\": 0.12566,\n    \"9.5-9.6\": 0,\n    \"10.0-10.1\": 0,\n    \"10.5\": 0,\n    \"10.6\": 0,\n    \"11.1\": 0,\n    \"11.5\": 0,\n    \"11.6\": 0,\n    \"12.1\": 0.0037\n  },\n  G: {\n    \"8\": 0,\n    \"3.2\": 0,\n    \"4.0-4.1\": 0,\n    \"4.2-4.3\": 0.00058,\n    \"5.0-5.1\": 0,\n    \"6.0-6.1\": 0.01948,\n    \"7.0-7.1\": 0.0032,\n    \"8.1-8.4\": 0.00174,\n    \"9.0-9.2\": 0.01687,\n    \"9.3\": 0.11806,\n    \"10.0-10.2\": 0.00582,\n    \"10.3\": 0.01948,\n    \"11.0-11.2\": 0.02036,\n    \"11.3-11.4\": 0.0157,\n    \"12.0-12.1\": 0.05147,\n    \"12.2-12.4\": 0.32889,\n    \"13.0-13.1\": 0.01948,\n    \"13.2\": 0.02763,\n    \"13.3\": 0.08549,\n    \"13.4-13.7\": 0.17418,\n    \"14.0-14.4\": 0.622,\n    \"14.5-14.7\": 1.18759\n  },\n  E: {\n    \"4\": 0,\n    \"5\": 0,\n    \"6\": 0,\n    \"7\": 0,\n    \"8\": 0,\n    \"9\": 0,\n    \"10\": 0,\n    \"11\": 0,\n    \"12\": 0,\n    \"13\": 0.02957,\n    \"14\": 0.02587,\n    \"15\": 0,\n    _: \"0\",\n    \"3.1\": 0,\n    \"3.2\": 0,\n    \"5.1\": 0,\n    \"6.1\": 0,\n    \"7.1\": 0,\n    \"9.1\": 0,\n    \"10.1\": 0.0037,\n    \"11.1\": 0.0037,\n    \"12.1\": 0.00739,\n    \"13.1\": 0.02587,\n    \"14.1\": 0.08131\n  },\n  B: {\n    \"12\": 0.01848,\n    \"13\": 0.02218,\n    \"14\": 0.01478,\n    \"15\": 0.01848,\n    \"16\": 0.03326,\n    \"17\": 0.05174,\n    \"18\": 0.15893,\n    \"79\": 0,\n    \"80\": 0.29198,\n    \"81\": 0,\n    \"83\": 0,\n    \"84\": 0.01848,\n    \"85\": 0.04066,\n    \"86\": 0.0037,\n    \"87\": 0.0037,\n    \"88\": 0.00739,\n    \"89\": 0.03326,\n    \"90\": 0.01478,\n    \"91\": 0.12566,\n    \"92\": 1.13467,\n    \"93\": 0\n  },\n  P: {\n    \"4\": 0.3579,\n    \"5.0-5.4\": 0.03068,\n    \"6.2-6.4\": 0.0409,\n    \"7.2-7.4\": 1.24754,\n    \"8.2\": 0,\n    \"9.2\": 0.11248,\n    \"10.1\": 0.22497,\n    \"11.1-11.2\": 0.42948,\n    \"12.0\": 0.11248,\n    \"13.0\": 0.42948,\n    \"14.0\": 2.73027\n  },\n  I: {\n    \"0\": 0,\n    \"3\": 0,\n    \"4\": 0.00674,\n    \"2.1\": 0,\n    \"2.2\": 0,\n    \"2.3\": 0,\n    \"4.1\": 0.02021,\n    \"4.2-4.3\": 0.07858,\n    \"4.4\": 0,\n    \"4.4.3-4.4.4\": 0.54557\n  },\n  K: {\n    _: \"0 10 11 12 11.1 11.5 12.1\"\n  },\n  A: {\n    \"6\": 0,\n    \"7\": 0,\n    \"8\": 0,\n    \"9\": 0.00426,\n    \"10\": 0.00852,\n    \"11\": 0.18311,\n    \"5.5\": 0\n  },\n  J: {\n    \"7\": 0,\n    \"10\": 0\n  },\n  N: {\n    \"10\": 0,\n    \"11\": 0\n  },\n  R: {\n    _: \"0\"\n  },\n  M: {\n    \"0\": 0.17021\n  },\n  Q: {\n    \"10.4\": 0.37824\n  },\n  O: {\n    \"0\": 1.77773\n  },\n  H: {\n    \"0\": 2.1963\n  },\n  L: {\n    \"0\": 70.5885\n  },\n  S: {\n    \"2.5\": 0.22064\n  }\n};","map":{"version":3,"sources":["C:/xampp/public_html/vamo/interface2/node_modules/caniuse-lite/data/regions/PG.js"],"names":["module","exports","C","D","F","G","E","_","B","P","I","K","A","J","N","R","M","Q","O","H","L","S"],