{"ast":null,"code":"module.exports = {\n  C: {\n    \"33\": 0.11769,\n    \"48\": 0.04315,\n    \"52\": 0.07061,\n    \"57\": 0.01569,\n    \"68\": 0.00392,\n    \"72\": 1.06313,\n    \"73\": 0.01962,\n    \"78\": 0.07061,\n    \"79\": 0.02354,\n    \"87\": 0.00392,\n    \"88\": 0.00785,\n    \"89\": 0.03138,\n    \"90\": 0.72576,\n    \"91\": 0.61591,\n    \"92\": 0.01177,\n    _: \"2 3 4 5 6 7 8 9 10 11 12 13 14 15 16 17 18 19 20 21 22 23 24 25 26 27 28 29 30 31 32 34 35 36 37 38 39 40 41 42 43 44 45 46 47 49 50 51 53 54 55 56 58 59 60 61 62 63 64 65 66 67 69 70 71 74 75 76 77 80 81 82 83 84 85 86 93 3.5 3.6\"\n  },\n  D: {\n    \"11\": 0.00392,\n    \"34\": 0.00392,\n    \"35\": 0.00392,\n    \"38\": 0.01177,\n    \"47\": 0.00785,\n    \"48\": 0.00392,\n    \"49\": 0.22361,\n    \"53\": 0.00392,\n    \"56\": 0.02746,\n    \"57\": 0.00785,\n    \"63\": 0.00392,\n    \"66\": 0.04708,\n    \"67\": 0.00392,\n    \"68\": 0.01177,\n    \"70\": 0.00392,\n    \"71\": 0.06277,\n    \"72\": 0.00785,\n    \"73\": 0.03531,\n    \"74\": 0.01177,\n    \"75\": 0.00392,\n    \"76\": 0.00392,\n    \"77\": 0.00392,\n    \"78\": 0.00392,\n    \"79\": 0.12946,\n    \"80\": 0.02746,\n    \"81\": 0.05885,\n    \"83\": 0.05492,\n    \"84\": 0.02746,\n    \"85\": 0.05492,\n    \"86\": 0.11377,\n    \"87\": 0.22361,\n    \"88\": 0.10592,\n    \"89\": 0.051,\n    \"90\": 0.14123,\n    \"91\": 0.94937,\n    \"92\": 24.65998,\n    \"93\": 0.02746,\n    \"94\": 0.02354,\n    _: \"4 5 6 7 8 9 10 12 13 14 15 16 17 18 19 20 21 22 23 24 25 26 27 28 29 30 31 32 33 36 37 39 40 41 42 43 44 45 46 50 51 52 54 55 58 59 60 61 62 64 65 69 95 96\"\n  },\n  F: {\n    \"28\": 0.01569,\n    \"34\": 0.01177,\n    \"35\": 0.00392,\n    \"36\": 0.00785,\n    \"44\": 0.00785,\n    \"45\": 0.01177,\n    \"50\": 0.00392,\n    \"51\": 0.00392,\n    \"53\": 0.04315,\n    \"54\": 0.00785,\n    \"55\": 0.01177,\n    \"56\": 0.01962,\n    \"57\": 0.05492,\n    \"58\": 0.03138,\n    \"60\": 0.03531,\n    \"62\": 0.04315,\n    \"63\": 0.01962,\n    \"64\": 0.04315,\n    \"65\": 0.01569,\n    \"66\": 0.02354,\n    \"67\": 0.01177,\n    \"68\": 0.01569,\n    \"69\": 0.01177,\n    \"70\": 0.04708,\n    \"71\": 0.01962,\n    \"72\": 0.05885,\n    \"73\": 0.03923,\n    \"74\": 0.01569,\n    \"75\": 0.02746,\n    \"76\": 0.06277,\n    \"77\": 0.08631,\n    \"78\": 0.02354,\n    _: \"9 11 12 15 16 17 18 19 20 21 22 23 24 25 26 27 29 30 31 32 33 37 38 39 40 41 42 43 46 47 48 49 52 9.5-9.6 10.5 10.6 11.1 11.5 11.6\",\n    \"10.0-10.1\": 0,\n    \"12.1\": 0.00392\n  },\n  G: {\n    \"8\": 0,\n    \"3.2\": 0,\n    \"4.0-4.1\": 0,\n    \"4.2-4.3\": 0.00104,\n    \"5.0-5.1\": 0.00467,\n    \"6.0-6.1\": 0,\n    \"7.0-7.1\": 0.04718,\n    \"8.1-8.4\": 0.00156,\n    \"9.0-9.2\": 0.00778,\n    \"9.3\": 0.06326,\n    \"10.0-10.2\": 0.00726,\n    \"10.3\": 0.12859,\n    \"11.0-11.2\": 0.03526,\n    \"11.3-11.4\": 0.04563,\n    \"12.0-12.1\": 0.02385,\n    \"12.2-12.4\": 0.08659,\n    \"13.0-13.1\": 0.02074,\n    \"13.2\": 0.00881,\n    \"13.3\": 0.05392,\n    \"13.4-13.7\": 0.17681,\n    \"14.0-14.4\": 0.83687,\n    \"14.5-14.7\": 3.18416\n  },\n  E: {\n    \"4\": 0,\n    \"13\": 0.00785,\n    \"14\": 0.13731,\n    \"15\": 0.00392,\n    _: \"0 5 6 7 8 9 10 11 12 3.1 3.2 6.1 7.1 9.1 11.1\",\n    \"5.1\": 1.49074,\n    \"10.1\": 0.00392,\n    \"12.1\": 0.01177,\n    \"13.1\": 0.08238,\n    \"14.1\": 0.44722\n  },\n  B: {\n    \"15\": 0.00785,\n    \"16\": 0.01962,\n    \"17\": 0.00785,\n    \"18\": 0.04315,\n    \"84\": 0.02354,\n    \"85\": 0.01569,\n    \"89\": 0.01569,\n    \"91\": 0.03138,\n    \"92\": 1.09844,\n    _: \"12 13 14 79 80 81 83 86 87 88 90 93\"\n  },\n  P: {\n    \"4\": 1.07139,\n    \"5.0-5.4\": 0.10107,\n    \"6.2-6.4\": 0.21226,\n    \"7.2-7.4\": 0.51548,\n    \"8.2\": 0.04043,\n    \"9.2\": 0.19204,\n    \"10.1\": 0.06064,\n    \"11.1-11.2\": 0.46494,\n    \"12.0\": 0.23247,\n    \"13.0\": 0.57612,\n    \"14.0\": 2.35504\n  },\n  I: {\n    \"0\": 0,\n    \"3\": 0,\n    \"4\": 0.00131,\n    \"2.1\": 0,\n    \"2.2\": 0,\n    \"2.3\": 0,\n    \"4.1\": 0.00263,\n    \"4.2-4.3\": 0.00657,\n    \"4.4\": 0,\n    \"4.4.3-4.4.4\": 0.04418\n  },\n  K: {\n    _: \"0 10 11 12 11.1 11.5 12.1\"\n  },\n  A: {\n    \"9\": 0.0117,\n    \"11\": 0.33352,\n    _: \"6 7 8 10 5.5\"\n  },\n  J: {\n    \"7\": 0,\n    \"10\": 0\n  },\n  N: {\n    \"11\": 0.01983,\n    _: \"10\"\n  },\n  R: {\n    _: \"0\"\n  },\n  M: {\n    \"0\": 0.06077\n  },\n  Q: {\n    \"10.4\": 0.12154\n  },\n  O: {\n    \"0\": 4.94668\n  },\n  H: {\n    \"0\": 0.48328\n  },\n  L: {\n    \"0\": 44.72445\n  },\n  S: {\n    \"2.5\": 0\n  }\n};","map":{"version":3,"sources":["C:/xampp/public_html/vamo/interface2/node_modules/caniuse-lite/data/regions/UZ.js"],"names":["module","exports","C","_","D","F","G","E","B","P","I","K","A","J","N","R","M","Q","O","H","L","S"],