{"ast":null,"code":"module.exports = {\n  C: {\n    \"2\": 0,\n    \"3\": 0,\n    \"4\": 0,\n    \"5\": 0,\n    \"6\": 0,\n    \"7\": 0,\n    \"8\": 0,\n    \"9\": 0,\n    \"10\": 0,\n    \"11\": 0,\n    \"12\": 0,\n    \"13\": 0,\n    \"14\": 0,\n    \"15\": 0,\n    \"16\": 0,\n    \"17\": 0,\n    \"18\": 0,\n    \"19\": 0,\n    \"20\": 0,\n    \"21\": 0,\n    \"22\": 0,\n    \"23\": 0,\n    \"24\": 0,\n    \"25\": 0,\n    \"26\": 0,\n    \"27\": 0,\n    \"28\": 0,\n    \"29\": 0,\n    \"30\": 0,\n    \"31\": 0,\n    \"32\": 0,\n    \"33\": 0,\n    \"34\": 0,\n    \"35\": 0.00321,\n    \"36\": 0,\n    \"37\": 0,\n    \"38\": 0,\n    \"39\": 0,\n    \"40\": 0,\n    \"41\": 0,\n    \"42\": 0,\n    \"43\": 0,\n    \"44\": 0,\n    \"45\": 0,\n    \"46\": 0,\n    \"47\": 0,\n    \"48\": 0,\n    \"49\": 0,\n    \"50\": 0,\n    \"51\": 0,\n    \"52\": 0.02244,\n    \"53\": 0,\n    \"54\": 0,\n    \"55\": 0,\n    \"56\": 0,\n    \"57\": 0,\n    \"58\": 0,\n    \"59\": 0,\n    \"60\": 0,\n    \"61\": 0.01282,\n    \"62\": 0,\n    \"63\": 0,\n    \"64\": 0,\n    \"65\": 0.00321,\n    \"66\": 0.00962,\n    \"67\": 0,\n    \"68\": 0,\n    \"69\": 0,\n    \"70\": 0,\n    \"71\": 0,\n    \"72\": 0,\n    \"73\": 0,\n    \"74\": 0,\n    \"75\": 0,\n    \"76\": 0,\n    \"77\": 0,\n    \"78\": 0.02244,\n    \"79\": 0,\n    \"80\": 0,\n    \"81\": 0,\n    \"82\": 0,\n    \"83\": 0,\n    \"84\": 0.00321,\n    \"85\": 0.00321,\n    \"86\": 0,\n    \"87\": 0,\n    \"88\": 0.00321,\n    \"89\": 0.01603,\n    \"90\": 0.13141,\n    \"91\": 0.18589,\n    \"92\": 0,\n    \"93\": 0,\n    \"3.5\": 0,\n    \"3.6\": 0\n  },\n  D: {\n    \"4\": 0,\n    \"5\": 0,\n    \"6\": 0,\n    \"7\": 0,\n    \"8\": 0,\n    \"9\": 0,\n    \"10\": 0,\n    \"11\": 0,\n    \"12\": 0,\n    \"13\": 0,\n    \"14\": 0,\n    \"15\": 0,\n    \"16\": 0,\n    \"17\": 0,\n    \"18\": 0,\n    \"19\": 0,\n    \"20\": 0,\n    \"21\": 0,\n    \"22\": 0,\n    \"23\": 0,\n    \"24\": 0,\n    \"25\": 0,\n    \"26\": 0,\n    \"27\": 0,\n    \"28\": 0,\n    \"29\": 0,\n    \"30\": 0,\n    \"31\": 0,\n    \"32\": 0,\n    \"33\": 0,\n    \"34\": 0,\n    \"35\": 0.00321,\n    \"36\": 0,\n    \"37\": 0,\n    \"38\": 0,\n    \"39\": 0.00321,\n    \"40\": 0.00641,\n    \"41\": 0,\n    \"42\": 0,\n    \"43\": 0.02885,\n    \"44\": 0,\n    \"45\": 0,\n    \"46\": 0,\n    \"47\": 0,\n    \"48\": 0,\n    \"49\": 0.14423,\n    \"50\": 0,\n    \"51\": 0,\n    \"52\": 0,\n    \"53\": 0,\n    \"54\": 0,\n    \"55\": 0.00641,\n    \"56\": 0.00321,\n    \"57\": 0,\n    \"58\": 0,\n    \"59\": 0,\n    \"60\": 0.00321,\n    \"61\": 0.00641,\n    \"62\": 0,\n    \"63\": 0.00321,\n    \"64\": 0.00641,\n    \"65\": 0.00641,\n    \"66\": 0,\n    \"67\": 0,\n    \"68\": 0,\n    \"69\": 0,\n    \"70\": 0.02564,\n    \"71\": 0.00962,\n    \"72\": 0.00321,\n    \"73\": 0.03205,\n    \"74\": 0.00321,\n    \"75\": 0.00962,\n    \"76\": 0.00321,\n    \"77\": 0.01923,\n    \"78\": 0.00321,\n    \"79\": 0.03205,\n    \"80\": 0.00641,\n    \"81\": 0.28525,\n    \"83\": 0.03205,\n    \"84\": 0.00641,\n    \"85\": 0.01923,\n    \"86\": 0.00641,\n    \"87\": 0.05449,\n    \"88\": 0.01282,\n    \"89\": 0.06731,\n    \"90\": 0.10577,\n    \"91\": 0.22756,\n    \"92\": 6.09271,\n    \"93\": 0.01923,\n    \"94\": 0.00962,\n    \"95\": 0,\n    \"96\": 0\n  },\n  F: {\n    \"9\": 0,\n    \"11\": 0,\n    \"12\": 0,\n    \"15\": 0,\n    \"16\": 0,\n    \"17\": 0,\n    \"18\": 0,\n    \"19\": 0,\n    \"20\": 0,\n    \"21\": 0,\n    \"22\": 0,\n    \"23\": 0,\n    \"24\": 0,\n    \"25\": 0,\n    \"26\": 0,\n    \"27\": 0,\n    \"28\": 0,\n    \"29\": 0,\n    \"30\": 0,\n    \"31\": 0,\n    \"32\": 0,\n    \"33\": 0,\n    \"34\": 0,\n    \"35\": 0,\n    \"36\": 0,\n    \"37\": 0,\n    \"38\": 0,\n    \"39\": 0,\n    \"40\": 0,\n    \"41\": 0,\n    \"42\": 0,\n    \"43\": 0,\n    \"44\": 0,\n    \"45\": 0,\n    \"46\": 0,\n    \"47\": 0,\n    \"48\": 0,\n    \"49\": 0,\n    \"50\": 0,\n    \"51\": 0,\n    \"52\": 0,\n    \"53\": 0,\n    \"54\": 0,\n    \"55\": 0,\n    \"56\": 0,\n    \"57\": 0,\n    \"58\": 0,\n    \"60\": 0,\n    \"62\": 0,\n    \"63\": 0,\n    \"64\": 0,\n    \"65\": 0,\n    \"66\": 0,\n    \"67\": 0,\n    \"68\": 0,\n    \"69\": 0,\n    \"70\": 0,\n    \"71\": 0,\n    \"72\": 0,\n    \"73\": 0,\n    \"74\": 0,\n    \"75\": 0.00321,\n    \"76\": 0.00641,\n    \"77\": 0.24358,\n    \"78\": 0.15705,\n    \"9.5-9.6\": 0,\n    \"10.0-10.1\": 0,\n    \"10.5\": 0,\n    \"10.6\": 0,\n    \"11.1\": 0,\n    \"11.5\": 0,\n    \"11.6\": 0,\n    \"12.1\": 0\n  },\n  G: {\n    \"8\": 0.00125,\n    \"3.2\": 0,\n    \"4.0-4.1\": 0,\n    \"4.2-4.3\": 0,\n    \"5.0-5.1\": 0,\n    \"6.0-6.1\": 0.00251,\n    \"7.0-7.1\": 0.0966,\n    \"8.1-8.4\": 0,\n    \"9.0-9.2\": 0.05896,\n    \"9.3\": 0.28979,\n    \"10.0-10.2\": 0.02133,\n    \"10.3\": 0.28728,\n    \"11.0-11.2\": 0.08656,\n    \"11.3-11.4\": 0.07778,\n    \"12.0-12.1\": 0.04516,\n    \"12.2-12.4\": 0.8192,\n    \"13.0-13.1\": 0.03387,\n    \"13.2\": 0.04014,\n    \"13.3\": 0.18316,\n    \"13.4-13.7\": 0.44284,\n    \"14.0-14.4\": 1.62962,\n    \"14.5-14.7\": 7.21473\n  },\n  E: {\n    \"4\": 0,\n    \"5\": 0,\n    \"6\": 0,\n    \"7\": 0,\n    \"8\": 0,\n    \"9\": 0,\n    \"10\": 0,\n    \"11\": 0,\n    \"12\": 0,\n    \"13\": 0.00321,\n    \"14\": 0.07692,\n    \"15\": 0,\n    _: \"0\",\n    \"3.1\": 0,\n    \"3.2\": 0,\n    \"5.1\": 0,\n    \"6.1\": 0,\n    \"7.1\": 0,\n    \"9.1\": 0,\n    \"10.1\": 0.00321,\n    \"11.1\": 0.00641,\n    \"12.1\": 0.02244,\n    \"13.1\": 0.03205,\n    \"14.1\": 0.1923\n  },\n  B: {\n    \"12\": 0,\n    \"13\": 0,\n    \"14\": 0,\n    \"15\": 0.00321,\n    \"16\": 0,\n    \"17\": 0.01603,\n    \"18\": 0.01923,\n    \"79\": 0,\n    \"80\": 0,\n    \"81\": 0,\n    \"83\": 0,\n    \"84\": 0,\n    \"85\": 0.01282,\n    \"86\": 0,\n    \"87\": 0.02885,\n    \"88\": 0.00321,\n    \"89\": 0.00962,\n    \"90\": 0.00321,\n    \"91\": 0.01603,\n    \"92\": 0.9583,\n    \"93\": 0\n  },\n  P: {\n    \"4\": 0.3593,\n    \"5.0-5.4\": 0.02053,\n    \"6.2-6.4\": 0.0308,\n    \"7.2-7.4\": 0.29771,\n    \"8.2\": 0.01027,\n    \"9.2\": 0.41063,\n    \"10.1\": 0.01027,\n    \"11.1-11.2\": 0.48249,\n    \"12.0\": 0.08213,\n    \"13.0\": 0.18478,\n    \"14.0\": 0.94446\n  },\n  I: {\n    \"0\": 0,\n    \"3\": 0,\n    \"4\": 0.00083,\n    \"2.1\": 0,\n    \"2.2\": 0,\n    \"2.3\": 0,\n    \"4.1\": 0.0058,\n    \"4.2-4.3\": 0.04306,\n    \"4.4\": 0,\n    \"4.4.3-4.4.4\": 0.21697\n  },\n  K: {\n    _: \"0 10 11 12 11.1 11.5 12.1\"\n  },\n  A: {\n    \"6\": 0,\n    \"7\": 0,\n    \"8\": 0,\n    \"9\": 0,\n    \"10\": 0,\n    \"11\": 0.13141,\n    \"5.5\": 0\n  },\n  J: {\n    \"7\": 0,\n    \"10\": 0.0068\n  },\n  N: {\n    \"10\": 0,\n    \"11\": 0\n  },\n  R: {\n    _: \"0\"\n  },\n  M: {\n    \"0\": 0.04077\n  },\n  Q: {\n    \"10.4\": 0\n  },\n  O: {\n    \"0\": 0.08154\n  },\n  H: {\n    \"0\": 0.59184\n  },\n  L: {\n    \"0\": 73.80868\n  },\n  S: {\n    \"2.5\": 0.0068\n  }\n};","map":{"version":3,"sources":["C:/xampp/public_html/vamo/interface2/node_modules/caniuse-lite/data/regions/CV.js"],"names":["module","exports","C","D","F","G","E","_","B","P","I","K","A","J","N","R","M","Q","O","H","L","S"],