{"ast":null,"code":"module.exports = {\n  C: {\n    \"78\": 0.02041,\n    \"84\": 0.01701,\n    \"86\": 0.0034,\n    \"88\": 0.01021,\n    \"89\": 0.02722,\n    \"90\": 0.25855,\n    \"91\": 0.44906,\n    \"92\": 0.01361,\n    _: \"2 3 4 5 6 7 8 9 10 11 12 13 14 15 16 17 18 19 20 21 22 23 24 25 26 27 28 29 30 31 32 33 34 35 36 37 38 39 40 41 42 43 44 45 46 47 48 49 50 51 52 53 54 55 56 57 58 59 60 61 62 63 64 65 66 67 68 69 70 71 72 73 74 75 76 77 79 80 81 82 83 85 87 93 3.5 3.6\"\n  },\n  D: {\n    \"11\": 0.0068,\n    \"22\": 0.01021,\n    \"33\": 0.0068,\n    \"34\": 0.01021,\n    \"38\": 0.01021,\n    \"49\": 0.05103,\n    \"50\": 0.0034,\n    \"53\": 0.0034,\n    \"56\": 0.0034,\n    \"62\": 0.03062,\n    \"63\": 0.0068,\n    \"64\": 0.0068,\n    \"65\": 0.0068,\n    \"67\": 0.0068,\n    \"69\": 0.0068,\n    \"70\": 0.0068,\n    \"71\": 0.0034,\n    \"72\": 0.0034,\n    \"73\": 0.0034,\n    \"75\": 0.0068,\n    \"76\": 0.01021,\n    \"77\": 0.0034,\n    \"78\": 0.01021,\n    \"79\": 0.10546,\n    \"80\": 0.01361,\n    \"81\": 0.01701,\n    \"83\": 0.03062,\n    \"84\": 0.01361,\n    \"85\": 0.02381,\n    \"86\": 0.02041,\n    \"87\": 0.24494,\n    \"88\": 0.14969,\n    \"89\": 0.05783,\n    \"90\": 0.08165,\n    \"91\": 0.90833,\n    \"92\": 21.86806,\n    \"93\": 0.11227,\n    \"94\": 0.02381,\n    _: \"4 5 6 7 8 9 10 12 13 14 15 16 17 18 19 20 21 23 24 25 26 27 28 29 30 31 32 35 36 37 39 40 41 42 43 44 45 46 47 48 51 52 54 55 57 58 59 60 61 66 68 74 95 96\"\n  },\n  F: {\n    \"28\": 0.0034,\n    \"36\": 0.0068,\n    \"46\": 0.0068,\n    \"65\": 0.0034,\n    \"77\": 0.3368,\n    \"78\": 0.30278,\n    _: \"9 11 12 15 16 17 18 19 20 21 22 23 24 25 26 27 29 30 31 32 33 34 35 37 38 39 40 41 42 43 44 45 47 48 49 50 51 52 53 54 55 56 57 58 60 62 63 64 66 67 68 69 70 71 72 73 74 75 76 9.5-9.6 10.5 10.6 11.1 11.5 11.6 12.1\",\n    \"10.0-10.1\": 0\n  },\n  G: {\n    \"8\": 0,\n    \"3.2\": 0,\n    \"4.0-4.1\": 0,\n    \"4.2-4.3\": 0,\n    \"5.0-5.1\": 0.02465,\n    \"6.0-6.1\": 0,\n    \"7.0-7.1\": 0.04794,\n    \"8.1-8.4\": 0.00822,\n    \"9.0-9.2\": 0.01233,\n    \"9.3\": 0.06164,\n    \"10.0-10.2\": 0.00411,\n    \"10.3\": 0.06164,\n    \"11.0-11.2\": 0.08629,\n    \"11.3-11.4\": 0.03287,\n    \"12.0-12.1\": 0.05068,\n    \"12.2-12.4\": 0.14793,\n    \"13.0-13.1\": 0.02739,\n    \"13.2\": 0.02055,\n    \"13.3\": 0.12875,\n    \"13.4-13.7\": 0.4027,\n    \"14.0-14.4\": 1.68887,\n    \"14.5-14.7\": 10.30168\n  },\n  E: {\n    \"4\": 0,\n    \"12\": 0.0068,\n    \"13\": 0.02722,\n    \"14\": 0.50009,\n    \"15\": 0.0068,\n    _: \"0 5 6 7 8 9 10 11 3.1 3.2 6.1 7.1 9.1\",\n    \"5.1\": 0.02722,\n    \"10.1\": 0.0068,\n    \"11.1\": 0.01361,\n    \"12.1\": 0.04082,\n    \"13.1\": 0.19051,\n    \"14.1\": 1.28936\n  },\n  B: {\n    \"12\": 0.0034,\n    \"15\": 0.02381,\n    \"16\": 0.0068,\n    \"17\": 0.0068,\n    \"18\": 0.09185,\n    \"84\": 0.0068,\n    \"85\": 0.0034,\n    \"89\": 0.02381,\n    \"90\": 0.01021,\n    \"91\": 0.06804,\n    \"92\": 2.30656,\n    _: \"13 14 79 80 81 83 86 87 88 93\"\n  },\n  P: {\n    \"4\": 0.32605,\n    \"5.0-5.4\": 0.06114,\n    \"6.2-6.4\": 0.02137,\n    \"7.2-7.4\": 0.19359,\n    \"8.2\": 0.10189,\n    \"9.2\": 0.08151,\n    \"10.1\": 0.03057,\n    \"11.1-11.2\": 0.23435,\n    \"12.0\": 0.10189,\n    \"13.0\": 0.37699,\n    \"14.0\": 3.20954\n  },\n  I: {\n    \"0\": 0,\n    \"3\": 0,\n    \"4\": 0,\n    \"2.1\": 0,\n    \"2.2\": 0,\n    \"2.3\": 0,\n    \"4.1\": 0.00208,\n    \"4.2-4.3\": 0.01454,\n    \"4.4\": 0,\n    \"4.4.3-4.4.4\": 0.11532\n  },\n  K: {\n    _: \"0 10 11 12 11.1 11.5 12.1\"\n  },\n  A: {\n    \"8\": 0.00697,\n    \"11\": 2.53432,\n    _: \"6 7 9 10 5.5\"\n  },\n  J: {\n    \"7\": 0,\n    \"10\": 0\n  },\n  N: {\n    \"11\": 0.02439,\n    _: \"10\"\n  },\n  R: {\n    _: \"0\"\n  },\n  M: {\n    \"0\": 0.09896\n  },\n  Q: {\n    \"10.4\": 0.0066\n  },\n  O: {\n    \"0\": 1.16107\n  },\n  H: {\n    \"0\": 0.76196\n  },\n  L: {\n    \"0\": 46.87564\n  },\n  S: {\n    \"2.5\": 0\n  }\n};","map":{"version":3,"sources":["C:/xampp/public_html/vamo/interface2/node_modules/caniuse-lite/data/regions/OM.js"],"names":["module","exports","C","_","D","F","G","E","B","P","I","K","A","J","N","R","M","Q","O","H","L","S"],"mappings":"AAAAA,MAAM,CAACC,OAAP,GAAe;AAACC,EAAAA,CAAC,EAAC;AAAC,UAAK,OAAN;AAAc,UAAK,OAAnB;AAA2B,UAAK,MAAhC;AAAuC,UAAK,OAA5C;AAAoD,UAAK,OAAzD;AAAiE,UAAK,OAAtE;AAA8E,UAAK,OAAnF;AAA2F,UAAK,OAAhG;AAAwGC,IAAAA,CAAC,EAAC;AAA1G,GAAH;AAA4WC,EAAAA,CAAC,EAAC;AAAC,UAAK,MAAN;AAAa,UAAK,OAAlB;AAA0B,UAAK,MAA/B;AAAsC,UAAK,OAA3C;AAAmD,UAAK,OAAxD;AAAgE,UAAK,OAArE;AAA6E,UAAK,MAAlF;AAAyF,UAAK,MAA9F;AAAqG,UAAK,MAA1G;AAAiH,UAAK,OAAtH;AAA8H,UAAK,MAAnI;AAA0I,UAAK,MAA/I;AAAsJ,UAAK,MAA3J;AAAkK,UAAK,MAAvK;AAA8K,UAAK,MAAnL;AAA0L,UAAK,MAA/L;AAAsM,UAAK,MAA3M;AAAkN,UAAK,MAAvN;AAA8N,UAAK,MAAnO;AAA0O,UAAK,MAA/O;AAAsP,UAAK,OAA3P;AAAmQ,UAAK,MAAxQ;AAA+Q,UAAK,OAApR;AAA4R,UAAK,OAAjS;AAAyS,UAAK,OAA9S;AAAsT,UAAK,OAA3T;AAAmU,UAAK,OAAxU;AAAgV,UAAK,OAArV;AAA6V,UAAK,OAAlW;AAA0W,UAAK,OAA/W;AAAuX,UAAK,OAA5X;AAAoY,UAAK,OAAzY;AAAiZ,UAAK,OAAtZ;AAA8Z,UAAK,OAAna;AAA2a,UAAK,OAAhb;AAAwb,UAAK,QAA7b;AAAsc,UAAK,OAA3c;AAAmd,UAAK,OAAxd;AAAgeD,IAAAA,CAAC,EAAC;AAAle,GAA9W;AAA++BE,EAAAA,CAAC,EAAC;AAAC,UAAK,MAAN;AAAa,UAAK,MAAlB;AAAyB,UAAK,MAA9B;AAAqC,UAAK,MAA1C;AAAiD,UAAK,MAAtD;AAA6D,UAAK,OAAlE;AAA0EF,IAAAA,CAAC,EAAC,uNAA5E;AAAoS,iBAAY;AAAhT,GAAj/B;AAAoyCG,EAAAA,CAAC,EAAC;AAAC,SAAI,CAAL;AAAO,WAAM,CAAb;AAAe,eAAU,CAAzB;AAA2B,eAAU,CAArC;AAAuC,eAAU,OAAjD;AAAyD,eAAU,CAAnE;AAAqE,eAAU,OAA/E;AAAuF,eAAU,OAAjG;AAAyG,eAAU,OAAnH;AAA2H,WAAM,OAAjI;AAAyI,iBAAY,OAArJ;AAA6J,YAAO,OAApK;AAA4K,iBAAY,OAAxL;AAAgM,iBAAY,OAA5M;AAAoN,iBAAY,OAAhO;AAAwO,iBAAY,OAApP;AAA4P,iBAAY,OAAxQ;AAAgR,YAAO,OAAvR;AAA+R,YAAO,OAAtS;AAA8S,iBAAY,MAA1T;AAAiU,iBAAY,OAA7U;AAAqV,iBAAY;AAAjW,GAAtyC;AAAipDC,EAAAA,CAAC,EAAC;AAAC,SAAI,CAAL;AAAO,UAAK,MAAZ;AAAmB,UAAK,OAAxB;AAAgC,UAAK,OAArC;AAA6C,UAAK,MAAlD;AAAyDJ,IAAAA,CAAC,EAAC,uCAA3D;AAAmG,WAAM,OAAzG;AAAiH,YAAO,MAAxH;AAA+H,YAAO,OAAtI;AAA8I,YAAO,OAArJ;AAA6J,YAAO,OAApK;AAA4K,YAAO;AAAnL,GAAnpD;AAA+0DK,EAAAA,CAAC,EAAC;AAAC,UAAK,MAAN;AAAa,UAAK,OAAlB;AAA0B,UAAK,MAA/B;AAAsC,UAAK,MAA3C;AAAkD,UAAK,OAAvD;AAA+D,UAAK,MAApE;AAA2E,UAAK,MAAhF;AAAuF,UAAK,OAA5F;AAAoG,UAAK,OAAzG;AAAiH,UAAK,OAAtH;AAA8H,UAAK,OAAnI;AAA2IL,IAAAA,CAAC,EAAC;AAA7I,GAAj1D;AAA+/DM,EAAAA,CAAC,EAAC;AAAC,SAAI,OAAL;AAAa,eAAU,OAAvB;AAA+B,eAAU,OAAzC;AAAiD,eAAU,OAA3D;AAAmE,WAAM,OAAzE;AAAiF,WAAM,OAAvF;AAA+F,YAAO,OAAtG;AAA8G,iBAAY,OAA1H;AAAkI,YAAO,OAAzI;AAAiJ,YAAO,OAAxJ;AAAgK,YAAO;AAAvK,GAAjgE;AAAirEC,EAAAA,CAAC,EAAC;AAAC,SAAI,CAAL;AAAO,SAAI,CAAX;AAAa,SAAI,CAAjB;AAAmB,WAAM,CAAzB;AAA2B,WAAM,CAAjC;AAAmC,WAAM,CAAzC;AAA2C,WAAM,OAAjD;AAAyD,eAAU,OAAnE;AAA2E,WAAM,CAAjF;AAAmF,mBAAc;AAAjG,GAAnrE;AAA6xEC,EAAAA,CAAC,EAAC;AAACR,IAAAA,CAAC,EAAC;AAAH,GAA/xE;AAA+zES,EAAAA,CAAC,EAAC;AAAC,SAAI,OAAL;AAAa,UAAK,OAAlB;AAA0BT,IAAAA,CAAC,EAAC;AAA5B,GAAj0E;AAA62EU,EAAAA,CAAC,EAAC;AAAC,SAAI,CAAL;AAAO,UAAK;AAAZ,GAA/2E;AAA83EC,EAAAA,CAAC,EAAC;AAAC,UAAK,OAAN;AAAcX,IAAAA,CAAC,EAAC;AAAhB,GAAh4E;AAAs5EY,EAAAA,CAAC,EAAC;AAACZ,IAAAA,CAAC,EAAC;AAAH,GAAx5E;AAAg6Ea,EAAAA,CAAC,EAAC;AAAC,SAAI;AAAL,GAAl6E;AAAg7EC,EAAAA,CAAC,EAAC;AAAC,YAAO;AAAR,GAAl7E;AAAk8EC,EAAAA,CAAC,EAAC;AAAC,SAAI;AAAL,GAAp8E;AAAk9EC,EAAAA,CAAC,EAAC;AAAC,SAAI;AAAL,GAAp9E;AAAk+EC,EAAAA,CAAC,EAAC;AAAC,SAAI;AAAL,GAAp+E;AAAm/EC,EAAAA,CAAC,EAAC;AAAC,WAAM;AAAP;AAAr/E,CAAf",