{"ast":null,"code":"module.exports = {\n  C: {\n    \"2\": 0,\n    \"3\": 0.01121,\n    \"4\": 0,\n    \"5\": 0,\n    \"6\": 0,\n    \"7\": 0,\n    \"8\": 0,\n    \"9\": 0,\n    \"10\": 0,\n    \"11\": 0,\n    \"12\": 0,\n    \"13\": 0,\n    \"14\": 0,\n    \"15\": 0,\n    \"16\": 0,\n    \"17\": 0,\n    \"18\": 0,\n    \"19\": 0,\n    \"20\": 0,\n    \"21\": 0,\n    \"22\": 0,\n    \"23\": 0,\n    \"24\": 0,\n    \"25\": 0,\n    \"26\": 0,\n    \"27\": 0,\n    \"28\": 0,\n    \"29\": 0,\n    \"30\": 0,\n    \"31\": 0,\n    \"32\": 0,\n    \"33\": 0,\n    \"34\": 0,\n    \"35\": 0.01121,\n    \"36\": 0.00561,\n    \"37\": 0,\n    \"38\": 0,\n    \"39\": 0,\n    \"40\": 0,\n    \"41\": 0,\n    \"42\": 0,\n    \"43\": 0,\n    \"44\": 0,\n    \"45\": 0,\n    \"46\": 0,\n    \"47\": 0,\n    \"48\": 0.00561,\n    \"49\": 0,\n    \"50\": 0,\n    \"51\": 0,\n    \"52\": 0.03364,\n    \"53\": 0,\n    \"54\": 0,\n    \"55\": 0,\n    \"56\": 0,\n    \"57\": 0,\n    \"58\": 0,\n    \"59\": 0,\n    \"60\": 0.00561,\n    \"61\": 0,\n    \"62\": 0,\n    \"63\": 0,\n    \"64\": 0,\n    \"65\": 0,\n    \"66\": 0,\n    \"67\": 0,\n    \"68\": 0.01121,\n    \"69\": 0,\n    \"70\": 0,\n    \"71\": 0,\n    \"72\": 0.00561,\n    \"73\": 0,\n    \"74\": 0,\n    \"75\": 0,\n    \"76\": 0,\n    \"77\": 0,\n    \"78\": 0.06167,\n    \"79\": 0,\n    \"80\": 0,\n    \"81\": 0,\n    \"82\": 0,\n    \"83\": 0.00561,\n    \"84\": 0.00561,\n    \"85\": 0.00561,\n    \"86\": 0.00561,\n    \"87\": 0.01121,\n    \"88\": 0.01682,\n    \"89\": 0.05045,\n    \"90\": 0.78484,\n    \"91\": 1.09878,\n    \"92\": 0.02242,\n    \"93\": 0,\n    \"3.5\": 0,\n    \"3.6\": 0\n  },\n  D: {\n    \"4\": 0,\n    \"5\": 0,\n    \"6\": 0,\n    \"7\": 0,\n    \"8\": 0,\n    \"9\": 0,\n    \"10\": 0,\n    \"11\": 0,\n    \"12\": 0,\n    \"13\": 0,\n    \"14\": 0,\n    \"15\": 0,\n    \"16\": 0,\n    \"17\": 0,\n    \"18\": 0,\n    \"19\": 0,\n    \"20\": 0,\n    \"21\": 0,\n    \"22\": 0,\n    \"23\": 0.02242,\n    \"24\": 0,\n    \"25\": 0,\n    \"26\": 0,\n    \"27\": 0,\n    \"28\": 0,\n    \"29\": 0,\n    \"30\": 0,\n    \"31\": 0,\n    \"32\": 0,\n    \"33\": 0,\n    \"34\": 0,\n    \"35\": 0,\n    \"36\": 0,\n    \"37\": 0,\n    \"38\": 0.01121,\n    \"39\": 0,\n    \"40\": 0,\n    \"41\": 0,\n    \"42\": 0,\n    \"43\": 0.4653,\n    \"44\": 0,\n    \"45\": 0,\n    \"46\": 0,\n    \"47\": 0.00561,\n    \"48\": 0,\n    \"49\": 0.16257,\n    \"50\": 0,\n    \"51\": 0,\n    \"52\": 0,\n    \"53\": 0.01121,\n    \"54\": 0,\n    \"55\": 0,\n    \"56\": 0,\n    \"57\": 0,\n    \"58\": 0,\n    \"59\": 0,\n    \"60\": 0,\n    \"61\": 0.06167,\n    \"62\": 0.01121,\n    \"63\": 0.01682,\n    \"64\": 0,\n    \"65\": 0.01121,\n    \"66\": 0,\n    \"67\": 0.01121,\n    \"68\": 0.00561,\n    \"69\": 0.00561,\n    \"70\": 0.00561,\n    \"71\": 0.01121,\n    \"72\": 0.00561,\n    \"73\": 0.00561,\n    \"74\": 0.01121,\n    \"75\": 0.03364,\n    \"76\": 0.01121,\n    \"77\": 0.00561,\n    \"78\": 0.00561,\n    \"79\": 0.06727,\n    \"80\": 0.02242,\n    \"81\": 0.02803,\n    \"83\": 0.01682,\n    \"84\": 0.02242,\n    \"85\": 0.03364,\n    \"86\": 0.03364,\n    \"87\": 0.11212,\n    \"88\": 0.05045,\n    \"89\": 0.08409,\n    \"90\": 0.12894,\n    \"91\": 0.7456,\n    \"92\": 19.06601,\n    \"93\": 0.02242,\n    \"94\": 0.00561,\n    \"95\": 0,\n    \"96\": 0\n  },\n  F: {\n    \"9\": 0,\n    \"11\": 0,\n    \"12\": 0,\n    \"15\": 0,\n    \"16\": 0,\n    \"17\": 0,\n    \"18\": 0,\n    \"19\": 0,\n    \"20\": 0,\n    \"21\": 0,\n    \"22\": 0,\n    \"23\": 0,\n    \"24\": 0,\n    \"25\": 0,\n    \"26\": 0,\n    \"27\": 0,\n    \"28\": 0,\n    \"29\": 0,\n    \"30\": 0,\n    \"31\": 0,\n    \"32\": 0,\n    \"33\": 0,\n    \"34\": 0,\n    \"35\": 0,\n    \"36\": 0.00561,\n    \"37\": 0,\n    \"38\": 0,\n    \"39\": 0,\n    \"40\": 0.00561,\n    \"41\": 0,\n    \"42\": 0,\n    \"43\": 0,\n    \"44\": 0,\n    \"45\": 0,\n    \"46\": 0,\n    \"47\": 0,\n    \"48\": 0,\n    \"49\": 0,\n    \"50\": 0,\n    \"51\": 0,\n    \"52\": 0,\n    \"53\": 0,\n    \"54\": 0,\n    \"55\": 0,\n    \"56\": 0,\n    \"57\": 0,\n    \"58\": 0.01121,\n    \"60\": 0,\n    \"62\": 0,\n    \"63\": 0,\n    \"64\": 0,\n    \"65\": 0.00561,\n    \"66\": 0,\n    \"67\": 0,\n    \"68\": 0,\n    \"69\": 0,\n    \"70\": 0,\n    \"71\": 0,\n    \"72\": 0,\n    \"73\": 0,\n    \"74\": 0,\n    \"75\": 0,\n    \"76\": 0,\n    \"77\": 0.66711,\n    \"78\": 0.53818,\n    \"9.5-9.6\": 0,\n    \"10.0-10.1\": 0,\n    \"10.5\": 0,\n    \"10.6\": 0,\n    \"11.1\": 0,\n    \"11.5\": 0,\n    \"11.6\": 0,\n    \"12.1\": 0\n  },\n  G: {\n    \"8\": 0.00171,\n    \"3.2\": 0,\n    \"4.0-4.1\": 0,\n    \"4.2-4.3\": 0,\n    \"5.0-5.1\": 0.00514,\n    \"6.0-6.1\": 0.00343,\n    \"7.0-7.1\": 0.00857,\n    \"8.1-8.4\": 0.18681,\n    \"9.0-9.2\": 0.00514,\n    \"9.3\": 0.17138,\n    \"10.0-10.2\": 0.00514,\n    \"10.3\": 0.19366,\n    \"11.0-11.2\": 0.06684,\n    \"11.3-11.4\": 0.0497,\n    \"12.0-12.1\": 0.03428,\n    \"12.2-12.4\": 0.13196,\n    \"13.0-13.1\": 0.0497,\n    \"13.2\": 0.01028,\n    \"13.3\": 0.11825,\n    \"13.4-13.7\": 0.37361,\n    \"14.0-14.4\": 1.66755,\n    \"14.5-14.7\": 13.18962\n  },\n  E: {\n    \"4\": 0,\n    \"5\": 0,\n    \"6\": 0,\n    \"7\": 0,\n    \"8\": 0,\n    \"9\": 0,\n    \"10\": 0,\n    \"11\": 0,\n    \"12\": 0.00561,\n    \"13\": 0.03364,\n    \"14\": 0.27469,\n    \"15\": 0.01682,\n    _: \"0\",\n    \"3.1\": 0,\n    \"3.2\": 0,\n    \"5.1\": 0,\n    \"6.1\": 0,\n    \"7.1\": 0,\n    \"9.1\": 0,\n    \"10.1\": 0.01682,\n    \"11.1\": 0.03924,\n    \"12.1\": 0.03924,\n    \"13.1\": 0.17379,\n    \"14.1\": 1.24453\n  },\n  B: {\n    \"12\": 0,\n    \"13\": 0,\n    \"14\": 0.00561,\n    \"15\": 0.00561,\n    \"16\": 0,\n    \"17\": 0.00561,\n    \"18\": 0.02803,\n    \"79\": 0,\n    \"80\": 0,\n    \"81\": 0,\n    \"83\": 0,\n    \"84\": 0.00561,\n    \"85\": 0.00561,\n    \"86\": 0.00561,\n    \"87\": 0.00561,\n    \"88\": 0.00561,\n    \"89\": 0.01682,\n    \"90\": 0.01682,\n    \"91\": 0.08409,\n    \"92\": 2.77497,\n    \"93\": 0.00561\n  },\n  P: {\n    \"4\": 0.14684,\n    \"5.0-5.4\": 0,\n    \"6.2-6.4\": 0,\n    \"7.2-7.4\": 0.01049,\n    \"8.2\": 0,\n    \"9.2\": 0.01049,\n    \"10.1\": 0,\n    \"11.1-11.2\": 0.05244,\n    \"12.0\": 0.02098,\n    \"13.0\": 0.10489,\n    \"14.0\": 1.82507\n  },\n  I: {\n    \"0\": 0,\n    \"3\": 0,\n    \"4\": 0.00496,\n    \"2.1\": 0,\n    \"2.2\": 0,\n    \"2.3\": 0,\n    \"4.1\": 0.00992,\n    \"4.2-4.3\": 0.02479,\n    \"4.4\": 0,\n    \"4.4.3-4.4.4\": 0.20079\n  },\n  K: {\n    _: \"0 10 11 12 11.1 11.5 12.1\"\n  },\n  A: {\n    \"6\": 0,\n    \"7\": 0,\n    \"8\": 0.00624,\n    \"9\": 0.00624,\n    \"10\": 0,\n    \"11\": 0.37434,\n    \"5.5\": 0\n  },\n  J: {\n    \"7\": 0,\n    \"10\": 0\n  },\n  N: {\n    \"10\": 0,\n    \"11\": 0\n  },\n  R: {\n    _: \"0\"\n  },\n  M: {\n    \"0\": 0.25485\n  },\n  Q: {\n    \"10.4\": 0\n  },\n  O: {\n    \"0\": 0.26364\n  },\n  H: {\n    \"0\": 0.22464\n  },\n  L: {\n    \"0\": 48.50948\n  },\n  S: {\n    \"2.5\": 0\n  }\n};","map":{"version":3,"sources":["C:/xampp/public_html/vamo/interface2/node_modules/caniuse-lite/data/regions/PT.js"],"names":["module","exports","C","D","F","G","E","_","B","P","I","K","A","J","N","R","M","Q","O","H","L","S"],