{"ast":null,"code":"module.exports = {\n  C: {\n    \"47\": 0.01306,\n    \"52\": 0.00653,\n    \"78\": 0.21549,\n    \"80\": 0.00653,\n    \"84\": 0.11101,\n    \"85\": 0.08489,\n    \"88\": 0.00653,\n    \"89\": 0.10448,\n    \"90\": 1.88717,\n    \"91\": 1.97206,\n    _: \"2 3 4 5 6 7 8 9 10 11 12 13 14 15 16 17 18 19 20 21 22 23 24 25 26 27 28 29 30 31 32 33 34 35 36 37 38 39 40 41 42 43 44 45 46 48 49 50 51 53 54 55 56 57 58 59 60 61 62 63 64 65 66 67 68 69 70 71 72 73 74 75 76 77 79 81 82 83 86 87 92 93 3.5 3.6\"\n  },\n  D: {\n    \"49\": 0.22855,\n    \"55\": 0.01306,\n    \"65\": 0.01306,\n    \"67\": 0.01306,\n    \"70\": 0.13713,\n    \"71\": 0.03918,\n    \"72\": 0.09795,\n    \"73\": 0.03265,\n    \"74\": 0.02612,\n    \"76\": 0.03918,\n    \"77\": 0.20896,\n    \"78\": 0.02612,\n    \"79\": 0.03265,\n    \"80\": 0.01959,\n    \"81\": 0.15019,\n    \"83\": 0.00653,\n    \"84\": 0.01306,\n    \"85\": 0.05877,\n    \"86\": 0.0653,\n    \"87\": 0.5877,\n    \"88\": 0.20243,\n    \"89\": 0.35915,\n    \"90\": 0.40486,\n    \"91\": 7.62704,\n    \"92\": 24.99684,\n    _: \"4 5 6 7 8 9 10 11 12 13 14 15 16 17 18 19 20 21 22 23 24 25 26 27 28 29 30 31 32 33 34 35 36 37 38 39 40 41 42 43 44 45 46 47 48 50 51 52 53 54 56 57 58 59 60 61 62 63 64 66 68 69 75 93 94 95 96\"\n  },\n  F: {\n    \"71\": 0.00653,\n    \"77\": 0.40486,\n    \"78\": 0.43751,\n    _: \"9 11 12 15 16 17 18 19 20 21 22 23 24 25 26 27 28 29 30 31 32 33 34 35 36 37 38 39 40 41 42 43 44 45 46 47 48 49 50 51 52 53 54 55 56 57 58 60 62 63 64 65 66 67 68 69 70 72 73 74 75 76 9.5-9.6 10.5 10.6 11.1 11.5 11.6 12.1\",\n    \"10.0-10.1\": 0\n  },\n  G: {\n    \"8\": 0,\n    \"3.2\": 0,\n    \"4.0-4.1\": 0,\n    \"4.2-4.3\": 0,\n    \"5.0-5.1\": 0.01751,\n    \"6.0-6.1\": 0,\n    \"7.0-7.1\": 0.00656,\n    \"8.1-8.4\": 0.00438,\n    \"9.0-9.2\": 0,\n    \"9.3\": 0.13786,\n    \"10.0-10.2\": 0.00438,\n    \"10.3\": 0.09628,\n    \"11.0-11.2\": 0.01969,\n    \"11.3-11.4\": 0.03501,\n    \"12.0-12.1\": 0.04377,\n    \"12.2-12.4\": 0.27134,\n    \"13.0-13.1\": 0.04158,\n    \"13.2\": 0.00219,\n    \"13.3\": 0.06346,\n    \"13.4-13.7\": 1.44207,\n    \"14.0-14.4\": 2.50119,\n    \"14.5-14.7\": 16.66364\n  },\n  E: {\n    \"4\": 0,\n    \"12\": 0.09795,\n    \"13\": 0.04571,\n    \"14\": 1.39089,\n    \"15\": 0.02612,\n    _: \"0 5 6 7 8 9 10 11 3.1 3.2 5.1 6.1 7.1\",\n    \"9.1\": 0.01306,\n    \"10.1\": 0.03918,\n    \"11.1\": 0.16325,\n    \"12.1\": 0.17631,\n    \"13.1\": 0.64647,\n    \"14.1\": 14.6925\n  },\n  B: {\n    \"16\": 0.01306,\n    \"18\": 0.01959,\n    \"85\": 0.02612,\n    \"89\": 0.08489,\n    \"91\": 0.05224,\n    \"92\": 5.15217,\n    _: \"12 13 14 15 17 79 80 81 83 84 86 87 88 90 93\"\n  },\n  P: {\n    \"4\": 0.13885,\n    \"5.0-5.4\": 0.06114,\n    \"6.2-6.4\": 0.02038,\n    \"7.2-7.4\": 0.02102,\n    \"8.2\": 0.01026,\n    \"9.2\": 0.03153,\n    \"10.1\": 0.04105,\n    \"11.1-11.2\": 0.09613,\n    \"12.0\": 0.29907,\n    \"13.0\": 0.10512,\n    \"14.0\": 1.45263\n  },\n  I: {\n    \"0\": 0,\n    \"3\": 0,\n    \"4\": 0,\n    \"2.1\": 0,\n    \"2.2\": 0,\n    \"2.3\": 0,\n    \"4.1\": 0,\n    \"4.2-4.3\": 0,\n    \"4.4\": 0,\n    \"4.4.3-4.4.4\": 0\n  },\n  K: {\n    _: \"0 10 11 12 11.1 11.5 12.1\"\n  },\n  A: {\n    \"9\": 0.00657,\n    \"11\": 0.95987,\n    _: \"6 7 8 10 5.5\"\n  },\n  J: {\n    \"7\": 0,\n    \"10\": 0\n  },\n  N: {\n    \"11\": 0.02439,\n    _: \"10\"\n  },\n  R: {\n    _: \"0\"\n  },\n  M: {\n    \"0\": 0.09022\n  },\n  Q: {\n    \"10.4\": 0\n  },\n  O: {\n    \"0\": 0.00694\n  },\n  H: {\n    \"0\": 0.10841\n  },\n  L: {\n    \"0\": 11.30009\n  },\n  S: {\n    \"2.5\": 0\n  }\n};","map":{"version":3,"sources":["C:/xampp/public_html/vamo/interface2/node_modules/caniuse-lite/data/regions/MC.js"],"names":["module","exports","C","_","D","F","G","E","B","P","I","K","A","J","N","R","M","Q","O","H","L","S"],"mappings":"AAAAA,MAAM,CAACC,OAAP,GAAe;AAACC,EAAAA,CAAC,EAAC;AAAC,UAAK,OAAN;AAAc,UAAK,OAAnB;AAA2B,UAAK,OAAhC;AAAwC,UAAK,OAA7C;AAAqD,UAAK,OAA1D;AAAkE,UAAK,OAAvE;AAA+E,UAAK,OAApF;AAA4F,UAAK,OAAjG;AAAyG,UAAK,OAA9G;AAAsH,UAAK,OAA3H;AAAmIC,IAAAA,CAAC,EAAC;AAArI,GAAH;AAAiYC,EAAAA,CAAC,EAAC;AAAC,UAAK,OAAN;AAAc,UAAK,OAAnB;AAA2B,UAAK,OAAhC;AAAwC,UAAK,OAA7C;AAAqD,UAAK,OAA1D;AAAkE,UAAK,OAAvE;AAA+E,UAAK,OAApF;AAA4F,UAAK,OAAjG;AAAyG,UAAK,OAA9G;AAAsH,UAAK,OAA3H;AAAmI,UAAK,OAAxI;AAAgJ,UAAK,OAArJ;AAA6J,UAAK,OAAlK;AAA0K,UAAK,OAA/K;AAAuL,UAAK,OAA5L;AAAoM,UAAK,OAAzM;AAAiN,UAAK,OAAtN;AAA8N,UAAK,OAAnO;AAA2O,UAAK,MAAhP;AAAuP,UAAK,MAA5P;AAAmQ,UAAK,OAAxQ;AAAgR,UAAK,OAArR;AAA6R,UAAK,OAAlS;AAA0S,UAAK,OAA/S;AAAuT,UAAK,QAA5T;AAAqUD,IAAAA,CAAC,EAAC;AAAvU,GAAnY;AAAg5BE,EAAAA,CAAC,EAAC;AAAC,UAAK,OAAN;AAAc,UAAK,OAAnB;AAA2B,UAAK,OAAhC;AAAwCF,IAAAA,CAAC,EAAC,gOAA1C;AAA2Q,iBAAY;AAAvR,GAAl5B;AAA4qCG,EAAAA,CAAC,EAAC;AAAC,SAAI,CAAL;AAAO,WAAM,CAAb;AAAe,eAAU,CAAzB;AAA2B,eAAU,CAArC;AAAuC,eAAU,OAAjD;AAAyD,eAAU,CAAnE;AAAqE,eAAU,OAA/E;AAAuF,eAAU,OAAjG;AAAyG,eAAU,CAAnH;AAAqH,WAAM,OAA3H;AAAmI,iBAAY,OAA/I;AAAuJ,YAAO,OAA9J;AAAsK,iBAAY,OAAlL;AAA0L,iBAAY,OAAtM;AAA8M,iBAAY,OAA1N;AAAkO,iBAAY,OAA9O;AAAsP,iBAAY,OAAlQ;AAA0Q,YAAO,OAAjR;AAAyR,YAAO,OAAhS;AAAwS,iBAAY,OAApT;AAA4T,iBAAY,OAAxU;AAAgV,iBAAY;AAA5V,GAA9qC;AAAohDC,EAAAA,CAAC,EAAC;AAAC,SAAI,CAAL;AAAO,UAAK,OAAZ;AAAoB,UAAK,OAAzB;AAAiC,UAAK,OAAtC;AAA8C,UAAK,OAAnD;AAA2DJ,IAAAA,CAAC,EAAC,uCAA7D;AAAqG,WAAM,OAA3G;AAAmH,YAAO,OAA1H;AAAkI,YAAO,OAAzI;AAAiJ,YAAO,OAAxJ;AAAgK,YAAO,OAAvK;AAA+K,YAAO;AAAtL,GAAthD;AAAqtDK,EAAAA,CAAC,EAAC;AAAC,UAAK,OAAN;AAAc,UAAK,OAAnB;AAA2B,UAAK,OAAhC;AAAwC,UAAK,OAA7C;AAAqD,UAAK,OAA1D;AAAkE,UAAK,OAAvE;AAA+EL,IAAAA,CAAC,EAAC;AAAjF,GAAvtD;AAAw1DM,EAAAA,CAAC,EAAC;AAAC,SAAI,OAAL;AAAa,eAAU,OAAvB;AAA+B,eAAU,OAAzC;AAAiD,eAAU,OAA3D;AAAmE,WAAM,OAAzE;AAAiF,WAAM,OAAvF;AAA+F,YAAO,OAAtG;AAA8G,iBAAY,OAA1H;AAAkI,YAAO,OAAzI;AAAiJ,YAAO,OAAxJ;AAAgK,YAAO;AAAvK,GAA11D;AAA0gEC,EAAAA,CAAC,EAAC;AAAC,SAAI,CAAL;AAAO,SAAI,CAAX;AAAa,SAAI,CAAjB;AAAmB,WAAM,CAAzB;AAA2B,WAAM,CAAjC;AAAmC,WAAM,CAAzC;AAA2C,WAAM,CAAjD;AAAmD,eAAU,CAA7D;AAA+D,WAAM,CAArE;AAAuE,mBAAc;AAArF,GAA5gE;AAAomEC,EAAAA,CAAC,EAAC;AAACR,IAAAA,CAAC,EAAC;AAAH,GAAtmE;AAAsoES,EAAAA,CAAC,EAAC;AAAC,SAAI,OAAL;AAAa,UAAK,OAAlB;AAA0BT,IAAAA,CAAC,EAAC;AAA5B,GAAxoE;AAAorEU,EAAAA,CAAC,EAAC;AAAC,SAAI,CAAL;AAAO,UAAK;AAAZ,GAAtrE;AAAqsEC,EAAAA,CAAC,EAAC;AAAC,UAAK,OAAN;AAAcX,IAAAA,CAAC,EAAC;AAAhB,GAAvsE;AAA6tEY,EAAAA,CAAC,EAAC;AAACZ,IAAAA,CAAC,EAAC;AAAH,GAA/tE;AAAuuEa,EAAAA,CAAC,EAAC;AAAC,SAAI;AAAL,GAAzuE;AAAuvEC,EAAAA,CAAC,EAAC;AAAC,YAAO;AAAR,GAAzvE;AAAowEC,EAAAA,CAAC,EAAC;AAAC,SAAI;AAAL,GAAtwE;AAAoxEC,EAAAA,CAAC,EAAC;AAAC,SAAI;AAAL,GAAtxE;AAAoyEC,EAAAA,CAAC,EAAC;AAAC,SAAI;AAAL,GAAtyE;AAAqzEC,EAAAA,CAAC,EAAC;AAAC,WAAM;AAAP;AAAvzE,CAAf",