{"ast":null,"code":"module.exports = {\n  C: {\n    \"52\": 0.00419,\n    \"60\": 0.00419,\n    \"78\": 0.02511,\n    \"80\": 0.00837,\n    \"84\": 0.06696,\n    \"87\": 0.02093,\n    \"88\": 0.03348,\n    \"89\": 0.07533,\n    \"90\": 0.76167,\n    \"91\": 0.88722,\n    _: \"2 3 4 5 6 7 8 9 10 11 12 13 14 15 16 17 18 19 20 21 22 23 24 25 26 27 28 29 30 31 32 33 34 35 36 37 38 39 40 41 42 43 44 45 46 47 48 49 50 51 53 54 55 56 57 58 59 61 62 63 64 65 66 67 68 69 70 71 72 73 74 75 76 77 79 81 82 83 85 86 92 93 3.5 3.6\"\n  },\n  D: {\n    \"39\": 0.00419,\n    \"47\": 0.00419,\n    \"49\": 0.10044,\n    \"53\": 0.01256,\n    \"64\": 0.00419,\n    \"65\": 0.00419,\n    \"67\": 0.04185,\n    \"68\": 0.01674,\n    \"69\": 0.00419,\n    \"73\": 0.00837,\n    \"74\": 0.01256,\n    \"75\": 0.09626,\n    \"76\": 0.02093,\n    \"77\": 0.05441,\n    \"79\": 0.45198,\n    \"80\": 0.01256,\n    \"81\": 0.00837,\n    \"83\": 0.00837,\n    \"84\": 0.11718,\n    \"85\": 0.03767,\n    \"86\": 0.04604,\n    \"87\": 0.13392,\n    \"88\": 0.05441,\n    \"89\": 0.07115,\n    \"90\": 0.12974,\n    \"91\": 1.38942,\n    \"92\": 21.51509,\n    \"93\": 0.02093,\n    \"94\": 0.00837,\n    _: \"4 5 6 7 8 9 10 11 12 13 14 15 16 17 18 19 20 21 22 23 24 25 26 27 28 29 30 31 32 33 34 35 36 37 38 40 41 42 43 44 45 46 48 50 51 52 54 55 56 57 58 59 60 61 62 63 66 70 71 72 78 95 96\"\n  },\n  F: {\n    \"46\": 0.00419,\n    \"77\": 0.18833,\n    \"78\": 0.25947,\n    _: \"9 11 12 15 16 17 18 19 20 21 22 23 24 25 26 27 28 29 30 31 32 33 34 35 36 37 38 39 40 41 42 43 44 45 47 48 49 50 51 52 53 54 55 56 57 58 60 62 63 64 65 66 67 68 69 70 71 72 73 74 75 76 9.5-9.6 10.5 10.6 11.1 11.5 11.6 12.1\",\n    \"10.0-10.1\": 0\n  },\n  G: {\n    \"8\": 0,\n    \"3.2\": 0,\n    \"4.0-4.1\": 0,\n    \"4.2-4.3\": 0,\n    \"5.0-5.1\": 0,\n    \"6.0-6.1\": 0,\n    \"7.0-7.1\": 0,\n    \"8.1-8.4\": 0.05738,\n    \"9.0-9.2\": 0.00273,\n    \"9.3\": 0.33063,\n    \"10.0-10.2\": 0.01639,\n    \"10.3\": 0.23772,\n    \"11.0-11.2\": 0.02459,\n    \"11.3-11.4\": 0.04918,\n    \"12.0-12.1\": 0.10657,\n    \"12.2-12.4\": 0.21586,\n    \"13.0-13.1\": 0.05465,\n    \"13.2\": 0.01639,\n    \"13.3\": 0.27598,\n    \"13.4-13.7\": 0.9263,\n    \"14.0-14.4\": 3.38825,\n    \"14.5-14.7\": 20.62186\n  },\n  E: {\n    \"4\": 0,\n    \"13\": 0.71982,\n    \"14\": 0.95837,\n    \"15\": 0.02511,\n    _: \"0 5 6 7 8 9 10 11 12 3.1 3.2 6.1 7.1 9.1\",\n    \"5.1\": 0.04185,\n    \"10.1\": 0.11718,\n    \"11.1\": 0.05859,\n    \"12.1\": 0.05022,\n    \"13.1\": 0.49802,\n    \"14.1\": 5.00526\n  },\n  B: {\n    \"15\": 0.00837,\n    \"16\": 0.02511,\n    \"18\": 0.19251,\n    \"80\": 0.00837,\n    \"86\": 0.00837,\n    \"88\": 0.00419,\n    \"89\": 0.01256,\n    \"90\": 0.00419,\n    \"91\": 0.06696,\n    \"92\": 4.28963,\n    _: \"12 13 14 17 79 81 83 84 85 87 93\"\n  },\n  P: {\n    \"4\": 0.46468,\n    \"5.0-5.4\": 0.01036,\n    \"6.2-6.4\": 0.01036,\n    \"7.2-7.4\": 0.02065,\n    \"8.2\": 0.01026,\n    \"9.2\": 0.05163,\n    \"10.1\": 0.01071,\n    \"11.1-11.2\": 0.30979,\n    \"12.0\": 0.09294,\n    \"13.0\": 0.1962,\n    \"14.0\": 4.34736\n  },\n  I: {\n    \"0\": 0,\n    \"3\": 0,\n    \"4\": 0,\n    \"2.1\": 0,\n    \"2.2\": 0,\n    \"2.3\": 0,\n    \"4.1\": 0.00187,\n    \"4.2-4.3\": 0.00187,\n    \"4.4\": 0,\n    \"4.4.3-4.4.4\": 0.01371\n  },\n  K: {\n    _: \"0 10 11 12 11.1 11.5 12.1\"\n  },\n  A: {\n    \"11\": 0.77423,\n    _: \"6 7 8 9 10 5.5\"\n  },\n  J: {\n    \"7\": 0,\n    \"10\": 0\n  },\n  N: {\n    \"11\": 0.02439,\n    _: \"10\"\n  },\n  R: {\n    _: \"0\"\n  },\n  M: {\n    \"0\": 0.30238\n  },\n  Q: {\n    \"10.4\": 0\n  },\n  O: {\n    \"0\": 0.05234\n  },\n  H: {\n    \"0\": 0.16516\n  },\n  L: {\n    \"0\": 26.84436\n  },\n  S: {\n    \"2.5\": 0\n  }\n};","map":{"version":3,"sources":["C:/xampp/public_html/vamo/interface2/node_modules/caniuse-lite/data/regions/GU.js"],"names":["module","exports","C","_","D","F","G","E","B","P","I","K","A","J","N","R","M","Q","O","H","L","S"],"mappings":"AAAAA,MAAM,CAACC,OAAP,GAAe;AAACC,EAAAA,CAAC,EAAC;AAAC,UAAK,OAAN;AAAc,UAAK,OAAnB;AAA2B,UAAK,OAAhC;AAAwC,UAAK,OAA7C;AAAqD,UAAK,OAA1D;AAAkE,UAAK,OAAvE;AAA+E,UAAK,OAApF;AAA4F,UAAK,OAAjG;AAAyG,UAAK,OAA9G;AAAsH,UAAK,OAA3H;AAAmIC,IAAAA,CAAC,EAAC;AAArI,GAAH;AAAiYC,EAAAA,CAAC,EAAC;AAAC,UAAK,OAAN;AAAc,UAAK,OAAnB;AAA2B,UAAK,OAAhC;AAAwC,UAAK,OAA7C;AAAqD,UAAK,OAA1D;AAAkE,UAAK,OAAvE;AAA+E,UAAK,OAApF;AAA4F,UAAK,OAAjG;AAAyG,UAAK,OAA9G;AAAsH,UAAK,OAA3H;AAAmI,UAAK,OAAxI;AAAgJ,UAAK,OAArJ;AAA6J,UAAK,OAAlK;AAA0K,UAAK,OAA/K;AAAuL,UAAK,OAA5L;AAAoM,UAAK,OAAzM;AAAiN,UAAK,OAAtN;AAA8N,UAAK,OAAnO;AAA2O,UAAK,OAAhP;AAAwP,UAAK,OAA7P;AAAqQ,UAAK,OAA1Q;AAAkR,UAAK,OAAvR;AAA+R,UAAK,OAApS;AAA4S,UAAK,OAAjT;AAAyT,UAAK,OAA9T;AAAsU,UAAK,OAA3U;AAAmV,UAAK,QAAxV;AAAiW,UAAK,OAAtW;AAA8W,UAAK,OAAnX;AAA2XD,IAAAA,CAAC,EAAC;AAA7X,GAAnY;AAA07BE,EAAAA,CAAC,EAAC;AAAC,UAAK,OAAN;AAAc,UAAK,OAAnB;AAA2B,UAAK,OAAhC;AAAwCF,IAAAA,CAAC,EAAC,gOAA1C;AAA2Q,iBAAY;AAAvR,GAA57B;AAAstCG,EAAAA,CAAC,EAAC;AAAC,SAAI,CAAL;AAAO,WAAM,CAAb;AAAe,eAAU,CAAzB;AAA2B,eAAU,CAArC;AAAuC,eAAU,CAAjD;AAAmD,eAAU,CAA7D;AAA+D,eAAU,CAAzE;AAA2E,eAAU,OAArF;AAA6F,eAAU,OAAvG;AAA+G,WAAM,OAArH;AAA6H,iBAAY,OAAzI;AAAiJ,YAAO,OAAxJ;AAAgK,iBAAY,OAA5K;AAAoL,iBAAY,OAAhM;AAAwM,iBAAY,OAApN;AAA4N,iBAAY,OAAxO;AAAgP,iBAAY,OAA5P;AAAoQ,YAAO,OAA3Q;AAAmR,YAAO,OAA1R;AAAkS,iBAAY,MAA9S;AAAqT,iBAAY,OAAjU;AAAyU,iBAAY;AAArV,GAAxtC;AAAujDC,EAAAA,CAAC,EAAC;AAAC,SAAI,CAAL;AAAO,UAAK,OAAZ;AAAoB,UAAK,OAAzB;AAAiC,UAAK,OAAtC;AAA8CJ,IAAAA,CAAC,EAAC,0CAAhD;AAA2F,WAAM,OAAjG;AAAyG,YAAO,OAAhH;AAAwH,YAAO,OAA/H;AAAuI,YAAO,OAA9I;AAAsJ,YAAO,OAA7J;AAAqK,YAAO;AAA5K,GAAzjD;AAA8uDK,EAAAA,CAAC,EAAC;AAAC,UAAK,OAAN;AAAc,UAAK,OAAnB;AAA2B,UAAK,OAAhC;AAAwC,UAAK,OAA7C;AAAqD,UAAK,OAA1D;AAAkE,UAAK,OAAvE;AAA+E,UAAK,OAApF;AAA4F,UAAK,OAAjG;AAAyG,UAAK,OAA9G;AAAsH,UAAK,OAA3H;AAAmIL,IAAAA,CAAC,EAAC;AAArI,GAAhvD;AAAy5DM,EAAAA,CAAC,EAAC;AAAC,SAAI,OAAL;AAAa,eAAU,OAAvB;AAA+B,eAAU,OAAzC;AAAiD,eAAU,OAA3D;AAAmE,WAAM,OAAzE;AAAiF,WAAM,OAAvF;AAA+F,YAAO,OAAtG;AAA8G,iBAAY,OAA1H;AAAkI,YAAO,OAAzI;AAAiJ,YAAO,MAAxJ;AAA+J,YAAO;AAAtK,GAA35D;AAA0kEC,EAAAA,CAAC,EAAC;AAAC,SAAI,CAAL;AAAO,SAAI,CAAX;AAAa,SAAI,CAAjB;AAAmB,WAAM,CAAzB;AAA2B,WAAM,CAAjC;AAAmC,WAAM,CAAzC;AAA2C,WAAM,OAAjD;AAAyD,eAAU,OAAnE;AAA2E,WAAM,CAAjF;AAAmF,mBAAc;AAAjG,GAA5kE;AAAsrEC,EAAAA,CAAC,EAAC;AAACR,IAAAA,CAAC,EAAC;AAAH,GAAxrE;AAAwtES,EAAAA,CAAC,EAAC;AAAC,UAAK,OAAN;AAAcT,IAAAA,CAAC,EAAC;AAAhB,GAA1tE;AAA4vEU,EAAAA,CAAC,EAAC;AAAC,SAAI,CAAL;AAAO,UAAK;AAAZ,GAA9vE;AAA6wEC,EAAAA,CAAC,EAAC;AAAC,UAAK,OAAN;AAAcX,IAAAA,CAAC,EAAC;AAAhB,GAA/wE;AAAqyEY,EAAAA,CAAC,EAAC;AAACZ,IAAAA,CAAC,EAAC;AAAH,GAAvyE;AAA+yEa,EAAAA,CAAC,EAAC;AAAC,SAAI;AAAL,GAAjzE;AAA+zEC,EAAAA,CAAC,EAAC;AAAC,YAAO;AAAR,GAAj0E;AAA40EC,EAAAA,CAAC,EAAC;AAAC,SAAI;AAAL,GAA90E;AAA41EC,EAAAA,CAAC,EAAC;AAAC,SAAI;AAAL,GAA91E;AAA42EC,EAAAA,CAAC,EAAC;AAAC,SAAI;AAAL,GAA92E;AAA63EC,EAAAA,CAAC,EAAC;AAAC,WAAM;AAAP;AAA/3E,CAAf",