{"ast":null,"code":"module.exports = {\n  C: {\n    \"15\": 0.02208,\n    \"21\": 0.00552,\n    \"24\": 0.01104,\n    \"34\": 0.00276,\n    \"36\": 0.00276,\n    \"43\": 0.00552,\n    \"44\": 0.0138,\n    \"45\": 0.00276,\n    \"47\": 0.00276,\n    \"48\": 0.00276,\n    \"54\": 0.00552,\n    \"66\": 0.0138,\n    \"68\": 0.00552,\n    \"72\": 0.01932,\n    \"75\": 0.00552,\n    \"78\": 0.01104,\n    \"85\": 0.0138,\n    \"86\": 0.00552,\n    \"88\": 0.0138,\n    \"89\": 0.06072,\n    \"90\": 0.51888,\n    \"91\": 0.57132,\n    \"92\": 0.02484,\n    _: \"2 3 4 5 6 7 8 9 10 11 12 13 14 16 17 18 19 20 22 23 25 26 27 28 29 30 31 32 33 35 37 38 39 40 41 42 46 49 50 51 52 53 55 56 57 58 59 60 61 62 63 64 65 67 69 70 71 73 74 76 77 79 80 81 82 83 84 87 93 3.5 3.6\"\n  },\n  D: {\n    \"29\": 0.00276,\n    \"31\": 0.00276,\n    \"35\": 0.00828,\n    \"43\": 0.02208,\n    \"45\": 0.00276,\n    \"47\": 0.00552,\n    \"49\": 0.01932,\n    \"51\": 0.00552,\n    \"55\": 0.00276,\n    \"56\": 0.00552,\n    \"57\": 0.00552,\n    \"58\": 0.00552,\n    \"63\": 0.00276,\n    \"64\": 0.06348,\n    \"65\": 0.02484,\n    \"66\": 0.0138,\n    \"69\": 0.04416,\n    \"70\": 0.00552,\n    \"71\": 0.00276,\n    \"73\": 0.01104,\n    \"74\": 0.03036,\n    \"75\": 0.0276,\n    \"76\": 0.06624,\n    \"77\": 0.01932,\n    \"78\": 0.01104,\n    \"79\": 0.03864,\n    \"80\": 0.03864,\n    \"81\": 0.03864,\n    \"83\": 0.01104,\n    \"84\": 0.0276,\n    \"85\": 0.06624,\n    \"86\": 0.02484,\n    \"87\": 0.06072,\n    \"88\": 0.14352,\n    \"89\": 0.0552,\n    \"90\": 0.19596,\n    \"91\": 0.71208,\n    \"92\": 9.82836,\n    \"93\": 0.0138,\n    \"94\": 0.00828,\n    _: \"4 5 6 7 8 9 10 11 12 13 14 15 16 17 18 19 20 21 22 23 24 25 26 27 28 30 32 33 34 36 37 38 39 40 41 42 44 46 48 50 52 53 54 59 60 61 62 67 68 72 95 96\"\n  },\n  F: {\n    \"45\": 0.00276,\n    \"53\": 0.00276,\n    \"54\": 0.00276,\n    \"63\": 0.01656,\n    \"72\": 0.01656,\n    \"73\": 0.00276,\n    \"74\": 0.00276,\n    \"77\": 0.3588,\n    \"78\": 0.18492,\n    _: \"9 11 12 15 16 17 18 19 20 21 22 23 24 25 26 27 28 29 30 31 32 33 34 35 36 37 38 39 40 41 42 43 44 46 47 48 49 50 51 52 55 56 57 58 60 62 64 65 66 67 68 69 70 71 75 76 9.5-9.6 10.5 10.6 11.1 11.5 11.6 12.1\",\n    \"10.0-10.1\": 0\n  },\n  G: {\n    \"8\": 0,\n    \"3.2\": 0,\n    \"4.0-4.1\": 0,\n    \"4.2-4.3\": 0,\n    \"5.0-5.1\": 0.00541,\n    \"6.0-6.1\": 0.0018,\n    \"7.0-7.1\": 0.11087,\n    \"8.1-8.4\": 0.00451,\n    \"9.0-9.2\": 0,\n    \"9.3\": 0.18209,\n    \"10.0-10.2\": 0.00992,\n    \"10.3\": 0.05318,\n    \"11.0-11.2\": 0.04597,\n    \"11.3-11.4\": 0.04958,\n    \"12.0-12.1\": 0.11718,\n    \"12.2-12.4\": 0.4435,\n    \"13.0-13.1\": 0.08654,\n    \"13.2\": 0.05409,\n    \"13.3\": 0.28124,\n    \"13.4-13.7\": 0.51922,\n    \"14.0-14.4\": 2.56455,\n    \"14.5-14.7\": 3.26676\n  },\n  E: {\n    \"4\": 0,\n    \"13\": 0.01656,\n    \"14\": 0.15456,\n    _: \"0 5 6 7 8 9 10 11 12 15 3.1 3.2 5.1 6.1 7.1 9.1\",\n    \"10.1\": 0.01104,\n    \"11.1\": 0.00828,\n    \"12.1\": 0.00828,\n    \"13.1\": 0.0828,\n    \"14.1\": 0.16008\n  },\n  B: {\n    \"12\": 0.06072,\n    \"13\": 0.06348,\n    \"14\": 0.02208,\n    \"15\": 0.04416,\n    \"16\": 0.03864,\n    \"17\": 0.0414,\n    \"18\": 0.13248,\n    \"80\": 0.00552,\n    \"81\": 0.00552,\n    \"84\": 0.01932,\n    \"85\": 0.01932,\n    \"86\": 0.00552,\n    \"87\": 0.00828,\n    \"88\": 0.01104,\n    \"89\": 0.02208,\n    \"90\": 0.03588,\n    \"91\": 0.20424,\n    \"92\": 2.47572,\n    _: \"79 83 93\"\n  },\n  P: {\n    \"4\": 0.26493,\n    \"5.0-5.4\": 0.06114,\n    \"6.2-6.4\": 0.02038,\n    \"7.2-7.4\": 0.12228,\n    \"8.2\": 0.03044,\n    \"9.2\": 0.09171,\n    \"10.1\": 0.09171,\n    \"11.1-11.2\": 0.22417,\n    \"12.0\": 0.01019,\n    \"13.0\": 0.1019,\n    \"14.0\": 0.84574\n  },\n  I: {\n    \"0\": 0,\n    \"3\": 0,\n    \"4\": 0.00376,\n    \"2.1\": 0,\n    \"2.2\": 0,\n    \"2.3\": 0,\n    \"4.1\": 0.00251,\n    \"4.2-4.3\": 0.00125,\n    \"4.4\": 0,\n    \"4.4.3-4.4.4\": 0.08658\n  },\n  K: {\n    _: \"0 10 11 12 11.1 11.5 12.1\"\n  },\n  A: {\n    \"10\": 0.00685,\n    \"11\": 0.39059,\n    _: \"6 7 8 9 5.5\"\n  },\n  J: {\n    \"7\": 0,\n    \"10\": 0.01448\n  },\n  N: {\n    \"11\": 0.02439,\n    _: \"10\"\n  },\n  R: {\n    _: \"0\"\n  },\n  M: {\n    \"0\": 0.07963\n  },\n  Q: {\n    \"10.4\": 0\n  },\n  O: {\n    \"0\": 1.45504\n  },\n  H: {\n    \"0\": 5.45532\n  },\n  L: {\n    \"0\": 63.99993\n  },\n  S: {\n    \"2.5\": 0.34747\n  }\n};","map":{"version":3,"sources":["C:/xampp/public_html/vamo/interface2/node_modules/caniuse-lite/data/regions/LR.js"],"names":["module","exports","C","_","D","F","G","E","B","P","I","K","A","J","N","R","M","Q","O","H","L","S"],