{"ast":null,"code":"module.exports = {\n  C: {\n    \"2\": 0,\n    \"3\": 0,\n    \"4\": 0.03935,\n    \"5\": 0,\n    \"6\": 0,\n    \"7\": 0.00394,\n    \"8\": 0,\n    \"9\": 0,\n    \"10\": 0,\n    \"11\": 0,\n    \"12\": 0,\n    \"13\": 0,\n    \"14\": 0,\n    \"15\": 0,\n    \"16\": 0,\n    \"17\": 0.00787,\n    \"18\": 0,\n    \"19\": 0,\n    \"20\": 0,\n    \"21\": 0,\n    \"22\": 0,\n    \"23\": 0,\n    \"24\": 0,\n    \"25\": 0,\n    \"26\": 0,\n    \"27\": 0,\n    \"28\": 0,\n    \"29\": 0,\n    \"30\": 0,\n    \"31\": 0,\n    \"32\": 0,\n    \"33\": 0,\n    \"34\": 0,\n    \"35\": 0,\n    \"36\": 0.00394,\n    \"37\": 0,\n    \"38\": 0,\n    \"39\": 0,\n    \"40\": 0.00394,\n    \"41\": 0.00394,\n    \"42\": 0,\n    \"43\": 0.00394,\n    \"44\": 0,\n    \"45\": 0.00394,\n    \"46\": 0,\n    \"47\": 0.00787,\n    \"48\": 0,\n    \"49\": 0,\n    \"50\": 0,\n    \"51\": 0,\n    \"52\": 0.04722,\n    \"53\": 0,\n    \"54\": 0.00787,\n    \"55\": 0,\n    \"56\": 0.01181,\n    \"57\": 0.01181,\n    \"58\": 0,\n    \"59\": 0,\n    \"60\": 0.02361,\n    \"61\": 0.00787,\n    \"62\": 0,\n    \"63\": 0,\n    \"64\": 0,\n    \"65\": 0,\n    \"66\": 0.00394,\n    \"67\": 0,\n    \"68\": 0,\n    \"69\": 0,\n    \"70\": 0.00394,\n    \"71\": 0,\n    \"72\": 0.00787,\n    \"73\": 0,\n    \"74\": 0,\n    \"75\": 0,\n    \"76\": 0,\n    \"77\": 0,\n    \"78\": 0.01968,\n    \"79\": 0,\n    \"80\": 0,\n    \"81\": 0,\n    \"82\": 0.00394,\n    \"83\": 0.00787,\n    \"84\": 0,\n    \"85\": 0.00394,\n    \"86\": 0.00394,\n    \"87\": 0,\n    \"88\": 0.02755,\n    \"89\": 0.45253,\n    \"90\": 0.68076,\n    \"91\": 1.0113,\n    \"92\": 0.01968,\n    \"93\": 0,\n    \"3.5\": 0,\n    \"3.6\": 0\n  },\n  D: {\n    \"4\": 0,\n    \"5\": 0,\n    \"6\": 0,\n    \"7\": 0,\n    \"8\": 0,\n    \"9\": 0,\n    \"10\": 0,\n    \"11\": 0,\n    \"12\": 0,\n    \"13\": 0,\n    \"14\": 0,\n    \"15\": 0,\n    \"16\": 0,\n    \"17\": 0,\n    \"18\": 0,\n    \"19\": 0,\n    \"20\": 0,\n    \"21\": 0,\n    \"22\": 0,\n    \"23\": 0.00394,\n    \"24\": 0,\n    \"25\": 0,\n    \"26\": 0.00394,\n    \"27\": 0,\n    \"28\": 0,\n    \"29\": 0,\n    \"30\": 0,\n    \"31\": 0,\n    \"32\": 0,\n    \"33\": 0,\n    \"34\": 0,\n    \"35\": 0,\n    \"36\": 0,\n    \"37\": 0,\n    \"38\": 0,\n    \"39\": 0,\n    \"40\": 0.00787,\n    \"41\": 0,\n    \"42\": 0,\n    \"43\": 0.01181,\n    \"44\": 0,\n    \"45\": 0,\n    \"46\": 0,\n    \"47\": 0.01181,\n    \"48\": 0,\n    \"49\": 0.01574,\n    \"50\": 0,\n    \"51\": 0,\n    \"52\": 0,\n    \"53\": 0,\n    \"54\": 0,\n    \"55\": 0,\n    \"56\": 0.00394,\n    \"57\": 0,\n    \"58\": 0,\n    \"59\": 0,\n    \"60\": 0.00394,\n    \"61\": 0,\n    \"62\": 0,\n    \"63\": 0.00394,\n    \"64\": 0.00394,\n    \"65\": 0.00394,\n    \"66\": 0,\n    \"67\": 0,\n    \"68\": 0.00394,\n    \"69\": 0,\n    \"70\": 0.00394,\n    \"71\": 0.01574,\n    \"72\": 0,\n    \"73\": 0.00787,\n    \"74\": 0.01181,\n    \"75\": 0.00394,\n    \"76\": 0.00394,\n    \"77\": 0,\n    \"78\": 0,\n    \"79\": 0.01181,\n    \"80\": 0.01181,\n    \"81\": 0.29119,\n    \"83\": 0.00787,\n    \"84\": 0.01181,\n    \"85\": 0.01181,\n    \"86\": 0.03148,\n    \"87\": 0.2243,\n    \"88\": 0.02755,\n    \"89\": 0.01968,\n    \"90\": 0.16134,\n    \"91\": 0.46827,\n    \"92\": 8.3422,\n    \"93\": 0.01181,\n    \"94\": 0.01574,\n    \"95\": 0,\n    \"96\": 0\n  },\n  F: {\n    \"9\": 0,\n    \"11\": 0,\n    \"12\": 0.00394,\n    \"15\": 0,\n    \"16\": 0,\n    \"17\": 0,\n    \"18\": 0,\n    \"19\": 0,\n    \"20\": 0.00787,\n    \"21\": 0.00394,\n    \"22\": 0,\n    \"23\": 0,\n    \"24\": 0.00787,\n    \"25\": 0,\n    \"26\": 0.01181,\n    \"27\": 0,\n    \"28\": 0.00787,\n    \"29\": 0.00787,\n    \"30\": 0.01574,\n    \"31\": 0.01181,\n    \"32\": 0.00394,\n    \"33\": 0.01968,\n    \"34\": 0,\n    \"35\": 0.00787,\n    \"36\": 0.00394,\n    \"37\": 0.01574,\n    \"38\": 0.00394,\n    \"39\": 0,\n    \"40\": 0,\n    \"41\": 0,\n    \"42\": 0,\n    \"43\": 0,\n    \"44\": 0,\n    \"45\": 0.01181,\n    \"46\": 0.00787,\n    \"47\": 0.03542,\n    \"48\": 0,\n    \"49\": 0,\n    \"50\": 0.01574,\n    \"51\": 0.03542,\n    \"52\": 0,\n    \"53\": 0,\n    \"54\": 0.04329,\n    \"55\": 0.08264,\n    \"56\": 0.03935,\n    \"57\": 0.10231,\n    \"58\": 0.57451,\n    \"60\": 0,\n    \"62\": 0,\n    \"63\": 0,\n    \"64\": 0,\n    \"65\": 0.03935,\n    \"66\": 0,\n    \"67\": 0,\n    \"68\": 0,\n    \"69\": 0,\n    \"70\": 0.00394,\n    \"71\": 0,\n    \"72\": 0,\n    \"73\": 0,\n    \"74\": 0.00394,\n    \"75\": 0,\n    \"76\": 0.00394,\n    \"77\": 0.27152,\n    \"78\": 0.10231,\n    \"9.5-9.6\": 0,\n    \"10.0-10.1\": 0,\n    \"10.5\": 0,\n    \"10.6\": 0,\n    \"11.1\": 0.00394,\n    \"11.5\": 0,\n    \"11.6\": 0,\n    \"12.1\": 0.01181\n  },\n  G: {\n    \"8\": 0,\n    \"3.2\": 0,\n    \"4.0-4.1\": 0,\n    \"4.2-4.3\": 0,\n    \"5.0-5.1\": 0.01726,\n    \"6.0-6.1\": 0.00108,\n    \"7.0-7.1\": 0.08305,\n    \"8.1-8.4\": 0.01348,\n    \"9.0-9.2\": 0.00108,\n    \"9.3\": 0.03344,\n    \"10.0-10.2\": 0.00108,\n    \"10.3\": 0.05501,\n    \"11.0-11.2\": 0.07604,\n    \"11.3-11.4\": 0.24107,\n    \"12.0-12.1\": 0.3279,\n    \"12.2-12.4\": 0.47782,\n    \"13.0-13.1\": 0.04368,\n    \"13.2\": 0.02966,\n    \"13.3\": 0.14993,\n    \"13.4-13.7\": 0.11865,\n    \"14.0-14.4\": 0.91035,\n    \"14.5-14.7\": 2.36539\n  },\n  E: {\n    \"4\": 0,\n    \"5\": 0,\n    \"6\": 0,\n    \"7\": 0,\n    \"8\": 0,\n    \"9\": 0,\n    \"10\": 0,\n    \"11\": 0,\n    \"12\": 0,\n    \"13\": 0.00787,\n    \"14\": 0.03935,\n    \"15\": 0.00394,\n    _: \"0\",\n    \"3.1\": 0,\n    \"3.2\": 0,\n    \"5.1\": 0.01574,\n    \"6.1\": 0,\n    \"7.1\": 0,\n    \"9.1\": 0.00394,\n    \"10.1\": 0,\n    \"11.1\": 0.00394,\n    \"12.1\": 0.00394,\n    \"13.1\": 0.02755,\n    \"14.1\": 0.11018\n  },\n  B: {\n    \"12\": 0.03542,\n    \"13\": 0.00787,\n    \"14\": 0.00787,\n    \"15\": 0.00394,\n    \"16\": 0.00394,\n    \"17\": 0.00787,\n    \"18\": 0.05116,\n    \"79\": 0,\n    \"80\": 0,\n    \"81\": 0,\n    \"83\": 0.00787,\n    \"84\": 0.00787,\n    \"85\": 0.00394,\n    \"86\": 0,\n    \"87\": 0,\n    \"88\": 0,\n    \"89\": 0.02361,\n    \"90\": 0.00787,\n    \"91\": 0.07477,\n    \"92\": 0.75159,\n    \"93\": 0\n  },\n  P: {\n    \"4\": 0.11646,\n    \"5.0-5.4\": 0.04235,\n    \"6.2-6.4\": 0.04235,\n    \"7.2-7.4\": 0.0847,\n    \"8.2\": 0,\n    \"9.2\": 0.06352,\n    \"10.1\": 0,\n    \"11.1-11.2\": 0.11646,\n    \"12.0\": 0.02117,\n    \"13.0\": 0.07411,\n    \"14.0\": 0.63523\n  },\n  I: {\n    \"0\": 0,\n    \"3\": 0,\n    \"4\": 0,\n    \"2.1\": 0,\n    \"2.2\": 0,\n    \"2.3\": 0,\n    \"4.1\": 0.00629,\n    \"4.2-4.3\": 0.01713,\n    \"4.4\": 0,\n    \"4.4.3-4.4.4\": 0.09019\n  },\n  K: {\n    _: \"0 10 11 12 11.1 11.5 12.1\"\n  },\n  A: {\n    \"6\": 0,\n    \"7\": 0,\n    \"8\": 0.00456,\n    \"9\": 0,\n    \"10\": 0.00456,\n    \"11\": 0.07746,\n    \"5.5\": 0\n  },\n  J: {\n    \"7\": 0,\n    \"10\": 0\n  },\n  N: {\n    \"10\": 0,\n    \"11\": 0.00607\n  },\n  R: {\n    _: \"0\"\n  },\n  M: {\n    \"0\": 0.1213\n  },\n  Q: {\n    \"10.4\": 0.08491\n  },\n  O: {\n    \"0\": 0.39423\n  },\n  H: {\n    \"0\": 11.94326\n  },\n  L: {\n    \"0\": 60.67319\n  },\n  S: {\n    \"2.5\": 0.02426\n  }\n};","map":{"version":3,"sources":["C:/xampp/public_html/vamo/interface2/node_modules/caniuse-lite/data/regions/BI.js"],"names":["module","exports","C","D","F","G","E","_","B","P","I","K","A","J","N","R","M","Q","O","H","L","S"],