{"ast":null,"code":"module.exports = {\n  C: {\n    \"2\": 0,\n    \"3\": 0,\n    \"4\": 0,\n    \"5\": 0,\n    \"6\": 0,\n    \"7\": 0,\n    \"8\": 0,\n    \"9\": 0,\n    \"10\": 0,\n    \"11\": 0,\n    \"12\": 0,\n    \"13\": 0,\n    \"14\": 0,\n    \"15\": 0,\n    \"16\": 0,\n    \"17\": 0,\n    \"18\": 0,\n    \"19\": 0,\n    \"20\": 0,\n    \"21\": 0,\n    \"22\": 0,\n    \"23\": 0,\n    \"24\": 0,\n    \"25\": 0,\n    \"26\": 0,\n    \"27\": 0,\n    \"28\": 0,\n    \"29\": 0,\n    \"30\": 0,\n    \"31\": 0,\n    \"32\": 0,\n    \"33\": 0,\n    \"34\": 0,\n    \"35\": 0.00418,\n    \"36\": 0.00418,\n    \"37\": 0,\n    \"38\": 0,\n    \"39\": 0,\n    \"40\": 0,\n    \"41\": 0,\n    \"42\": 0,\n    \"43\": 0,\n    \"44\": 0,\n    \"45\": 0,\n    \"46\": 0,\n    \"47\": 0,\n    \"48\": 0.00418,\n    \"49\": 0,\n    \"50\": 0,\n    \"51\": 0.00418,\n    \"52\": 0.10438,\n    \"53\": 0,\n    \"54\": 0,\n    \"55\": 0.00418,\n    \"56\": 0.00418,\n    \"57\": 0,\n    \"58\": 0,\n    \"59\": 0,\n    \"60\": 0.00835,\n    \"61\": 0,\n    \"62\": 0.00418,\n    \"63\": 0.00835,\n    \"64\": 0,\n    \"65\": 0.02505,\n    \"66\": 0.00418,\n    \"67\": 0.00418,\n    \"68\": 0.02923,\n    \"69\": 0,\n    \"70\": 0.00418,\n    \"71\": 0,\n    \"72\": 0.01253,\n    \"73\": 0,\n    \"74\": 0,\n    \"75\": 0.00835,\n    \"76\": 0.00418,\n    \"77\": 0,\n    \"78\": 0.19205,\n    \"79\": 0.00418,\n    \"80\": 0.00835,\n    \"81\": 0.00835,\n    \"82\": 0.00418,\n    \"83\": 0.00835,\n    \"84\": 0.02088,\n    \"85\": 0.00835,\n    \"86\": 0.00835,\n    \"87\": 0.01253,\n    \"88\": 0.0334,\n    \"89\": 0.07098,\n    \"90\": 1.01035,\n    \"91\": 1.27755,\n    \"92\": 0.0167,\n    \"93\": 0,\n    \"3.5\": 0,\n    \"3.6\": 0\n  },\n  D: {\n    \"4\": 0,\n    \"5\": 0,\n    \"6\": 0,\n    \"7\": 0,\n    \"8\": 0,\n    \"9\": 0,\n    \"10\": 0,\n    \"11\": 0,\n    \"12\": 0,\n    \"13\": 0,\n    \"14\": 0,\n    \"15\": 0,\n    \"16\": 0,\n    \"17\": 0,\n    \"18\": 0,\n    \"19\": 0,\n    \"20\": 0,\n    \"21\": 0,\n    \"22\": 0,\n    \"23\": 0,\n    \"24\": 0,\n    \"25\": 0,\n    \"26\": 0,\n    \"27\": 0,\n    \"28\": 0,\n    \"29\": 0,\n    \"30\": 0,\n    \"31\": 0,\n    \"32\": 0,\n    \"33\": 0,\n    \"34\": 0,\n    \"35\": 0,\n    \"36\": 0,\n    \"37\": 0,\n    \"38\": 0.00418,\n    \"39\": 0,\n    \"40\": 0,\n    \"41\": 0,\n    \"42\": 0,\n    \"43\": 0,\n    \"44\": 0,\n    \"45\": 0,\n    \"46\": 0,\n    \"47\": 0,\n    \"48\": 0.00418,\n    \"49\": 0.21293,\n    \"50\": 0,\n    \"51\": 0,\n    \"52\": 0,\n    \"53\": 0.00418,\n    \"54\": 0,\n    \"55\": 0,\n    \"56\": 0.00835,\n    \"57\": 0,\n    \"58\": 0.00835,\n    \"59\": 0,\n    \"60\": 0,\n    \"61\": 0.12108,\n    \"62\": 0,\n    \"63\": 0.00835,\n    \"64\": 0,\n    \"65\": 0.01253,\n    \"66\": 0.00418,\n    \"67\": 0.00418,\n    \"68\": 0.00418,\n    \"69\": 0.0167,\n    \"70\": 0.00418,\n    \"71\": 0.00418,\n    \"72\": 0.00418,\n    \"73\": 0.00418,\n    \"74\": 0.00418,\n    \"75\": 0.00835,\n    \"76\": 0.00418,\n    \"77\": 0.01253,\n    \"78\": 0.00418,\n    \"79\": 0.06263,\n    \"80\": 0.02088,\n    \"81\": 0.0668,\n    \"83\": 0.01253,\n    \"84\": 0.0167,\n    \"85\": 0.0167,\n    \"86\": 0.02505,\n    \"87\": 0.05428,\n    \"88\": 0.0334,\n    \"89\": 0.0501,\n    \"90\": 0.06263,\n    \"91\": 0.41333,\n    \"92\": 10.32478,\n    \"93\": 0.0167,\n    \"94\": 0.00418,\n    \"95\": 0,\n    \"96\": 0\n  },\n  F: {\n    \"9\": 0,\n    \"11\": 0,\n    \"12\": 0,\n    \"15\": 0,\n    \"16\": 0,\n    \"17\": 0,\n    \"18\": 0,\n    \"19\": 0,\n    \"20\": 0,\n    \"21\": 0,\n    \"22\": 0,\n    \"23\": 0,\n    \"24\": 0,\n    \"25\": 0,\n    \"26\": 0,\n    \"27\": 0,\n    \"28\": 0.00418,\n    \"29\": 0,\n    \"30\": 0,\n    \"31\": 0,\n    \"32\": 0,\n    \"33\": 0,\n    \"34\": 0,\n    \"35\": 0,\n    \"36\": 0.00418,\n    \"37\": 0,\n    \"38\": 0,\n    \"39\": 0,\n    \"40\": 0.00418,\n    \"41\": 0,\n    \"42\": 0,\n    \"43\": 0,\n    \"44\": 0,\n    \"45\": 0.00418,\n    \"46\": 0.00418,\n    \"47\": 0,\n    \"48\": 0,\n    \"49\": 0,\n    \"50\": 0,\n    \"51\": 0,\n    \"52\": 0,\n    \"53\": 0,\n    \"54\": 0,\n    \"55\": 0,\n    \"56\": 0,\n    \"57\": 0,\n    \"58\": 0.00835,\n    \"60\": 0,\n    \"62\": 0,\n    \"63\": 0,\n    \"64\": 0,\n    \"65\": 0.00418,\n    \"66\": 0.00418,\n    \"67\": 0,\n    \"68\": 0,\n    \"69\": 0,\n    \"70\": 0,\n    \"71\": 0,\n    \"72\": 0,\n    \"73\": 0,\n    \"74\": 0,\n    \"75\": 0,\n    \"76\": 0,\n    \"77\": 0.35488,\n    \"78\": 0.27555,\n    \"9.5-9.6\": 0,\n    \"10.0-10.1\": 0,\n    \"10.5\": 0,\n    \"10.6\": 0,\n    \"11.1\": 0,\n    \"11.5\": 0,\n    \"11.6\": 0,\n    \"12.1\": 0\n  },\n  G: {\n    \"8\": 0,\n    \"3.2\": 0,\n    \"4.0-4.1\": 0,\n    \"4.2-4.3\": 0,\n    \"5.0-5.1\": 0.00606,\n    \"6.0-6.1\": 0.00242,\n    \"7.0-7.1\": 0.0206,\n    \"8.1-8.4\": 0.00121,\n    \"9.0-9.2\": 0.00363,\n    \"9.3\": 0.05694,\n    \"10.0-10.2\": 0.01333,\n    \"10.3\": 0.11752,\n    \"11.0-11.2\": 0.03877,\n    \"11.3-11.4\": 0.06542,\n    \"12.0-12.1\": 0.04119,\n    \"12.2-12.4\": 0.126,\n    \"13.0-13.1\": 0.02544,\n    \"13.2\": 0.00969,\n    \"13.3\": 0.09207,\n    \"13.4-13.7\": 0.32711,\n    \"14.0-14.4\": 1.25512,\n    \"14.5-14.7\": 9.41222\n  },\n  E: {\n    \"4\": 0,\n    \"5\": 0,\n    \"6\": 0,\n    \"7\": 0,\n    \"8\": 0,\n    \"9\": 0,\n    \"10\": 0,\n    \"11\": 0,\n    \"12\": 0,\n    \"13\": 0.00835,\n    \"14\": 0.05428,\n    \"15\": 0,\n    _: \"0\",\n    \"3.1\": 0,\n    \"3.2\": 0,\n    \"5.1\": 0,\n    \"6.1\": 0,\n    \"7.1\": 0,\n    \"9.1\": 0,\n    \"10.1\": 0,\n    \"11.1\": 0.00835,\n    \"12.1\": 0.01253,\n    \"13.1\": 0.02923,\n    \"14.1\": 0.22963\n  },\n  B: {\n    \"12\": 0,\n    \"13\": 0,\n    \"14\": 0.00418,\n    \"15\": 0.00418,\n    \"16\": 0.00418,\n    \"17\": 0.00418,\n    \"18\": 0.01253,\n    \"79\": 0,\n    \"80\": 0,\n    \"81\": 0,\n    \"83\": 0,\n    \"84\": 0.00418,\n    \"85\": 0,\n    \"86\": 0.00418,\n    \"87\": 0,\n    \"88\": 0.00418,\n    \"89\": 0.00835,\n    \"90\": 0.00418,\n    \"91\": 0.02505,\n    \"92\": 0.97695,\n    \"93\": 0\n  },\n  P: {\n    \"4\": 0.08131,\n    \"5.0-5.4\": 0,\n    \"6.2-6.4\": 0,\n    \"7.2-7.4\": 0.02033,\n    \"8.2\": 0.01016,\n    \"9.2\": 0.03049,\n    \"10.1\": 0.02033,\n    \"11.1-11.2\": 0.10164,\n    \"12.0\": 0.05082,\n    \"13.0\": 0.15245,\n    \"14.0\": 2.36812\n  },\n  I: {\n    \"0\": 0,\n    \"3\": 0,\n    \"4\": 0,\n    \"2.1\": 0,\n    \"2.2\": 0,\n    \"2.3\": 0,\n    \"4.1\": 0.01124,\n    \"4.2-4.3\": 0.03091,\n    \"4.4\": 0,\n    \"4.4.3-4.4.4\": 0.27542\n  },\n  K: {\n    _: \"0 10 11 12 11.1 11.5 12.1\"\n  },\n  A: {\n    \"6\": 0,\n    \"7\": 0,\n    \"8\": 0,\n    \"9\": 0,\n    \"10\": 0,\n    \"11\": 0.30895,\n    \"5.5\": 0\n  },\n  J: {\n    \"7\": 0,\n    \"10\": 0\n  },\n  N: {\n    \"10\": 0,\n    \"11\": 0\n  },\n  R: {\n    _: \"0\"\n  },\n  M: {\n    \"0\": 0.2097\n  },\n  Q: {\n    \"10.4\": 0.00583\n  },\n  O: {\n    \"0\": 0.04078\n  },\n  H: {\n    \"0\": 0.28677\n  },\n  L: {\n    \"0\": 65.93093\n  },\n  S: {\n    \"2.5\": 0\n  }\n};","map":{"version":3,"sources":["C:/xampp/public_html/vamo/interface2/node_modules/caniuse-lite/data/regions/BG.js"],"names":["module","exports","C","D","F","G","E","_","B","P","I","K","A","J","N","R","M","Q","O","H","L","S"],