{"ast":null,"code":"module.exports = {\n  C: {\n    \"2\": 0,\n    \"3\": 0,\n    \"4\": 0,\n    \"5\": 0,\n    \"6\": 0,\n    \"7\": 0,\n    \"8\": 0,\n    \"9\": 0,\n    \"10\": 0,\n    \"11\": 0,\n    \"12\": 0,\n    \"13\": 0,\n    \"14\": 0,\n    \"15\": 0,\n    \"16\": 0,\n    \"17\": 0,\n    \"18\": 0,\n    \"19\": 0,\n    \"20\": 0,\n    \"21\": 0,\n    \"22\": 0,\n    \"23\": 0,\n    \"24\": 0,\n    \"25\": 0,\n    \"26\": 0,\n    \"27\": 0,\n    \"28\": 0,\n    \"29\": 0,\n    \"30\": 0,\n    \"31\": 0,\n    \"32\": 0.00243,\n    \"33\": 0.00243,\n    \"34\": 0.00243,\n    \"35\": 0,\n    \"36\": 0,\n    \"37\": 0,\n    \"38\": 0,\n    \"39\": 0.00243,\n    \"40\": 0,\n    \"41\": 0,\n    \"42\": 0,\n    \"43\": 0.0097,\n    \"44\": 0,\n    \"45\": 0,\n    \"46\": 0.00243,\n    \"47\": 0,\n    \"48\": 0.00243,\n    \"49\": 0,\n    \"50\": 0,\n    \"51\": 0,\n    \"52\": 0.00243,\n    \"53\": 0,\n    \"54\": 0,\n    \"55\": 0,\n    \"56\": 0.00243,\n    \"57\": 0,\n    \"58\": 0,\n    \"59\": 0,\n    \"60\": 0,\n    \"61\": 0,\n    \"62\": 0,\n    \"63\": 0,\n    \"64\": 0,\n    \"65\": 0,\n    \"66\": 0.00243,\n    \"67\": 0,\n    \"68\": 0.00243,\n    \"69\": 0.00728,\n    \"70\": 0,\n    \"71\": 0,\n    \"72\": 0.00485,\n    \"73\": 0,\n    \"74\": 0,\n    \"75\": 0,\n    \"76\": 0,\n    \"77\": 0,\n    \"78\": 0.01213,\n    \"79\": 0.00243,\n    \"80\": 0,\n    \"81\": 0,\n    \"82\": 0,\n    \"83\": 0.00243,\n    \"84\": 0,\n    \"85\": 0.00243,\n    \"86\": 0.00485,\n    \"87\": 0.00243,\n    \"88\": 0.00485,\n    \"89\": 0.02183,\n    \"90\": 0.2426,\n    \"91\": 0.35177,\n    \"92\": 0.02426,\n    \"93\": 0,\n    \"3.5\": 0,\n    \"3.6\": 0\n  },\n  D: {\n    \"4\": 0,\n    \"5\": 0,\n    \"6\": 0,\n    \"7\": 0,\n    \"8\": 0,\n    \"9\": 0,\n    \"10\": 0,\n    \"11\": 0,\n    \"12\": 0,\n    \"13\": 0,\n    \"14\": 0,\n    \"15\": 0,\n    \"16\": 0,\n    \"17\": 0,\n    \"18\": 0,\n    \"19\": 0,\n    \"20\": 0,\n    \"21\": 0,\n    \"22\": 0,\n    \"23\": 0.00243,\n    \"24\": 0,\n    \"25\": 0,\n    \"26\": 0,\n    \"27\": 0,\n    \"28\": 0,\n    \"29\": 0,\n    \"30\": 0,\n    \"31\": 0,\n    \"32\": 0,\n    \"33\": 0,\n    \"34\": 0.00485,\n    \"35\": 0.00243,\n    \"36\": 0.00243,\n    \"37\": 0,\n    \"38\": 0,\n    \"39\": 0,\n    \"40\": 0.00485,\n    \"41\": 0,\n    \"42\": 0.00243,\n    \"43\": 0.00243,\n    \"44\": 0,\n    \"45\": 0,\n    \"46\": 0.0097,\n    \"47\": 0,\n    \"48\": 0,\n    \"49\": 0.02911,\n    \"50\": 0,\n    \"51\": 0.00728,\n    \"52\": 0,\n    \"53\": 0.00243,\n    \"54\": 0,\n    \"55\": 0.00243,\n    \"56\": 0.00243,\n    \"57\": 0,\n    \"58\": 0.00243,\n    \"59\": 0.00485,\n    \"60\": 0.00485,\n    \"61\": 0,\n    \"62\": 0,\n    \"63\": 0.00485,\n    \"64\": 0.00243,\n    \"65\": 0.00485,\n    \"66\": 0,\n    \"67\": 0,\n    \"68\": 0.01213,\n    \"69\": 0.00243,\n    \"70\": 0.00243,\n    \"71\": 0,\n    \"72\": 0.00243,\n    \"73\": 0.00243,\n    \"74\": 0.04609,\n    \"75\": 0.00485,\n    \"76\": 0.03154,\n    \"77\": 0.00485,\n    \"78\": 0.00243,\n    \"79\": 0.07521,\n    \"80\": 0.00728,\n    \"81\": 0.01698,\n    \"83\": 0.00243,\n    \"84\": 0,\n    \"85\": 0.00728,\n    \"86\": 0.00243,\n    \"87\": 0.01213,\n    \"88\": 0.0097,\n    \"89\": 0.01698,\n    \"90\": 0.01698,\n    \"91\": 0.12615,\n    \"92\": 2.38718,\n    \"93\": 0.00243,\n    \"94\": 0,\n    \"95\": 0,\n    \"96\": 0\n  },\n  F: {\n    \"9\": 0,\n    \"11\": 0,\n    \"12\": 0,\n    \"15\": 0,\n    \"16\": 0,\n    \"17\": 0,\n    \"18\": 0,\n    \"19\": 0,\n    \"20\": 0,\n    \"21\": 0,\n    \"22\": 0,\n    \"23\": 0,\n    \"24\": 0,\n    \"25\": 0,\n    \"26\": 0.00485,\n    \"27\": 0,\n    \"28\": 0.00243,\n    \"29\": 0,\n    \"30\": 0,\n    \"31\": 0,\n    \"32\": 0.00243,\n    \"33\": 0,\n    \"34\": 0,\n    \"35\": 0,\n    \"36\": 0,\n    \"37\": 0,\n    \"38\": 0,\n    \"39\": 0,\n    \"40\": 0,\n    \"41\": 0,\n    \"42\": 0,\n    \"43\": 0,\n    \"44\": 0,\n    \"45\": 0,\n    \"46\": 0.00243,\n    \"47\": 0.00243,\n    \"48\": 0,\n    \"49\": 0,\n    \"50\": 0.0097,\n    \"51\": 0.00243,\n    \"52\": 0,\n    \"53\": 0,\n    \"54\": 0.0097,\n    \"55\": 0.00728,\n    \"56\": 0,\n    \"57\": 0.04124,\n    \"58\": 0.26201,\n    \"60\": 0,\n    \"62\": 0,\n    \"63\": 0,\n    \"64\": 0,\n    \"65\": 0,\n    \"66\": 0,\n    \"67\": 0,\n    \"68\": 0,\n    \"69\": 0,\n    \"70\": 0,\n    \"71\": 0,\n    \"72\": 0,\n    \"73\": 0,\n    \"74\": 0,\n    \"75\": 0,\n    \"76\": 0,\n    \"77\": 0.09947,\n    \"78\": 0.09704,\n    \"9.5-9.6\": 0,\n    \"10.0-10.1\": 0,\n    \"10.5\": 0,\n    \"10.6\": 0,\n    \"11.1\": 0,\n    \"11.5\": 0,\n    \"11.6\": 0,\n    \"12.1\": 0.01698\n  },\n  G: {\n    \"8\": 0,\n    \"3.2\": 0,\n    \"4.0-4.1\": 0,\n    \"4.2-4.3\": 0,\n    \"5.0-5.1\": 0.01342,\n    \"6.0-6.1\": 0.00168,\n    \"7.0-7.1\": 0.01174,\n    \"8.1-8.4\": 0.00839,\n    \"9.0-9.2\": 0,\n    \"9.3\": 0.52008,\n    \"10.0-10.2\": 0.01845,\n    \"10.3\": 0.5335,\n    \"11.0-11.2\": 0.05872,\n    \"11.3-11.4\": 0.08388,\n    \"12.0-12.1\": 0.07046,\n    \"12.2-12.4\": 0.49324,\n    \"13.0-13.1\": 0.05201,\n    \"13.2\": 0.01342,\n    \"13.3\": 0.30869,\n    \"13.4-13.7\": 0.5184,\n    \"14.0-14.4\": 3.91234,\n    \"14.5-14.7\": 8.21222\n  },\n  E: {\n    \"4\": 0,\n    \"5\": 0,\n    \"6\": 0,\n    \"7\": 0,\n    \"8\": 0,\n    \"9\": 0,\n    \"10\": 0.00485,\n    \"11\": 0,\n    \"12\": 0,\n    \"13\": 0.00485,\n    \"14\": 0.02911,\n    \"15\": 0,\n    _: \"0\",\n    \"3.1\": 0,\n    \"3.2\": 0,\n    \"5.1\": 0.00485,\n    \"6.1\": 0,\n    \"7.1\": 0,\n    \"9.1\": 0,\n    \"10.1\": 0.00485,\n    \"11.1\": 0.03882,\n    \"12.1\": 0.00485,\n    \"13.1\": 0.01456,\n    \"14.1\": 0.0655\n  },\n  B: {\n    \"12\": 0.0097,\n    \"13\": 0.00243,\n    \"14\": 0.00243,\n    \"15\": 0.00728,\n    \"16\": 0.02183,\n    \"17\": 0.00485,\n    \"18\": 0.14313,\n    \"79\": 0,\n    \"80\": 0,\n    \"81\": 0,\n    \"83\": 0,\n    \"84\": 0.00243,\n    \"85\": 0.00728,\n    \"86\": 0,\n    \"87\": 0,\n    \"88\": 0,\n    \"89\": 0.00485,\n    \"90\": 0.00485,\n    \"91\": 0.02911,\n    \"92\": 0.37603,\n    \"93\": 0\n  },\n  P: {\n    \"4\": 0.76443,\n    \"5.0-5.4\": 0.09173,\n    \"6.2-6.4\": 0.03058,\n    \"7.2-7.4\": 0.32616,\n    \"8.2\": 0.02038,\n    \"9.2\": 0.18346,\n    \"10.1\": 0.06115,\n    \"11.1-11.2\": 0.14269,\n    \"12.0\": 0.1325,\n    \"13.0\": 0.15289,\n    \"14.0\": 1.55944\n  },\n  I: {\n    \"0\": 0,\n    \"3\": 0,\n    \"4\": 0.00166,\n    \"2.1\": 0,\n    \"2.2\": 0,\n    \"2.3\": 0,\n    \"4.1\": 0.00555,\n    \"4.2-4.3\": 0.02664,\n    \"4.4\": 0,\n    \"4.4.3-4.4.4\": 0.25082\n  },\n  K: {\n    _: \"0 10 11 12 11.1 11.5 12.1\"\n  },\n  A: {\n    \"6\": 0,\n    \"7\": 0,\n    \"8\": 0,\n    \"9\": 0,\n    \"10\": 0,\n    \"11\": 0.02183,\n    \"5.5\": 0\n  },\n  J: {\n    \"7\": 0,\n    \"10\": 0.04544\n  },\n  N: {\n    \"10\": 0,\n    \"11\": 0.13633\n  },\n  R: {\n    _: \"0\"\n  },\n  M: {\n    \"0\": 0.09089\n  },\n  Q: {\n    \"10.4\": 0\n  },\n  O: {\n    \"0\": 1.24971\n  },\n  H: {\n    \"0\": 2.23005\n  },\n  L: {\n    \"0\": 70.83319\n  },\n  S: {\n    \"2.5\": 0.00757\n  }\n};","map":{"version":3,"sources":["C:/xampp/public_html/vamo/interface2/node_modules/caniuse-lite/data/regions/GM.js"],"names":["module","exports","C","D","F","G","E","_","B","P","I","K","A","J","N","R","M","Q","O","H","L","S"],