{"ast":null,"code":"module.exports = {\n  C: {\n    \"2\": 0,\n    \"3\": 0,\n    \"4\": 0,\n    \"5\": 0,\n    \"6\": 0,\n    \"7\": 0,\n    \"8\": 0,\n    \"9\": 0,\n    \"10\": 0,\n    \"11\": 0,\n    \"12\": 0,\n    \"13\": 0,\n    \"14\": 0,\n    \"15\": 0.01908,\n    \"16\": 0,\n    \"17\": 0,\n    \"18\": 0,\n    \"19\": 0,\n    \"20\": 0,\n    \"21\": 0,\n    \"22\": 0,\n    \"23\": 0,\n    \"24\": 0,\n    \"25\": 0,\n    \"26\": 0,\n    \"27\": 0,\n    \"28\": 0,\n    \"29\": 0,\n    \"30\": 0,\n    \"31\": 0,\n    \"32\": 0,\n    \"33\": 0,\n    \"34\": 0,\n    \"35\": 0.00382,\n    \"36\": 0.00763,\n    \"37\": 0,\n    \"38\": 0,\n    \"39\": 0,\n    \"40\": 0,\n    \"41\": 0,\n    \"42\": 0,\n    \"43\": 0.00382,\n    \"44\": 0,\n    \"45\": 0.23653,\n    \"46\": 0,\n    \"47\": 0.00382,\n    \"48\": 0,\n    \"49\": 0,\n    \"50\": 0,\n    \"51\": 0,\n    \"52\": 0.24798,\n    \"53\": 0,\n    \"54\": 0.00763,\n    \"55\": 0,\n    \"56\": 0,\n    \"57\": 0,\n    \"58\": 0,\n    \"59\": 0,\n    \"60\": 0,\n    \"61\": 0,\n    \"62\": 0,\n    \"63\": 0,\n    \"64\": 0,\n    \"65\": 0,\n    \"66\": 0.00382,\n    \"67\": 0,\n    \"68\": 0.00382,\n    \"69\": 0.00763,\n    \"70\": 0,\n    \"71\": 0,\n    \"72\": 0,\n    \"73\": 0,\n    \"74\": 0,\n    \"75\": 0,\n    \"76\": 0,\n    \"77\": 0,\n    \"78\": 0.01526,\n    \"79\": 0,\n    \"80\": 0,\n    \"81\": 0,\n    \"82\": 0,\n    \"83\": 0.00382,\n    \"84\": 0.00763,\n    \"85\": 0.00382,\n    \"86\": 0,\n    \"87\": 0,\n    \"88\": 0.02289,\n    \"89\": 0.04578,\n    \"90\": 0.4578,\n    \"91\": 0.67907,\n    \"92\": 0.00382,\n    \"93\": 0,\n    \"3.5\": 0,\n    \"3.6\": 0\n  },\n  D: {\n    \"4\": 0,\n    \"5\": 0,\n    \"6\": 0,\n    \"7\": 0,\n    \"8\": 0,\n    \"9\": 0,\n    \"10\": 0,\n    \"11\": 0,\n    \"12\": 0,\n    \"13\": 0,\n    \"14\": 0,\n    \"15\": 0,\n    \"16\": 0,\n    \"17\": 0,\n    \"18\": 0,\n    \"19\": 0,\n    \"20\": 0,\n    \"21\": 0,\n    \"22\": 0,\n    \"23\": 0,\n    \"24\": 0,\n    \"25\": 0,\n    \"26\": 0,\n    \"27\": 0,\n    \"28\": 0,\n    \"29\": 0,\n    \"30\": 0,\n    \"31\": 0,\n    \"32\": 0,\n    \"33\": 0,\n    \"34\": 0.00382,\n    \"35\": 0,\n    \"36\": 0,\n    \"37\": 0,\n    \"38\": 0.01145,\n    \"39\": 0,\n    \"40\": 0,\n    \"41\": 0,\n    \"42\": 0,\n    \"43\": 0.00382,\n    \"44\": 0,\n    \"45\": 0.00382,\n    \"46\": 0,\n    \"47\": 0.00382,\n    \"48\": 0,\n    \"49\": 0.12971,\n    \"50\": 0,\n    \"51\": 0,\n    \"52\": 0,\n    \"53\": 0.01145,\n    \"54\": 0,\n    \"55\": 0.00382,\n    \"56\": 0,\n    \"57\": 0,\n    \"58\": 0.00382,\n    \"59\": 0,\n    \"60\": 0,\n    \"61\": 0.2289,\n    \"62\": 0.00382,\n    \"63\": 0.01526,\n    \"64\": 0,\n    \"65\": 0.01145,\n    \"66\": 0.00382,\n    \"67\": 0.00382,\n    \"68\": 0.00763,\n    \"69\": 0.00382,\n    \"70\": 0.00382,\n    \"71\": 0.00382,\n    \"72\": 0,\n    \"73\": 0.00382,\n    \"74\": 0.00382,\n    \"75\": 0.00382,\n    \"76\": 0.00763,\n    \"77\": 0.00763,\n    \"78\": 0.00382,\n    \"79\": 0.06104,\n    \"80\": 0.01145,\n    \"81\": 0.02289,\n    \"83\": 0.01908,\n    \"84\": 0.01145,\n    \"85\": 0.00763,\n    \"86\": 0.02671,\n    \"87\": 0.05723,\n    \"88\": 0.03815,\n    \"89\": 0.03052,\n    \"90\": 0.06486,\n    \"91\": 0.37006,\n    \"92\": 9.27045,\n    \"93\": 0.01908,\n    \"94\": 0.00763,\n    \"95\": 0,\n    \"96\": 0\n  },\n  F: {\n    \"9\": 0,\n    \"11\": 0,\n    \"12\": 0,\n    \"15\": 0,\n    \"16\": 0,\n    \"17\": 0,\n    \"18\": 0,\n    \"19\": 0,\n    \"20\": 0,\n    \"21\": 0,\n    \"22\": 0,\n    \"23\": 0,\n    \"24\": 0,\n    \"25\": 0,\n    \"26\": 0,\n    \"27\": 0,\n    \"28\": 0.00382,\n    \"29\": 0,\n    \"30\": 0,\n    \"31\": 0,\n    \"32\": 0,\n    \"33\": 0,\n    \"34\": 0,\n    \"35\": 0,\n    \"36\": 0.00763,\n    \"37\": 0,\n    \"38\": 0,\n    \"39\": 0,\n    \"40\": 0.00763,\n    \"41\": 0,\n    \"42\": 0,\n    \"43\": 0,\n    \"44\": 0,\n    \"45\": 0,\n    \"46\": 0.00382,\n    \"47\": 0,\n    \"48\": 0,\n    \"49\": 0,\n    \"50\": 0,\n    \"51\": 0,\n    \"52\": 0,\n    \"53\": 0,\n    \"54\": 0,\n    \"55\": 0,\n    \"56\": 0,\n    \"57\": 0,\n    \"58\": 0.00763,\n    \"60\": 0,\n    \"62\": 0,\n    \"63\": 0,\n    \"64\": 0,\n    \"65\": 0,\n    \"66\": 0,\n    \"67\": 0,\n    \"68\": 0,\n    \"69\": 0,\n    \"70\": 0,\n    \"71\": 0,\n    \"72\": 0,\n    \"73\": 0,\n    \"74\": 0,\n    \"75\": 0,\n    \"76\": 0,\n    \"77\": 0.36243,\n    \"78\": 0.2289,\n    \"9.5-9.6\": 0,\n    \"10.0-10.1\": 0,\n    \"10.5\": 0,\n    \"10.6\": 0,\n    \"11.1\": 0,\n    \"11.5\": 0,\n    \"11.6\": 0,\n    \"12.1\": 0\n  },\n  G: {\n    \"8\": 0,\n    \"3.2\": 0,\n    \"4.0-4.1\": 0,\n    \"4.2-4.3\": 0,\n    \"5.0-5.1\": 0.00471,\n    \"6.0-6.1\": 0,\n    \"7.0-7.1\": 0.04709,\n    \"8.1-8.4\": 0.00283,\n    \"9.0-9.2\": 0,\n    \"9.3\": 0.13656,\n    \"10.0-10.2\": 0.04332,\n    \"10.3\": 0.09983,\n    \"11.0-11.2\": 0.01789,\n    \"11.3-11.4\": 0.03579,\n    \"12.0-12.1\": 0.0226,\n    \"12.2-12.4\": 0.07723,\n    \"13.0-13.1\": 0.01695,\n    \"13.2\": 0.0113,\n    \"13.3\": 0.05933,\n    \"13.4-13.7\": 0.22791,\n    \"14.0-14.4\": 1.09245,\n    \"14.5-14.7\": 6.94179\n  },\n  E: {\n    \"4\": 0,\n    \"5\": 0,\n    \"6\": 0,\n    \"7\": 0,\n    \"8\": 0,\n    \"9\": 0,\n    \"10\": 0,\n    \"11\": 0,\n    \"12\": 0.00382,\n    \"13\": 0.01145,\n    \"14\": 0.04578,\n    \"15\": 0,\n    _: \"0\",\n    \"3.1\": 0,\n    \"3.2\": 0,\n    \"5.1\": 0,\n    \"6.1\": 0,\n    \"7.1\": 0,\n    \"9.1\": 0,\n    \"10.1\": 0.00382,\n    \"11.1\": 0.00763,\n    \"12.1\": 0.01145,\n    \"13.1\": 0.02671,\n    \"14.1\": 0.2022\n  },\n  B: {\n    \"12\": 0,\n    \"13\": 0,\n    \"14\": 0.00382,\n    \"15\": 0.01145,\n    \"16\": 0,\n    \"17\": 0,\n    \"18\": 0.01145,\n    \"79\": 0,\n    \"80\": 0,\n    \"81\": 0,\n    \"83\": 0,\n    \"84\": 0.00382,\n    \"85\": 0.01526,\n    \"86\": 0,\n    \"87\": 0,\n    \"88\": 0.00382,\n    \"89\": 0.00382,\n    \"90\": 0,\n    \"91\": 0.01526,\n    \"92\": 0.56081,\n    \"93\": 0\n  },\n  P: {\n    \"4\": 0.24443,\n    \"5.0-5.4\": 0.01018,\n    \"6.2-6.4\": 0,\n    \"7.2-7.4\": 0.06111,\n    \"8.2\": 0,\n    \"9.2\": 0.04074,\n    \"10.1\": 0.05092,\n    \"11.1-11.2\": 0.25461,\n    \"12.0\": 0.08148,\n    \"13.0\": 0.18332,\n    \"14.0\": 3.30997\n  },\n  I: {\n    \"0\": 0,\n    \"3\": 0,\n    \"4\": 0.00208,\n    \"2.1\": 0,\n    \"2.2\": 0,\n    \"2.3\": 0,\n    \"4.1\": 0.01869,\n    \"4.2-4.3\": 0.03115,\n    \"4.4\": 0,\n    \"4.4.3-4.4.4\": 0.21387\n  },\n  K: {\n    _: \"0 10 11 12 11.1 11.5 12.1\"\n  },\n  A: {\n    \"6\": 0,\n    \"7\": 0,\n    \"8\": 0.00604,\n    \"9\": 0,\n    \"10\": 0,\n    \"11\": 0.06644,\n    \"5.5\": 0\n  },\n  J: {\n    \"7\": 0,\n    \"10\": 0\n  },\n  N: {\n    \"10\": 0,\n    \"11\": 0\n  },\n  R: {\n    _: \"0\"\n  },\n  M: {\n    \"0\": 0.22266\n  },\n  Q: {\n    \"10.4\": 0\n  },\n  O: {\n    \"0\": 0.03093\n  },\n  H: {\n    \"0\": 0.22837\n  },\n  L: {\n    \"0\": 70.02547\n  },\n  S: {\n    \"2.5\": 0\n  }\n};","map":{"version":3,"sources":["C:/xampp/public_html/vamo/interface2/node_modules/caniuse-lite/data/regions/BA.js"],"names":["module","exports","C","D","F","G","E","_","B","P","I","K","A","J","N","R","M","Q","O","H","L","S"],