{"ast":null,"code":"module.exports = {\n  C: {\n    \"2\": 0,\n    \"3\": 0,\n    \"4\": 0,\n    \"5\": 0,\n    \"6\": 0,\n    \"7\": 0,\n    \"8\": 0,\n    \"9\": 0,\n    \"10\": 0,\n    \"11\": 0,\n    \"12\": 0,\n    \"13\": 0,\n    \"14\": 0,\n    \"15\": 0,\n    \"16\": 0,\n    \"17\": 0,\n    \"18\": 0,\n    \"19\": 0,\n    \"20\": 0,\n    \"21\": 0,\n    \"22\": 0,\n    \"23\": 0,\n    \"24\": 0,\n    \"25\": 0,\n    \"26\": 0,\n    \"27\": 0,\n    \"28\": 0,\n    \"29\": 0,\n    \"30\": 0.00371,\n    \"31\": 0,\n    \"32\": 0,\n    \"33\": 0,\n    \"34\": 0,\n    \"35\": 0,\n    \"36\": 0,\n    \"37\": 0,\n    \"38\": 0.01113,\n    \"39\": 0,\n    \"40\": 0,\n    \"41\": 0,\n    \"42\": 0,\n    \"43\": 0,\n    \"44\": 0,\n    \"45\": 0,\n    \"46\": 0,\n    \"47\": 0.00371,\n    \"48\": 0,\n    \"49\": 0,\n    \"50\": 0,\n    \"51\": 0,\n    \"52\": 0.02226,\n    \"53\": 0,\n    \"54\": 0.01113,\n    \"55\": 0,\n    \"56\": 0.01113,\n    \"57\": 0,\n    \"58\": 0,\n    \"59\": 0,\n    \"60\": 0,\n    \"61\": 0,\n    \"62\": 0,\n    \"63\": 0,\n    \"64\": 0,\n    \"65\": 0.03339,\n    \"66\": 0,\n    \"67\": 0,\n    \"68\": 0.01113,\n    \"69\": 0,\n    \"70\": 0,\n    \"71\": 0,\n    \"72\": 0.00371,\n    \"73\": 0,\n    \"74\": 0,\n    \"75\": 0,\n    \"76\": 0,\n    \"77\": 0.00742,\n    \"78\": 0.00742,\n    \"79\": 0,\n    \"80\": 0.01113,\n    \"81\": 0.00371,\n    \"82\": 0,\n    \"83\": 0,\n    \"84\": 0.00371,\n    \"85\": 0,\n    \"86\": 0,\n    \"87\": 0.00742,\n    \"88\": 0.01855,\n    \"89\": 0.08162,\n    \"90\": 0.40068,\n    \"91\": 0.59731,\n    \"92\": 0.02226,\n    \"93\": 0,\n    \"3.5\": 0,\n    \"3.6\": 0\n  },\n  D: {\n    \"4\": 0,\n    \"5\": 0,\n    \"6\": 0,\n    \"7\": 0,\n    \"8\": 0,\n    \"9\": 0,\n    \"10\": 0,\n    \"11\": 0.00371,\n    \"12\": 0,\n    \"13\": 0,\n    \"14\": 0,\n    \"15\": 0,\n    \"16\": 0,\n    \"17\": 0,\n    \"18\": 0,\n    \"19\": 0,\n    \"20\": 0,\n    \"21\": 0,\n    \"22\": 0,\n    \"23\": 0,\n    \"24\": 0,\n    \"25\": 0,\n    \"26\": 0,\n    \"27\": 0,\n    \"28\": 0,\n    \"29\": 0,\n    \"30\": 0,\n    \"31\": 0.00371,\n    \"32\": 0,\n    \"33\": 0,\n    \"34\": 0,\n    \"35\": 0,\n    \"36\": 0,\n    \"37\": 0,\n    \"38\": 0,\n    \"39\": 0.0371,\n    \"40\": 0.00371,\n    \"41\": 0,\n    \"42\": 0,\n    \"43\": 0,\n    \"44\": 0,\n    \"45\": 0.00742,\n    \"46\": 0.01113,\n    \"47\": 0.00371,\n    \"48\": 0,\n    \"49\": 0.01484,\n    \"50\": 0.00371,\n    \"51\": 0,\n    \"52\": 0,\n    \"53\": 0.0371,\n    \"54\": 0,\n    \"55\": 0,\n    \"56\": 0.01855,\n    \"57\": 0,\n    \"58\": 0.00371,\n    \"59\": 0,\n    \"60\": 0,\n    \"61\": 0,\n    \"62\": 0.00371,\n    \"63\": 0.00371,\n    \"64\": 0.00371,\n    \"65\": 0.00371,\n    \"66\": 0.00371,\n    \"67\": 0,\n    \"68\": 0,\n    \"69\": 0.00742,\n    \"70\": 0.00371,\n    \"71\": 0,\n    \"72\": 0.00742,\n    \"73\": 0.01113,\n    \"74\": 0.01113,\n    \"75\": 0.00371,\n    \"76\": 0.00371,\n    \"77\": 0.00742,\n    \"78\": 0,\n    \"79\": 0.02968,\n    \"80\": 0.01484,\n    \"81\": 0.02597,\n    \"83\": 0.01855,\n    \"84\": 0.00742,\n    \"85\": 0.00371,\n    \"86\": 0.03339,\n    \"87\": 0.0371,\n    \"88\": 0.00742,\n    \"89\": 0.03339,\n    \"90\": 0.07791,\n    \"91\": 0.34503,\n    \"92\": 7.7539,\n    \"93\": 0.00742,\n    \"94\": 0.00371,\n    \"95\": 0,\n    \"96\": 0\n  },\n  F: {\n    \"9\": 0,\n    \"11\": 0,\n    \"12\": 0,\n    \"15\": 0,\n    \"16\": 0,\n    \"17\": 0,\n    \"18\": 0,\n    \"19\": 0,\n    \"20\": 0,\n    \"21\": 0,\n    \"22\": 0,\n    \"23\": 0,\n    \"24\": 0,\n    \"25\": 0,\n    \"26\": 0,\n    \"27\": 0,\n    \"28\": 0,\n    \"29\": 0,\n    \"30\": 0,\n    \"31\": 0,\n    \"32\": 0,\n    \"33\": 0,\n    \"34\": 0,\n    \"35\": 0,\n    \"36\": 0,\n    \"37\": 0,\n    \"38\": 0,\n    \"39\": 0,\n    \"40\": 0,\n    \"41\": 0,\n    \"42\": 0,\n    \"43\": 0,\n    \"44\": 0,\n    \"45\": 0,\n    \"46\": 0,\n    \"47\": 0,\n    \"48\": 0,\n    \"49\": 0,\n    \"50\": 0,\n    \"51\": 0,\n    \"52\": 0,\n    \"53\": 0,\n    \"54\": 0.00371,\n    \"55\": 0,\n    \"56\": 0,\n    \"57\": 0.00371,\n    \"58\": 0.03339,\n    \"60\": 0,\n    \"62\": 0,\n    \"63\": 0,\n    \"64\": 0,\n    \"65\": 0,\n    \"66\": 0,\n    \"67\": 0,\n    \"68\": 0,\n    \"69\": 0,\n    \"70\": 0,\n    \"71\": 0,\n    \"72\": 0,\n    \"73\": 0,\n    \"74\": 0,\n    \"75\": 0,\n    \"76\": 0,\n    \"77\": 0.10017,\n    \"78\": 0.06678,\n    \"9.5-9.6\": 0,\n    \"10.0-10.1\": 0,\n    \"10.5\": 0,\n    \"10.6\": 0,\n    \"11.1\": 0,\n    \"11.5\": 0,\n    \"11.6\": 0,\n    \"12.1\": 0\n  },\n  G: {\n    \"8\": 0.00407,\n    \"3.2\": 0,\n    \"4.0-4.1\": 0,\n    \"4.2-4.3\": 0,\n    \"5.0-5.1\": 0.02304,\n    \"6.0-6.1\": 0.00271,\n    \"7.0-7.1\": 0.01084,\n    \"8.1-8.4\": 0.01762,\n    \"9.0-9.2\": 0.00136,\n    \"9.3\": 0.25479,\n    \"10.0-10.2\": 0.00678,\n    \"10.3\": 0.15518,\n    \"11.0-11.2\": 0.01965,\n    \"11.3-11.4\": 0.01626,\n    \"12.0-12.1\": 0.05286,\n    \"12.2-12.4\": 0.11249,\n    \"13.0-13.1\": 0.00813,\n    \"13.2\": 0.01152,\n    \"13.3\": 0.27377,\n    \"13.4-13.7\": 0.36525,\n    \"14.0-14.4\": 1.04899,\n    \"14.5-14.7\": 3.75482\n  },\n  E: {\n    \"4\": 0,\n    \"5\": 0,\n    \"6\": 0,\n    \"7\": 0,\n    \"8\": 0,\n    \"9\": 0,\n    \"10\": 0,\n    \"11\": 0,\n    \"12\": 0,\n    \"13\": 0.02226,\n    \"14\": 0.08904,\n    \"15\": 0,\n    _: \"0\",\n    \"3.1\": 0,\n    \"3.2\": 0,\n    \"5.1\": 0,\n    \"6.1\": 0,\n    \"7.1\": 0,\n    \"9.1\": 0,\n    \"10.1\": 0.00371,\n    \"11.1\": 0.00371,\n    \"12.1\": 0.00742,\n    \"13.1\": 0.06307,\n    \"14.1\": 0.28567\n  },\n  B: {\n    \"12\": 0.00371,\n    \"13\": 0.03339,\n    \"14\": 0.00371,\n    \"15\": 0.01484,\n    \"16\": 0.01113,\n    \"17\": 0.00742,\n    \"18\": 0.05936,\n    \"79\": 0,\n    \"80\": 0.01113,\n    \"81\": 0,\n    \"83\": 0,\n    \"84\": 0.01484,\n    \"85\": 0.01113,\n    \"86\": 0,\n    \"87\": 0.06678,\n    \"88\": 0,\n    \"89\": 0.05194,\n    \"90\": 0.01113,\n    \"91\": 0.06307,\n    \"92\": 1.40238,\n    \"93\": 0\n  },\n  P: {\n    \"4\": 0.84344,\n    \"5.0-5.4\": 0.02057,\n    \"6.2-6.4\": 0.04114,\n    \"7.2-7.4\": 1.39888,\n    \"8.2\": 0.01029,\n    \"9.2\": 0.27772,\n    \"10.1\": 0.06172,\n    \"11.1-11.2\": 0.79202,\n    \"12.0\": 0.216,\n    \"13.0\": 0.8743,\n    \"14.0\": 3.99093\n  },\n  I: {\n    \"0\": 0,\n    \"3\": 0,\n    \"4\": 0,\n    \"2.1\": 0,\n    \"2.2\": 0,\n    \"2.3\": 0,\n    \"4.1\": 0.00398,\n    \"4.2-4.3\": 0.01791,\n    \"4.4\": 0,\n    \"4.4.3-4.4.4\": 0.10747\n  },\n  K: {\n    _: \"0 10 11 12 11.1 11.5 12.1\"\n  },\n  A: {\n    \"6\": 0,\n    \"7\": 0,\n    \"8\": 0,\n    \"9\": 0,\n    \"10\": 0,\n    \"11\": 0.29309,\n    \"5.5\": 0\n  },\n  J: {\n    \"7\": 0,\n    \"10\": 0\n  },\n  N: {\n    \"10\": 0,\n    \"11\": 0\n  },\n  R: {\n    _: \"0\"\n  },\n  M: {\n    \"0\": 0.1258\n  },\n  Q: {\n    \"10.4\": 0.00629\n  },\n  O: {\n    \"0\": 1.41525\n  },\n  H: {\n    \"0\": 0.41089\n  },\n  L: {\n    \"0\": 66.5372\n  },\n  S: {\n    \"2.5\": 0\n  }\n};","map":{"version":3,"sources":["C:/xampp/public_html/vamo/interface2/node_modules/caniuse-lite/data/regions/FJ.js"],"names":["module","exports","C","D","F","G","E","_","B","P","I","K","A","J","N","R","M","Q","O","H","L","S"],