{"ast":null,"code":"module.exports = {\n  C: {\n    \"47\": 0.0028,\n    \"52\": 0.01401,\n    \"56\": 0.0056,\n    \"60\": 0.11204,\n    \"61\": 0.0028,\n    \"63\": 0.03361,\n    \"68\": 0.01401,\n    \"75\": 0.0028,\n    \"78\": 0.03081,\n    \"80\": 0.03081,\n    \"81\": 0.0056,\n    \"83\": 0.0084,\n    \"84\": 0.0056,\n    \"85\": 0.0056,\n    \"87\": 0.0028,\n    \"88\": 0.01681,\n    \"89\": 0.07003,\n    \"90\": 0.40054,\n    \"91\": 0.45096,\n    \"92\": 0.0112,\n    \"93\": 0.0028,\n    _: \"2 3 4 5 6 7 8 9 10 11 12 13 14 15 16 17 18 19 20 21 22 23 24 25 26 27 28 29 30 31 32 33 34 35 36 37 38 39 40 41 42 43 44 45 46 48 49 50 51 53 54 55 57 58 59 62 64 65 66 67 69 70 71 72 73 74 76 77 79 82 86 3.5 3.6\"\n  },\n  D: {\n    \"37\": 0.0028,\n    \"39\": 0.0028,\n    \"40\": 0.0084,\n    \"46\": 0.0084,\n    \"48\": 0.0112,\n    \"49\": 0.0056,\n    \"53\": 0.01401,\n    \"57\": 0.0056,\n    \"64\": 0.02801,\n    \"65\": 0.04482,\n    \"68\": 0.0056,\n    \"69\": 0.0112,\n    \"70\": 0.06162,\n    \"71\": 0.0028,\n    \"73\": 0.0056,\n    \"74\": 0.02241,\n    \"75\": 0.0056,\n    \"76\": 0.0028,\n    \"77\": 0.0084,\n    \"78\": 0.01401,\n    \"79\": 0.01401,\n    \"80\": 0.01401,\n    \"81\": 0.02521,\n    \"83\": 0.02241,\n    \"84\": 0.01401,\n    \"85\": 0.03081,\n    \"86\": 0.01401,\n    \"87\": 0.53499,\n    \"88\": 0.01681,\n    \"89\": 0.06722,\n    \"90\": 0.10364,\n    \"91\": 0.75627,\n    \"92\": 12.41683,\n    \"93\": 0.08123,\n    \"94\": 0.02241,\n    _: \"4 5 6 7 8 9 10 11 12 13 14 15 16 17 18 19 20 21 22 23 24 25 26 27 28 29 30 31 32 33 34 35 36 38 41 42 43 44 45 47 50 51 52 54 55 56 58 59 60 61 62 63 66 67 72 95 96\"\n  },\n  F: {\n    \"34\": 0.0056,\n    \"36\": 0.0028,\n    \"40\": 0.01681,\n    \"41\": 0.0028,\n    \"42\": 0.01401,\n    \"64\": 0.0028,\n    \"65\": 0.0084,\n    \"71\": 0.0028,\n    \"72\": 0.0056,\n    \"75\": 0.0056,\n    \"76\": 0.01961,\n    \"77\": 0.68064,\n    \"78\": 0.51258,\n    _: \"9 11 12 15 16 17 18 19 20 21 22 23 24 25 26 27 28 29 30 31 32 33 35 37 38 39 43 44 45 46 47 48 49 50 51 52 53 54 55 56 57 58 60 62 63 66 67 68 69 70 73 74 9.5-9.6 10.5 10.6 11.1 11.5 11.6 12.1\",\n    \"10.0-10.1\": 0\n  },\n  G: {\n    \"8\": 0.00032,\n    \"3.2\": 0,\n    \"4.0-4.1\": 0,\n    \"4.2-4.3\": 0.00128,\n    \"5.0-5.1\": 0.00257,\n    \"6.0-6.1\": 0.02633,\n    \"7.0-7.1\": 0.00642,\n    \"8.1-8.4\": 0.00546,\n    \"9.0-9.2\": 0.00225,\n    \"9.3\": 0.02183,\n    \"10.0-10.2\": 0.00257,\n    \"10.3\": 0.03661,\n    \"11.0-11.2\": 0.00995,\n    \"11.3-11.4\": 0.01317,\n    \"12.0-12.1\": 0.01156,\n    \"12.2-12.4\": 0.3256,\n    \"13.0-13.1\": 0.00931,\n    \"13.2\": 0.00257,\n    \"13.3\": 0.02729,\n    \"13.4-13.7\": 0.1339,\n    \"14.0-14.4\": 0.81527,\n    \"14.5-14.7\": 1.59811\n  },\n  E: {\n    \"4\": 0,\n    \"11\": 0.0084,\n    \"13\": 0.0084,\n    \"14\": 0.07843,\n    \"15\": 0.0084,\n    _: \"0 5 6 7 8 9 10 12 3.1 3.2 6.1 9.1 10.1\",\n    \"5.1\": 0.03921,\n    \"7.1\": 0.0056,\n    \"11.1\": 0.0056,\n    \"12.1\": 0.0084,\n    \"13.1\": 0.01961,\n    \"14.1\": 0.22408\n  },\n  B: {\n    \"12\": 0.03641,\n    \"13\": 0.01961,\n    \"14\": 0.01961,\n    \"15\": 0.05602,\n    \"16\": 0.03081,\n    \"17\": 0.03361,\n    \"18\": 0.06722,\n    \"80\": 0.01681,\n    \"84\": 0.01401,\n    \"85\": 0.02241,\n    \"88\": 0.06162,\n    \"89\": 0.03081,\n    \"90\": 0.03361,\n    \"91\": 0.19607,\n    \"92\": 2.05593,\n    _: \"79 81 83 86 87 93\"\n  },\n  P: {\n    \"4\": 0.53889,\n    \"5.0-5.4\": 0.06069,\n    \"6.2-6.4\": 0.0305,\n    \"7.2-7.4\": 0.67107,\n    \"8.2\": 0.01011,\n    \"9.2\": 0.04067,\n    \"10.1\": 0.01017,\n    \"11.1-11.2\": 0.25419,\n    \"12.0\": 0.10168,\n    \"13.0\": 0.27453,\n    \"14.0\": 1.85051\n  },\n  I: {\n    \"0\": 0,\n    \"3\": 0,\n    \"4\": 0.00097,\n    \"2.1\": 0,\n    \"2.2\": 0,\n    \"2.3\": 0,\n    \"4.1\": 0.00129,\n    \"4.2-4.3\": 0.00323,\n    \"4.4\": 0,\n    \"4.4.3-4.4.4\": 0.09529\n  },\n  K: {\n    _: \"0 10 11 12 11.1 11.5 12.1\"\n  },\n  A: {\n    \"11\": 0.2913,\n    _: \"6 7 8 9 10 5.5\"\n  },\n  J: {\n    \"7\": 0,\n    \"10\": 0.0144\n  },\n  N: {\n    \"11\": 0.02439,\n    _: \"10\"\n  },\n  R: {\n    _: \"0\"\n  },\n  M: {\n    \"0\": 0.06479\n  },\n  Q: {\n    \"10.4\": 0\n  },\n  O: {\n    \"0\": 1.29582\n  },\n  H: {\n    \"0\": 19.77191\n  },\n  L: {\n    \"0\": 49.5967\n  },\n  S: {\n    \"2.5\": 0.23037\n  }\n};","map":{"version":3,"sources":["C:/xampp/public_html/vamo/interface2/node_modules/caniuse-lite/data/regions/SZ.js"],"names":["module","exports","C","_","D","F","G","E","B","P","I","K","A","J","N","R","M","Q","O","H","L","S"],