{"ast":null,"code":"module.exports = {\n  C: {\n    \"2\": 0,\n    \"3\": 0,\n    \"4\": 0,\n    \"5\": 0.00192,\n    \"6\": 0,\n    \"7\": 0,\n    \"8\": 0,\n    \"9\": 0,\n    \"10\": 0,\n    \"11\": 0,\n    \"12\": 0,\n    \"13\": 0,\n    \"14\": 0,\n    \"15\": 0,\n    \"16\": 0,\n    \"17\": 0,\n    \"18\": 0,\n    \"19\": 0,\n    \"20\": 0,\n    \"21\": 0,\n    \"22\": 0,\n    \"23\": 0.00192,\n    \"24\": 0,\n    \"25\": 0,\n    \"26\": 0,\n    \"27\": 0.00192,\n    \"28\": 0,\n    \"29\": 0,\n    \"30\": 0,\n    \"31\": 0,\n    \"32\": 0,\n    \"33\": 0.00192,\n    \"34\": 0.00192,\n    \"35\": 0.00192,\n    \"36\": 0,\n    \"37\": 0.00192,\n    \"38\": 0.00192,\n    \"39\": 0.00192,\n    \"40\": 0,\n    \"41\": 0.00192,\n    \"42\": 0,\n    \"43\": 0.00384,\n    \"44\": 0,\n    \"45\": 0,\n    \"46\": 0,\n    \"47\": 0.00192,\n    \"48\": 0.00192,\n    \"49\": 0.00192,\n    \"50\": 0.00192,\n    \"51\": 0,\n    \"52\": 0,\n    \"53\": 0,\n    \"54\": 0,\n    \"55\": 0,\n    \"56\": 0.01153,\n    \"57\": 0.00192,\n    \"58\": 0.00192,\n    \"59\": 0,\n    \"60\": 0,\n    \"61\": 0,\n    \"62\": 0,\n    \"63\": 0.00192,\n    \"64\": 0,\n    \"65\": 0,\n    \"66\": 0.00192,\n    \"67\": 0,\n    \"68\": 0.00576,\n    \"69\": 0,\n    \"70\": 0,\n    \"71\": 0,\n    \"72\": 0.00768,\n    \"73\": 0,\n    \"74\": 0,\n    \"75\": 0,\n    \"76\": 0,\n    \"77\": 0,\n    \"78\": 0.00192,\n    \"79\": 0,\n    \"80\": 0,\n    \"81\": 0,\n    \"82\": 0,\n    \"83\": 0,\n    \"84\": 0.00192,\n    \"85\": 0.00192,\n    \"86\": 0.00192,\n    \"87\": 0.00192,\n    \"88\": 0.00384,\n    \"89\": 0.01537,\n    \"90\": 0.14023,\n    \"91\": 0.10181,\n    \"92\": 0.00192,\n    \"93\": 0,\n    \"3.5\": 0,\n    \"3.6\": 0\n  },\n  D: {\n    \"4\": 0,\n    \"5\": 0,\n    \"6\": 0,\n    \"7\": 0,\n    \"8\": 0,\n    \"9\": 0,\n    \"10\": 0,\n    \"11\": 0,\n    \"12\": 0,\n    \"13\": 0,\n    \"14\": 0,\n    \"15\": 0,\n    \"16\": 0,\n    \"17\": 0,\n    \"18\": 0,\n    \"19\": 0,\n    \"20\": 0,\n    \"21\": 0,\n    \"22\": 0,\n    \"23\": 0,\n    \"24\": 0,\n    \"25\": 0,\n    \"26\": 0,\n    \"27\": 0,\n    \"28\": 0,\n    \"29\": 0,\n    \"30\": 0,\n    \"31\": 0,\n    \"32\": 0,\n    \"33\": 0,\n    \"34\": 0.00192,\n    \"35\": 0,\n    \"36\": 0.00192,\n    \"37\": 0.00384,\n    \"38\": 0,\n    \"39\": 0,\n    \"40\": 0.00384,\n    \"41\": 0.00192,\n    \"42\": 0.00192,\n    \"43\": 0.02305,\n    \"44\": 0.00192,\n    \"45\": 0,\n    \"46\": 0.00192,\n    \"47\": 0,\n    \"48\": 0.00192,\n    \"49\": 0.00576,\n    \"50\": 0.00192,\n    \"51\": 0,\n    \"52\": 0.00192,\n    \"53\": 0,\n    \"54\": 0.00192,\n    \"55\": 0.00192,\n    \"56\": 0.00192,\n    \"57\": 0,\n    \"58\": 0.00192,\n    \"59\": 0.00192,\n    \"60\": 0.00192,\n    \"61\": 0.00192,\n    \"62\": 0.00576,\n    \"63\": 0.00384,\n    \"64\": 0.00384,\n    \"65\": 0.00192,\n    \"66\": 0.00192,\n    \"67\": 0.00384,\n    \"68\": 0.00192,\n    \"69\": 0,\n    \"70\": 0.00384,\n    \"71\": 0.00192,\n    \"72\": 0.00384,\n    \"73\": 0.00384,\n    \"74\": 0.00384,\n    \"75\": 0.00192,\n    \"76\": 0.00384,\n    \"77\": 0.00576,\n    \"78\": 0.00384,\n    \"79\": 0.00768,\n    \"80\": 0.00576,\n    \"81\": 0.01537,\n    \"83\": 0.00576,\n    \"84\": 0.00576,\n    \"85\": 0.00768,\n    \"86\": 0.01345,\n    \"87\": 0.04803,\n    \"88\": 0.02305,\n    \"89\": 0.01921,\n    \"90\": 0.02305,\n    \"91\": 0.12102,\n    \"92\": 1.92292,\n    \"93\": 0.00384,\n    \"94\": 0.00192,\n    \"95\": 0,\n    \"96\": 0\n  },\n  F: {\n    \"9\": 0,\n    \"11\": 0,\n    \"12\": 0,\n    \"15\": 0,\n    \"16\": 0,\n    \"17\": 0,\n    \"18\": 0,\n    \"19\": 0,\n    \"20\": 0,\n    \"21\": 0,\n    \"22\": 0,\n    \"23\": 0,\n    \"24\": 0,\n    \"25\": 0,\n    \"26\": 0,\n    \"27\": 0,\n    \"28\": 0.00192,\n    \"29\": 0.00192,\n    \"30\": 0,\n    \"31\": 0,\n    \"32\": 0,\n    \"33\": 0,\n    \"34\": 0,\n    \"35\": 0,\n    \"36\": 0,\n    \"37\": 0.00192,\n    \"38\": 0.00192,\n    \"39\": 0,\n    \"40\": 0,\n    \"41\": 0,\n    \"42\": 0,\n    \"43\": 0,\n    \"44\": 0,\n    \"45\": 0,\n    \"46\": 0,\n    \"47\": 0,\n    \"48\": 0,\n    \"49\": 0,\n    \"50\": 0.00192,\n    \"51\": 0.00192,\n    \"52\": 0,\n    \"53\": 0,\n    \"54\": 0.00384,\n    \"55\": 0.00192,\n    \"56\": 0.00192,\n    \"57\": 0.00576,\n    \"58\": 0.07108,\n    \"60\": 0,\n    \"62\": 0,\n    \"63\": 0,\n    \"64\": 0.00384,\n    \"65\": 0.00192,\n    \"66\": 0,\n    \"67\": 0,\n    \"68\": 0,\n    \"69\": 0,\n    \"70\": 0,\n    \"71\": 0,\n    \"72\": 0,\n    \"73\": 0,\n    \"74\": 0,\n    \"75\": 0,\n    \"76\": 0.00192,\n    \"77\": 0.13255,\n    \"78\": 0.08645,\n    \"9.5-9.6\": 0,\n    \"10.0-10.1\": 0,\n    \"10.5\": 0,\n    \"10.6\": 0,\n    \"11.1\": 0,\n    \"11.5\": 0,\n    \"11.6\": 0,\n    \"12.1\": 0.00192\n  },\n  G: {\n    \"8\": 0,\n    \"3.2\": 0,\n    \"4.0-4.1\": 0,\n    \"4.2-4.3\": 0,\n    \"5.0-5.1\": 0.00798,\n    \"6.0-6.1\": 0.00199,\n    \"7.0-7.1\": 0.03691,\n    \"8.1-8.4\": 0,\n    \"9.0-9.2\": 0.01496,\n    \"9.3\": 0.07282,\n    \"10.0-10.2\": 0.02294,\n    \"10.3\": 0.13366,\n    \"11.0-11.2\": 0.15162,\n    \"11.3-11.4\": 0.1596,\n    \"12.0-12.1\": 0.14464,\n    \"12.2-12.4\": 0.50572,\n    \"13.0-13.1\": 0.11371,\n    \"13.2\": 0.05985,\n    \"13.3\": 0.34214,\n    \"13.4-13.7\": 0.396,\n    \"14.0-14.4\": 2.87475,\n    \"14.5-14.7\": 4.15353\n  },\n  E: {\n    \"4\": 0,\n    \"5\": 0,\n    \"6\": 0,\n    \"7\": 0,\n    \"8\": 0,\n    \"9\": 0,\n    \"10\": 0,\n    \"11\": 0,\n    \"12\": 0.00192,\n    \"13\": 0.00192,\n    \"14\": 0.01921,\n    \"15\": 0.01153,\n    _: \"0\",\n    \"3.1\": 0,\n    \"3.2\": 0,\n    \"5.1\": 0,\n    \"6.1\": 0,\n    \"7.1\": 0,\n    \"9.1\": 0.00192,\n    \"10.1\": 0,\n    \"11.1\": 0,\n    \"12.1\": 0,\n    \"13.1\": 0.00576,\n    \"14.1\": 0.09797\n  },\n  B: {\n    \"12\": 0.00384,\n    \"13\": 0.00384,\n    \"14\": 0.00384,\n    \"15\": 0.00384,\n    \"16\": 0.00768,\n    \"17\": 0.00576,\n    \"18\": 0.02497,\n    \"79\": 0,\n    \"80\": 0,\n    \"81\": 0.00192,\n    \"83\": 0,\n    \"84\": 0.00384,\n    \"85\": 0.00192,\n    \"86\": 0,\n    \"87\": 0,\n    \"88\": 0,\n    \"89\": 0.00576,\n    \"90\": 0.00384,\n    \"91\": 0.01153,\n    \"92\": 0.13831,\n    \"93\": 0\n  },\n  P: {\n    \"4\": 1.52088,\n    \"5.0-5.4\": 0.42303,\n    \"6.2-6.4\": 0.24173,\n    \"7.2-7.4\": 0.78562,\n    \"8.2\": 0.10072,\n    \"9.2\": 0.58418,\n    \"10.1\": 0.10072,\n    \"11.1-11.2\": 0.46331,\n    \"12.0\": 0.19137,\n    \"13.0\": 0.48346,\n    \"14.0\": 1.91369\n  },\n  I: {\n    \"0\": 0,\n    \"3\": 0,\n    \"4\": 0,\n    \"2.1\": 0,\n    \"2.2\": 0,\n    \"2.3\": 0,\n    \"4.1\": 0.01576,\n    \"4.2-4.3\": 0.06433,\n    \"4.4\": 0,\n    \"4.4.3-4.4.4\": 0.47528\n  },\n  K: {\n    _: \"0 10 11 12 11.1 11.5 12.1\"\n  },\n  A: {\n    \"6\": 0,\n    \"7\": 0,\n    \"8\": 0,\n    \"9\": 0.00768,\n    \"10\": 0,\n    \"11\": 0.12487,\n    \"5.5\": 0\n  },\n  J: {\n    \"7\": 0,\n    \"10\": 0.00808\n  },\n  N: {\n    \"10\": 0,\n    \"11\": 0\n  },\n  R: {\n    _: \"0\"\n  },\n  M: {\n    \"0\": 0.11311\n  },\n  Q: {\n    \"10.4\": 0\n  },\n  O: {\n    \"0\": 2.69839\n  },\n  H: {\n    \"0\": 1.29263\n  },\n  L: {\n    \"0\": 73.49726\n  },\n  S: {\n    \"2.5\": 0.00808\n  }\n};","map":{"version":3,"sources":["C:/xampp/public_html/vamo/interface2/node_modules/caniuse-lite/data/regions/AF.js"],"names":["module","exports","C","D","F","G","E","_","B","P","I","K","A","J","N","R","M","Q","O","H","L","S"],