{"ast":null,"code":"module.exports = {\n  C: {\n    \"52\": 0.00815,\n    \"78\": 0.04889,\n    \"84\": 0.00407,\n    \"86\": 0.00407,\n    \"87\": 0.02037,\n    \"88\": 0.01222,\n    \"89\": 0.03667,\n    \"90\": 0.43184,\n    \"91\": 0.55814,\n    \"92\": 0.00815,\n    _: \"2 3 4 5 6 7 8 9 10 11 12 13 14 15 16 17 18 19 20 21 22 23 24 25 26 27 28 29 30 31 32 33 34 35 36 37 38 39 40 41 42 43 44 45 46 47 48 49 50 51 53 54 55 56 57 58 59 60 61 62 63 64 65 66 67 68 69 70 71 72 73 74 75 76 77 79 80 81 82 83 85 93 3.5 3.6\"\n  },\n  D: {\n    \"11\": 0.00407,\n    \"40\": 0.00407,\n    \"47\": 0.00815,\n    \"49\": 0.25259,\n    \"50\": 0.0163,\n    \"53\": 0.02037,\n    \"55\": 0.00815,\n    \"56\": 0.00407,\n    \"59\": 0.0163,\n    \"60\": 0.00407,\n    \"62\": 0.00407,\n    \"63\": 0.00815,\n    \"65\": 0.00815,\n    \"67\": 0.03667,\n    \"68\": 0.00815,\n    \"69\": 0.0163,\n    \"70\": 0.02037,\n    \"71\": 0.00407,\n    \"72\": 0.00407,\n    \"73\": 0.0163,\n    \"74\": 0.37888,\n    \"75\": 0.12629,\n    \"76\": 0.11815,\n    \"77\": 0.02852,\n    \"78\": 0.05296,\n    \"79\": 0.13852,\n    \"80\": 0.03667,\n    \"81\": 0.10185,\n    \"83\": 0.03667,\n    \"84\": 0.11,\n    \"85\": 0.02037,\n    \"86\": 0.04889,\n    \"87\": 0.14259,\n    \"88\": 0.05296,\n    \"89\": 0.11815,\n    \"90\": 0.21592,\n    \"91\": 1.97589,\n    \"92\": 22.49663,\n    \"93\": 0.12222,\n    \"94\": 0.06518,\n    \"95\": 0.00815,\n    _: \"4 5 6 7 8 9 10 12 13 14 15 16 17 18 19 20 21 22 23 24 25 26 27 28 29 30 31 32 33 34 35 36 37 38 39 41 42 43 44 45 46 48 51 52 54 57 58 61 64 66 96\"\n  },\n  F: {\n    \"28\": 0.00407,\n    \"57\": 0.00815,\n    \"74\": 0.00815,\n    \"77\": 0.48888,\n    \"78\": 0.36259,\n    _: \"9 11 12 15 16 17 18 19 20 21 22 23 24 25 26 27 29 30 31 32 33 34 35 36 37 38 39 40 41 42 43 44 45 46 47 48 49 50 51 52 53 54 55 56 58 60 62 63 64 65 66 67 68 69 70 71 72 73 75 76 9.5-9.6 10.5 10.6 11.1 11.5 11.6 12.1\",\n    \"10.0-10.1\": 0\n  },\n  G: {\n    \"8\": 0,\n    \"3.2\": 0.01058,\n    \"4.0-4.1\": 0,\n    \"4.2-4.3\": 0,\n    \"5.0-5.1\": 0.01984,\n    \"6.0-6.1\": 0,\n    \"7.0-7.1\": 0.46423,\n    \"8.1-8.4\": 0.00265,\n    \"9.0-9.2\": 0,\n    \"9.3\": 0.21823,\n    \"10.0-10.2\": 0.00265,\n    \"10.3\": 0.13094,\n    \"11.0-11.2\": 0.15739,\n    \"11.3-11.4\": 0.01984,\n    \"12.0-12.1\": 0.03836,\n    \"12.2-12.4\": 0.08068,\n    \"13.0-13.1\": 0.01984,\n    \"13.2\": 0.00265,\n    \"13.3\": 0.11771,\n    \"13.4-13.7\": 0.24997,\n    \"14.0-14.4\": 1.38873,\n    \"14.5-14.7\": 9.61134\n  },\n  E: {\n    \"4\": 0,\n    \"13\": 0.02444,\n    \"14\": 0.29333,\n    \"15\": 0.02037,\n    _: \"0 5 6 7 8 9 10 11 12 3.1 3.2 6.1 7.1 9.1\",\n    \"5.1\": 0.02037,\n    \"10.1\": 0.00815,\n    \"11.1\": 0.02037,\n    \"12.1\": 0.0163,\n    \"13.1\": 0.14259,\n    \"14.1\": 1.4422\n  },\n  B: {\n    \"12\": 0.00407,\n    \"13\": 0.00815,\n    \"14\": 0.00815,\n    \"15\": 0.03667,\n    \"16\": 0.04074,\n    \"17\": 0.0163,\n    \"18\": 0.09778,\n    \"80\": 0.00815,\n    \"84\": 0.01222,\n    \"86\": 0.00815,\n    \"87\": 0.02037,\n    \"88\": 0.00407,\n    \"89\": 0.03259,\n    \"90\": 0.01222,\n    \"91\": 0.13444,\n    \"92\": 5.06398,\n    _: \"79 81 83 85 93\"\n  },\n  P: {\n    \"4\": 0.39213,\n    \"5.0-5.4\": 0.01033,\n    \"6.2-6.4\": 0.01036,\n    \"7.2-7.4\": 0.23964,\n    \"8.2\": 0.01026,\n    \"9.2\": 0.06536,\n    \"10.1\": 0.02179,\n    \"11.1-11.2\": 0.38124,\n    \"12.0\": 0.09803,\n    \"13.0\": 0.23964,\n    \"14.0\": 3.649\n  },\n  I: {\n    \"0\": 0,\n    \"3\": 0,\n    \"4\": 0.00115,\n    \"2.1\": 0,\n    \"2.2\": 0,\n    \"2.3\": 0,\n    \"4.1\": 0.00115,\n    \"4.2-4.3\": 0.00269,\n    \"4.4\": 0,\n    \"4.4.3-4.4.4\": 0.05427\n  },\n  K: {\n    _: \"0 10 11 12 11.1 11.5 12.1\"\n  },\n  A: {\n    \"8\": 0.04575,\n    \"10\": 0.00915,\n    \"11\": 0.2425,\n    _: \"6 7 9 5.5\"\n  },\n  J: {\n    \"7\": 0,\n    \"10\": 0.01185\n  },\n  N: {\n    \"11\": 0.02439,\n    _: \"10\"\n  },\n  R: {\n    _: \"0\"\n  },\n  M: {\n    \"0\": 0.11854\n  },\n  Q: {\n    \"10.4\": 0\n  },\n  O: {\n    \"0\": 0.60455\n  },\n  H: {\n    \"0\": 0.30301\n  },\n  L: {\n    \"0\": 43.78129\n  },\n  S: {\n    \"2.5\": 0\n  }\n};","map":{"version":3,"sources":["C:/xampp/public_html/vamo/interface2/node_modules/caniuse-lite/data/regions/JM.js"],"names":["module","exports","C","_","D","F","G","E","B","P","I","K","A","J","N","R","M","Q","O","H","L","S"],"mappings":"AAAAA,MAAM,CAACC,OAAP,GAAe;AAACC,EAAAA,CAAC,EAAC;AAAC,UAAK,OAAN;AAAc,UAAK,OAAnB;AAA2B,UAAK,OAAhC;AAAwC,UAAK,OAA7C;AAAqD,UAAK,OAA1D;AAAkE,UAAK,OAAvE;AAA+E,UAAK,OAApF;AAA4F,UAAK,OAAjG;AAAyG,UAAK,OAA9G;AAAsH,UAAK,OAA3H;AAAmIC,IAAAA,CAAC,EAAC;AAArI,GAAH;AAAiYC,EAAAA,CAAC,EAAC;AAAC,UAAK,OAAN;AAAc,UAAK,OAAnB;AAA2B,UAAK,OAAhC;AAAwC,UAAK,OAA7C;AAAqD,UAAK,MAA1D;AAAiE,UAAK,OAAtE;AAA8E,UAAK,OAAnF;AAA2F,UAAK,OAAhG;AAAwG,UAAK,MAA7G;AAAoH,UAAK,OAAzH;AAAiI,UAAK,OAAtI;AAA8I,UAAK,OAAnJ;AAA2J,UAAK,OAAhK;AAAwK,UAAK,OAA7K;AAAqL,UAAK,OAA1L;AAAkM,UAAK,MAAvM;AAA8M,UAAK,OAAnN;AAA2N,UAAK,OAAhO;AAAwO,UAAK,OAA7O;AAAqP,UAAK,MAA1P;AAAiQ,UAAK,OAAtQ;AAA8Q,UAAK,OAAnR;AAA2R,UAAK,OAAhS;AAAwS,UAAK,OAA7S;AAAqT,UAAK,OAA1T;AAAkU,UAAK,OAAvU;AAA+U,UAAK,OAApV;AAA4V,UAAK,OAAjW;AAAyW,UAAK,OAA9W;AAAsX,UAAK,IAA3X;AAAgY,UAAK,OAArY;AAA6Y,UAAK,OAAlZ;AAA0Z,UAAK,OAA/Z;AAAua,UAAK,OAA5a;AAAob,UAAK,OAAzb;AAAic,UAAK,OAAtc;AAA8c,UAAK,OAAnd;AAA2d,UAAK,QAAhe;AAAye,UAAK,OAA9e;AAAsf,UAAK,OAA3f;AAAmgB,UAAK,OAAxgB;AAAghBD,IAAAA,CAAC,EAAC;AAAlhB,GAAnY;AAA2iCE,EAAAA,CAAC,EAAC;AAAC,UAAK,OAAN;AAAc,UAAK,OAAnB;AAA2B,UAAK,OAAhC;AAAwC,UAAK,OAA7C;AAAqD,UAAK,OAA1D;AAAkEF,IAAAA,CAAC,EAAC,0NAApE;AAA+R,iBAAY;AAA3S,GAA7iC;AAA21CG,EAAAA,CAAC,EAAC;AAAC,SAAI,CAAL;AAAO,WAAM,OAAb;AAAqB,eAAU,CAA/B;AAAiC,eAAU,CAA3C;AAA6C,eAAU,OAAvD;AAA+D,eAAU,CAAzE;AAA2E,eAAU,OAArF;AAA6F,eAAU,OAAvG;AAA+G,eAAU,CAAzH;AAA2H,WAAM,OAAjI;AAAyI,iBAAY,OAArJ;AAA6J,YAAO,OAApK;AAA4K,iBAAY,OAAxL;AAAgM,iBAAY,OAA5M;AAAoN,iBAAY,OAAhO;AAAwO,iBAAY,OAApP;AAA4P,iBAAY,OAAxQ;AAAgR,YAAO,OAAvR;AAA+R,YAAO,OAAtS;AAA8S,iBAAY,OAA1T;AAAkU,iBAAY,OAA9U;AAAsV,iBAAY;AAAlW,GAA71C;AAAwsDC,EAAAA,CAAC,EAAC;AAAC,SAAI,CAAL;AAAO,UAAK,OAAZ;AAAoB,UAAK,OAAzB;AAAiC,UAAK,OAAtC;AAA8CJ,IAAAA,CAAC,EAAC,0CAAhD;AAA2F,WAAM,OAAjG;AAAyG,YAAO,OAAhH;AAAwH,YAAO,OAA/H;AAAuI,YAAO,MAA9I;AAAqJ,YAAO,OAA5J;AAAoK,YAAO;AAA3K,GAA1sD;AAA63DK,EAAAA,CAAC,EAAC;AAAC,UAAK,OAAN;AAAc,UAAK,OAAnB;AAA2B,UAAK,OAAhC;AAAwC,UAAK,OAA7C;AAAqD,UAAK,OAA1D;AAAkE,UAAK,MAAvE;AAA8E,UAAK,OAAnF;AAA2F,UAAK,OAAhG;AAAwG,UAAK,OAA7G;AAAqH,UAAK,OAA1H;AAAkI,UAAK,OAAvI;AAA+I,UAAK,OAApJ;AAA4J,UAAK,OAAjK;AAAyK,UAAK,OAA9K;AAAsL,UAAK,OAA3L;AAAmM,UAAK,OAAxM;AAAgNL,IAAAA,CAAC,EAAC;AAAlN,GAA/3D;AAAmmEM,EAAAA,CAAC,EAAC;AAAC,SAAI,OAAL;AAAa,eAAU,OAAvB;AAA+B,eAAU,OAAzC;AAAiD,eAAU,OAA3D;AAAmE,WAAM,OAAzE;AAAiF,WAAM,OAAvF;AAA+F,YAAO,OAAtG;AAA8G,iBAAY,OAA1H;AAAkI,YAAO,OAAzI;AAAiJ,YAAO,OAAxJ;AAAgK,YAAO;AAAvK,GAArmE;AAAmxEC,EAAAA,CAAC,EAAC;AAAC,SAAI,CAAL;AAAO,SAAI,CAAX;AAAa,SAAI,OAAjB;AAAyB,WAAM,CAA/B;AAAiC,WAAM,CAAvC;AAAyC,WAAM,CAA/C;AAAiD,WAAM,OAAvD;AAA+D,eAAU,OAAzE;AAAiF,WAAM,CAAvF;AAAyF,mBAAc;AAAvG,GAArxE;AAAq4EC,EAAAA,CAAC,EAAC;AAACR,IAAAA,CAAC,EAAC;AAAH,GAAv4E;AAAu6ES,EAAAA,CAAC,EAAC;AAAC,SAAI,OAAL;AAAa,UAAK,OAAlB;AAA0B,UAAK,MAA/B;AAAsCT,IAAAA,CAAC,EAAC;AAAxC,GAAz6E;AAA89EU,EAAAA,CAAC,EAAC;AAAC,SAAI,CAAL;AAAO,UAAK;AAAZ,GAAh+E;AAAq/EC,EAAAA,CAAC,EAAC;AAAC,UAAK,OAAN;AAAcX,IAAAA,CAAC,EAAC;AAAhB,GAAv/E;AAA6gFY,EAAAA,CAAC,EAAC;AAACZ,IAAAA,CAAC,EAAC;AAAH,GAA/gF;AAAuhFa,EAAAA,CAAC,EAAC;AAAC,SAAI;AAAL,GAAzhF;AAAuiFC,EAAAA,CAAC,EAAC;AAAC,YAAO;AAAR,GAAziF;AAAojFC,EAAAA,CAAC,EAAC;AAAC,SAAI;AAAL,GAAtjF;AAAokFC,EAAAA,CAAC,EAAC;AAAC,SAAI;AAAL,GAAtkF;AAAolFC,EAAAA,CAAC,EAAC;AAAC,SAAI;AAAL,GAAtlF;AAAqmFC,EAAAA,CAAC,EAAC;AAAC,WAAM;AAAP;AAAvmF,CAAf",