{"ast":null,"code":"module.exports = {\n  C: {\n    \"29\": 0.00168,\n    \"30\": 0.00838,\n    \"32\": 0.00335,\n    \"34\": 0.00503,\n    \"35\": 0.00168,\n    \"36\": 0.00168,\n    \"37\": 0.00335,\n    \"38\": 0.00335,\n    \"39\": 0.00335,\n    \"40\": 0.00335,\n    \"41\": 0.00168,\n    \"42\": 0.00168,\n    \"43\": 0.00838,\n    \"44\": 0.0067,\n    \"45\": 0.00503,\n    \"46\": 0.00168,\n    \"47\": 0.01006,\n    \"48\": 0.0067,\n    \"49\": 0.00335,\n    \"52\": 0.08045,\n    \"56\": 0.00503,\n    \"57\": 0.00335,\n    \"63\": 0.00168,\n    \"65\": 0.00335,\n    \"66\": 0.00503,\n    \"67\": 0.00168,\n    \"68\": 0.00503,\n    \"69\": 0.00168,\n    \"72\": 0.01006,\n    \"77\": 0.00335,\n    \"78\": 0.03687,\n    \"81\": 0.00335,\n    \"83\": 0.00335,\n    \"84\": 0.00335,\n    \"85\": 0.00503,\n    \"87\": 0.00503,\n    \"88\": 0.02179,\n    \"89\": 0.11564,\n    \"90\": 0.57654,\n    \"91\": 0.85979,\n    \"92\": 0.06872,\n    _: \"2 3 4 5 6 7 8 9 10 11 12 13 14 15 16 17 18 19 20 21 22 23 24 25 26 27 28 31 33 50 51 53 54 55 58 59 60 61 62 64 70 71 73 74 75 76 79 80 82 86 93 3.5 3.6\"\n  },\n  D: {\n    \"11\": 0.0067,\n    \"21\": 0.00503,\n    \"31\": 0.00168,\n    \"33\": 0.00168,\n    \"37\": 0.00335,\n    \"38\": 0.00335,\n    \"40\": 0.00168,\n    \"43\": 0.00335,\n    \"47\": 0.00168,\n    \"49\": 0.03687,\n    \"50\": 0.0067,\n    \"55\": 0.01006,\n    \"57\": 0.01006,\n    \"58\": 0.00335,\n    \"60\": 0.0067,\n    \"63\": 0.01006,\n    \"64\": 0.01006,\n    \"65\": 0.00503,\n    \"66\": 0.00335,\n    \"67\": 0.00503,\n    \"68\": 0.00335,\n    \"69\": 0.00335,\n    \"70\": 0.01173,\n    \"71\": 0.00503,\n    \"72\": 0.00335,\n    \"73\": 0.00335,\n    \"74\": 0.01006,\n    \"75\": 0.0067,\n    \"76\": 0.00168,\n    \"77\": 0.0067,\n    \"78\": 0.00335,\n    \"79\": 0.01844,\n    \"80\": 0.03017,\n    \"81\": 0.01341,\n    \"83\": 0.01508,\n    \"84\": 0.01844,\n    \"85\": 0.01341,\n    \"86\": 0.02849,\n    \"87\": 0.03855,\n    \"88\": 0.03687,\n    \"89\": 0.04358,\n    \"90\": 0.0771,\n    \"91\": 0.38213,\n    \"92\": 7.09954,\n    \"93\": 0.0352,\n    \"94\": 0.01341,\n    \"95\": 0.00168,\n    _: \"4 5 6 7 8 9 10 12 13 14 15 16 17 18 19 20 22 23 24 25 26 27 28 29 30 32 34 35 36 39 41 42 44 45 46 48 51 52 53 54 56 59 61 62 96\"\n  },\n  F: {\n    \"19\": 0.00838,\n    \"36\": 0.00168,\n    \"60\": 0.00335,\n    \"64\": 0.01006,\n    \"65\": 0.00838,\n    \"66\": 0.00335,\n    \"67\": 0.00503,\n    \"72\": 0.00168,\n    \"74\": 0.01173,\n    \"75\": 0.00335,\n    \"76\": 0.00503,\n    \"77\": 0.5933,\n    \"78\": 0.32682,\n    _: \"9 11 12 15 16 17 18 20 21 22 23 24 25 26 27 28 29 30 31 32 33 34 35 37 38 39 40 41 42 43 44 45 46 47 48 49 50 51 52 53 54 55 56 57 58 62 63 68 69 70 71 73 9.5-9.6 10.5 10.6 11.1 11.5 11.6 12.1\",\n    \"10.0-10.1\": 0\n  },\n  G: {\n    \"8\": 0,\n    \"3.2\": 0,\n    \"4.0-4.1\": 0,\n    \"4.2-4.3\": 0.00042,\n    \"5.0-5.1\": 0.00833,\n    \"6.0-6.1\": 0,\n    \"7.0-7.1\": 0.03665,\n    \"8.1-8.4\": 0,\n    \"9.0-9.2\": 0.0025,\n    \"9.3\": 0.05539,\n    \"10.0-10.2\": 0.00208,\n    \"10.3\": 0.05456,\n    \"11.0-11.2\": 0.0404,\n    \"11.3-11.4\": 0.04789,\n    \"12.0-12.1\": 0.0608,\n    \"12.2-12.4\": 0.21739,\n    \"13.0-13.1\": 0.04623,\n    \"13.2\": 0.01374,\n    \"13.3\": 0.09662,\n    \"13.4-13.7\": 0.20614,\n    \"14.0-14.4\": 1.00573,\n    \"14.5-14.7\": 1.55128\n  },\n  E: {\n    \"4\": 0,\n    \"11\": 0.00168,\n    \"12\": 0.0067,\n    \"13\": 0.01006,\n    \"14\": 0.06201,\n    \"15\": 0.00335,\n    _: \"0 5 6 7 8 9 10 3.1 3.2 5.1 7.1 9.1\",\n    \"6.1\": 0.00335,\n    \"10.1\": 0.00503,\n    \"11.1\": 0.01173,\n    \"12.1\": 0.01341,\n    \"13.1\": 0.10224,\n    \"14.1\": 0.15084\n  },\n  B: {\n    \"12\": 0.02346,\n    \"13\": 0.01676,\n    \"14\": 0.00838,\n    \"15\": 0.01341,\n    \"16\": 0.01341,\n    \"17\": 0.00838,\n    \"18\": 0.07374,\n    \"84\": 0.01006,\n    \"85\": 0.01006,\n    \"86\": 0.00335,\n    \"87\": 0.00335,\n    \"88\": 0.00335,\n    \"89\": 0.02346,\n    \"90\": 0.01676,\n    \"91\": 0.07207,\n    \"92\": 1.0123,\n    _: \"79 80 81 83 93\"\n  },\n  P: {\n    \"4\": 0.34219,\n    \"5.0-5.4\": 0.02074,\n    \"6.2-6.4\": 0.01037,\n    \"7.2-7.4\": 0.12443,\n    \"8.2\": 0.03024,\n    \"9.2\": 0.12443,\n    \"10.1\": 0.01037,\n    \"11.1-11.2\": 0.1348,\n    \"12.0\": 0.09332,\n    \"13.0\": 0.1348,\n    \"14.0\": 0.79844\n  },\n  I: {\n    \"0\": 0,\n    \"3\": 0,\n    \"4\": 0.00097,\n    \"2.1\": 0,\n    \"2.2\": 0,\n    \"2.3\": 0,\n    \"4.1\": 0.00194,\n    \"4.2-4.3\": 0.00776,\n    \"4.4\": 0,\n    \"4.4.3-4.4.4\": 0.08922\n  },\n  K: {\n    _: \"0 10 11 12 11.1 11.5 12.1\"\n  },\n  A: {\n    \"8\": 0.00779,\n    \"11\": 0.25702,\n    _: \"6 7 9 10 5.5\"\n  },\n  J: {\n    \"7\": 0,\n    \"10\": 0.01665\n  },\n  N: {\n    \"11\": 0.01983,\n    _: \"10\"\n  },\n  R: {\n    _: \"0\"\n  },\n  M: {\n    \"0\": 0.13318\n  },\n  Q: {\n    \"10.4\": 0.00832\n  },\n  O: {\n    \"0\": 1.39843\n  },\n  H: {\n    \"0\": 34.9821\n  },\n  L: {\n    \"0\": 42.12709\n  },\n  S: {\n    \"2.5\": 0.48279\n  }\n};","map":{"version":3,"sources":["C:/xampp/public_html/vamo/interface2/node_modules/caniuse-lite/data/regions/TZ.js"],"names":["module","exports","C","_","D","F","G","E","B","P","I","K","A","J","N","R","M","Q","O","H","L","S"],