{"ast":null,"code":"module.exports = {\n  C: {\n    \"2\": 0.33159,\n    \"3\": 0,\n    \"4\": 0,\n    \"5\": 0,\n    \"6\": 0,\n    \"7\": 0,\n    \"8\": 0,\n    \"9\": 0,\n    \"10\": 0,\n    \"11\": 0,\n    \"12\": 0,\n    \"13\": 0,\n    \"14\": 0,\n    \"15\": 0.33595,\n    \"16\": 0,\n    \"17\": 0,\n    \"18\": 0.33159,\n    \"19\": 0,\n    \"20\": 0,\n    \"21\": 0.32723,\n    \"22\": 0,\n    \"23\": 0.32723,\n    \"24\": 0,\n    \"25\": 0.65445,\n    \"26\": 0,\n    \"27\": 0,\n    \"28\": 0,\n    \"29\": 0,\n    \"30\": 0.33159,\n    \"31\": 0,\n    \"32\": 0,\n    \"33\": 0,\n    \"34\": 0,\n    \"35\": 0,\n    \"36\": 0,\n    \"37\": 0,\n    \"38\": 0,\n    \"39\": 0,\n    \"40\": 0,\n    \"41\": 0,\n    \"42\": 0,\n    \"43\": 0,\n    \"44\": 0,\n    \"45\": 0,\n    \"46\": 0,\n    \"47\": 0,\n    \"48\": 0,\n    \"49\": 0,\n    \"50\": 0,\n    \"51\": 0.33159,\n    \"52\": 0.01745,\n    \"53\": 0,\n    \"54\": 0,\n    \"55\": 0,\n    \"56\": 0,\n    \"57\": 0,\n    \"58\": 0,\n    \"59\": 0,\n    \"60\": 0,\n    \"61\": 0,\n    \"62\": 0,\n    \"63\": 0,\n    \"64\": 0,\n    \"65\": 0.00436,\n    \"66\": 0,\n    \"67\": 0,\n    \"68\": 0.00436,\n    \"69\": 0,\n    \"70\": 0,\n    \"71\": 0,\n    \"72\": 0,\n    \"73\": 0,\n    \"74\": 0,\n    \"75\": 0,\n    \"76\": 0,\n    \"77\": 0,\n    \"78\": 0.00873,\n    \"79\": 0,\n    \"80\": 0,\n    \"81\": 0,\n    \"82\": 0,\n    \"83\": 0,\n    \"84\": 0.01309,\n    \"85\": 0,\n    \"86\": 0,\n    \"87\": 0.00436,\n    \"88\": 0.00873,\n    \"89\": 0.01745,\n    \"90\": 0.14834,\n    \"91\": 0.19634,\n    \"92\": 0.00436,\n    \"93\": 0,\n    \"3.5\": 0,\n    \"3.6\": 0\n  },\n  D: {\n    \"4\": 0,\n    \"5\": 0,\n    \"6\": 0,\n    \"7\": 0,\n    \"8\": 0,\n    \"9\": 0,\n    \"10\": 0,\n    \"11\": 0,\n    \"12\": 0,\n    \"13\": 0,\n    \"14\": 0,\n    \"15\": 0,\n    \"16\": 0,\n    \"17\": 0,\n    \"18\": 0,\n    \"19\": 0.33595,\n    \"20\": 0,\n    \"21\": 0,\n    \"22\": 0,\n    \"23\": 0,\n    \"24\": 0.99476,\n    \"25\": 0,\n    \"26\": 0,\n    \"27\": 0,\n    \"28\": 0,\n    \"29\": 0,\n    \"30\": 0.33159,\n    \"31\": 0,\n    \"32\": 0,\n    \"33\": 0.33595,\n    \"34\": 0,\n    \"35\": 0.6719,\n    \"36\": 0,\n    \"37\": 0,\n    \"38\": 0,\n    \"39\": 0,\n    \"40\": 0,\n    \"41\": 0,\n    \"42\": 0,\n    \"43\": 0.00436,\n    \"44\": 0,\n    \"45\": 0,\n    \"46\": 0,\n    \"47\": 0,\n    \"48\": 0,\n    \"49\": 0.03054,\n    \"50\": 0,\n    \"51\": 0,\n    \"52\": 0,\n    \"53\": 0,\n    \"54\": 0.33159,\n    \"55\": 0.33159,\n    \"56\": 1.64921,\n    \"57\": 0,\n    \"58\": 0.00436,\n    \"59\": 0,\n    \"60\": 0,\n    \"61\": 0.01309,\n    \"62\": 0,\n    \"63\": 0.00436,\n    \"64\": 0,\n    \"65\": 0,\n    \"66\": 0,\n    \"67\": 0.00436,\n    \"68\": 0.00436,\n    \"69\": 0,\n    \"70\": 0.00436,\n    \"71\": 0,\n    \"72\": 0.00873,\n    \"73\": 0,\n    \"74\": 0.00873,\n    \"75\": 0.00873,\n    \"76\": 0,\n    \"77\": 0.00436,\n    \"78\": 0.00436,\n    \"79\": 0.01745,\n    \"80\": 0.00436,\n    \"81\": 0.01745,\n    \"83\": 0.01745,\n    \"84\": 0.01309,\n    \"85\": 0.01309,\n    \"86\": 0.02182,\n    \"87\": 0.17452,\n    \"88\": 0.02182,\n    \"89\": 0.02182,\n    \"90\": 0.0349,\n    \"91\": 0.19197,\n    \"92\": 3.4555,\n    \"93\": 0.00436,\n    \"94\": 0.00436,\n    \"95\": 0,\n    \"96\": 0\n  },\n  F: {\n    \"9\": 0,\n    \"11\": 0,\n    \"12\": 0,\n    \"15\": 0,\n    \"16\": 0,\n    \"17\": 0,\n    \"18\": 0,\n    \"19\": 0,\n    \"20\": 0,\n    \"21\": 0,\n    \"22\": 0,\n    \"23\": 0,\n    \"24\": 0,\n    \"25\": 0,\n    \"26\": 0,\n    \"27\": 0,\n    \"28\": 0,\n    \"29\": 0,\n    \"30\": 0,\n    \"31\": 0,\n    \"32\": 0,\n    \"33\": 0,\n    \"34\": 0,\n    \"35\": 0,\n    \"36\": 0,\n    \"37\": 0,\n    \"38\": 0,\n    \"39\": 0,\n    \"40\": 0,\n    \"41\": 0,\n    \"42\": 0,\n    \"43\": 0.32723,\n    \"44\": 0,\n    \"45\": 0,\n    \"46\": 0,\n    \"47\": 0,\n    \"48\": 0,\n    \"49\": 0,\n    \"50\": 0,\n    \"51\": 0,\n    \"52\": 0,\n    \"53\": 0,\n    \"54\": 0,\n    \"55\": 0,\n    \"56\": 0,\n    \"57\": 0,\n    \"58\": 0.01309,\n    \"60\": 0,\n    \"62\": 0,\n    \"63\": 0,\n    \"64\": 0,\n    \"65\": 0,\n    \"66\": 0,\n    \"67\": 0,\n    \"68\": 0,\n    \"69\": 0,\n    \"70\": 0,\n    \"71\": 0,\n    \"72\": 0,\n    \"73\": 0,\n    \"74\": 0,\n    \"75\": 0,\n    \"76\": 0,\n    \"77\": 0.15707,\n    \"78\": 0.12653,\n    \"9.5-9.6\": 0,\n    \"10.0-10.1\": 0.33159,\n    \"10.5\": 0,\n    \"10.6\": 0,\n    \"11.1\": 0,\n    \"11.5\": 0,\n    \"11.6\": 0,\n    \"12.1\": 0\n  },\n  G: {\n    \"8\": 0,\n    \"3.2\": 0,\n    \"4.0-4.1\": 0,\n    \"4.2-4.3\": 0,\n    \"5.0-5.1\": 0.00292,\n    \"6.0-6.1\": 21.63251,\n    \"7.0-7.1\": 0.02045,\n    \"8.1-8.4\": 0,\n    \"9.0-9.2\": 0,\n    \"9.3\": 0.08474,\n    \"10.0-10.2\": 2.95427,\n    \"10.3\": 0.08766,\n    \"11.0-11.2\": 0.14611,\n    \"11.3-11.4\": 0.08182,\n    \"12.0-12.1\": 0.11981,\n    \"12.2-12.4\": 0.60196,\n    \"13.0-13.1\": 0.01753,\n    \"13.2\": 0.01169,\n    \"13.3\": 0.05844,\n    \"13.4-13.7\": 0.225,\n    \"14.0-14.4\": 0.66625,\n    \"14.5-14.7\": 2.26173\n  },\n  E: {\n    \"4\": 0,\n    \"5\": 0.33595,\n    \"6\": 0,\n    \"7\": 0,\n    \"8\": 0,\n    \"9\": 0,\n    \"10\": 0,\n    \"11\": 0,\n    \"12\": 0,\n    \"13\": 0.01745,\n    \"14\": 0.03054,\n    \"15\": 0,\n    _: \"0\",\n    \"3.1\": 0,\n    \"3.2\": 0,\n    \"5.1\": 0.00436,\n    \"6.1\": 0,\n    \"7.1\": 0,\n    \"9.1\": 0,\n    \"10.1\": 0,\n    \"11.1\": 0.00436,\n    \"12.1\": 0.01309,\n    \"13.1\": 0.02182,\n    \"14.1\": 0.07853\n  },\n  B: {\n    \"12\": 0,\n    \"13\": 0,\n    \"14\": 0,\n    \"15\": 0,\n    \"16\": 0,\n    \"17\": 0,\n    \"18\": 0.00436,\n    \"79\": 0,\n    \"80\": 0,\n    \"81\": 0,\n    \"83\": 0,\n    \"84\": 0.00436,\n    \"85\": 0,\n    \"86\": 0,\n    \"87\": 0,\n    \"88\": 0,\n    \"89\": 0.00436,\n    \"90\": 0,\n    \"91\": 0.01309,\n    \"92\": 0.30541,\n    \"93\": 0\n  },\n  P: {\n    \"4\": 0.23118,\n    \"5.0-5.4\": 0,\n    \"6.2-6.4\": 0.02202,\n    \"7.2-7.4\": 0.12109,\n    \"8.2\": 0,\n    \"9.2\": 0.04403,\n    \"10.1\": 0.02202,\n    \"11.1-11.2\": 0.12109,\n    \"12.0\": 0.05504,\n    \"13.0\": 0.15412,\n    \"14.0\": 1.27697\n  },\n  I: {\n    \"0\": 0,\n    \"3\": 0,\n    \"4\": 0,\n    \"2.1\": 0,\n    \"2.2\": 0,\n    \"2.3\": 0,\n    \"4.1\": 0.03118,\n    \"4.2-4.3\": 1.10675,\n    \"4.4\": 0,\n    \"4.4.3-4.4.4\": 1.89134\n  },\n  K: {\n    _: \"0 10 11 12 11.1 11.5 12.1\"\n  },\n  A: {\n    \"6\": 0,\n    \"7\": 0,\n    \"8\": 0.33681,\n    \"9\": 0.66488,\n    \"10\": 0.67363,\n    \"11\": 0.02625,\n    \"5.5\": 0\n  },\n  J: {\n    \"7\": 0,\n    \"10\": 0\n  },\n  N: {\n    \"10\": 0,\n    \"11\": 0\n  },\n  R: {\n    _: \"0\"\n  },\n  M: {\n    \"0\": 0.06764\n  },\n  Q: {\n    \"10.4\": 0.00564\n  },\n  O: {\n    \"0\": 0.05637\n  },\n  H: {\n    \"0\": 0.18679\n  },\n  L: {\n    \"0\": 47.13624\n  },\n  S: {\n    \"2.5\": 0\n  }\n};","map":{"version":3,"sources":["C:/xampp/public_html/vamo/interface2/node_modules/caniuse-lite/data/regions/MA.js"],"names":["module","exports","C","D","F","G","E","_","B","P","I","K","A","J","N","R","M","Q","O","H","L","S"],