{"ast":null,"code":"module.exports = {\n  C: {\n    \"4\": 0.0057,\n    \"5\": 0.01424,\n    \"15\": 0.00854,\n    \"17\": 0.01139,\n    \"34\": 0.00854,\n    \"37\": 0.01139,\n    \"43\": 0.0057,\n    \"45\": 0.0057,\n    \"47\": 0.01709,\n    \"48\": 0.01139,\n    \"49\": 0.00285,\n    \"52\": 0.02563,\n    \"56\": 0.00285,\n    \"60\": 0.00285,\n    \"64\": 0.0057,\n    \"67\": 0.00854,\n    \"68\": 0.00285,\n    \"71\": 0.00285,\n    \"72\": 0.0057,\n    \"74\": 0.0057,\n    \"78\": 0.03418,\n    \"81\": 0.00285,\n    \"84\": 0.00285,\n    \"85\": 0.00285,\n    \"86\": 0.0057,\n    \"87\": 0.0057,\n    \"88\": 0.01994,\n    \"89\": 0.08829,\n    \"90\": 0.56675,\n    \"91\": 0.87149,\n    \"92\": 0.05981,\n    _: \"2 3 6 7 8 9 10 11 12 13 14 16 18 19 20 21 22 23 24 25 26 27 28 29 30 31 32 33 35 36 38 39 40 41 42 44 46 50 51 53 54 55 57 58 59 61 62 63 65 66 69 70 73 75 76 77 79 80 82 83 93 3.5 3.6\"\n  },\n  D: {\n    \"11\": 0.0057,\n    \"23\": 0.01424,\n    \"24\": 0.01994,\n    \"25\": 0.0057,\n    \"38\": 0.00285,\n    \"39\": 0.00854,\n    \"40\": 0.00285,\n    \"42\": 0.00854,\n    \"43\": 0.00854,\n    \"49\": 0.01709,\n    \"50\": 0.01139,\n    \"51\": 0.00854,\n    \"53\": 0.00285,\n    \"55\": 0.01139,\n    \"56\": 0.0057,\n    \"57\": 0.01424,\n    \"58\": 0.0057,\n    \"60\": 0.00854,\n    \"63\": 0.02563,\n    \"64\": 0.0057,\n    \"65\": 0.0057,\n    \"66\": 0.0057,\n    \"67\": 0.0057,\n    \"68\": 0.01709,\n    \"69\": 0.00854,\n    \"70\": 0.0057,\n    \"71\": 0.01424,\n    \"72\": 0.0057,\n    \"73\": 0.03133,\n    \"74\": 0.01139,\n    \"75\": 0.03133,\n    \"76\": 0.00854,\n    \"77\": 0.01994,\n    \"78\": 0.01709,\n    \"79\": 0.06266,\n    \"80\": 0.02563,\n    \"81\": 0.03418,\n    \"83\": 0.01424,\n    \"84\": 0.03702,\n    \"85\": 0.01139,\n    \"86\": 0.04557,\n    \"87\": 0.18512,\n    \"88\": 0.04842,\n    \"89\": 0.07405,\n    \"90\": 0.1481,\n    \"91\": 0.60093,\n    \"92\": 10.13888,\n    \"93\": 0.01994,\n    \"94\": 0.0057,\n    \"95\": 0.00854,\n    _: \"4 5 6 7 8 9 10 12 13 14 15 16 17 18 19 20 21 22 26 27 28 29 30 31 32 33 34 35 36 37 41 44 45 46 47 48 52 54 59 61 62 96\"\n  },\n  F: {\n    \"36\": 0.00285,\n    \"42\": 0.00854,\n    \"62\": 0.0057,\n    \"63\": 0.0057,\n    \"64\": 0.01709,\n    \"65\": 0.01709,\n    \"72\": 0.00285,\n    \"73\": 0.0057,\n    \"74\": 0.01424,\n    \"75\": 0.0057,\n    \"76\": 0.01709,\n    \"77\": 1.11642,\n    \"78\": 0.80598,\n    _: \"9 11 12 15 16 17 18 19 20 21 22 23 24 25 26 27 28 29 30 31 32 33 34 35 37 38 39 40 41 43 44 45 46 47 48 49 50 51 52 53 54 55 56 57 58 60 66 67 68 69 70 71 9.5-9.6 10.5 10.6 11.1 11.5 11.6 12.1\",\n    \"10.0-10.1\": 0\n  },\n  G: {\n    \"8\": 0,\n    \"3.2\": 0,\n    \"4.0-4.1\": 0,\n    \"4.2-4.3\": 0.00294,\n    \"5.0-5.1\": 0.0049,\n    \"6.0-6.1\": 0.02158,\n    \"7.0-7.1\": 0.03188,\n    \"8.1-8.4\": 0,\n    \"9.0-9.2\": 0.00147,\n    \"9.3\": 0.1697,\n    \"10.0-10.2\": 0.00736,\n    \"10.3\": 0.13537,\n    \"11.0-11.2\": 0.09613,\n    \"11.3-11.4\": 0.1079,\n    \"12.0-12.1\": 0.03335,\n    \"12.2-12.4\": 0.22169,\n    \"13.0-13.1\": 0.03188,\n    \"13.2\": 0.02747,\n    \"13.3\": 0.08632,\n    \"13.4-13.7\": 0.17656,\n    \"14.0-14.4\": 0.98435,\n    \"14.5-14.7\": 1.98586\n  },\n  E: {\n    \"4\": 0,\n    \"13\": 0.00285,\n    \"14\": 0.0712,\n    _: \"0 5 6 7 8 9 10 11 12 15 3.1 3.2 6.1 7.1 9.1\",\n    \"5.1\": 0.03987,\n    \"10.1\": 0.00285,\n    \"11.1\": 0.01424,\n    \"12.1\": 0.01139,\n    \"13.1\": 0.08544,\n    \"14.1\": 0.23923\n  },\n  B: {\n    \"12\": 0.0655,\n    \"13\": 0.04842,\n    \"14\": 0.02278,\n    \"15\": 0.03702,\n    \"16\": 0.03133,\n    \"17\": 0.04557,\n    \"18\": 0.12816,\n    \"80\": 0.00285,\n    \"84\": 0.01424,\n    \"85\": 0.01709,\n    \"86\": 0.02278,\n    \"87\": 0.0057,\n    \"88\": 0.0057,\n    \"89\": 0.04272,\n    \"90\": 0.02848,\n    \"91\": 0.09683,\n    \"92\": 1.99645,\n    _: \"79 81 83 93\"\n  },\n  P: {\n    \"4\": 0.31068,\n    \"5.0-5.4\": 0.01047,\n    \"6.2-6.4\": 0.21226,\n    \"7.2-7.4\": 0.13463,\n    \"8.2\": 0.04043,\n    \"9.2\": 0.04142,\n    \"10.1\": 0.01036,\n    \"11.1-11.2\": 0.22783,\n    \"12.0\": 0.03107,\n    \"13.0\": 0.20712,\n    \"14.0\": 1.29448\n  },\n  I: {\n    \"0\": 0,\n    \"3\": 0,\n    \"4\": 0.00033,\n    \"2.1\": 0,\n    \"2.2\": 0,\n    \"2.3\": 0,\n    \"4.1\": 0.0026,\n    \"4.2-4.3\": 0.007,\n    \"4.4\": 0,\n    \"4.4.3-4.4.4\": 0.09735\n  },\n  K: {\n    _: \"0 10 11 12 11.1 11.5 12.1\"\n  },\n  A: {\n    \"8\": 0.02111,\n    \"9\": 0.01267,\n    \"10\": 0.02111,\n    \"11\": 0.30397,\n    _: \"6 7 5.5\"\n  },\n  J: {\n    \"7\": 0,\n    \"10\": 0.03576\n  },\n  N: {\n    \"11\": 0.01983,\n    _: \"10\"\n  },\n  R: {\n    _: \"0\"\n  },\n  M: {\n    \"0\": 0.07152\n  },\n  Q: {\n    \"10.4\": 0.09298\n  },\n  O: {\n    \"0\": 3.576\n  },\n  H: {\n    \"0\": 19.56157\n  },\n  L: {\n    \"0\": 48.48693\n  },\n  S: {\n    \"2.5\": 0.05006\n  }\n};","map":{"version":3,"sources":["C:/xampp/public_html/vamo/interface2/node_modules/caniuse-lite/data/regions/ZM.js"],"names":["module","exports","C","_","D","F","G","E","B","P","I","K","A","J","N","R","M","Q","O","H","L","S"],