{"ast":null,"code":"module.exports = {\n  C: {\n    \"2\": 0,\n    \"3\": 0,\n    \"4\": 0,\n    \"5\": 0,\n    \"6\": 0,\n    \"7\": 0,\n    \"8\": 0,\n    \"9\": 0,\n    \"10\": 0,\n    \"11\": 0,\n    \"12\": 0,\n    \"13\": 0,\n    \"14\": 0,\n    \"15\": 0,\n    \"16\": 0,\n    \"17\": 0,\n    \"18\": 0,\n    \"19\": 0,\n    \"20\": 0,\n    \"21\": 0,\n    \"22\": 0,\n    \"23\": 0,\n    \"24\": 0,\n    \"25\": 0,\n    \"26\": 0,\n    \"27\": 0,\n    \"28\": 0,\n    \"29\": 0,\n    \"30\": 0,\n    \"31\": 0,\n    \"32\": 0,\n    \"33\": 0,\n    \"34\": 0,\n    \"35\": 0.02786,\n    \"36\": 0.02228,\n    \"37\": 0,\n    \"38\": 0,\n    \"39\": 0,\n    \"40\": 0.00557,\n    \"41\": 0,\n    \"42\": 0,\n    \"43\": 0,\n    \"44\": 0,\n    \"45\": 0.00557,\n    \"46\": 0,\n    \"47\": 0.00557,\n    \"48\": 0.01671,\n    \"49\": 0,\n    \"50\": 0.00557,\n    \"51\": 0.01114,\n    \"52\": 0.09471,\n    \"53\": 0,\n    \"54\": 0.00557,\n    \"55\": 0.00557,\n    \"56\": 0.00557,\n    \"57\": 0.00557,\n    \"58\": 0,\n    \"59\": 0.01114,\n    \"60\": 0.01114,\n    \"61\": 0.00557,\n    \"62\": 0,\n    \"63\": 0.00557,\n    \"64\": 0.00557,\n    \"65\": 0.00557,\n    \"66\": 0.01114,\n    \"67\": 0.00557,\n    \"68\": 0.039,\n    \"69\": 0.00557,\n    \"70\": 0.00557,\n    \"71\": 0.00557,\n    \"72\": 0.01114,\n    \"73\": 0.00557,\n    \"74\": 0.00557,\n    \"75\": 0.01114,\n    \"76\": 0.00557,\n    \"77\": 0.05014,\n    \"78\": 0.30641,\n    \"79\": 0.06128,\n    \"80\": 0.01671,\n    \"81\": 0.02228,\n    \"82\": 0.02228,\n    \"83\": 0.02228,\n    \"84\": 0.03343,\n    \"85\": 0.02228,\n    \"86\": 0.03343,\n    \"87\": 0.02228,\n    \"88\": 0.07799,\n    \"89\": 0.16156,\n    \"90\": 2.66294,\n    \"91\": 3.66572,\n    \"92\": 0.01671,\n    \"93\": 0,\n    \"3.5\": 0,\n    \"3.6\": 0\n  },\n  D: {\n    \"4\": 0,\n    \"5\": 0,\n    \"6\": 0,\n    \"7\": 0,\n    \"8\": 0,\n    \"9\": 0,\n    \"10\": 0,\n    \"11\": 0,\n    \"12\": 0,\n    \"13\": 0,\n    \"14\": 0,\n    \"15\": 0,\n    \"16\": 0,\n    \"17\": 0,\n    \"18\": 0,\n    \"19\": 0,\n    \"20\": 0,\n    \"21\": 0,\n    \"22\": 0,\n    \"23\": 0,\n    \"24\": 0,\n    \"25\": 0,\n    \"26\": 0,\n    \"27\": 0,\n    \"28\": 0,\n    \"29\": 0,\n    \"30\": 0,\n    \"31\": 0,\n    \"32\": 0,\n    \"33\": 0,\n    \"34\": 0,\n    \"35\": 0,\n    \"36\": 0,\n    \"37\": 0,\n    \"38\": 0.00557,\n    \"39\": 0,\n    \"40\": 0,\n    \"41\": 0.00557,\n    \"42\": 0,\n    \"43\": 0,\n    \"44\": 0,\n    \"45\": 0,\n    \"46\": 0,\n    \"47\": 0.00557,\n    \"48\": 0.00557,\n    \"49\": 0.16713,\n    \"50\": 0,\n    \"51\": 0.01671,\n    \"52\": 0.02228,\n    \"53\": 0.00557,\n    \"54\": 0,\n    \"55\": 0,\n    \"56\": 0.01114,\n    \"57\": 0,\n    \"58\": 0.00557,\n    \"59\": 0.00557,\n    \"60\": 0.01114,\n    \"61\": 0.06128,\n    \"62\": 0,\n    \"63\": 0.00557,\n    \"64\": 0.00557,\n    \"65\": 0.16156,\n    \"66\": 0.05014,\n    \"67\": 0.00557,\n    \"68\": 0.00557,\n    \"69\": 0.05014,\n    \"70\": 0.02228,\n    \"71\": 0.039,\n    \"72\": 0.02786,\n    \"73\": 0.00557,\n    \"74\": 0.08357,\n    \"75\": 0.92479,\n    \"76\": 0.04457,\n    \"77\": 0.039,\n    \"78\": 0.06685,\n    \"79\": 0.10585,\n    \"80\": 0.32312,\n    \"81\": 0.09471,\n    \"83\": 0.11142,\n    \"84\": 0.15599,\n    \"85\": 0.14485,\n    \"86\": 0.16713,\n    \"87\": 0.23955,\n    \"88\": 0.11699,\n    \"89\": 0.10585,\n    \"90\": 0.26741,\n    \"91\": 0.56824,\n    \"92\": 9.11973,\n    \"93\": 0.01114,\n    \"94\": 0.00557,\n    \"95\": 0,\n    \"96\": 0\n  },\n  F: {\n    \"9\": 0,\n    \"11\": 0,\n    \"12\": 0,\n    \"15\": 0,\n    \"16\": 0,\n    \"17\": 0,\n    \"18\": 0,\n    \"19\": 0,\n    \"20\": 0,\n    \"21\": 0,\n    \"22\": 0,\n    \"23\": 0,\n    \"24\": 0,\n    \"25\": 0,\n    \"26\": 0,\n    \"27\": 0,\n    \"28\": 0,\n    \"29\": 0,\n    \"30\": 0,\n    \"31\": 0,\n    \"32\": 0,\n    \"33\": 0,\n    \"34\": 0,\n    \"35\": 0,\n    \"36\": 0.00557,\n    \"37\": 0,\n    \"38\": 0,\n    \"39\": 0,\n    \"40\": 0,\n    \"41\": 0,\n    \"42\": 0,\n    \"43\": 0,\n    \"44\": 0,\n    \"45\": 0,\n    \"46\": 0.00557,\n    \"47\": 0,\n    \"48\": 0,\n    \"49\": 0,\n    \"50\": 0,\n    \"51\": 0,\n    \"52\": 0,\n    \"53\": 0,\n    \"54\": 0,\n    \"55\": 0,\n    \"56\": 0,\n    \"57\": 0,\n    \"58\": 0.02228,\n    \"60\": 0,\n    \"62\": 0.00557,\n    \"63\": 0.00557,\n    \"64\": 0.00557,\n    \"65\": 0.01114,\n    \"66\": 0.00557,\n    \"67\": 0.00557,\n    \"68\": 0.01114,\n    \"69\": 0.00557,\n    \"70\": 0.01114,\n    \"71\": 0.01114,\n    \"72\": 0.00557,\n    \"73\": 0.00557,\n    \"74\": 0.00557,\n    \"75\": 0.00557,\n    \"76\": 0.00557,\n    \"77\": 0.74094,\n    \"78\": 0.60167,\n    \"9.5-9.6\": 0,\n    \"10.0-10.1\": 0,\n    \"10.5\": 0,\n    \"10.6\": 0,\n    \"11.1\": 0,\n    \"11.5\": 0,\n    \"11.6\": 0,\n    \"12.1\": 0.00557\n  },\n  G: {\n    \"8\": 0.00659,\n    \"3.2\": 0,\n    \"4.0-4.1\": 0,\n    \"4.2-4.3\": 0,\n    \"5.0-5.1\": 0.01318,\n    \"6.0-6.1\": 0.01318,\n    \"7.0-7.1\": 0.01537,\n    \"8.1-8.4\": 0.01537,\n    \"9.0-9.2\": 0.06589,\n    \"9.3\": 0.24158,\n    \"10.0-10.2\": 0.02635,\n    \"10.3\": 0.20205,\n    \"11.0-11.2\": 0.06808,\n    \"11.3-11.4\": 0.14934,\n    \"12.0-12.1\": 0.0593,\n    \"12.2-12.4\": 0.19986,\n    \"13.0-13.1\": 0.04832,\n    \"13.2\": 0.02635,\n    \"13.3\": 0.14934,\n    \"13.4-13.7\": 0.50293,\n    \"14.0-14.4\": 2.11056,\n    \"14.5-14.7\": 17.13926\n  },\n  E: {\n    \"4\": 0,\n    \"5\": 0,\n    \"6\": 0,\n    \"7\": 0.00557,\n    \"8\": 0,\n    \"9\": 0,\n    \"10\": 0.00557,\n    \"11\": 0.00557,\n    \"12\": 0.039,\n    \"13\": 0.10585,\n    \"14\": 0.40668,\n    \"15\": 0.02228,\n    _: \"0\",\n    \"3.1\": 0,\n    \"3.2\": 0,\n    \"5.1\": 0.00557,\n    \"6.1\": 0,\n    \"7.1\": 0,\n    \"9.1\": 0.00557,\n    \"10.1\": 0.01114,\n    \"11.1\": 0.05014,\n    \"12.1\": 0.09471,\n    \"13.1\": 0.26741,\n    \"14.1\": 2.03342\n  },\n  B: {\n    \"12\": 0.05014,\n    \"13\": 0,\n    \"14\": 0.00557,\n    \"15\": 0.01114,\n    \"16\": 0.00557,\n    \"17\": 0.01114,\n    \"18\": 0.05014,\n    \"79\": 0,\n    \"80\": 0.02786,\n    \"81\": 0.03343,\n    \"83\": 0.04457,\n    \"84\": 0.05014,\n    \"85\": 0.039,\n    \"86\": 0.05014,\n    \"87\": 0.039,\n    \"88\": 0.04457,\n    \"89\": 0.05014,\n    \"90\": 0.04457,\n    \"91\": 0.16713,\n    \"92\": 3.15319,\n    \"93\": 0.00557\n  },\n  P: {\n    \"4\": 0.17589,\n    \"5.0-5.4\": 0.02069,\n    \"6.2-6.4\": 0,\n    \"7.2-7.4\": 0.03104,\n    \"8.2\": 0.01035,\n    \"9.2\": 0.04139,\n    \"10.1\": 0.02069,\n    \"11.1-11.2\": 0.11381,\n    \"12.0\": 0.06208,\n    \"13.0\": 0.19658,\n    \"14.0\": 4.16958\n  },\n  I: {\n    \"0\": 0,\n    \"3\": 0,\n    \"4\": 0.00846,\n    \"2.1\": 0,\n    \"2.2\": 0,\n    \"2.3\": 0,\n    \"4.1\": 0.02257,\n    \"4.2-4.3\": 0.04795,\n    \"4.4\": 0,\n    \"4.4.3-4.4.4\": 0.24258\n  },\n  K: {\n    _: \"0 10 11 12 11.1 11.5 12.1\"\n  },\n  A: {\n    \"6\": 0.01784,\n    \"7\": 0.01189,\n    \"8\": 0.01189,\n    \"9\": 0.01189,\n    \"10\": 0.00595,\n    \"11\": 0.46978,\n    \"5.5\": 0\n  },\n  J: {\n    \"7\": 0,\n    \"10\": 0.00443\n  },\n  N: {\n    \"10\": 0,\n    \"11\": 0\n  },\n  R: {\n    _: \"0\"\n  },\n  M: {\n    \"0\": 0.9168\n  },\n  Q: {\n    \"10.4\": 0.00886\n  },\n  O: {\n    \"0\": 0.25245\n  },\n  H: {\n    \"0\": 0.49478\n  },\n  L: {\n    \"0\": 38.05658\n  },\n  S: {\n    \"2.5\": 0\n  }\n};","map":{"version":3,"sources":["C:/xampp/public_html/vamo/interface2/node_modules/caniuse-lite/data/regions/DE.js"],"names":["module","exports","C","D","F","G","E","_","B","P","I","K","A","J","N","R","M","Q","O","H","L","S"],