{"ast":null,"code":"module.exports = {\n  C: {\n    \"17\": 0.00476,\n    \"52\": 0.05713,\n    \"56\": 0.00476,\n    \"60\": 0.00952,\n    \"66\": 0.00952,\n    \"67\": 0.00476,\n    \"68\": 0.01428,\n    \"72\": 0.00952,\n    \"73\": 0.00476,\n    \"78\": 0.05713,\n    \"79\": 0.00476,\n    \"80\": 0.00476,\n    \"81\": 0.00476,\n    \"82\": 0.00476,\n    \"83\": 0.00476,\n    \"84\": 0.01904,\n    \"85\": 0.00476,\n    \"86\": 0.00476,\n    \"87\": 0.00952,\n    \"88\": 0.03809,\n    \"89\": 0.05713,\n    \"90\": 0.757,\n    \"91\": 1.10455,\n    \"92\": 0.00952,\n    _: \"2 3 4 5 6 7 8 9 10 11 12 13 14 15 16 18 19 20 21 22 23 24 25 26 27 28 29 30 31 32 33 34 35 36 37 38 39 40 41 42 43 44 45 46 47 48 49 50 51 53 54 55 57 58 59 61 62 63 64 65 69 70 71 74 75 76 77 93 3.5 3.6\"\n  },\n  D: {\n    \"22\": 0.00476,\n    \"24\": 0.00476,\n    \"38\": 0.01904,\n    \"47\": 0.00952,\n    \"49\": 0.19044,\n    \"51\": 0.00476,\n    \"53\": 0.00952,\n    \"55\": 0.00952,\n    \"58\": 0.00952,\n    \"61\": 0.06665,\n    \"63\": 0.02381,\n    \"65\": 0.01428,\n    \"66\": 0.01428,\n    \"67\": 0.01428,\n    \"68\": 0.00952,\n    \"69\": 0.00952,\n    \"70\": 0.01428,\n    \"71\": 0.00952,\n    \"72\": 0.01428,\n    \"73\": 0.00952,\n    \"74\": 0.02381,\n    \"75\": 0.03333,\n    \"76\": 0.02381,\n    \"77\": 0.01428,\n    \"78\": 0.02381,\n    \"79\": 0.11903,\n    \"80\": 0.04285,\n    \"81\": 0.06189,\n    \"83\": 0.04761,\n    \"84\": 0.05237,\n    \"85\": 0.05713,\n    \"86\": 0.09522,\n    \"87\": 0.34755,\n    \"88\": 0.07618,\n    \"89\": 0.1095,\n    \"90\": 0.1952,\n    \"91\": 1.5378,\n    \"92\": 34.4506,\n    \"93\": 0.05237,\n    \"94\": 0.01904,\n    \"95\": 0.00476,\n    _: \"4 5 6 7 8 9 10 11 12 13 14 15 16 17 18 19 20 21 23 25 26 27 28 29 30 31 32 33 34 35 36 37 39 40 41 42 43 44 45 46 48 50 52 54 56 57 59 60 62 64 96\"\n  },\n  F: {\n    \"36\": 0.00952,\n    \"77\": 1.16168,\n    \"78\": 1.04742,\n    _: \"9 11 12 15 16 17 18 19 20 21 22 23 24 25 26 27 28 29 30 31 32 33 34 35 37 38 39 40 41 42 43 44 45 46 47 48 49 50 51 52 53 54 55 56 57 58 60 62 63 64 65 66 67 68 69 70 71 72 73 74 75 76 9.5-9.6 10.5 10.6 11.1 11.5 11.6 12.1\",\n    \"10.0-10.1\": 0\n  },\n  G: {\n    \"8\": 0.00051,\n    \"3.2\": 0.00103,\n    \"4.0-4.1\": 0,\n    \"4.2-4.3\": 0,\n    \"5.0-5.1\": 0.01029,\n    \"6.0-6.1\": 0.00566,\n    \"7.0-7.1\": 0.00669,\n    \"8.1-8.4\": 0.00257,\n    \"9.0-9.2\": 0.00206,\n    \"9.3\": 0.04629,\n    \"10.0-10.2\": 0.00257,\n    \"10.3\": 0.03909,\n    \"11.0-11.2\": 0.00977,\n    \"11.3-11.4\": 0.0216,\n    \"12.0-12.1\": 0.01131,\n    \"12.2-12.4\": 0.04217,\n    \"13.0-13.1\": 0.01337,\n    \"13.2\": 0.00514,\n    \"13.3\": 0.04063,\n    \"13.4-13.7\": 0.16047,\n    \"14.0-14.4\": 0.52203,\n    \"14.5-14.7\": 3.91854\n  },\n  E: {\n    \"4\": 0,\n    \"13\": 0.02381,\n    \"14\": 0.12855,\n    \"15\": 0.00476,\n    _: \"0 5 6 7 8 9 10 11 12 3.1 3.2 6.1 7.1 9.1 10.1\",\n    \"5.1\": 0.02381,\n    \"11.1\": 0.01428,\n    \"12.1\": 0.02381,\n    \"13.1\": 0.1095,\n    \"14.1\": 0.58084\n  },\n  B: {\n    \"17\": 0.00952,\n    \"18\": 0.04761,\n    \"84\": 0.00952,\n    \"89\": 0.01904,\n    \"90\": 0.00952,\n    \"91\": 0.05237,\n    \"92\": 2.52333,\n    \"93\": 0.00476,\n    _: \"12 13 14 15 16 79 80 81 83 85 86 87 88\"\n  },\n  P: {\n    \"4\": 0.16666,\n    \"5.0-5.4\": 0,\n    \"6.2-6.4\": 0.01029,\n    \"7.2-7.4\": 0.18749,\n    \"8.2\": 0,\n    \"9.2\": 0.03125,\n    \"10.1\": 0.01095,\n    \"11.1-11.2\": 0.16666,\n    \"12.0\": 0.04166,\n    \"13.0\": 0.17707,\n    \"14.0\": 1.79157\n  },\n  I: {\n    \"0\": 0,\n    \"3\": 0,\n    \"4\": 0.00075,\n    \"2.1\": 0,\n    \"2.2\": 0,\n    \"2.3\": 0,\n    \"4.1\": 0.00299,\n    \"4.2-4.3\": 0.00524,\n    \"4.4\": 0,\n    \"4.4.3-4.4.4\": 0.03817\n  },\n  K: {\n    _: \"0 10 11 12 11.1 11.5 12.1\"\n  },\n  A: {\n    \"8\": 0.01043,\n    \"9\": 0.00521,\n    \"10\": 0.00521,\n    \"11\": 0.19815,\n    _: \"6 7 5.5\"\n  },\n  J: {\n    \"7\": 0,\n    \"10\": 0\n  },\n  N: {\n    \"10\": 0,\n    \"11\": 0\n  },\n  R: {\n    _: \"0\"\n  },\n  M: {\n    \"0\": 0.14145\n  },\n  Q: {\n    \"10.4\": 0\n  },\n  O: {\n    \"0\": 0.08382\n  },\n  H: {\n    \"0\": 0.18848\n  },\n  L: {\n    \"0\": 45.37649\n  },\n  S: {\n    \"2.5\": 0\n  }\n};","map":{"version":3,"sources":["C:/xampp/public_html/vamo/interface2/node_modules/caniuse-lite/data/regions/alt-sa.js"],"names":["module","exports","C","_","D","F","G","E","B","P","I","K","A","J","N","R","M","Q","O","H","L","S"],"mappings":"AAAAA,MAAM,CAACC,OAAP,GAAe;AAACC,EAAAA,CAAC,EAAC;AAAC,UAAK,OAAN;AAAc,UAAK,OAAnB;AAA2B,UAAK,OAAhC;AAAwC,UAAK,OAA7C;AAAqD,UAAK,OAA1D;AAAkE,UAAK,OAAvE;AAA+E,UAAK,OAApF;AAA4F,UAAK,OAAjG;AAAyG,UAAK,OAA9G;AAAsH,UAAK,OAA3H;AAAmI,UAAK,OAAxI;AAAgJ,UAAK,OAArJ;AAA6J,UAAK,OAAlK;AAA0K,UAAK,OAA/K;AAAuL,UAAK,OAA5L;AAAoM,UAAK,OAAzM;AAAiN,UAAK,OAAtN;AAA8N,UAAK,OAAnO;AAA2O,UAAK,OAAhP;AAAwP,UAAK,OAA7P;AAAqQ,UAAK,OAA1Q;AAAkR,UAAK,KAAvR;AAA6R,UAAK,OAAlS;AAA0S,UAAK,OAA/S;AAAuTC,IAAAA,CAAC,EAAC;AAAzT,GAAH;AAA2gBC,EAAAA,CAAC,EAAC;AAAC,UAAK,OAAN;AAAc,UAAK,OAAnB;AAA2B,UAAK,OAAhC;AAAwC,UAAK,OAA7C;AAAqD,UAAK,OAA1D;AAAkE,UAAK,OAAvE;AAA+E,UAAK,OAApF;AAA4F,UAAK,OAAjG;AAAyG,UAAK,OAA9G;AAAsH,UAAK,OAA3H;AAAmI,UAAK,OAAxI;AAAgJ,UAAK,OAArJ;AAA6J,UAAK,OAAlK;AAA0K,UAAK,OAA/K;AAAuL,UAAK,OAA5L;AAAoM,UAAK,OAAzM;AAAiN,UAAK,OAAtN;AAA8N,UAAK,OAAnO;AAA2O,UAAK,OAAhP;AAAwP,UAAK,OAA7P;AAAqQ,UAAK,OAA1Q;AAAkR,UAAK,OAAvR;AAA+R,UAAK,OAApS;AAA4S,UAAK,OAAjT;AAAyT,UAAK,OAA9T;AAAsU,UAAK,OAA3U;AAAmV,UAAK,OAAxV;AAAgW,UAAK,OAArW;AAA6W,UAAK,OAAlX;AAA0X,UAAK,OAA/X;AAAuY,UAAK,OAA5Y;AAAoZ,UAAK,OAAzZ;AAAia,UAAK,OAAta;AAA8a,UAAK,OAAnb;AAA2b,UAAK,MAAhc;AAAuc,UAAK,MAA5c;AAAmd,UAAK,MAAxd;AAA+d,UAAK,OAApe;AAA4e,UAAK,OAAjf;AAAyf,UAAK,OAA9f;AAAsgB,UAAK,OAA3gB;AAAmhBD,IAAAA,CAAC,EAAC;AAArhB,GAA7gB;AAAwrCE,EAAAA,CAAC,EAAC;AAAC,UAAK,OAAN;AAAc,UAAK,OAAnB;AAA2B,UAAK,OAAhC;AAAwCF,IAAAA,CAAC,EAAC,gOAA1C;AAA2Q,iBAAY;AAAvR,GAA1rC;AAAo9CG,EAAAA,CAAC,EAAC;AAAC,SAAI,OAAL;AAAa,WAAM,OAAnB;AAA2B,eAAU,CAArC;AAAuC,eAAU,CAAjD;AAAmD,eAAU,OAA7D;AAAqE,eAAU,OAA/E;AAAuF,eAAU,OAAjG;AAAyG,eAAU,OAAnH;AAA2H,eAAU,OAArI;AAA6I,WAAM,OAAnJ;AAA2J,iBAAY,OAAvK;AAA+K,YAAO,OAAtL;AAA8L,iBAAY,OAA1M;AAAkN,iBAAY,MAA9N;AAAqO,iBAAY,OAAjP;AAAyP,iBAAY,OAArQ;AAA6Q,iBAAY,OAAzR;AAAiS,YAAO,OAAxS;AAAgT,YAAO,OAAvT;AAA+T,iBAAY,OAA3U;AAAmV,iBAAY,OAA/V;AAAuW,iBAAY;AAAnX,GAAt9C;AAAk1DC,EAAAA,CAAC,EAAC;AAAC,SAAI,CAAL;AAAO,UAAK,OAAZ;AAAoB,UAAK,OAAzB;AAAiC,UAAK,OAAtC;AAA8CJ,IAAAA,CAAC,EAAC,+CAAhD;AAAgG,WAAM,OAAtG;AAA8G,YAAO,OAArH;AAA6H,YAAO,OAApI;AAA4I,YAAO,MAAnJ;AAA0J,YAAO;AAAjK,GAAp1D;AAA8/DK,EAAAA,CAAC,EAAC;AAAC,UAAK,OAAN;AAAc,UAAK,OAAnB;AAA2B,UAAK,OAAhC;AAAwC,UAAK,OAA7C;AAAqD,UAAK,OAA1D;AAAkE,UAAK,OAAvE;AAA+E,UAAK,OAApF;AAA4F,UAAK,OAAjG;AAAyGL,IAAAA,CAAC,EAAC;AAA3G,GAAhgE;AAAqpEM,EAAAA,CAAC,EAAC;AAAC,SAAI,OAAL;AAAa,eAAU,CAAvB;AAAyB,eAAU,OAAnC;AAA2C,eAAU,OAArD;AAA6D,WAAM,CAAnE;AAAqE,WAAM,OAA3E;AAAmF,YAAO,OAA1F;AAAkG,iBAAY,OAA9G;AAAsH,YAAO,OAA7H;AAAqI,YAAO,OAA5I;AAAoJ,YAAO;AAA3J,GAAvpE;AAA2zEC,EAAAA,CAAC,EAAC;AAAC,SAAI,CAAL;AAAO,SAAI,CAAX;AAAa,SAAI,OAAjB;AAAyB,WAAM,CAA/B;AAAiC,WAAM,CAAvC;AAAyC,WAAM,CAA/C;AAAiD,WAAM,OAAvD;AAA+D,eAAU,OAAzE;AAAiF,WAAM,CAAvF;AAAyF,mBAAc;AAAvG,GAA7zE;AAA66EC,EAAAA,CAAC,EAAC;AAACR,IAAAA,CAAC,EAAC;AAAH,GAA/6E;AAA+8ES,EAAAA,CAAC,EAAC;AAAC,SAAI,OAAL;AAAa,SAAI,OAAjB;AAAyB,UAAK,OAA9B;AAAsC,UAAK,OAA3C;AAAmDT,IAAAA,CAAC,EAAC;AAArD,GAAj9E;AAAihFU,EAAAA,CAAC,EAAC;AAAC,SAAI,CAAL;AAAO,UAAK;AAAZ,GAAnhF;AAAkiFC,EAAAA,CAAC,EAAC;AAAC,UAAK,CAAN;AAAQ,UAAK;AAAb,GAApiF;AAAojFC,EAAAA,CAAC,EAAC;AAACZ,IAAAA,CAAC,EAAC;AAAH,GAAtjF;AAA8jFa,EAAAA,CAAC,EAAC;AAAC,SAAI;AAAL,GAAhkF;AAA8kFC,EAAAA,CAAC,EAAC;AAAC,YAAO;AAAR,GAAhlF;AAA2lFC,EAAAA,CAAC,EAAC;AAAC,SAAI;AAAL,GAA7lF;AAA2mFC,EAAAA,CAAC,EAAC;AAAC,SAAI;AAAL,GAA7mF;AAA2nFC,EAAAA,CAAC,EAAC;AAAC,SAAI;AAAL,GAA7nF;AAA4oFC,EAAAA,CAAC,EAAC;AAAC,WAAM;AAAP;AAA9oF,CAAf",