{"ast":null,"code":"module.exports = {\n  C: {\n    \"2\": 0,\n    \"3\": 0,\n    \"4\": 0,\n    \"5\": 0,\n    \"6\": 0,\n    \"7\": 0,\n    \"8\": 0,\n    \"9\": 0,\n    \"10\": 0,\n    \"11\": 0,\n    \"12\": 0,\n    \"13\": 0,\n    \"14\": 0,\n    \"15\": 0,\n    \"16\": 0,\n    \"17\": 0,\n    \"18\": 0,\n    \"19\": 0,\n    \"20\": 0,\n    \"21\": 0,\n    \"22\": 0,\n    \"23\": 0,\n    \"24\": 0,\n    \"25\": 0,\n    \"26\": 0,\n    \"27\": 0,\n    \"28\": 0.0154,\n    \"29\": 0,\n    \"30\": 0.00385,\n    \"31\": 0,\n    \"32\": 0,\n    \"33\": 0,\n    \"34\": 0,\n    \"35\": 0,\n    \"36\": 0,\n    \"37\": 0,\n    \"38\": 0,\n    \"39\": 0,\n    \"40\": 0,\n    \"41\": 0,\n    \"42\": 0,\n    \"43\": 0.00385,\n    \"44\": 0,\n    \"45\": 0,\n    \"46\": 0,\n    \"47\": 0,\n    \"48\": 0,\n    \"49\": 0,\n    \"50\": 0,\n    \"51\": 0,\n    \"52\": 0,\n    \"53\": 0,\n    \"54\": 0.01155,\n    \"55\": 0,\n    \"56\": 0,\n    \"57\": 0,\n    \"58\": 0,\n    \"59\": 0,\n    \"60\": 0,\n    \"61\": 0,\n    \"62\": 0,\n    \"63\": 0,\n    \"64\": 0,\n    \"65\": 0,\n    \"66\": 0,\n    \"67\": 0,\n    \"68\": 0,\n    \"69\": 0,\n    \"70\": 0,\n    \"71\": 0,\n    \"72\": 0,\n    \"73\": 0,\n    \"74\": 0,\n    \"75\": 0,\n    \"76\": 0,\n    \"77\": 0,\n    \"78\": 0.0077,\n    \"79\": 0,\n    \"80\": 0,\n    \"81\": 0,\n    \"82\": 0,\n    \"83\": 0,\n    \"84\": 0,\n    \"85\": 0,\n    \"86\": 0.00385,\n    \"87\": 0.0077,\n    \"88\": 0.01155,\n    \"89\": 0.0077,\n    \"90\": 0.15404,\n    \"91\": 0.38125,\n    \"92\": 0.00385,\n    \"93\": 0,\n    \"3.5\": 0,\n    \"3.6\": 0\n  },\n  D: {\n    \"4\": 0,\n    \"5\": 0,\n    \"6\": 0,\n    \"7\": 0,\n    \"8\": 0,\n    \"9\": 0,\n    \"10\": 0,\n    \"11\": 0.00385,\n    \"12\": 0,\n    \"13\": 0,\n    \"14\": 0,\n    \"15\": 0,\n    \"16\": 0,\n    \"17\": 0,\n    \"18\": 0,\n    \"19\": 0,\n    \"20\": 0,\n    \"21\": 0,\n    \"22\": 0,\n    \"23\": 0,\n    \"24\": 0,\n    \"25\": 0,\n    \"26\": 0,\n    \"27\": 0,\n    \"28\": 0,\n    \"29\": 0,\n    \"30\": 0,\n    \"31\": 0,\n    \"32\": 0,\n    \"33\": 0,\n    \"34\": 0,\n    \"35\": 0,\n    \"36\": 0,\n    \"37\": 0,\n    \"38\": 0,\n    \"39\": 0,\n    \"40\": 0,\n    \"41\": 0,\n    \"42\": 0,\n    \"43\": 0,\n    \"44\": 0,\n    \"45\": 0,\n    \"46\": 0,\n    \"47\": 0,\n    \"48\": 0,\n    \"49\": 0.0077,\n    \"50\": 0,\n    \"51\": 0,\n    \"52\": 0,\n    \"53\": 0,\n    \"54\": 0,\n    \"55\": 0,\n    \"56\": 0,\n    \"57\": 0,\n    \"58\": 0,\n    \"59\": 0,\n    \"60\": 0,\n    \"61\": 0,\n    \"62\": 0,\n    \"63\": 0,\n    \"64\": 0.42361,\n    \"65\": 0.01155,\n    \"66\": 0,\n    \"67\": 0,\n    \"68\": 0,\n    \"69\": 0,\n    \"70\": 0.02311,\n    \"71\": 0,\n    \"72\": 0.0154,\n    \"73\": 0.00385,\n    \"74\": 0.00385,\n    \"75\": 0,\n    \"76\": 0,\n    \"77\": 0,\n    \"78\": 0.01926,\n    \"79\": 0.01155,\n    \"80\": 0,\n    \"81\": 0.01155,\n    \"83\": 0,\n    \"84\": 0.00385,\n    \"85\": 0,\n    \"86\": 0.00385,\n    \"87\": 0.00385,\n    \"88\": 0.00385,\n    \"89\": 0.00385,\n    \"90\": 0.06932,\n    \"91\": 0.48523,\n    \"92\": 6.9395,\n    \"93\": 0.0077,\n    \"94\": 0.01926,\n    \"95\": 0,\n    \"96\": 0\n  },\n  F: {\n    \"9\": 0,\n    \"11\": 0,\n    \"12\": 0,\n    \"15\": 0,\n    \"16\": 0,\n    \"17\": 0,\n    \"18\": 0,\n    \"19\": 0,\n    \"20\": 0,\n    \"21\": 0,\n    \"22\": 0,\n    \"23\": 0,\n    \"24\": 0,\n    \"25\": 0,\n    \"26\": 0,\n    \"27\": 0,\n    \"28\": 0,\n    \"29\": 0,\n    \"30\": 0.0154,\n    \"31\": 0,\n    \"32\": 0,\n    \"33\": 0,\n    \"34\": 0,\n    \"35\": 0,\n    \"36\": 0,\n    \"37\": 0,\n    \"38\": 0,\n    \"39\": 0,\n    \"40\": 0,\n    \"41\": 0,\n    \"42\": 0,\n    \"43\": 0,\n    \"44\": 0,\n    \"45\": 0,\n    \"46\": 0.00385,\n    \"47\": 0.00385,\n    \"48\": 0,\n    \"49\": 0,\n    \"50\": 0,\n    \"51\": 0,\n    \"52\": 0,\n    \"53\": 0,\n    \"54\": 0.00385,\n    \"55\": 0.00385,\n    \"56\": 0,\n    \"57\": 0.05391,\n    \"58\": 0.1887,\n    \"60\": 0,\n    \"62\": 0,\n    \"63\": 0,\n    \"64\": 0,\n    \"65\": 0,\n    \"66\": 0,\n    \"67\": 0,\n    \"68\": 0,\n    \"69\": 0,\n    \"70\": 0,\n    \"71\": 0,\n    \"72\": 0,\n    \"73\": 0,\n    \"74\": 0,\n    \"75\": 0,\n    \"76\": 0,\n    \"77\": 0.02311,\n    \"78\": 0.01155,\n    \"9.5-9.6\": 0,\n    \"10.0-10.1\": 0,\n    \"10.5\": 0,\n    \"10.6\": 0,\n    \"11.1\": 0,\n    \"11.5\": 0,\n    \"11.6\": 0,\n    \"12.1\": 0\n  },\n  G: {\n    \"8\": 0,\n    \"3.2\": 0,\n    \"4.0-4.1\": 0,\n    \"4.2-4.3\": 0,\n    \"5.0-5.1\": 0,\n    \"6.0-6.1\": 0,\n    \"7.0-7.1\": 0,\n    \"8.1-8.4\": 0,\n    \"9.0-9.2\": 0,\n    \"9.3\": 0.04652,\n    \"10.0-10.2\": 0.00431,\n    \"10.3\": 0.0112,\n    \"11.0-11.2\": 0.03101,\n    \"11.3-11.4\": 0.01551,\n    \"12.0-12.1\": 0.11457,\n    \"12.2-12.4\": 0.21536,\n    \"13.0-13.1\": 0.06202,\n    \"13.2\": 0.43934,\n    \"13.3\": 0.26791,\n    \"13.4-13.7\": 1.2758,\n    \"14.0-14.4\": 2.12949,\n    \"14.5-14.7\": 3.52503\n  },\n  E: {\n    \"4\": 0,\n    \"5\": 0,\n    \"6\": 0,\n    \"7\": 0,\n    \"8\": 0,\n    \"9\": 0,\n    \"10\": 0,\n    \"11\": 0.0154,\n    \"12\": 0,\n    \"13\": 0.01155,\n    \"14\": 0.12323,\n    \"15\": 0,\n    _: \"0\",\n    \"3.1\": 0,\n    \"3.2\": 0,\n    \"5.1\": 0,\n    \"6.1\": 0,\n    \"7.1\": 0,\n    \"9.1\": 0,\n    \"10.1\": 0,\n    \"11.1\": 0,\n    \"12.1\": 0.04236,\n    \"13.1\": 0.03466,\n    \"14.1\": 0.09242\n  },\n  B: {\n    \"12\": 0.0154,\n    \"13\": 0.00385,\n    \"14\": 0.00385,\n    \"15\": 0.02311,\n    \"16\": 0.01155,\n    \"17\": 0.03851,\n    \"18\": 0.09242,\n    \"79\": 0,\n    \"80\": 0.00385,\n    \"81\": 0,\n    \"83\": 0,\n    \"84\": 0,\n    \"85\": 0.00385,\n    \"86\": 0.00385,\n    \"87\": 0,\n    \"88\": 0.00385,\n    \"89\": 0.0077,\n    \"90\": 0.01926,\n    \"91\": 0.05006,\n    \"92\": 1.10139,\n    \"93\": 0\n  },\n  P: {\n    \"4\": 0.62007,\n    \"5.0-5.4\": 0.09149,\n    \"6.2-6.4\": 0.06099,\n    \"7.2-7.4\": 1.03684,\n    \"8.2\": 0.06099,\n    \"9.2\": 0.06099,\n    \"10.1\": 0.57941,\n    \"11.1-11.2\": 0.42694,\n    \"12.0\": 0.15248,\n    \"13.0\": 0.18297,\n    \"14.0\": 2.1855\n  },\n  I: {\n    \"0\": 0,\n    \"3\": 0,\n    \"4\": 0,\n    \"2.1\": 0,\n    \"2.2\": 0,\n    \"2.3\": 0,\n    \"4.1\": 0,\n    \"4.2-4.3\": 0.01455,\n    \"4.4\": 0,\n    \"4.4.3-4.4.4\": 0.05626\n  },\n  K: {\n    _: \"0 10 11 12 11.1 11.5 12.1\"\n  },\n  A: {\n    \"6\": 0,\n    \"7\": 0,\n    \"8\": 0,\n    \"9\": 0.00556,\n    \"10\": 0,\n    \"11\": 0.0445,\n    \"5.5\": 0\n  },\n  J: {\n    \"7\": 0,\n    \"10\": 0\n  },\n  N: {\n    \"10\": 0,\n    \"11\": 0\n  },\n  R: {\n    _: \"0\"\n  },\n  M: {\n    \"0\": 0.11683\n  },\n  Q: {\n    \"10.4\": 0.15987\n  },\n  O: {\n    \"0\": 2.18904\n  },\n  H: {\n    \"0\": 0.94308\n  },\n  L: {\n    \"0\": 68.66304\n  },\n  S: {\n    \"2.5\": 0.06764\n  }\n};","map":{"version":3,"sources":["C:/xampp/public_html/vamo/interface2/node_modules/caniuse-lite/data/regions/WS.js"],"names":["module","exports","C","D","F","G","E","_","B","P","I","K","A","J","N","R","M","Q","O","H","L","S"],