{"ast":null,"code":"module.exports = {\n  C: {\n    \"46\": 0.01116,\n    \"52\": 0.73124,\n    \"61\": 0.01675,\n    \"66\": 0.00558,\n    \"78\": 0.01116,\n    \"88\": 0.00558,\n    \"89\": 0.03907,\n    \"90\": 1.35084,\n    \"91\": 1.055,\n    \"92\": 0.00558,\n    _: \"2 3 4 5 6 7 8 9 10 11 12 13 14 15 16 17 18 19 20 21 22 23 24 25 26 27 28 29 30 31 32 33 34 35 36 37 38 39 40 41 42 43 44 45 47 48 49 50 51 53 54 55 56 57 58 59 60 62 63 64 65 67 68 69 70 71 72 73 74 75 76 77 79 80 81 82 83 84 85 86 87 93 3.5 3.6\"\n  },\n  D: {\n    \"46\": 0.01675,\n    \"49\": 0.10606,\n    \"63\": 0.07257,\n    \"75\": 0.00558,\n    \"76\": 0.05024,\n    \"77\": 0.01675,\n    \"78\": 0.00558,\n    \"79\": 0.01116,\n    \"80\": 0.01675,\n    \"81\": 0.11164,\n    \"83\": 0.03907,\n    \"84\": 0.00558,\n    \"85\": 0.00558,\n    \"86\": 0.18421,\n    \"87\": 0.10606,\n    \"88\": 0.04466,\n    \"89\": 0.07257,\n    \"90\": 0.07257,\n    \"91\": 1.09965,\n    \"92\": 26.47543,\n    \"93\": 0.03907,\n    _: \"4 5 6 7 8 9 10 11 12 13 14 15 16 17 18 19 20 21 22 23 24 25 26 27 28 29 30 31 32 33 34 35 36 37 38 39 40 41 42 43 44 45 47 48 50 51 52 53 54 55 56 57 58 59 60 61 62 64 65 66 67 68 69 70 71 72 73 74 94 95 96\"\n  },\n  F: {\n    \"34\": 0.01675,\n    \"77\": 0.50796,\n    \"78\": 0.02233,\n    _: \"9 11 12 15 16 17 18 19 20 21 22 23 24 25 26 27 28 29 30 31 32 33 35 36 37 38 39 40 41 42 43 44 45 46 47 48 49 50 51 52 53 54 55 56 57 58 60 62 63 64 65 66 67 68 69 70 71 72 73 74 75 76 9.5-9.6 10.5 10.6 11.1 11.5 11.6 12.1\",\n    \"10.0-10.1\": 0\n  },\n  G: {\n    \"8\": 0,\n    \"3.2\": 0,\n    \"4.0-4.1\": 0,\n    \"4.2-4.3\": 0,\n    \"5.0-5.1\": 0,\n    \"6.0-6.1\": 0,\n    \"7.0-7.1\": 0,\n    \"8.1-8.4\": 0,\n    \"9.0-9.2\": 0.00894,\n    \"9.3\": 0.03279,\n    \"10.0-10.2\": 0.00894,\n    \"10.3\": 0.05068,\n    \"11.0-11.2\": 0.00596,\n    \"11.3-11.4\": 0.03577,\n    \"12.0-12.1\": 0.05366,\n    \"12.2-12.4\": 0.19972,\n    \"13.0-13.1\": 0.12222,\n    \"13.2\": 0.04173,\n    \"13.3\": 0.28616,\n    \"13.4-13.7\": 0.45608,\n    \"14.0-14.4\": 1.60222,\n    \"14.5-14.7\": 3.76038\n  },\n  E: {\n    \"4\": 0,\n    \"8\": 0.00558,\n    \"10\": 0.03907,\n    \"12\": 0.05582,\n    \"13\": 0.05582,\n    \"14\": 1.57412,\n    _: \"0 5 6 7 9 11 15 3.1 3.2 5.1 6.1 7.1 9.1 11.1\",\n    \"10.1\": 0.00558,\n    \"12.1\": 0.00558,\n    \"13.1\": 0.06698,\n    \"14.1\": 0.23444\n  },\n  B: {\n    \"12\": 0.00558,\n    \"13\": 0.03349,\n    \"14\": 0.01116,\n    \"15\": 0.02233,\n    \"16\": 0.02791,\n    \"17\": 0.04466,\n    \"18\": 0.26794,\n    \"81\": 0.01675,\n    \"83\": 0.01116,\n    \"84\": 0.66984,\n    \"85\": 0.01675,\n    \"87\": 0.03349,\n    \"88\": 0.01116,\n    \"89\": 0.07815,\n    \"90\": 0.05582,\n    \"91\": 0.4354,\n    \"92\": 2.86915,\n    _: \"79 80 86 93\"\n  },\n  P: {\n    \"4\": 0.11308,\n    \"5.0-5.4\": 0.07196,\n    \"6.2-6.4\": 0.11308,\n    \"7.2-7.4\": 0.48315,\n    \"8.2\": 0.02056,\n    \"9.2\": 0.16448,\n    \"10.1\": 0.06129,\n    \"11.1-11.2\": 0.21588,\n    \"12.0\": 0.24672,\n    \"13.0\": 0.64763,\n    \"14.0\": 0.78127\n  },\n  I: {\n    \"0\": 0,\n    \"3\": 0,\n    \"4\": 0,\n    \"2.1\": 0,\n    \"2.2\": 0,\n    \"2.3\": 0,\n    \"4.1\": 0.00186,\n    \"4.2-4.3\": 0.00093,\n    \"4.4\": 0,\n    \"4.4.3-4.4.4\": 0.01488\n  },\n  K: {\n    _: \"0 10 11 12 11.1 11.5 12.1\"\n  },\n  A: {\n    \"10\": 0.02411,\n    \"11\": 2.38731,\n    _: \"6 7 8 9 5.5\"\n  },\n  J: {\n    \"7\": 0,\n    \"10\": 0\n  },\n  N: {\n    \"11\": 0.01983,\n    _: \"10\"\n  },\n  R: {\n    _: \"0\"\n  },\n  M: {\n    \"0\": 1.1175\n  },\n  Q: {\n    \"10.4\": 0.31361\n  },\n  O: {\n    \"0\": 0.13693\n  },\n  H: {\n    \"0\": 0.10872\n  },\n  L: {\n    \"0\": 46.76535\n  },\n  S: {\n    \"2.5\": 0\n  }\n};","map":{"version":3,"sources":["C:/xampp/public_html/vamo/interface2/node_modules/caniuse-lite/data/regions/TO.js"],"names":["module","exports","C","_","D","F","G","E","B","P","I","K","A","J","N","R","M","Q","O","H","L","S"],"mappings":"AAAAA,MAAM,CAACC,OAAP,GAAe;AAACC,EAAAA,CAAC,EAAC;AAAC,UAAK,OAAN;AAAc,UAAK,OAAnB;AAA2B,UAAK,OAAhC;AAAwC,UAAK,OAA7C;AAAqD,UAAK,OAA1D;AAAkE,UAAK,OAAvE;AAA+E,UAAK,OAApF;AAA4F,UAAK,OAAjG;AAAyG,UAAK,KAA9G;AAAoH,UAAK,OAAzH;AAAiIC,IAAAA,CAAC,EAAC;AAAnI,GAAH;AAA+XC,EAAAA,CAAC,EAAC;AAAC,UAAK,OAAN;AAAc,UAAK,OAAnB;AAA2B,UAAK,OAAhC;AAAwC,UAAK,OAA7C;AAAqD,UAAK,OAA1D;AAAkE,UAAK,OAAvE;AAA+E,UAAK,OAApF;AAA4F,UAAK,OAAjG;AAAyG,UAAK,OAA9G;AAAsH,UAAK,OAA3H;AAAmI,UAAK,OAAxI;AAAgJ,UAAK,OAArJ;AAA6J,UAAK,OAAlK;AAA0K,UAAK,OAA/K;AAAuL,UAAK,OAA5L;AAAoM,UAAK,OAAzM;AAAiN,UAAK,OAAtN;AAA8N,UAAK,OAAnO;AAA2O,UAAK,OAAhP;AAAwP,UAAK,QAA7P;AAAsQ,UAAK,OAA3Q;AAAmRD,IAAAA,CAAC,EAAC;AAArR,GAAjY;AAAw2BE,EAAAA,CAAC,EAAC;AAAC,UAAK,OAAN;AAAc,UAAK,OAAnB;AAA2B,UAAK,OAAhC;AAAwCF,IAAAA,CAAC,EAAC,gOAA1C;AAA2Q,iBAAY;AAAvR,GAA12B;AAAooCG,EAAAA,CAAC,EAAC;AAAC,SAAI,CAAL;AAAO,WAAM,CAAb;AAAe,eAAU,CAAzB;AAA2B,eAAU,CAArC;AAAuC,eAAU,CAAjD;AAAmD,eAAU,CAA7D;AAA+D,eAAU,CAAzE;AAA2E,eAAU,CAArF;AAAuF,eAAU,OAAjG;AAAyG,WAAM,OAA/G;AAAuH,iBAAY,OAAnI;AAA2I,YAAO,OAAlJ;AAA0J,iBAAY,OAAtK;AAA8K,iBAAY,OAA1L;AAAkM,iBAAY,OAA9M;AAAsN,iBAAY,OAAlO;AAA0O,iBAAY,OAAtP;AAA8P,YAAO,OAArQ;AAA6Q,YAAO,OAApR;AAA4R,iBAAY,OAAxS;AAAgT,iBAAY,OAA5T;AAAoU,iBAAY;AAAhV,GAAtoC;AAA+9CC,EAAAA,CAAC,EAAC;AAAC,SAAI,CAAL;AAAO,SAAI,OAAX;AAAmB,UAAK,OAAxB;AAAgC,UAAK,OAArC;AAA6C,UAAK,OAAlD;AAA0D,UAAK,OAA/D;AAAuEJ,IAAAA,CAAC,EAAC,8CAAzE;AAAwH,YAAO,OAA/H;AAAuI,YAAO,OAA9I;AAAsJ,YAAO,OAA7J;AAAqK,YAAO;AAA5K,GAAj+C;AAAspDK,EAAAA,CAAC,EAAC;AAAC,UAAK,OAAN;AAAc,UAAK,OAAnB;AAA2B,UAAK,OAAhC;AAAwC,UAAK,OAA7C;AAAqD,UAAK,OAA1D;AAAkE,UAAK,OAAvE;AAA+E,UAAK,OAApF;AAA4F,UAAK,OAAjG;AAAyG,UAAK,OAA9G;AAAsH,UAAK,OAA3H;AAAmI,UAAK,OAAxI;AAAgJ,UAAK,OAArJ;AAA6J,UAAK,OAAlK;AAA0K,UAAK,OAA/K;AAAuL,UAAK,OAA5L;AAAoM,UAAK,MAAzM;AAAgN,UAAK,OAArN;AAA6NL,IAAAA,CAAC,EAAC;AAA/N,GAAxpD;AAAs4DM,EAAAA,CAAC,EAAC;AAAC,SAAI,OAAL;AAAa,eAAU,OAAvB;AAA+B,eAAU,OAAzC;AAAiD,eAAU,OAA3D;AAAmE,WAAM,OAAzE;AAAiF,WAAM,OAAvF;AAA+F,YAAO,OAAtG;AAA8G,iBAAY,OAA1H;AAAkI,YAAO,OAAzI;AAAiJ,YAAO,OAAxJ;AAAgK,YAAO;AAAvK,GAAx4D;AAAwjEC,EAAAA,CAAC,EAAC;AAAC,SAAI,CAAL;AAAO,SAAI,CAAX;AAAa,SAAI,CAAjB;AAAmB,WAAM,CAAzB;AAA2B,WAAM,CAAjC;AAAmC,WAAM,CAAzC;AAA2C,WAAM,OAAjD;AAAyD,eAAU,OAAnE;AAA2E,WAAM,CAAjF;AAAmF,mBAAc;AAAjG,GAA1jE;AAAoqEC,EAAAA,CAAC,EAAC;AAACR,IAAAA,CAAC,EAAC;AAAH,GAAtqE;AAAssES,EAAAA,CAAC,EAAC;AAAC,UAAK,OAAN;AAAc,UAAK,OAAnB;AAA2BT,IAAAA,CAAC,EAAC;AAA7B,GAAxsE;AAAovEU,EAAAA,CAAC,EAAC;AAAC,SAAI,CAAL;AAAO,UAAK;AAAZ,GAAtvE;AAAqwEC,EAAAA,CAAC,EAAC;AAAC,UAAK,OAAN;AAAcX,IAAAA,CAAC,EAAC;AAAhB,GAAvwE;AAA6xEY,EAAAA,CAAC,EAAC;AAACZ,IAAAA,CAAC,EAAC;AAAH,GAA/xE;AAAuyEa,EAAAA,CAAC,EAAC;AAAC,SAAI;AAAL,GAAzyE;AAAszEC,EAAAA,CAAC,EAAC;AAAC,YAAO;AAAR,GAAxzE;AAAy0EC,EAAAA,CAAC,EAAC;AAAC,SAAI;AAAL,GAA30E;AAAy1EC,EAAAA,CAAC,EAAC;AAAC,SAAI;AAAL,GAA31E;AAAy2EC,EAAAA,CAAC,EAAC;AAAC,SAAI;AAAL,GAA32E;AAA03EC,EAAAA,CAAC,EAAC;AAAC,WAAM;AAAP;AAA53E,CAAf",