{"ast":null,"code":"module.exports = {\n  C: {\n    \"29\": 0.0054,\n    \"30\": 0.0054,\n    \"39\": 0.0027,\n    \"40\": 0.0027,\n    \"41\": 0.0054,\n    \"42\": 0.0054,\n    \"43\": 0.00809,\n    \"44\": 0.0027,\n    \"45\": 0.0027,\n    \"47\": 0.01079,\n    \"48\": 0.00809,\n    \"49\": 0.0054,\n    \"50\": 0.0054,\n    \"52\": 0.01889,\n    \"56\": 0.0054,\n    \"57\": 0.0054,\n    \"64\": 0.0027,\n    \"66\": 0.0054,\n    \"67\": 0.0027,\n    \"68\": 0.01079,\n    \"69\": 0.0027,\n    \"70\": 0.0054,\n    \"72\": 0.01349,\n    \"73\": 0.0054,\n    \"75\": 0.0027,\n    \"76\": 0.00809,\n    \"77\": 0.00809,\n    \"78\": 0.04047,\n    \"79\": 0.00809,\n    \"80\": 0.00809,\n    \"81\": 0.00809,\n    \"82\": 0.00809,\n    \"83\": 0.01079,\n    \"84\": 0.01889,\n    \"85\": 0.01079,\n    \"86\": 0.01619,\n    \"87\": 0.01889,\n    \"88\": 0.03507,\n    \"89\": 0.1349,\n    \"90\": 0.84447,\n    \"91\": 1.16554,\n    \"92\": 0.09713,\n    _: \"2 3 4 5 6 7 8 9 10 11 12 13 14 15 16 17 18 19 20 21 22 23 24 25 26 27 28 31 32 33 34 35 36 37 38 46 51 53 54 55 58 59 60 61 62 63 65 71 74 93 3.5 3.6\"\n  },\n  D: {\n    \"11\": 0.0027,\n    \"31\": 0.0054,\n    \"33\": 0.0027,\n    \"40\": 0.02158,\n    \"42\": 0.0027,\n    \"43\": 0.0054,\n    \"49\": 0.05396,\n    \"50\": 0.01079,\n    \"55\": 0.0054,\n    \"56\": 0.0054,\n    \"57\": 0.0054,\n    \"58\": 0.00809,\n    \"60\": 0.00809,\n    \"61\": 0.0027,\n    \"63\": 0.01349,\n    \"64\": 0.02698,\n    \"65\": 0.01349,\n    \"66\": 0.0054,\n    \"67\": 0.00809,\n    \"68\": 0.02698,\n    \"69\": 0.02428,\n    \"70\": 0.01349,\n    \"71\": 0.01079,\n    \"72\": 0.01889,\n    \"73\": 0.0054,\n    \"74\": 0.02158,\n    \"75\": 0.01349,\n    \"76\": 0.15109,\n    \"77\": 0.02968,\n    \"78\": 0.01889,\n    \"79\": 0.05396,\n    \"80\": 0.05666,\n    \"81\": 0.03507,\n    \"83\": 0.05936,\n    \"84\": 0.02158,\n    \"85\": 0.02158,\n    \"86\": 0.08094,\n    \"87\": 0.20775,\n    \"88\": 0.05666,\n    \"89\": 0.10252,\n    \"90\": 0.11062,\n    \"91\": 0.73386,\n    \"92\": 12.44587,\n    \"93\": 0.05126,\n    \"94\": 0.02968,\n    \"95\": 0.0054,\n    _: \"4 5 6 7 8 9 10 12 13 14 15 16 17 18 19 20 21 22 23 24 25 26 27 28 29 30 32 34 35 36 37 38 39 41 44 45 46 47 48 51 52 53 54 59 62 96\"\n  },\n  F: {\n    \"42\": 0.0054,\n    \"64\": 0.0054,\n    \"65\": 0.0054,\n    \"73\": 0.0054,\n    \"74\": 0.0027,\n    \"75\": 0.0054,\n    \"76\": 0.01349,\n    \"77\": 0.75274,\n    \"78\": 0.59356,\n    _: \"9 11 12 15 16 17 18 19 20 21 22 23 24 25 26 27 28 29 30 31 32 33 34 35 36 37 38 39 40 41 43 44 45 46 47 48 49 50 51 52 53 54 55 56 57 58 60 62 63 66 67 68 69 70 71 72 9.5-9.6 10.5 10.6 11.1 11.5 11.6 12.1\",\n    \"10.0-10.1\": 0\n  },\n  G: {\n    \"8\": 0.00847,\n    \"3.2\": 0,\n    \"4.0-4.1\": 0,\n    \"4.2-4.3\": 0.00423,\n    \"5.0-5.1\": 0.00423,\n    \"6.0-6.1\": 0.00423,\n    \"7.0-7.1\": 0.01411,\n    \"8.1-8.4\": 0.00988,\n    \"9.0-9.2\": 0.00706,\n    \"9.3\": 0.07762,\n    \"10.0-10.2\": 0.00564,\n    \"10.3\": 0.21733,\n    \"11.0-11.2\": 0.70984,\n    \"11.3-11.4\": 0.07056,\n    \"12.0-12.1\": 0.08185,\n    \"12.2-12.4\": 0.42195,\n    \"13.0-13.1\": 0.09455,\n    \"13.2\": 0.0508,\n    \"13.3\": 0.27377,\n    \"13.4-13.7\": 0.58283,\n    \"14.0-14.4\": 3.8272,\n    \"14.5-14.7\": 6.02586\n  },\n  E: {\n    \"4\": 0,\n    \"11\": 0.0054,\n    \"12\": 0.0054,\n    \"13\": 0.02158,\n    \"14\": 0.11601,\n    \"15\": 0.01349,\n    _: \"0 5 6 7 8 9 10 3.1 3.2 6.1 7.1\",\n    \"5.1\": 0.01889,\n    \"9.1\": 0.00809,\n    \"10.1\": 0.0054,\n    \"11.1\": 0.01349,\n    \"12.1\": 0.01619,\n    \"13.1\": 0.07015,\n    \"14.1\": 0.42898\n  },\n  B: {\n    \"12\": 0.04047,\n    \"13\": 0.01349,\n    \"14\": 0.01079,\n    \"15\": 0.01619,\n    \"16\": 0.02698,\n    \"17\": 0.02428,\n    \"18\": 0.12141,\n    \"80\": 0.0027,\n    \"83\": 0.0027,\n    \"84\": 0.02968,\n    \"85\": 0.02428,\n    \"86\": 0.02158,\n    \"87\": 0.00809,\n    \"88\": 0.00809,\n    \"89\": 0.05936,\n    \"90\": 0.04317,\n    \"91\": 0.1376,\n    \"92\": 1.95065,\n    _: \"79 81 93\"\n  },\n  P: {\n    \"4\": 0.15534,\n    \"5.0-5.4\": 0.01036,\n    \"6.2-6.4\": 0.01036,\n    \"7.2-7.4\": 0.15534,\n    \"8.2\": 0.01026,\n    \"9.2\": 0.05178,\n    \"10.1\": 0.02071,\n    \"11.1-11.2\": 0.17606,\n    \"12.0\": 0.07249,\n    \"13.0\": 0.1657,\n    \"14.0\": 1.05634\n  },\n  I: {\n    \"0\": 0,\n    \"3\": 0,\n    \"4\": 0.00034,\n    \"2.1\": 0,\n    \"2.2\": 0,\n    \"2.3\": 0,\n    \"4.1\": 0.00275,\n    \"4.2-4.3\": 0.00653,\n    \"4.4\": 0,\n    \"4.4.3-4.4.4\": 0.04879\n  },\n  K: {\n    _: \"0 10 11 12 11.1 11.5 12.1\"\n  },\n  A: {\n    \"8\": 0.00297,\n    \"9\": 0.00297,\n    \"10\": 0.00297,\n    \"11\": 0.10981,\n    _: \"6 7 5.5\"\n  },\n  J: {\n    \"7\": 0,\n    \"10\": 0.0292\n  },\n  N: {\n    \"11\": 0.02439,\n    _: \"10\"\n  },\n  R: {\n    _: \"0\"\n  },\n  M: {\n    \"0\": 0.34315\n  },\n  Q: {\n    \"10.4\": 0.0146\n  },\n  O: {\n    \"0\": 2.43853\n  },\n  H: {\n    \"0\": 12.70447\n  },\n  L: {\n    \"0\": 46.59673\n  },\n  S: {\n    \"2.5\": 0\n  }\n};","map":{"version":3,"sources":["C:/xampp/public_html/vamo/interface2/node_modules/caniuse-lite/data/regions/GH.js"],"names":["module","exports","C","_","D","F","G","E","B","P","I","K","A","J","N","R","M","Q","O","H","L","S"],