{"ast":null,"code":"module.exports = {\n  C: {\n    \"2\": 0,\n    \"3\": 0,\n    \"4\": 0,\n    \"5\": 0,\n    \"6\": 0,\n    \"7\": 0,\n    \"8\": 0,\n    \"9\": 0,\n    \"10\": 0,\n    \"11\": 0,\n    \"12\": 0,\n    \"13\": 0,\n    \"14\": 0,\n    \"15\": 0,\n    \"16\": 0,\n    \"17\": 0,\n    \"18\": 0,\n    \"19\": 0,\n    \"20\": 0,\n    \"21\": 0,\n    \"22\": 0,\n    \"23\": 0,\n    \"24\": 0,\n    \"25\": 0,\n    \"26\": 0,\n    \"27\": 0,\n    \"28\": 0,\n    \"29\": 0,\n    \"30\": 0,\n    \"31\": 0,\n    \"32\": 0,\n    \"33\": 0,\n    \"34\": 0,\n    \"35\": 0.00423,\n    \"36\": 0.00423,\n    \"37\": 0,\n    \"38\": 0,\n    \"39\": 0,\n    \"40\": 0,\n    \"41\": 0,\n    \"42\": 0,\n    \"43\": 0,\n    \"44\": 0,\n    \"45\": 0,\n    \"46\": 0,\n    \"47\": 0,\n    \"48\": 0,\n    \"49\": 0,\n    \"50\": 0,\n    \"51\": 0.00423,\n    \"52\": 0.01692,\n    \"53\": 0.00423,\n    \"54\": 0.00423,\n    \"55\": 0.02538,\n    \"56\": 0.07191,\n    \"57\": 0,\n    \"58\": 0.00423,\n    \"59\": 0,\n    \"60\": 0,\n    \"61\": 0,\n    \"62\": 0,\n    \"63\": 0,\n    \"64\": 0,\n    \"65\": 0,\n    \"66\": 0,\n    \"67\": 0,\n    \"68\": 0.00423,\n    \"69\": 0,\n    \"70\": 0,\n    \"71\": 0,\n    \"72\": 0.01269,\n    \"73\": 0,\n    \"74\": 0,\n    \"75\": 0,\n    \"76\": 0,\n    \"77\": 0,\n    \"78\": 0.00846,\n    \"79\": 0.00423,\n    \"80\": 0.00423,\n    \"81\": 0.00846,\n    \"82\": 0,\n    \"83\": 0,\n    \"84\": 0.00423,\n    \"85\": 0,\n    \"86\": 0,\n    \"87\": 0.00423,\n    \"88\": 0.01269,\n    \"89\": 0.01692,\n    \"90\": 0.23688,\n    \"91\": 0.34686,\n    \"92\": 0.00423,\n    \"93\": 0,\n    \"3.5\": 0,\n    \"3.6\": 0\n  },\n  D: {\n    \"4\": 0,\n    \"5\": 0,\n    \"6\": 0,\n    \"7\": 0,\n    \"8\": 0,\n    \"9\": 0,\n    \"10\": 0,\n    \"11\": 0,\n    \"12\": 0,\n    \"13\": 0,\n    \"14\": 0,\n    \"15\": 0,\n    \"16\": 0,\n    \"17\": 0,\n    \"18\": 0,\n    \"19\": 0,\n    \"20\": 0,\n    \"21\": 0,\n    \"22\": 0,\n    \"23\": 0,\n    \"24\": 0,\n    \"25\": 0,\n    \"26\": 0,\n    \"27\": 0,\n    \"28\": 0,\n    \"29\": 0,\n    \"30\": 0,\n    \"31\": 0,\n    \"32\": 0,\n    \"33\": 0,\n    \"34\": 0,\n    \"35\": 0,\n    \"36\": 0,\n    \"37\": 0,\n    \"38\": 0.00423,\n    \"39\": 0,\n    \"40\": 0,\n    \"41\": 0,\n    \"42\": 0,\n    \"43\": 0.00423,\n    \"44\": 0,\n    \"45\": 0,\n    \"46\": 0,\n    \"47\": 0.00423,\n    \"48\": 0,\n    \"49\": 0.08037,\n    \"50\": 0,\n    \"51\": 0,\n    \"52\": 0,\n    \"53\": 0.00423,\n    \"54\": 0,\n    \"55\": 0.00423,\n    \"56\": 0.00846,\n    \"57\": 0.00423,\n    \"58\": 0.00423,\n    \"59\": 0,\n    \"60\": 0,\n    \"61\": 0.00846,\n    \"62\": 0,\n    \"63\": 0.00423,\n    \"64\": 0,\n    \"65\": 0.00423,\n    \"66\": 0.00423,\n    \"67\": 0.00423,\n    \"68\": 0.00423,\n    \"69\": 0.00423,\n    \"70\": 0.00423,\n    \"71\": 0.00423,\n    \"72\": 0.00423,\n    \"73\": 0.00423,\n    \"74\": 0.00846,\n    \"75\": 0.00846,\n    \"76\": 0.01269,\n    \"77\": 0.00423,\n    \"78\": 0.00846,\n    \"79\": 0.02115,\n    \"80\": 0.01692,\n    \"81\": 0.01269,\n    \"83\": 0.02115,\n    \"84\": 0.02115,\n    \"85\": 0.02115,\n    \"86\": 0.02961,\n    \"87\": 0.07191,\n    \"88\": 0.03384,\n    \"89\": 0.02961,\n    \"90\": 0.05499,\n    \"91\": 0.22842,\n    \"92\": 11.99628,\n    \"93\": 0.01692,\n    \"94\": 0.00846,\n    \"95\": 0,\n    \"96\": 0\n  },\n  F: {\n    \"9\": 0,\n    \"11\": 0,\n    \"12\": 0,\n    \"15\": 0,\n    \"16\": 0,\n    \"17\": 0,\n    \"18\": 0,\n    \"19\": 0,\n    \"20\": 0,\n    \"21\": 0,\n    \"22\": 0,\n    \"23\": 0,\n    \"24\": 0,\n    \"25\": 0,\n    \"26\": 0,\n    \"27\": 0,\n    \"28\": 0,\n    \"29\": 0,\n    \"30\": 0,\n    \"31\": 0,\n    \"32\": 0,\n    \"33\": 0,\n    \"34\": 0,\n    \"35\": 0,\n    \"36\": 0,\n    \"37\": 0.01269,\n    \"38\": 0,\n    \"39\": 0,\n    \"40\": 0,\n    \"41\": 0,\n    \"42\": 0,\n    \"43\": 0,\n    \"44\": 0,\n    \"45\": 0,\n    \"46\": 0,\n    \"47\": 0,\n    \"48\": 0,\n    \"49\": 0,\n    \"50\": 0,\n    \"51\": 0,\n    \"52\": 0,\n    \"53\": 0,\n    \"54\": 0,\n    \"55\": 0,\n    \"56\": 0,\n    \"57\": 0,\n    \"58\": 0.00423,\n    \"60\": 0.00423,\n    \"62\": 0,\n    \"63\": 0,\n    \"64\": 0,\n    \"65\": 0,\n    \"66\": 0,\n    \"67\": 0,\n    \"68\": 0,\n    \"69\": 0,\n    \"70\": 0,\n    \"71\": 0,\n    \"72\": 0,\n    \"73\": 0,\n    \"74\": 0,\n    \"75\": 0,\n    \"76\": 0,\n    \"77\": 0.07614,\n    \"78\": 0.07614,\n    \"9.5-9.6\": 0,\n    \"10.0-10.1\": 0,\n    \"10.5\": 0,\n    \"10.6\": 0,\n    \"11.1\": 0,\n    \"11.5\": 0,\n    \"11.6\": 0,\n    \"12.1\": 0\n  },\n  G: {\n    \"8\": 0,\n    \"3.2\": 0,\n    \"4.0-4.1\": 0,\n    \"4.2-4.3\": 0,\n    \"5.0-5.1\": 0.00849,\n    \"6.0-6.1\": 0.01273,\n    \"7.0-7.1\": 0.02546,\n    \"8.1-8.4\": 0.01697,\n    \"9.0-9.2\": 0.01909,\n    \"9.3\": 0.15487,\n    \"10.0-10.2\": 0.02546,\n    \"10.3\": 0.13577,\n    \"11.0-11.2\": 0.04879,\n    \"11.3-11.4\": 0.06152,\n    \"12.0-12.1\": 0.07001,\n    \"12.2-12.4\": 0.24397,\n    \"13.0-13.1\": 0.07001,\n    \"13.2\": 0.02758,\n    \"13.3\": 0.18669,\n    \"13.4-13.7\": 0.48794,\n    \"14.0-14.4\": 2.59031,\n    \"14.5-14.7\": 15.96829\n  },\n  E: {\n    \"4\": 0,\n    \"5\": 0,\n    \"6\": 0,\n    \"7\": 0,\n    \"8\": 0,\n    \"9\": 0,\n    \"10\": 0,\n    \"11\": 0,\n    \"12\": 0.00423,\n    \"13\": 0.02115,\n    \"14\": 0.17343,\n    \"15\": 0.00846,\n    _: \"0\",\n    \"3.1\": 0,\n    \"3.2\": 0,\n    \"5.1\": 0,\n    \"6.1\": 0,\n    \"7.1\": 0,\n    \"9.1\": 0,\n    \"10.1\": 0.00423,\n    \"11.1\": 0.00846,\n    \"12.1\": 0.01269,\n    \"13.1\": 0.07614,\n    \"14.1\": 1.3536\n  },\n  B: {\n    \"12\": 0.00423,\n    \"13\": 0,\n    \"14\": 0.00423,\n    \"15\": 0.00423,\n    \"16\": 0.00423,\n    \"17\": 0.00423,\n    \"18\": 0.01692,\n    \"79\": 0,\n    \"80\": 0,\n    \"81\": 0,\n    \"83\": 0,\n    \"84\": 0.00423,\n    \"85\": 0.00423,\n    \"86\": 0.00423,\n    \"87\": 0.00423,\n    \"88\": 0,\n    \"89\": 0.00846,\n    \"90\": 0.00423,\n    \"91\": 0.02115,\n    \"92\": 1.09557,\n    \"93\": 0\n  },\n  P: {\n    \"4\": 0.13421,\n    \"5.0-5.4\": 0,\n    \"6.2-6.4\": 0,\n    \"7.2-7.4\": 0.11357,\n    \"8.2\": 0.01032,\n    \"9.2\": 0.07227,\n    \"10.1\": 0.02065,\n    \"11.1-11.2\": 0.18583,\n    \"12.0\": 0.06194,\n    \"13.0\": 0.15486,\n    \"14.0\": 1.84801\n  },\n  I: {\n    \"0\": 0,\n    \"3\": 0,\n    \"4\": 0,\n    \"2.1\": 0,\n    \"2.2\": 0,\n    \"2.3\": 0,\n    \"4.1\": 0.0051,\n    \"4.2-4.3\": 0.0136,\n    \"4.4\": 0,\n    \"4.4.3-4.4.4\": 0.08668\n  },\n  K: {\n    _: \"0 10 11 12 11.1 11.5 12.1\"\n  },\n  A: {\n    \"6\": 0,\n    \"7\": 0,\n    \"8\": 0.00909,\n    \"9\": 0.00455,\n    \"10\": 0.00455,\n    \"11\": 0.1637,\n    \"5.5\": 0\n  },\n  J: {\n    \"7\": 0,\n    \"10\": 0\n  },\n  N: {\n    \"10\": 0,\n    \"11\": 0\n  },\n  R: {\n    _: \"0\"\n  },\n  M: {\n    \"0\": 0.09232\n  },\n  Q: {\n    \"10.4\": 0.01154\n  },\n  O: {\n    \"0\": 0.30004\n  },\n  H: {\n    \"0\": 0.22943\n  },\n  L: {\n    \"0\": 57.91125\n  },\n  S: {\n    \"2.5\": 0\n  }\n};","map":{"version":3,"sources":["C:/xampp/public_html/vamo/interface2/node_modules/caniuse-lite/data/regions/TH.js"],"names":["module","exports","C","D","F","G","E","_","B","P","I","K","A","J","N","R","M","Q","O","H","L","S"],