{"ast":null,"code":"module.exports = {\n  C: {\n    \"2\": 0,\n    \"3\": 0,\n    \"4\": 0,\n    \"5\": 0,\n    \"6\": 0,\n    \"7\": 0,\n    \"8\": 0,\n    \"9\": 0,\n    \"10\": 0,\n    \"11\": 0,\n    \"12\": 0,\n    \"13\": 0,\n    \"14\": 0,\n    \"15\": 0,\n    \"16\": 0,\n    \"17\": 0,\n    \"18\": 0,\n    \"19\": 0,\n    \"20\": 0,\n    \"21\": 0,\n    \"22\": 0,\n    \"23\": 0,\n    \"24\": 0,\n    \"25\": 0,\n    \"26\": 0,\n    \"27\": 0,\n    \"28\": 0.00213,\n    \"29\": 0,\n    \"30\": 0,\n    \"31\": 0,\n    \"32\": 0,\n    \"33\": 0,\n    \"34\": 0.00426,\n    \"35\": 0.00426,\n    \"36\": 0.00426,\n    \"37\": 0,\n    \"38\": 0,\n    \"39\": 0,\n    \"40\": 0,\n    \"41\": 0,\n    \"42\": 0,\n    \"43\": 0,\n    \"44\": 0,\n    \"45\": 0,\n    \"46\": 0,\n    \"47\": 0,\n    \"48\": 0,\n    \"49\": 0,\n    \"50\": 0,\n    \"51\": 0,\n    \"52\": 0.00213,\n    \"53\": 0,\n    \"54\": 0,\n    \"55\": 0,\n    \"56\": 0.00213,\n    \"57\": 0,\n    \"58\": 0,\n    \"59\": 0,\n    \"60\": 0,\n    \"61\": 0,\n    \"62\": 0,\n    \"63\": 0,\n    \"64\": 0,\n    \"65\": 0,\n    \"66\": 0,\n    \"67\": 0,\n    \"68\": 0,\n    \"69\": 0,\n    \"70\": 0,\n    \"71\": 0,\n    \"72\": 0.00213,\n    \"73\": 0,\n    \"74\": 0,\n    \"75\": 0,\n    \"76\": 0,\n    \"77\": 0,\n    \"78\": 0.00851,\n    \"79\": 0,\n    \"80\": 0,\n    \"81\": 0,\n    \"82\": 0,\n    \"83\": 0,\n    \"84\": 0,\n    \"85\": 0.00213,\n    \"86\": 0.00213,\n    \"87\": 0.00213,\n    \"88\": 0.00213,\n    \"89\": 0.02128,\n    \"90\": 0.24259,\n    \"91\": 0.25323,\n    \"92\": 0.01064,\n    \"93\": 0,\n    \"3.5\": 0,\n    \"3.6\": 0\n  },\n  D: {\n    \"4\": 0,\n    \"5\": 0,\n    \"6\": 0,\n    \"7\": 0,\n    \"8\": 0,\n    \"9\": 0,\n    \"10\": 0,\n    \"11\": 0.00213,\n    \"12\": 0,\n    \"13\": 0,\n    \"14\": 0,\n    \"15\": 0,\n    \"16\": 0,\n    \"17\": 0,\n    \"18\": 0,\n    \"19\": 0,\n    \"20\": 0,\n    \"21\": 0.00213,\n    \"22\": 0,\n    \"23\": 0,\n    \"24\": 0,\n    \"25\": 0,\n    \"26\": 0,\n    \"27\": 0,\n    \"28\": 0,\n    \"29\": 0,\n    \"30\": 0,\n    \"31\": 0,\n    \"32\": 0,\n    \"33\": 0,\n    \"34\": 0,\n    \"35\": 0,\n    \"36\": 0.00213,\n    \"37\": 0,\n    \"38\": 0,\n    \"39\": 0,\n    \"40\": 0,\n    \"41\": 0,\n    \"42\": 0,\n    \"43\": 0,\n    \"44\": 0,\n    \"45\": 0,\n    \"46\": 0,\n    \"47\": 0,\n    \"48\": 0,\n    \"49\": 0.00426,\n    \"50\": 0,\n    \"51\": 0,\n    \"52\": 0,\n    \"53\": 0,\n    \"54\": 0,\n    \"55\": 0,\n    \"56\": 0,\n    \"57\": 0,\n    \"58\": 0,\n    \"59\": 0,\n    \"60\": 0,\n    \"61\": 0.00213,\n    \"62\": 0.00213,\n    \"63\": 0.00426,\n    \"64\": 0,\n    \"65\": 0.00213,\n    \"66\": 0,\n    \"67\": 0,\n    \"68\": 0,\n    \"69\": 0,\n    \"70\": 0.00426,\n    \"71\": 0.00213,\n    \"72\": 0,\n    \"73\": 0.00213,\n    \"74\": 0,\n    \"75\": 0,\n    \"76\": 0.00213,\n    \"77\": 0,\n    \"78\": 0,\n    \"79\": 0.00426,\n    \"80\": 0.00213,\n    \"81\": 0.01064,\n    \"83\": 0.01064,\n    \"84\": 0.00213,\n    \"85\": 0.00213,\n    \"86\": 0.00426,\n    \"87\": 0.00851,\n    \"88\": 0.01702,\n    \"89\": 0.00213,\n    \"90\": 0.01277,\n    \"91\": 0.06597,\n    \"92\": 1.54493,\n    \"93\": 0,\n    \"94\": 0,\n    \"95\": 0,\n    \"96\": 0\n  },\n  F: {\n    \"9\": 0,\n    \"11\": 0,\n    \"12\": 0,\n    \"15\": 0,\n    \"16\": 0,\n    \"17\": 0,\n    \"18\": 0,\n    \"19\": 0,\n    \"20\": 0,\n    \"21\": 0,\n    \"22\": 0,\n    \"23\": 0,\n    \"24\": 0,\n    \"25\": 0,\n    \"26\": 0,\n    \"27\": 0,\n    \"28\": 0,\n    \"29\": 0,\n    \"30\": 0,\n    \"31\": 0,\n    \"32\": 0,\n    \"33\": 0,\n    \"34\": 0,\n    \"35\": 0,\n    \"36\": 0,\n    \"37\": 0,\n    \"38\": 0,\n    \"39\": 0,\n    \"40\": 0,\n    \"41\": 0,\n    \"42\": 0,\n    \"43\": 0,\n    \"44\": 0,\n    \"45\": 0,\n    \"46\": 0,\n    \"47\": 0,\n    \"48\": 0,\n    \"49\": 0,\n    \"50\": 0,\n    \"51\": 0,\n    \"52\": 0,\n    \"53\": 0,\n    \"54\": 0,\n    \"55\": 0,\n    \"56\": 0.00213,\n    \"57\": 0,\n    \"58\": 0.00213,\n    \"60\": 0,\n    \"62\": 0,\n    \"63\": 0,\n    \"64\": 0.00213,\n    \"65\": 0.00638,\n    \"66\": 0,\n    \"67\": 0,\n    \"68\": 0,\n    \"69\": 0,\n    \"70\": 0,\n    \"71\": 0,\n    \"72\": 0,\n    \"73\": 0,\n    \"74\": 0,\n    \"75\": 0,\n    \"76\": 0,\n    \"77\": 0.06597,\n    \"78\": 0.07448,\n    \"9.5-9.6\": 0,\n    \"10.0-10.1\": 0,\n    \"10.5\": 0,\n    \"10.6\": 0,\n    \"11.1\": 0,\n    \"11.5\": 0,\n    \"11.6\": 0,\n    \"12.1\": 0\n  },\n  G: {\n    \"8\": 0.00564,\n    \"3.2\": 0,\n    \"4.0-4.1\": 0,\n    \"4.2-4.3\": 0,\n    \"5.0-5.1\": 0.01692,\n    \"6.0-6.1\": 0.00141,\n    \"7.0-7.1\": 0.02256,\n    \"8.1-8.4\": 0,\n    \"9.0-9.2\": 0.00141,\n    \"9.3\": 0.20302,\n    \"10.0-10.2\": 0.02115,\n    \"10.3\": 0.15649,\n    \"11.0-11.2\": 0.43283,\n    \"11.3-11.4\": 0.04935,\n    \"12.0-12.1\": 0.05216,\n    \"12.2-12.4\": 0.26082,\n    \"13.0-13.1\": 0.04794,\n    \"13.2\": 0.08741,\n    \"13.3\": 0.36797,\n    \"13.4-13.7\": 0.57522,\n    \"14.0-14.4\": 2.97339,\n    \"14.5-14.7\": 7.25232\n  },\n  E: {\n    \"4\": 0,\n    \"5\": 0,\n    \"6\": 0,\n    \"7\": 0,\n    \"8\": 0,\n    \"9\": 0,\n    \"10\": 0,\n    \"11\": 0,\n    \"12\": 0,\n    \"13\": 0.00213,\n    \"14\": 0.01064,\n    \"15\": 0,\n    _: \"0\",\n    \"3.1\": 0,\n    \"3.2\": 0,\n    \"5.1\": 0,\n    \"6.1\": 0,\n    \"7.1\": 0.00426,\n    \"9.1\": 0,\n    \"10.1\": 0,\n    \"11.1\": 0,\n    \"12.1\": 0.00638,\n    \"13.1\": 0.01064,\n    \"14.1\": 0.03192\n  },\n  B: {\n    \"12\": 0.00426,\n    \"13\": 0.00851,\n    \"14\": 0.09363,\n    \"15\": 0.00213,\n    \"16\": 0.01277,\n    \"17\": 0.00426,\n    \"18\": 0.03192,\n    \"79\": 0,\n    \"80\": 0,\n    \"81\": 0,\n    \"83\": 0,\n    \"84\": 0.00213,\n    \"85\": 0.00213,\n    \"86\": 0,\n    \"87\": 0,\n    \"88\": 0,\n    \"89\": 0.00426,\n    \"90\": 0.00213,\n    \"91\": 0.01064,\n    \"92\": 0.73629,\n    \"93\": 0\n  },\n  P: {\n    \"4\": 0.24152,\n    \"5.0-5.4\": 0.03019,\n    \"6.2-6.4\": 0.07044,\n    \"7.2-7.4\": 0.28178,\n    \"8.2\": 0,\n    \"9.2\": 0.34216,\n    \"10.1\": 0.02013,\n    \"11.1-11.2\": 0.21133,\n    \"12.0\": 0.09057,\n    \"13.0\": 0.3019,\n    \"14.0\": 1.12711\n  },\n  I: {\n    \"0\": 0,\n    \"3\": 0,\n    \"4\": 0,\n    \"2.1\": 0,\n    \"2.2\": 0,\n    \"2.3\": 0,\n    \"4.1\": 0.00253,\n    \"4.2-4.3\": 0.0114,\n    \"4.4\": 0,\n    \"4.4.3-4.4.4\": 0.26734\n  },\n  K: {\n    _: \"0 10 11 12 11.1 11.5 12.1\"\n  },\n  A: {\n    \"6\": 0,\n    \"7\": 0,\n    \"8\": 0.00319,\n    \"9\": 0,\n    \"10\": 0,\n    \"11\": 0.05426,\n    \"5.5\": 0\n  },\n  J: {\n    \"7\": 0,\n    \"10\": 0.04723\n  },\n  N: {\n    \"10\": 0,\n    \"11\": 0\n  },\n  R: {\n    _: \"0\"\n  },\n  M: {\n    \"0\": 0.07872\n  },\n  Q: {\n    \"10.4\": 0.01574\n  },\n  O: {\n    \"0\": 1.73971\n  },\n  H: {\n    \"0\": 0.81234\n  },\n  L: {\n    \"0\": 76.41128\n  },\n  S: {\n    \"2.5\": 0.07085\n  }\n};","map":{"version":3,"sources":["C:/xampp/public_html/vamo/interface2/node_modules/caniuse-lite/data/regions/ML.js"],"names":["module","exports","C","D","F","G","E","_","B","P","I","K","A","J","N","R","M","Q","O","H","L","S"],