{"ast":null,"code":"module.exports = {\n  C: {\n    \"41\": 0.00525,\n    \"42\": 0.0105,\n    \"43\": 0.00525,\n    \"45\": 0.01575,\n    \"52\": 0.20479,\n    \"60\": 0.01575,\n    \"68\": 0.19429,\n    \"78\": 0.48834,\n    \"79\": 0.0105,\n    \"80\": 0.01575,\n    \"81\": 0.04201,\n    \"82\": 0.00525,\n    \"83\": 0.01575,\n    \"84\": 0.021,\n    \"85\": 0.0105,\n    \"86\": 0.01575,\n    \"87\": 0.0105,\n    \"88\": 0.05776,\n    \"89\": 0.15228,\n    \"90\": 3.80698,\n    \"91\": 4.63138,\n    \"92\": 0.01575,\n    _: \"2 3 4 5 6 7 8 9 10 11 12 13 14 15 16 17 18 19 20 21 22 23 24 25 26 27 28 29 30 31 32 33 34 35 36 37 38 39 40 44 46 47 48 49 50 51 53 54 55 56 57 58 59 61 62 63 64 65 66 67 69 70 71 72 73 74 75 76 77 93 3.5 3.6\"\n  },\n  D: {\n    \"38\": 0.02626,\n    \"49\": 0.11027,\n    \"53\": 0.0105,\n    \"55\": 0.01575,\n    \"56\": 0.00525,\n    \"65\": 0.05251,\n    \"67\": 0.02626,\n    \"70\": 0.0105,\n    \"72\": 0.00525,\n    \"73\": 0.01575,\n    \"77\": 0.05776,\n    \"78\": 0.03676,\n    \"79\": 0.08927,\n    \"80\": 0.04726,\n    \"81\": 0.021,\n    \"83\": 0.03151,\n    \"85\": 0.04726,\n    \"86\": 0.09452,\n    \"87\": 1.70658,\n    \"88\": 0.13128,\n    \"89\": 0.10502,\n    \"90\": 0.2678,\n    \"91\": 1.46503,\n    \"92\": 23.99182,\n    \"93\": 0.0105,\n    _: \"4 5 6 7 8 9 10 11 12 13 14 15 16 17 18 19 20 21 22 23 24 25 26 27 28 29 30 31 32 33 34 35 36 37 39 40 41 42 43 44 45 46 47 48 50 51 52 54 57 58 59 60 61 62 63 64 66 68 69 71 74 75 76 84 94 95 96\"\n  },\n  F: {\n    \"29\": 0.03151,\n    \"73\": 0.021,\n    \"77\": 0.2573,\n    \"78\": 0.24155,\n    _: \"9 11 12 15 16 17 18 19 20 21 22 23 24 25 26 27 28 30 31 32 33 34 35 36 37 38 39 40 41 42 43 44 45 46 47 48 49 50 51 52 53 54 55 56 57 58 60 62 63 64 65 66 67 68 69 70 71 72 74 75 76 9.5-9.6 10.5 10.6 11.1 11.5 11.6 12.1\",\n    \"10.0-10.1\": 0\n  },\n  G: {\n    \"8\": 0,\n    \"3.2\": 0,\n    \"4.0-4.1\": 0,\n    \"4.2-4.3\": 0,\n    \"5.0-5.1\": 0,\n    \"6.0-6.1\": 0,\n    \"7.0-7.1\": 0.00743,\n    \"8.1-8.4\": 0.00495,\n    \"9.0-9.2\": 0,\n    \"9.3\": 0.15348,\n    \"10.0-10.2\": 0.01733,\n    \"10.3\": 0.29087,\n    \"11.0-11.2\": 0.03466,\n    \"11.3-11.4\": 0.28839,\n    \"12.0-12.1\": 0.05075,\n    \"12.2-12.4\": 0.22279,\n    \"13.0-13.1\": 0.02599,\n    \"13.2\": 0.00743,\n    \"13.3\": 0.18566,\n    \"13.4-13.7\": 0.2723,\n    \"14.0-14.4\": 1.21547,\n    \"14.5-14.7\": 8.6011\n  },\n  E: {\n    \"4\": 0,\n    \"12\": 0.05251,\n    \"13\": 0.09452,\n    \"14\": 1.20773,\n    _: \"0 5 6 7 8 9 10 11 15 3.1 3.2 5.1 7.1 9.1\",\n    \"6.1\": 0.0105,\n    \"10.1\": 0.06301,\n    \"11.1\": 0.05251,\n    \"12.1\": 0.2678,\n    \"13.1\": 0.45684,\n    \"14.1\": 3.85423\n  },\n  B: {\n    \"14\": 0.00525,\n    \"15\": 0.00525,\n    \"16\": 0.02626,\n    \"17\": 0.01575,\n    \"18\": 0.10502,\n    \"86\": 0.021,\n    \"89\": 0.01575,\n    \"90\": 0.0105,\n    \"91\": 0.16278,\n    \"92\": 4.93069,\n    _: \"12 13 79 80 81 83 84 85 87 88 93\"\n  },\n  P: {\n    \"4\": 0.07478,\n    \"5.0-5.4\": 0.06114,\n    \"6.2-6.4\": 0.02137,\n    \"7.2-7.4\": 0.91878,\n    \"8.2\": 0.07124,\n    \"9.2\": 0.13888,\n    \"10.1\": 0.04273,\n    \"11.1-11.2\": 0.63032,\n    \"12.0\": 0.1282,\n    \"13.0\": 0.39529,\n    \"14.0\": 4.49772\n  },\n  I: {\n    \"0\": 0,\n    \"3\": 0,\n    \"4\": 0,\n    \"2.1\": 0,\n    \"2.2\": 0,\n    \"2.3\": 0,\n    \"4.1\": 0.00165,\n    \"4.2-4.3\": 0.00099,\n    \"4.4\": 0,\n    \"4.4.3-4.4.4\": 0.04485\n  },\n  K: {\n    _: \"0 10 11 12 11.1 11.5 12.1\"\n  },\n  A: {\n    \"11\": 0.2678,\n    _: \"6 7 8 9 10 5.5\"\n  },\n  J: {\n    \"7\": 0,\n    \"10\": 0\n  },\n  N: {\n    \"11\": 0.02439,\n    _: \"10\"\n  },\n  R: {\n    _: \"0\"\n  },\n  M: {\n    \"0\": 0.30394\n  },\n  Q: {\n    \"10.4\": 0\n  },\n  O: {\n    \"0\": 0.09023\n  },\n  H: {\n    \"0\": 0.04496\n  },\n  L: {\n    \"0\": 29.79845\n  },\n  S: {\n    \"2.5\": 0\n  }\n};","map":{"version":3,"sources":["C:/xampp/public_html/vamo/interface2/node_modules/caniuse-lite/data/regions/NC.js"],"names":["module","exports","C","_","D","F","G","E","B","P","I","K","A","J","N","R","M","Q","O","H","L","S"],"mappings":"AAAAA,MAAM,CAACC,OAAP,GAAe;AAACC,EAAAA,CAAC,EAAC;AAAC,UAAK,OAAN;AAAc,UAAK,MAAnB;AAA0B,UAAK,OAA/B;AAAuC,UAAK,OAA5C;AAAoD,UAAK,OAAzD;AAAiE,UAAK,OAAtE;AAA8E,UAAK,OAAnF;AAA2F,UAAK,OAAhG;AAAwG,UAAK,MAA7G;AAAoH,UAAK,OAAzH;AAAiI,UAAK,OAAtI;AAA8I,UAAK,OAAnJ;AAA2J,UAAK,OAAhK;AAAwK,UAAK,KAA7K;AAAmL,UAAK,MAAxL;AAA+L,UAAK,OAApM;AAA4M,UAAK,MAAjN;AAAwN,UAAK,OAA7N;AAAqO,UAAK,OAA1O;AAAkP,UAAK,OAAvP;AAA+P,UAAK,OAApQ;AAA4Q,UAAK,OAAjR;AAAyRC,IAAAA,CAAC,EAAC;AAA3R,GAAH;AAAmfC,EAAAA,CAAC,EAAC;AAAC,UAAK,OAAN;AAAc,UAAK,OAAnB;AAA2B,UAAK,MAAhC;AAAuC,UAAK,OAA5C;AAAoD,UAAK,OAAzD;AAAiE,UAAK,OAAtE;AAA8E,UAAK,OAAnF;AAA2F,UAAK,MAAhG;AAAuG,UAAK,OAA5G;AAAoH,UAAK,OAAzH;AAAiI,UAAK,OAAtI;AAA8I,UAAK,OAAnJ;AAA2J,UAAK,OAAhK;AAAwK,UAAK,OAA7K;AAAqL,UAAK,KAA1L;AAAgM,UAAK,OAArM;AAA6M,UAAK,OAAlN;AAA0N,UAAK,OAA/N;AAAuO,UAAK,OAA5O;AAAoP,UAAK,OAAzP;AAAiQ,UAAK,OAAtQ;AAA8Q,UAAK,MAAnR;AAA0R,UAAK,OAA/R;AAAuS,UAAK,QAA5S;AAAqT,UAAK,MAA1T;AAAiUD,IAAAA,CAAC,EAAC;AAAnU,GAArf;AAA8/BE,EAAAA,CAAC,EAAC;AAAC,UAAK,OAAN;AAAc,UAAK,KAAnB;AAAyB,UAAK,MAA9B;AAAqC,UAAK,OAA1C;AAAkDF,IAAAA,CAAC,EAAC,6NAApD;AAAkR,iBAAY;AAA9R,GAAhgC;AAAiyCG,EAAAA,CAAC,EAAC;AAAC,SAAI,CAAL;AAAO,WAAM,CAAb;AAAe,eAAU,CAAzB;AAA2B,eAAU,CAArC;AAAuC,eAAU,CAAjD;AAAmD,eAAU,CAA7D;AAA+D,eAAU,OAAzE;AAAiF,eAAU,OAA3F;AAAmG,eAAU,CAA7G;AAA+G,WAAM,OAArH;AAA6H,iBAAY,OAAzI;AAAiJ,YAAO,OAAxJ;AAAgK,iBAAY,OAA5K;AAAoL,iBAAY,OAAhM;AAAwM,iBAAY,OAApN;AAA4N,iBAAY,OAAxO;AAAgP,iBAAY,OAA5P;AAAoQ,YAAO,OAA3Q;AAAmR,YAAO,OAA1R;AAAkS,iBAAY,MAA9S;AAAqT,iBAAY,OAAjU;AAAyU,iBAAY;AAArV,GAAnyC;AAAgoDC,EAAAA,CAAC,EAAC;AAAC,SAAI,CAAL;AAAO,UAAK,OAAZ;AAAoB,UAAK,OAAzB;AAAiC,UAAK,OAAtC;AAA8CJ,IAAAA,CAAC,EAAC,0CAAhD;AAA2F,WAAM,MAAjG;AAAwG,YAAO,OAA/G;AAAuH,YAAO,OAA9H;AAAsI,YAAO,MAA7I;AAAoJ,YAAO,OAA3J;AAAmK,YAAO;AAA1K,GAAloD;AAAqzDK,EAAAA,CAAC,EAAC;AAAC,UAAK,OAAN;AAAc,UAAK,OAAnB;AAA2B,UAAK,OAAhC;AAAwC,UAAK,OAA7C;AAAqD,UAAK,OAA1D;AAAkE,UAAK,KAAvE;AAA6E,UAAK,OAAlF;AAA0F,UAAK,MAA/F;AAAsG,UAAK,OAA3G;AAAmH,UAAK,OAAxH;AAAgIL,IAAAA,CAAC,EAAC;AAAlI,GAAvzD;AAA69DM,EAAAA,CAAC,EAAC;AAAC,SAAI,OAAL;AAAa,eAAU,OAAvB;AAA+B,eAAU,OAAzC;AAAiD,eAAU,OAA3D;AAAmE,WAAM,OAAzE;AAAiF,WAAM,OAAvF;AAA+F,YAAO,OAAtG;AAA8G,iBAAY,OAA1H;AAAkI,YAAO,MAAzI;AAAgJ,YAAO,OAAvJ;AAA+J,YAAO;AAAtK,GAA/9D;AAA8oEC,EAAAA,CAAC,EAAC;AAAC,SAAI,CAAL;AAAO,SAAI,CAAX;AAAa,SAAI,CAAjB;AAAmB,WAAM,CAAzB;AAA2B,WAAM,CAAjC;AAAmC,WAAM,CAAzC;AAA2C,WAAM,OAAjD;AAAyD,eAAU,OAAnE;AAA2E,WAAM,CAAjF;AAAmF,mBAAc;AAAjG,GAAhpE;AAA0vEC,EAAAA,CAAC,EAAC;AAACR,IAAAA,CAAC,EAAC;AAAH,GAA5vE;AAA4xES,EAAAA,CAAC,EAAC;AAAC,UAAK,MAAN;AAAaT,IAAAA,CAAC,EAAC;AAAf,GAA9xE;AAA+zEU,EAAAA,CAAC,EAAC;AAAC,SAAI,CAAL;AAAO,UAAK;AAAZ,GAAj0E;AAAg1EC,EAAAA,CAAC,EAAC;AAAC,UAAK,OAAN;AAAcX,IAAAA,CAAC,EAAC;AAAhB,GAAl1E;AAAw2EY,EAAAA,CAAC,EAAC;AAACZ,IAAAA,CAAC,EAAC;AAAH,GAA12E;AAAk3Ea,EAAAA,CAAC,EAAC;AAAC,SAAI;AAAL,GAAp3E;AAAk4EC,EAAAA,CAAC,EAAC;AAAC,YAAO;AAAR,GAAp4E;AAA+4EC,EAAAA,CAAC,EAAC;AAAC,SAAI;AAAL,GAAj5E;AAA+5EC,EAAAA,CAAC,EAAC;AAAC,SAAI;AAAL,GAAj6E;AAA+6EC,EAAAA,CAAC,EAAC;AAAC,SAAI;AAAL,GAAj7E;AAAg8EC,EAAAA,CAAC,EAAC;AAAC,WAAM;AAAP;AAAl8E,CAAf",