{"ast":null,"code":"module.exports = {\n  C: {\n    \"2\": 0,\n    \"3\": 0,\n    \"4\": 0,\n    \"5\": 0,\n    \"6\": 0,\n    \"7\": 0,\n    \"8\": 0,\n    \"9\": 0,\n    \"10\": 0,\n    \"11\": 0,\n    \"12\": 0,\n    \"13\": 0,\n    \"14\": 0,\n    \"15\": 0,\n    \"16\": 0,\n    \"17\": 0,\n    \"18\": 0,\n    \"19\": 0,\n    \"20\": 0,\n    \"21\": 0,\n    \"22\": 0,\n    \"23\": 0,\n    \"24\": 0,\n    \"25\": 0,\n    \"26\": 0,\n    \"27\": 0,\n    \"28\": 0,\n    \"29\": 0,\n    \"30\": 0,\n    \"31\": 0,\n    \"32\": 0,\n    \"33\": 0,\n    \"34\": 0.01169,\n    \"35\": 0.01753,\n    \"36\": 0.01753,\n    \"37\": 0,\n    \"38\": 0,\n    \"39\": 0,\n    \"40\": 0,\n    \"41\": 0,\n    \"42\": 0,\n    \"43\": 0,\n    \"44\": 0,\n    \"45\": 0,\n    \"46\": 0,\n    \"47\": 0,\n    \"48\": 0.00584,\n    \"49\": 0,\n    \"50\": 0,\n    \"51\": 0,\n    \"52\": 0.02337,\n    \"53\": 0,\n    \"54\": 0,\n    \"55\": 0,\n    \"56\": 0,\n    \"57\": 0,\n    \"58\": 0,\n    \"59\": 0,\n    \"60\": 0,\n    \"61\": 0,\n    \"62\": 0,\n    \"63\": 0,\n    \"64\": 0,\n    \"65\": 0,\n    \"66\": 0,\n    \"67\": 0,\n    \"68\": 0.00584,\n    \"69\": 0,\n    \"70\": 0,\n    \"71\": 0,\n    \"72\": 0,\n    \"73\": 0,\n    \"74\": 0,\n    \"75\": 0,\n    \"76\": 0,\n    \"77\": 0,\n    \"78\": 0.06427,\n    \"79\": 0,\n    \"80\": 0,\n    \"81\": 0.00584,\n    \"82\": 0.01169,\n    \"83\": 0,\n    \"84\": 0.00584,\n    \"85\": 0.00584,\n    \"86\": 0.00584,\n    \"87\": 0.00584,\n    \"88\": 0.02337,\n    \"89\": 0.05259,\n    \"90\": 0.69532,\n    \"91\": 0.91735,\n    \"92\": 0.00584,\n    \"93\": 0,\n    \"3.5\": 0,\n    \"3.6\": 0\n  },\n  D: {\n    \"4\": 0,\n    \"5\": 0,\n    \"6\": 0,\n    \"7\": 0,\n    \"8\": 0,\n    \"9\": 0,\n    \"10\": 0,\n    \"11\": 0,\n    \"12\": 0,\n    \"13\": 0,\n    \"14\": 0,\n    \"15\": 0,\n    \"16\": 0,\n    \"17\": 0,\n    \"18\": 0,\n    \"19\": 0,\n    \"20\": 0,\n    \"21\": 0,\n    \"22\": 0,\n    \"23\": 0,\n    \"24\": 0,\n    \"25\": 0,\n    \"26\": 0.01169,\n    \"27\": 0,\n    \"28\": 0,\n    \"29\": 0,\n    \"30\": 0,\n    \"31\": 0,\n    \"32\": 0,\n    \"33\": 0,\n    \"34\": 0.02337,\n    \"35\": 0,\n    \"36\": 0,\n    \"37\": 0,\n    \"38\": 0.08765,\n    \"39\": 0,\n    \"40\": 0,\n    \"41\": 0,\n    \"42\": 0,\n    \"43\": 0,\n    \"44\": 0,\n    \"45\": 0,\n    \"46\": 0,\n    \"47\": 0.00584,\n    \"48\": 0.00584,\n    \"49\": 0.1636,\n    \"50\": 0,\n    \"51\": 0,\n    \"52\": 0.00584,\n    \"53\": 0.02922,\n    \"54\": 0,\n    \"55\": 0.00584,\n    \"56\": 0.00584,\n    \"57\": 0.00584,\n    \"58\": 0.00584,\n    \"59\": 0.00584,\n    \"60\": 0.01169,\n    \"61\": 0.01169,\n    \"62\": 0,\n    \"63\": 0.00584,\n    \"64\": 0.01753,\n    \"65\": 0.02337,\n    \"66\": 0.01169,\n    \"67\": 0.02337,\n    \"68\": 0.01169,\n    \"69\": 0.02337,\n    \"70\": 0.02337,\n    \"71\": 0.01169,\n    \"72\": 0.02337,\n    \"73\": 0.02337,\n    \"74\": 0.01753,\n    \"75\": 0.02337,\n    \"76\": 0.01753,\n    \"77\": 0.01169,\n    \"78\": 0.02337,\n    \"79\": 0.19866,\n    \"80\": 0.05259,\n    \"81\": 0.03506,\n    \"83\": 0.0409,\n    \"84\": 0.02922,\n    \"85\": 0.02922,\n    \"86\": 0.06427,\n    \"87\": 0.23956,\n    \"88\": 0.0818,\n    \"89\": 0.10517,\n    \"90\": 0.28631,\n    \"91\": 1.61851,\n    \"92\": 16.45973,\n    \"93\": 0.02337,\n    \"94\": 0.01169,\n    \"95\": 0,\n    \"96\": 0\n  },\n  F: {\n    \"9\": 0,\n    \"11\": 0,\n    \"12\": 0,\n    \"15\": 0,\n    \"16\": 0,\n    \"17\": 0,\n    \"18\": 0,\n    \"19\": 0,\n    \"20\": 0,\n    \"21\": 0,\n    \"22\": 0,\n    \"23\": 0,\n    \"24\": 0,\n    \"25\": 0,\n    \"26\": 0,\n    \"27\": 0,\n    \"28\": 0,\n    \"29\": 0,\n    \"30\": 0,\n    \"31\": 0,\n    \"32\": 0,\n    \"33\": 0,\n    \"34\": 0,\n    \"35\": 0,\n    \"36\": 0.00584,\n    \"37\": 0.00584,\n    \"38\": 0,\n    \"39\": 0,\n    \"40\": 0.00584,\n    \"41\": 0,\n    \"42\": 0,\n    \"43\": 0,\n    \"44\": 0,\n    \"45\": 0,\n    \"46\": 0.05259,\n    \"47\": 0,\n    \"48\": 0,\n    \"49\": 0,\n    \"50\": 0,\n    \"51\": 0,\n    \"52\": 0,\n    \"53\": 0,\n    \"54\": 0,\n    \"55\": 0,\n    \"56\": 0,\n    \"57\": 0,\n    \"58\": 0.00584,\n    \"60\": 0,\n    \"62\": 0,\n    \"63\": 0,\n    \"64\": 0,\n    \"65\": 0,\n    \"66\": 0,\n    \"67\": 0,\n    \"68\": 0,\n    \"69\": 0,\n    \"70\": 0,\n    \"71\": 0,\n    \"72\": 0,\n    \"73\": 0,\n    \"74\": 0,\n    \"75\": 0.00584,\n    \"76\": 0,\n    \"77\": 0.13439,\n    \"78\": 0.1227,\n    \"9.5-9.6\": 0,\n    \"10.0-10.1\": 0,\n    \"10.5\": 0,\n    \"10.6\": 0,\n    \"11.1\": 0,\n    \"11.5\": 0,\n    \"11.6\": 0,\n    \"12.1\": 0\n  },\n  G: {\n    \"8\": 0.00381,\n    \"3.2\": 0,\n    \"4.0-4.1\": 0,\n    \"4.2-4.3\": 0,\n    \"5.0-5.1\": 0.05716,\n    \"6.0-6.1\": 0.04573,\n    \"7.0-7.1\": 0.04954,\n    \"8.1-8.4\": 0.11431,\n    \"9.0-9.2\": 0.05335,\n    \"9.3\": 0.60587,\n    \"10.0-10.2\": 0.0724,\n    \"10.3\": 0.68208,\n    \"11.0-11.2\": 0.19815,\n    \"11.3-11.4\": 0.24006,\n    \"12.0-12.1\": 0.2172,\n    \"12.2-12.4\": 0.64778,\n    \"13.0-13.1\": 0.11431,\n    \"13.2\": 0.04954,\n    \"13.3\": 0.33532,\n    \"13.4-13.7\": 1.0898,\n    \"14.0-14.4\": 3.83335,\n    \"14.5-14.7\": 27.51549\n  },\n  E: {\n    \"4\": 0,\n    \"5\": 0,\n    \"6\": 0,\n    \"7\": 0,\n    \"8\": 0.01169,\n    \"9\": 0,\n    \"10\": 0,\n    \"11\": 0.01169,\n    \"12\": 0.01753,\n    \"13\": 0.11686,\n    \"14\": 0.77712,\n    \"15\": 0.01753,\n    _: \"0\",\n    \"3.1\": 0,\n    \"3.2\": 0,\n    \"5.1\": 0,\n    \"6.1\": 0,\n    \"7.1\": 0,\n    \"9.1\": 0.01169,\n    \"10.1\": 0.03506,\n    \"11.1\": 0.07596,\n    \"12.1\": 0.13439,\n    \"13.1\": 0.52003,\n    \"14.1\": 4.10179\n  },\n  B: {\n    \"12\": 0,\n    \"13\": 0,\n    \"14\": 0.00584,\n    \"15\": 0.00584,\n    \"16\": 0.00584,\n    \"17\": 0.00584,\n    \"18\": 0.06427,\n    \"79\": 0,\n    \"80\": 0,\n    \"81\": 0,\n    \"83\": 0,\n    \"84\": 0.00584,\n    \"85\": 0.00584,\n    \"86\": 0.00584,\n    \"87\": 0.00584,\n    \"88\": 0.00584,\n    \"89\": 0.01169,\n    \"90\": 0.01169,\n    \"91\": 0.11102,\n    \"92\": 2.97409,\n    \"93\": 0.00584\n  },\n  P: {\n    \"4\": 0.84379,\n    \"5.0-5.4\": 0,\n    \"6.2-6.4\": 0,\n    \"7.2-7.4\": 0,\n    \"8.2\": 0.01068,\n    \"9.2\": 0.03204,\n    \"10.1\": 0.02136,\n    \"11.1-11.2\": 0.06409,\n    \"12.0\": 0.04272,\n    \"13.0\": 0.14953,\n    \"14.0\": 2.40319\n  },\n  I: {\n    \"0\": 0,\n    \"3\": 0,\n    \"4\": 0.00649,\n    \"2.1\": 0,\n    \"2.2\": 0,\n    \"2.3\": 0,\n    \"4.1\": 0.00649,\n    \"4.2-4.3\": 0.01732,\n    \"4.4\": 0,\n    \"4.4.3-4.4.4\": 0.09307\n  },\n  K: {\n    _: \"0 10 11 12 11.1 11.5 12.1\"\n  },\n  A: {\n    \"6\": 0.01205,\n    \"7\": 0,\n    \"8\": 0,\n    \"9\": 0.01205,\n    \"10\": 0,\n    \"11\": 0.55435,\n    \"5.5\": 0\n  },\n  J: {\n    \"7\": 0,\n    \"10\": 0\n  },\n  N: {\n    \"10\": 0,\n    \"11\": 0\n  },\n  R: {\n    _: \"0\"\n  },\n  M: {\n    \"0\": 0.35335\n  },\n  Q: {\n    \"10.4\": 0.03741\n  },\n  O: {\n    \"0\": 0.13302\n  },\n  H: {\n    \"0\": 0.17317\n  },\n  L: {\n    \"0\": 24.87151\n  },\n  S: {\n    \"2.5\": 0\n  }\n};","map":{"version":3,"sources":["C:/xampp/public_html/vamo/interface2/node_modules/caniuse-lite/data/regions/AU.js"],"names":["module","exports","C","D","F","G","E","_","B","P","I","K","A","J","N","R","M","Q","O","H","L","S"],