{"ast":null,"code":"module.exports = {\n  C: {\n    \"2\": 0,\n    \"3\": 0,\n    \"4\": 0.00514,\n    \"5\": 0.00514,\n    \"6\": 0,\n    \"7\": 0,\n    \"8\": 0,\n    \"9\": 0,\n    \"10\": 0,\n    \"11\": 0,\n    \"12\": 0,\n    \"13\": 0,\n    \"14\": 0,\n    \"15\": 0.00514,\n    \"16\": 0,\n    \"17\": 0.01028,\n    \"18\": 0,\n    \"19\": 0,\n    \"20\": 0,\n    \"21\": 0,\n    \"22\": 0,\n    \"23\": 0,\n    \"24\": 0,\n    \"25\": 0,\n    \"26\": 0,\n    \"27\": 0,\n    \"28\": 0,\n    \"29\": 0,\n    \"30\": 0,\n    \"31\": 0,\n    \"32\": 0,\n    \"33\": 0,\n    \"34\": 0,\n    \"35\": 0,\n    \"36\": 0,\n    \"37\": 0,\n    \"38\": 0,\n    \"39\": 0,\n    \"40\": 0,\n    \"41\": 0,\n    \"42\": 0,\n    \"43\": 0,\n    \"44\": 0,\n    \"45\": 0,\n    \"46\": 0,\n    \"47\": 0,\n    \"48\": 0,\n    \"49\": 0,\n    \"50\": 0.00514,\n    \"51\": 0,\n    \"52\": 0.01028,\n    \"53\": 0,\n    \"54\": 0,\n    \"55\": 0,\n    \"56\": 0,\n    \"57\": 0,\n    \"58\": 0,\n    \"59\": 0,\n    \"60\": 0,\n    \"61\": 0,\n    \"62\": 0,\n    \"63\": 0,\n    \"64\": 0,\n    \"65\": 0,\n    \"66\": 0.03083,\n    \"67\": 0,\n    \"68\": 0.01541,\n    \"69\": 0,\n    \"70\": 0,\n    \"71\": 0,\n    \"72\": 0,\n    \"73\": 0.00514,\n    \"74\": 0,\n    \"75\": 0,\n    \"76\": 0,\n    \"77\": 0,\n    \"78\": 0.02055,\n    \"79\": 0.00514,\n    \"80\": 0,\n    \"81\": 0,\n    \"82\": 0,\n    \"83\": 0,\n    \"84\": 0.01028,\n    \"85\": 0,\n    \"86\": 0,\n    \"87\": 0.00514,\n    \"88\": 0.01541,\n    \"89\": 0.01541,\n    \"90\": 0.31342,\n    \"91\": 0.43159,\n    \"92\": 0.00514,\n    \"93\": 0.00514,\n    \"3.5\": 0,\n    \"3.6\": 0\n  },\n  D: {\n    \"4\": 0,\n    \"5\": 0,\n    \"6\": 0,\n    \"7\": 0,\n    \"8\": 0,\n    \"9\": 0,\n    \"10\": 0,\n    \"11\": 0,\n    \"12\": 0,\n    \"13\": 0,\n    \"14\": 0,\n    \"15\": 0,\n    \"16\": 0,\n    \"17\": 0,\n    \"18\": 0,\n    \"19\": 0,\n    \"20\": 0,\n    \"21\": 0,\n    \"22\": 0.00514,\n    \"23\": 0.00514,\n    \"24\": 0.01028,\n    \"25\": 0.00514,\n    \"26\": 0.00514,\n    \"27\": 0,\n    \"28\": 0,\n    \"29\": 0,\n    \"30\": 0,\n    \"31\": 0,\n    \"32\": 0,\n    \"33\": 0,\n    \"34\": 0,\n    \"35\": 0,\n    \"36\": 0,\n    \"37\": 0,\n    \"38\": 0.01028,\n    \"39\": 0,\n    \"40\": 0,\n    \"41\": 0,\n    \"42\": 0.00514,\n    \"43\": 0,\n    \"44\": 0,\n    \"45\": 0,\n    \"46\": 0.00514,\n    \"47\": 0.00514,\n    \"48\": 0,\n    \"49\": 0.05652,\n    \"50\": 0.00514,\n    \"51\": 0,\n    \"52\": 0,\n    \"53\": 0.00514,\n    \"54\": 0,\n    \"55\": 0.00514,\n    \"56\": 0,\n    \"57\": 0,\n    \"58\": 0.00514,\n    \"59\": 0,\n    \"60\": 0,\n    \"61\": 0.00514,\n    \"62\": 0.00514,\n    \"63\": 0.00514,\n    \"64\": 0,\n    \"65\": 0.01028,\n    \"66\": 0,\n    \"67\": 0.01028,\n    \"68\": 0.00514,\n    \"69\": 0.01028,\n    \"70\": 0.01028,\n    \"71\": 0.00514,\n    \"72\": 0.01028,\n    \"73\": 0.00514,\n    \"74\": 0.01028,\n    \"75\": 0.01028,\n    \"76\": 0.01541,\n    \"77\": 0.01028,\n    \"78\": 0.01028,\n    \"79\": 0.08221,\n    \"80\": 0.03083,\n    \"81\": 0.06679,\n    \"83\": 0.02055,\n    \"84\": 0.02569,\n    \"85\": 0.02055,\n    \"86\": 0.0411,\n    \"87\": 0.149,\n    \"88\": 0.05652,\n    \"89\": 0.05652,\n    \"90\": 0.11817,\n    \"91\": 0.61142,\n    \"92\": 20.01765,\n    \"93\": 0.01541,\n    \"94\": 0.00514,\n    \"95\": 0,\n    \"96\": 0\n  },\n  F: {\n    \"9\": 0,\n    \"11\": 0,\n    \"12\": 0,\n    \"15\": 0,\n    \"16\": 0,\n    \"17\": 0,\n    \"18\": 0,\n    \"19\": 0,\n    \"20\": 0,\n    \"21\": 0,\n    \"22\": 0,\n    \"23\": 0,\n    \"24\": 0,\n    \"25\": 0,\n    \"26\": 0,\n    \"27\": 0,\n    \"28\": 0,\n    \"29\": 0,\n    \"30\": 0,\n    \"31\": 0,\n    \"32\": 0,\n    \"33\": 0,\n    \"34\": 0,\n    \"35\": 0,\n    \"36\": 0,\n    \"37\": 0,\n    \"38\": 0,\n    \"39\": 0,\n    \"40\": 0,\n    \"41\": 0,\n    \"42\": 0,\n    \"43\": 0,\n    \"44\": 0,\n    \"45\": 0,\n    \"46\": 0,\n    \"47\": 0,\n    \"48\": 0,\n    \"49\": 0,\n    \"50\": 0,\n    \"51\": 0,\n    \"52\": 0,\n    \"53\": 0,\n    \"54\": 0,\n    \"55\": 0,\n    \"56\": 0,\n    \"57\": 0,\n    \"58\": 0.00514,\n    \"60\": 0,\n    \"62\": 0,\n    \"63\": 0,\n    \"64\": 0,\n    \"65\": 0,\n    \"66\": 0.00514,\n    \"67\": 0,\n    \"68\": 0,\n    \"69\": 0,\n    \"70\": 0,\n    \"71\": 0,\n    \"72\": 0,\n    \"73\": 0,\n    \"74\": 0,\n    \"75\": 0,\n    \"76\": 0,\n    \"77\": 0.54977,\n    \"78\": 0.49325,\n    \"9.5-9.6\": 0,\n    \"10.0-10.1\": 0,\n    \"10.5\": 0,\n    \"10.6\": 0,\n    \"11.1\": 0,\n    \"11.5\": 0,\n    \"11.6\": 0,\n    \"12.1\": 0\n  },\n  G: {\n    \"8\": 0,\n    \"3.2\": 0.00217,\n    \"4.0-4.1\": 0,\n    \"4.2-4.3\": 0.00217,\n    \"5.0-5.1\": 0.00578,\n    \"6.0-6.1\": 0.02819,\n    \"7.0-7.1\": 0.01229,\n    \"8.1-8.4\": 0.00361,\n    \"9.0-9.2\": 0.00217,\n    \"9.3\": 0.10626,\n    \"10.0-10.2\": 0.00434,\n    \"10.3\": 0.06578,\n    \"11.0-11.2\": 0.01301,\n    \"11.3-11.4\": 0.01807,\n    \"12.0-12.1\": 0.01157,\n    \"12.2-12.4\": 0.06506,\n    \"13.0-13.1\": 0.01446,\n    \"13.2\": 0.00578,\n    \"13.3\": 0.04915,\n    \"13.4-13.7\": 0.40191,\n    \"14.0-14.4\": 0.74165,\n    \"14.5-14.7\": 5.19662\n  },\n  E: {\n    \"4\": 0,\n    \"5\": 0,\n    \"6\": 0,\n    \"7\": 0,\n    \"8\": 0,\n    \"9\": 0,\n    \"10\": 0,\n    \"11\": 0,\n    \"12\": 0.00514,\n    \"13\": 0.02569,\n    \"14\": 0.11304,\n    \"15\": 0.00514,\n    _: \"0\",\n    \"3.1\": 0,\n    \"3.2\": 0,\n    \"5.1\": 0,\n    \"6.1\": 0,\n    \"7.1\": 0,\n    \"9.1\": 0,\n    \"10.1\": 0.00514,\n    \"11.1\": 0.00514,\n    \"12.1\": 0.01541,\n    \"13.1\": 0.07707,\n    \"14.1\": 0.42645\n  },\n  B: {\n    \"12\": 0,\n    \"13\": 0,\n    \"14\": 0,\n    \"15\": 0,\n    \"16\": 0,\n    \"17\": 0.00514,\n    \"18\": 0.01541,\n    \"79\": 0,\n    \"80\": 0,\n    \"81\": 0,\n    \"83\": 0,\n    \"84\": 0.00514,\n    \"85\": 0,\n    \"86\": 0,\n    \"87\": 0,\n    \"88\": 0,\n    \"89\": 0.00514,\n    \"90\": 0.00514,\n    \"91\": 0.02569,\n    \"92\": 1.23826,\n    \"93\": 0\n  },\n  P: {\n    \"4\": 0.15424,\n    \"5.0-5.4\": 0,\n    \"6.2-6.4\": 0,\n    \"7.2-7.4\": 0.09254,\n    \"8.2\": 0,\n    \"9.2\": 0.01028,\n    \"10.1\": 0,\n    \"11.1-11.2\": 0.09254,\n    \"12.0\": 0.03085,\n    \"13.0\": 0.09254,\n    \"14.0\": 1.00768\n  },\n  I: {\n    \"0\": 0,\n    \"3\": 0,\n    \"4\": 0.00315,\n    \"2.1\": 0,\n    \"2.2\": 0,\n    \"2.3\": 0,\n    \"4.1\": 0.0063,\n    \"4.2-4.3\": 0.02207,\n    \"4.4\": 0,\n    \"4.4.3-4.4.4\": 0.13555\n  },\n  K: {\n    _: \"0 10 11 12 11.1 11.5 12.1\"\n  },\n  A: {\n    \"6\": 0,\n    \"7\": 0,\n    \"8\": 0.00561,\n    \"9\": 0,\n    \"10\": 0.00561,\n    \"11\": 0.05045,\n    \"5.5\": 0\n  },\n  J: {\n    \"7\": 0,\n    \"10\": 0.00486\n  },\n  N: {\n    \"10\": 0,\n    \"11\": 0\n  },\n  R: {\n    _: \"0\"\n  },\n  M: {\n    \"0\": 0.13614\n  },\n  Q: {\n    \"10.4\": 0\n  },\n  O: {\n    \"0\": 0.0389\n  },\n  H: {\n    \"0\": 0.12888\n  },\n  L: {\n    \"0\": 64.51269\n  },\n  S: {\n    \"2.5\": 0\n  }\n};","map":{"version":3,"sources":["C:/xampp/public_html/vamo/interface2/node_modules/caniuse-lite/data/regions/CO.js"],"names":["module","exports","C","D","F","G","E","_","B","P","I","K","A","J","N","R","M","Q","O","H","L","S"],