{"ast":null,"code":"module.exports = {\n  C: {\n    \"52\": 0.01828,\n    \"78\": 0.04112,\n    \"79\": 0.00457,\n    \"80\": 0.00457,\n    \"81\": 0.00457,\n    \"87\": 0.01828,\n    \"89\": 0.00914,\n    \"90\": 0.2513,\n    \"91\": 0.35638,\n    \"92\": 0.01371,\n    \"93\": 0.00457,\n    _: \"2 3 4 5 6 7 8 9 10 11 12 13 14 15 16 17 18 19 20 21 22 23 24 25 26 27 28 29 30 31 32 33 34 35 36 37 38 39 40 41 42 43 44 45 46 47 48 49 50 51 53 54 55 56 57 58 59 60 61 62 63 64 65 66 67 68 69 70 71 72 73 74 75 76 77 82 83 84 85 86 88 3.5 3.6\"\n  },\n  D: {\n    \"42\": 0.03198,\n    \"48\": 0.00914,\n    \"49\": 0.04112,\n    \"56\": 0.00914,\n    \"61\": 0.00914,\n    \"63\": 0.00914,\n    \"64\": 0.01828,\n    \"65\": 0.00914,\n    \"66\": 0.00457,\n    \"67\": 0.00457,\n    \"68\": 0.09595,\n    \"70\": 0.02285,\n    \"71\": 0.00457,\n    \"72\": 0.02741,\n    \"73\": 0.00457,\n    \"74\": 0.00914,\n    \"75\": 0.01371,\n    \"76\": 0.01371,\n    \"77\": 0.17362,\n    \"78\": 0.01371,\n    \"79\": 0.05483,\n    \"80\": 0.04569,\n    \"81\": 0.04112,\n    \"83\": 0.0594,\n    \"84\": 0.10052,\n    \"85\": 0.0594,\n    \"86\": 0.08224,\n    \"87\": 0.13707,\n    \"88\": 0.03198,\n    \"89\": 0.10052,\n    \"90\": 0.12793,\n    \"91\": 0.60768,\n    \"92\": 28.49685,\n    \"93\": 0.01828,\n    \"94\": 0.00914,\n    \"95\": 0.00457,\n    _: \"4 5 6 7 8 9 10 11 12 13 14 15 16 17 18 19 20 21 22 23 24 25 26 27 28 29 30 31 32 33 34 35 36 37 38 39 40 41 43 44 45 46 47 50 51 52 53 54 55 57 58 59 60 62 69 96\"\n  },\n  F: {\n    \"77\": 0.11879,\n    \"78\": 0.11423,\n    _: \"9 11 12 15 16 17 18 19 20 21 22 23 24 25 26 27 28 29 30 31 32 33 34 35 36 37 38 39 40 41 42 43 44 45 46 47 48 49 50 51 52 53 54 55 56 57 58 60 62 63 64 65 66 67 68 69 70 71 72 73 74 75 76 9.5-9.6 10.5 10.6 11.1 11.5 11.6 12.1\",\n    \"10.0-10.1\": 0\n  },\n  G: {\n    \"8\": 0,\n    \"3.2\": 0,\n    \"4.0-4.1\": 0,\n    \"4.2-4.3\": 0,\n    \"5.0-5.1\": 0.00258,\n    \"6.0-6.1\": 0,\n    \"7.0-7.1\": 0,\n    \"8.1-8.4\": 0,\n    \"9.0-9.2\": 0.09175,\n    \"9.3\": 0.02197,\n    \"10.0-10.2\": 0.00129,\n    \"10.3\": 0.01422,\n    \"11.0-11.2\": 0.01163,\n    \"11.3-11.4\": 0.00646,\n    \"12.0-12.1\": 0.02326,\n    \"12.2-12.4\": 0.06591,\n    \"13.0-13.1\": 0.14732,\n    \"13.2\": 0.00905,\n    \"13.3\": 0.06591,\n    \"13.4-13.7\": 0.20547,\n    \"14.0-14.4\": 1.40601,\n    \"14.5-14.7\": 10.75827\n  },\n  E: {\n    \"4\": 0,\n    \"8\": 0.00457,\n    \"13\": 0.01371,\n    \"14\": 0.15535,\n    \"15\": 0.01828,\n    _: \"0 5 6 7 9 10 11 12 3.1 3.2 5.1 6.1 7.1 9.1 10.1\",\n    \"11.1\": 0.00914,\n    \"12.1\": 0.01371,\n    \"13.1\": 0.06854,\n    \"14.1\": 0.8407\n  },\n  B: {\n    \"16\": 0.00457,\n    \"17\": 0.01371,\n    \"18\": 0.04112,\n    \"84\": 0.00914,\n    \"85\": 0.00914,\n    \"86\": 0.01828,\n    \"87\": 0.01371,\n    \"88\": 0.00914,\n    \"89\": 0.03655,\n    \"90\": 0.02285,\n    \"91\": 0.10052,\n    \"92\": 6.37832,\n    _: \"12 13 14 15 79 80 81 83 93\"\n  },\n  P: {\n    \"4\": 0.69894,\n    \"5.0-5.4\": 0.01023,\n    \"6.2-6.4\": 0.69894,\n    \"7.2-7.4\": 0.85958,\n    \"8.2\": 0.02029,\n    \"9.2\": 0.05072,\n    \"10.1\": 0.05072,\n    \"11.1-11.2\": 0.12173,\n    \"12.0\": 0.17245,\n    \"13.0\": 0.58836,\n    \"14.0\": 11.3411\n  },\n  I: {\n    \"0\": 0,\n    \"3\": 0,\n    \"4\": 0,\n    \"2.1\": 0,\n    \"2.2\": 0,\n    \"2.3\": 0,\n    \"4.1\": 0,\n    \"4.2-4.3\": 0.00334,\n    \"4.4\": 0,\n    \"4.4.3-4.4.4\": 0.01838\n  },\n  K: {\n    _: \"0 10 11 12 11.1 11.5 12.1\"\n  },\n  A: {\n    \"8\": 0.00473,\n    \"9\": 0.01894,\n    \"11\": 2.45729,\n    _: \"6 7 10 5.5\"\n  },\n  J: {\n    \"7\": 0,\n    \"10\": 0\n  },\n  N: {\n    \"10\": 0,\n    \"11\": 0\n  },\n  R: {\n    _: \"0\"\n  },\n  M: {\n    \"0\": 0.17919\n  },\n  Q: {\n    \"10.4\": 0.01629\n  },\n  O: {\n    \"0\": 0.13032\n  },\n  H: {\n    \"0\": 0.1645\n  },\n  L: {\n    \"0\": 22.5099\n  },\n  S: {\n    \"2.5\": 0\n  }\n};","map":{"version":3,"sources":["C:/xampp/public_html/vamo/interface2/node_modules/caniuse-lite/data/regions/KR.js"],"names":["module","exports","C","_","D","F","G","E","B","P","I","K","A","J","N","R","M","Q","O","H","L","S"],"mappings":"AAAAA,MAAM,CAACC,OAAP,GAAe;AAACC,EAAAA,CAAC,EAAC;AAAC,UAAK,OAAN;AAAc,UAAK,OAAnB;AAA2B,UAAK,OAAhC;AAAwC,UAAK,OAA7C;AAAqD,UAAK,OAA1D;AAAkE,UAAK,OAAvE;AAA+E,UAAK,OAApF;AAA4F,UAAK,MAAjG;AAAwG,UAAK,OAA7G;AAAqH,UAAK,OAA1H;AAAkI,UAAK,OAAvI;AAA+IC,IAAAA,CAAC,EAAC;AAAjJ,GAAH;AAA0YC,EAAAA,CAAC,EAAC;AAAC,UAAK,OAAN;AAAc,UAAK,OAAnB;AAA2B,UAAK,OAAhC;AAAwC,UAAK,OAA7C;AAAqD,UAAK,OAA1D;AAAkE,UAAK,OAAvE;AAA+E,UAAK,OAApF;AAA4F,UAAK,OAAjG;AAAyG,UAAK,OAA9G;AAAsH,UAAK,OAA3H;AAAmI,UAAK,OAAxI;AAAgJ,UAAK,OAArJ;AAA6J,UAAK,OAAlK;AAA0K,UAAK,OAA/K;AAAuL,UAAK,OAA5L;AAAoM,UAAK,OAAzM;AAAiN,UAAK,OAAtN;AAA8N,UAAK,OAAnO;AAA2O,UAAK,OAAhP;AAAwP,UAAK,OAA7P;AAAqQ,UAAK,OAA1Q;AAAkR,UAAK,OAAvR;AAA+R,UAAK,OAApS;AAA4S,UAAK,MAAjT;AAAwT,UAAK,OAA7T;AAAqU,UAAK,MAA1U;AAAiV,UAAK,OAAtV;AAA8V,UAAK,OAAnW;AAA2W,UAAK,OAAhX;AAAwX,UAAK,OAA7X;AAAqY,UAAK,OAA1Y;AAAkZ,UAAK,OAAvZ;AAA+Z,UAAK,QAApa;AAA6a,UAAK,OAAlb;AAA0b,UAAK,OAA/b;AAAuc,UAAK,OAA5c;AAAodD,IAAAA,CAAC,EAAC;AAAtd,GAA5Y;AAAugCE,EAAAA,CAAC,EAAC;AAAC,UAAK,OAAN;AAAc,UAAK,OAAnB;AAA2BF,IAAAA,CAAC,EAAC,mOAA7B;AAAiQ,iBAAY;AAA7Q,GAAzgC;AAAyxCG,EAAAA,CAAC,EAAC;AAAC,SAAI,CAAL;AAAO,WAAM,CAAb;AAAe,eAAU,CAAzB;AAA2B,eAAU,CAArC;AAAuC,eAAU,OAAjD;AAAyD,eAAU,CAAnE;AAAqE,eAAU,CAA/E;AAAiF,eAAU,CAA3F;AAA6F,eAAU,OAAvG;AAA+G,WAAM,OAArH;AAA6H,iBAAY,OAAzI;AAAiJ,YAAO,OAAxJ;AAAgK,iBAAY,OAA5K;AAAoL,iBAAY,OAAhM;AAAwM,iBAAY,OAApN;AAA4N,iBAAY,OAAxO;AAAgP,iBAAY,OAA5P;AAAoQ,YAAO,OAA3Q;AAAmR,YAAO,OAA1R;AAAkS,iBAAY,OAA9S;AAAsT,iBAAY,OAAlU;AAA0U,iBAAY;AAAtV,GAA3xC;AAA2nDC,EAAAA,CAAC,EAAC;AAAC,SAAI,CAAL;AAAO,SAAI,OAAX;AAAmB,UAAK,OAAxB;AAAgC,UAAK,OAArC;AAA6C,UAAK,OAAlD;AAA0DJ,IAAAA,CAAC,EAAC,iDAA5D;AAA8G,YAAO,OAArH;AAA6H,YAAO,OAApI;AAA4I,YAAO,OAAnJ;AAA2J,YAAO;AAAlK,GAA7nD;AAAuyDK,EAAAA,CAAC,EAAC;AAAC,UAAK,OAAN;AAAc,UAAK,OAAnB;AAA2B,UAAK,OAAhC;AAAwC,UAAK,OAA7C;AAAqD,UAAK,OAA1D;AAAkE,UAAK,OAAvE;AAA+E,UAAK,OAApF;AAA4F,UAAK,OAAjG;AAAyG,UAAK,OAA9G;AAAsH,UAAK,OAA3H;AAAmI,UAAK,OAAxI;AAAgJ,UAAK,OAArJ;AAA6JL,IAAAA,CAAC,EAAC;AAA/J,GAAzyD;AAAs+DM,EAAAA,CAAC,EAAC;AAAC,SAAI,OAAL;AAAa,eAAU,OAAvB;AAA+B,eAAU,OAAzC;AAAiD,eAAU,OAA3D;AAAmE,WAAM,OAAzE;AAAiF,WAAM,OAAvF;AAA+F,YAAO,OAAtG;AAA8G,iBAAY,OAA1H;AAAkI,YAAO,OAAzI;AAAiJ,YAAO,OAAxJ;AAAgK,YAAO;AAAvK,GAAx+D;AAAwpEC,EAAAA,CAAC,EAAC;AAAC,SAAI,CAAL;AAAO,SAAI,CAAX;AAAa,SAAI,CAAjB;AAAmB,WAAM,CAAzB;AAA2B,WAAM,CAAjC;AAAmC,WAAM,CAAzC;AAA2C,WAAM,CAAjD;AAAmD,eAAU,OAA7D;AAAqE,WAAM,CAA3E;AAA6E,mBAAc;AAA3F,GAA1pE;AAA8vEC,EAAAA,CAAC,EAAC;AAACR,IAAAA,CAAC,EAAC;AAAH,GAAhwE;AAAgyES,EAAAA,CAAC,EAAC;AAAC,SAAI,OAAL;AAAa,SAAI,OAAjB;AAAyB,UAAK,OAA9B;AAAsCT,IAAAA,CAAC,EAAC;AAAxC,GAAlyE;AAAw1EU,EAAAA,CAAC,EAAC;AAAC,SAAI,CAAL;AAAO,UAAK;AAAZ,GAA11E;AAAy2EC,EAAAA,CAAC,EAAC;AAAC,UAAK,CAAN;AAAQ,UAAK;AAAb,GAA32E;AAA23EC,EAAAA,CAAC,EAAC;AAACZ,IAAAA,CAAC,EAAC;AAAH,GAA73E;AAAq4Ea,EAAAA,CAAC,EAAC;AAAC,SAAI;AAAL,GAAv4E;AAAq5EC,EAAAA,CAAC,EAAC;AAAC,YAAO;AAAR,GAAv5E;AAAw6EC,EAAAA,CAAC,EAAC;AAAC,SAAI;AAAL,GAA16E;AAAw7EC,EAAAA,CAAC,EAAC;AAAC,SAAI;AAAL,GAA17E;AAAu8EC,EAAAA,CAAC,EAAC;AAAC,SAAI;AAAL,GAAz8E;AAAu9EC,EAAAA,CAAC,EAAC;AAAC,WAAM;AAAP;AAAz9E,CAAf",