{"ast":null,"code":"module.exports = {\n  C: {\n    \"2\": 0,\n    \"3\": 0,\n    \"4\": 0,\n    \"5\": 0,\n    \"6\": 0,\n    \"7\": 0,\n    \"8\": 0,\n    \"9\": 0,\n    \"10\": 0,\n    \"11\": 0,\n    \"12\": 0,\n    \"13\": 0,\n    \"14\": 0,\n    \"15\": 0,\n    \"16\": 0,\n    \"17\": 0,\n    \"18\": 0,\n    \"19\": 0,\n    \"20\": 0,\n    \"21\": 0,\n    \"22\": 0,\n    \"23\": 0,\n    \"24\": 0,\n    \"25\": 0,\n    \"26\": 0,\n    \"27\": 0.00689,\n    \"28\": 0.00345,\n    \"29\": 0.01034,\n    \"30\": 0,\n    \"31\": 0,\n    \"32\": 0,\n    \"33\": 0,\n    \"34\": 0,\n    \"35\": 0,\n    \"36\": 0.00345,\n    \"37\": 0,\n    \"38\": 0,\n    \"39\": 0,\n    \"40\": 0,\n    \"41\": 0,\n    \"42\": 0,\n    \"43\": 0.00345,\n    \"44\": 0,\n    \"45\": 0,\n    \"46\": 0,\n    \"47\": 0.00345,\n    \"48\": 0.00345,\n    \"49\": 0,\n    \"50\": 0,\n    \"51\": 0.00345,\n    \"52\": 0.01724,\n    \"53\": 0,\n    \"54\": 0,\n    \"55\": 0,\n    \"56\": 0.00345,\n    \"57\": 0.00345,\n    \"58\": 0,\n    \"59\": 0.00345,\n    \"60\": 0,\n    \"61\": 0.00689,\n    \"62\": 0.00345,\n    \"63\": 0.01724,\n    \"64\": 0.00345,\n    \"65\": 0.00345,\n    \"66\": 0.00345,\n    \"67\": 0,\n    \"68\": 0.01034,\n    \"69\": 0.01034,\n    \"70\": 0,\n    \"71\": 0,\n    \"72\": 0.00345,\n    \"73\": 0,\n    \"74\": 0,\n    \"75\": 0,\n    \"76\": 0,\n    \"77\": 0.00345,\n    \"78\": 0.03792,\n    \"79\": 0.00345,\n    \"80\": 0.00345,\n    \"81\": 0.01724,\n    \"82\": 0,\n    \"83\": 0.00345,\n    \"84\": 0,\n    \"85\": 0.00689,\n    \"86\": 0.00345,\n    \"87\": 0.00345,\n    \"88\": 0.02068,\n    \"89\": 0.06549,\n    \"90\": 0.53773,\n    \"91\": 0.66527,\n    \"92\": 0.05171,\n    \"93\": 0,\n    \"3.5\": 0,\n    \"3.6\": 0\n  },\n  D: {\n    \"4\": 0,\n    \"5\": 0,\n    \"6\": 0,\n    \"7\": 0,\n    \"8\": 0,\n    \"9\": 0,\n    \"10\": 0,\n    \"11\": 0.00345,\n    \"12\": 0,\n    \"13\": 0,\n    \"14\": 0,\n    \"15\": 0,\n    \"16\": 0,\n    \"17\": 0,\n    \"18\": 0,\n    \"19\": 0,\n    \"20\": 0,\n    \"21\": 0,\n    \"22\": 0,\n    \"23\": 0,\n    \"24\": 0.00345,\n    \"25\": 0.00345,\n    \"26\": 0,\n    \"27\": 0,\n    \"28\": 0,\n    \"29\": 0,\n    \"30\": 0,\n    \"31\": 0,\n    \"32\": 0,\n    \"33\": 0,\n    \"34\": 0,\n    \"35\": 0,\n    \"36\": 0,\n    \"37\": 0,\n    \"38\": 0,\n    \"39\": 0,\n    \"40\": 0.01724,\n    \"41\": 0,\n    \"42\": 0,\n    \"43\": 0,\n    \"44\": 0,\n    \"45\": 0,\n    \"46\": 0.00689,\n    \"47\": 0,\n    \"48\": 0,\n    \"49\": 0.00345,\n    \"50\": 0.00689,\n    \"51\": 0,\n    \"52\": 0,\n    \"53\": 0,\n    \"54\": 0,\n    \"55\": 0.01379,\n    \"56\": 0,\n    \"57\": 0,\n    \"58\": 0,\n    \"59\": 0,\n    \"60\": 0,\n    \"61\": 0.01034,\n    \"62\": 0,\n    \"63\": 0.00689,\n    \"64\": 0.02413,\n    \"65\": 0.00345,\n    \"66\": 0,\n    \"67\": 0.00345,\n    \"68\": 0.01034,\n    \"69\": 0.00345,\n    \"70\": 0.00689,\n    \"71\": 0.00345,\n    \"72\": 0.01034,\n    \"73\": 0.01379,\n    \"74\": 0.00689,\n    \"75\": 0.00345,\n    \"76\": 0.01034,\n    \"77\": 0.00689,\n    \"78\": 0.00345,\n    \"79\": 0.01724,\n    \"80\": 0.01724,\n    \"81\": 0.02758,\n    \"83\": 0.01379,\n    \"84\": 0.00689,\n    \"85\": 0.00689,\n    \"86\": 0.03102,\n    \"87\": 0.04826,\n    \"88\": 0.02758,\n    \"89\": 0.03102,\n    \"90\": 0.06894,\n    \"91\": 0.293,\n    \"92\": 4.96368,\n    \"93\": 0.00689,\n    \"94\": 0.00345,\n    \"95\": 0,\n    \"96\": 0\n  },\n  F: {\n    \"9\": 0,\n    \"11\": 0,\n    \"12\": 0,\n    \"15\": 0,\n    \"16\": 0,\n    \"17\": 0,\n    \"18\": 0,\n    \"19\": 0.00345,\n    \"20\": 0,\n    \"21\": 0,\n    \"22\": 0,\n    \"23\": 0,\n    \"24\": 0.00345,\n    \"25\": 0,\n    \"26\": 0.0586,\n    \"27\": 0.00345,\n    \"28\": 0.01724,\n    \"29\": 0.00345,\n    \"30\": 0.02068,\n    \"31\": 0.00345,\n    \"32\": 0.03447,\n    \"33\": 0.07583,\n    \"34\": 0.00345,\n    \"35\": 0.02068,\n    \"36\": 0.00345,\n    \"37\": 0,\n    \"38\": 0.02758,\n    \"39\": 0,\n    \"40\": 0.00345,\n    \"41\": 0,\n    \"42\": 0.02068,\n    \"43\": 0,\n    \"44\": 0.02413,\n    \"45\": 0.01379,\n    \"46\": 0.02413,\n    \"47\": 0.00689,\n    \"48\": 0.00345,\n    \"49\": 0,\n    \"50\": 0.02068,\n    \"51\": 0.03447,\n    \"52\": 0,\n    \"53\": 0,\n    \"54\": 0.03447,\n    \"55\": 0.0586,\n    \"56\": 0.04481,\n    \"57\": 0.1172,\n    \"58\": 0.59288,\n    \"60\": 0,\n    \"62\": 0,\n    \"63\": 0,\n    \"64\": 0.08273,\n    \"65\": 0.03447,\n    \"66\": 0,\n    \"67\": 0,\n    \"68\": 0,\n    \"69\": 0,\n    \"70\": 0,\n    \"71\": 0,\n    \"72\": 0,\n    \"73\": 0,\n    \"74\": 0,\n    \"75\": 0.00689,\n    \"76\": 0.00345,\n    \"77\": 0.24818,\n    \"78\": 0.14133,\n    \"9.5-9.6\": 0,\n    \"10.0-10.1\": 0,\n    \"10.5\": 0,\n    \"10.6\": 0,\n    \"11.1\": 0,\n    \"11.5\": 0,\n    \"11.6\": 0,\n    \"12.1\": 0.04826\n  },\n  G: {\n    \"8\": 0.00042,\n    \"3.2\": 0,\n    \"4.0-4.1\": 0.00084,\n    \"4.2-4.3\": 0.01179,\n    \"5.0-5.1\": 0.00168,\n    \"6.0-6.1\": 0.00421,\n    \"7.0-7.1\": 0.00674,\n    \"8.1-8.4\": 0.00295,\n    \"9.0-9.2\": 0.00463,\n    \"9.3\": 0.10194,\n    \"10.0-10.2\": 0.00379,\n    \"10.3\": 0.02991,\n    \"11.0-11.2\": 0.01264,\n    \"11.3-11.4\": 0.01474,\n    \"12.0-12.1\": 0.02233,\n    \"12.2-12.4\": 0.16344,\n    \"13.0-13.1\": 0.01306,\n    \"13.2\": 0.00885,\n    \"13.3\": 0.0695,\n    \"13.4-13.7\": 0.07287,\n    \"14.0-14.4\": 1.41452,\n    \"14.5-14.7\": 1.94992\n  },\n  E: {\n    \"4\": 0,\n    \"5\": 0,\n    \"6\": 0,\n    \"7\": 0,\n    \"8\": 0,\n    \"9\": 0,\n    \"10\": 0,\n    \"11\": 0.00345,\n    \"12\": 0.01034,\n    \"13\": 0.00345,\n    \"14\": 0.03102,\n    \"15\": 0.00345,\n    _: \"0\",\n    \"3.1\": 0,\n    \"3.2\": 0,\n    \"5.1\": 0.02758,\n    \"6.1\": 0,\n    \"7.1\": 0,\n    \"9.1\": 0,\n    \"10.1\": 0,\n    \"11.1\": 0.00345,\n    \"12.1\": 0.00689,\n    \"13.1\": 0.01379,\n    \"14.1\": 0.06549\n  },\n  B: {\n    \"12\": 0.02413,\n    \"13\": 0.01034,\n    \"14\": 0.01724,\n    \"15\": 0.01379,\n    \"16\": 0.01724,\n    \"17\": 0.01379,\n    \"18\": 0.12754,\n    \"79\": 0,\n    \"80\": 0.00345,\n    \"81\": 0,\n    \"83\": 0,\n    \"84\": 0.01034,\n    \"85\": 0.02413,\n    \"86\": 0.01034,\n    \"87\": 0.02068,\n    \"88\": 0,\n    \"89\": 0.02758,\n    \"90\": 0.03447,\n    \"91\": 0.09307,\n    \"92\": 1.00308,\n    \"93\": 0\n  },\n  P: {\n    \"4\": 0.61638,\n    \"5.0-5.4\": 0.04042,\n    \"6.2-6.4\": 0.0101,\n    \"7.2-7.4\": 0.17178,\n    \"8.2\": 0.0101,\n    \"9.2\": 0.04042,\n    \"10.1\": 0.0101,\n    \"11.1-11.2\": 0.09094,\n    \"12.0\": 0.07073,\n    \"13.0\": 0.19199,\n    \"14.0\": 1.37423\n  },\n  I: {\n    \"0\": 0,\n    \"3\": 0,\n    \"4\": 0,\n    \"2.1\": 0,\n    \"2.2\": 0,\n    \"2.3\": 0.00227,\n    \"4.1\": 0.00378,\n    \"4.2-4.3\": 0.01587,\n    \"4.4\": 0,\n    \"4.4.3-4.4.4\": 0.17153\n  },\n  K: {\n    _: \"0 10 11 12 11.1 11.5 12.1\"\n  },\n  A: {\n    \"6\": 0,\n    \"7\": 0,\n    \"8\": 0.00862,\n    \"9\": 0,\n    \"10\": 0,\n    \"11\": 0.1982,\n    \"5.5\": 0\n  },\n  J: {\n    \"7\": 0,\n    \"10\": 0.28833\n  },\n  N: {\n    \"10\": 0,\n    \"11\": 0\n  },\n  R: {\n    _: \"0\"\n  },\n  M: {\n    \"0\": 0.17693\n  },\n  Q: {\n    \"10.4\": 0.26867\n  },\n  O: {\n    \"0\": 6.90031\n  },\n  H: {\n    \"0\": 11.6076\n  },\n  L: {\n    \"0\": 55.15033\n  },\n  S: {\n    \"2.5\": 0.04587\n  }\n};","map":{"version":3,"sources":["C:/xampp/public_html/vamo/interface2/node_modules/caniuse-lite/data/regions/MW.js"],"names":["module","exports","C","D","F","G","E","_","B","P","I","K","A","J","N","R","M","Q","O","H","L","S"],