{"ast":null,"code":"module.exports = {\n  C: {\n    \"35\": 0.00536,\n    \"39\": 0.02144,\n    \"43\": 0.00536,\n    \"52\": 0.08576,\n    \"55\": 0.03752,\n    \"57\": 0.00536,\n    \"59\": 0.03216,\n    \"60\": 0.03752,\n    \"72\": 0.00536,\n    \"77\": 0.00536,\n    \"78\": 0.22512,\n    \"79\": 0.01608,\n    \"81\": 0.03752,\n    \"82\": 0.2144,\n    \"84\": 0.02144,\n    \"85\": 0.01608,\n    \"86\": 0.02144,\n    \"87\": 0.01072,\n    \"88\": 0.0536,\n    \"89\": 0.15544,\n    \"90\": 0.8308,\n    \"91\": 1.08808,\n    \"92\": 0.0268,\n    _: \"2 3 4 5 6 7 8 9 10 11 12 13 14 15 16 17 18 19 20 21 22 23 24 25 26 27 28 29 30 31 32 33 34 36 37 38 40 41 42 44 45 46 47 48 49 50 51 53 54 56 58 61 62 63 64 65 66 67 68 69 70 71 73 74 75 76 80 83 93 3.5\",\n    \"3.6\": 0.01072\n  },\n  D: {\n    \"23\": 0.00536,\n    \"24\": 0.01072,\n    \"26\": 0.00536,\n    \"33\": 0.00536,\n    \"38\": 0.00536,\n    \"41\": 0.01608,\n    \"47\": 0.01072,\n    \"48\": 0.00536,\n    \"49\": 0.78256,\n    \"50\": 0.00536,\n    \"53\": 0.0268,\n    \"57\": 0.01072,\n    \"59\": 0.10184,\n    \"60\": 0.00536,\n    \"63\": 0.01072,\n    \"65\": 2.07432,\n    \"67\": 0.01608,\n    \"68\": 0.01072,\n    \"69\": 0.01608,\n    \"70\": 0.01608,\n    \"71\": 0.0268,\n    \"72\": 0.00536,\n    \"73\": 0.02144,\n    \"74\": 0.01608,\n    \"75\": 0.02144,\n    \"76\": 0.02144,\n    \"77\": 0.01072,\n    \"78\": 0.01072,\n    \"79\": 0.11256,\n    \"80\": 0.0536,\n    \"81\": 0.08576,\n    \"83\": 0.06432,\n    \"84\": 0.04824,\n    \"85\": 0.05896,\n    \"86\": 0.20368,\n    \"87\": 0.71288,\n    \"88\": 0.28944,\n    \"89\": 0.11792,\n    \"90\": 0.31624,\n    \"91\": 1.66696,\n    \"92\": 33.37136,\n    \"93\": 0.02144,\n    \"94\": 0.01608,\n    \"95\": 0.01072,\n    _: \"4 5 6 7 8 9 10 11 12 13 14 15 16 17 18 19 20 21 22 25 27 28 29 30 31 32 34 35 36 37 39 40 42 43 44 45 46 51 52 54 55 56 58 61 62 64 66 96\"\n  },\n  F: {\n    \"34\": 0.00536,\n    \"36\": 0.01072,\n    \"77\": 1.62408,\n    \"78\": 1.85456,\n    _: \"9 11 12 15 16 17 18 19 20 21 22 23 24 25 26 27 28 29 30 31 32 33 35 37 38 39 40 41 42 43 44 45 46 47 48 49 50 51 52 53 54 55 56 57 58 60 62 63 64 65 66 67 68 69 70 71 72 73 74 75 76 9.5-9.6 10.5 10.6 11.1 11.5 11.6\",\n    \"10.0-10.1\": 0,\n    \"12.1\": 0.01072\n  },\n  G: {\n    \"8\": 0.00081,\n    \"3.2\": 0.00081,\n    \"4.0-4.1\": 0,\n    \"4.2-4.3\": 0,\n    \"5.0-5.1\": 0.00322,\n    \"6.0-6.1\": 0.00403,\n    \"7.0-7.1\": 0.00805,\n    \"8.1-8.4\": 0.00322,\n    \"9.0-9.2\": 0.00483,\n    \"9.3\": 0.04832,\n    \"10.0-10.2\": 0.00725,\n    \"10.3\": 0.0443,\n    \"11.0-11.2\": 0.02336,\n    \"11.3-11.4\": 0.03222,\n    \"12.0-12.1\": 0.02255,\n    \"12.2-12.4\": 0.10873,\n    \"13.0-13.1\": 0.03061,\n    \"13.2\": 0.02175,\n    \"13.3\": 0.07812,\n    \"13.4-13.7\": 0.35518,\n    \"14.0-14.4\": 1.11549,\n    \"14.5-14.7\": 5.8714\n  },\n  E: {\n    \"4\": 0,\n    \"11\": 0.01608,\n    \"13\": 0.09648,\n    \"14\": 0.3216,\n    \"15\": 0.01072,\n    _: \"0 5 6 7 8 9 10 12 3.1 3.2 6.1 7.1 9.1 10.1\",\n    \"5.1\": 0.1608,\n    \"11.1\": 0.01608,\n    \"12.1\": 0.03216,\n    \"13.1\": 0.19832,\n    \"14.1\": 1.05056\n  },\n  B: {\n    \"18\": 0.01608,\n    \"87\": 0.01072,\n    \"89\": 0.01072,\n    \"90\": 0.01608,\n    \"91\": 0.03752,\n    \"92\": 1.29176,\n    \"93\": 0.01072,\n    _: \"12 13 14 15 16 17 79 80 81 83 84 85 86 88\"\n  },\n  P: {\n    \"4\": 0.25228,\n    \"5.0-5.4\": 0.06114,\n    \"6.2-6.4\": 0.02038,\n    \"7.2-7.4\": 0.02102,\n    \"8.2\": 0.01026,\n    \"9.2\": 0.03153,\n    \"10.1\": 0.04105,\n    \"11.1-11.2\": 0.11563,\n    \"12.0\": 0.05256,\n    \"13.0\": 0.10512,\n    \"14.0\": 2.13385\n  },\n  I: {\n    \"0\": 0,\n    \"3\": 0,\n    \"4\": 0,\n    \"2.1\": 0,\n    \"2.2\": 0,\n    \"2.3\": 0,\n    \"4.1\": 0.00108,\n    \"4.2-4.3\": 0.00325,\n    \"4.4\": 0,\n    \"4.4.3-4.4.4\": 0.03278\n  },\n  K: {\n    _: \"0 10 11 12 11.1 11.5 12.1\"\n  },\n  A: {\n    \"8\": 0.01072,\n    \"9\": 0.00536,\n    \"10\": 0.00536,\n    \"11\": 0.19296,\n    _: \"6 7 5.5\"\n  },\n  J: {\n    \"7\": 0,\n    \"10\": 0\n  },\n  N: {\n    \"11\": 0.02439,\n    _: \"10\"\n  },\n  R: {\n    _: \"0\"\n  },\n  M: {\n    \"0\": 0.13453\n  },\n  Q: {\n    \"10.4\": 0\n  },\n  O: {\n    \"0\": 0.31545\n  },\n  H: {\n    \"0\": 0.30743\n  },\n  L: {\n    \"0\": 35.62286\n  },\n  S: {\n    \"2.5\": 0\n  }\n};","map":{"version":3,"sources":["C:/xampp/public_html/vamo/interface2/node_modules/caniuse-lite/data/regions/MD.js"],"names":["module","exports","C","_","D","F","G","E","B","P","I","K","A","J","N","R","M","Q","O","H","L","S"],"mappings":"AAAAA,MAAM,CAACC,OAAP,GAAe;AAACC,EAAAA,CAAC,EAAC;AAAC,UAAK,OAAN;AAAc,UAAK,OAAnB;AAA2B,UAAK,OAAhC;AAAwC,UAAK,OAA7C;AAAqD,UAAK,OAA1D;AAAkE,UAAK,OAAvE;AAA+E,UAAK,OAApF;AAA4F,UAAK,OAAjG;AAAyG,UAAK,OAA9G;AAAsH,UAAK,OAA3H;AAAmI,UAAK,OAAxI;AAAgJ,UAAK,OAArJ;AAA6J,UAAK,OAAlK;AAA0K,UAAK,MAA/K;AAAsL,UAAK,OAA3L;AAAmM,UAAK,OAAxM;AAAgN,UAAK,OAArN;AAA6N,UAAK,OAAlO;AAA0O,UAAK,MAA/O;AAAsP,UAAK,OAA3P;AAAmQ,UAAK,MAAxQ;AAA+Q,UAAK,OAApR;AAA4R,UAAK,MAAjS;AAAwSC,IAAAA,CAAC,EAAC,4MAA1S;AAAuf,WAAM;AAA7f,GAAH;AAAygBC,EAAAA,CAAC,EAAC;AAAC,UAAK,OAAN;AAAc,UAAK,OAAnB;AAA2B,UAAK,OAAhC;AAAwC,UAAK,OAA7C;AAAqD,UAAK,OAA1D;AAAkE,UAAK,OAAvE;AAA+E,UAAK,OAApF;AAA4F,UAAK,OAAjG;AAAyG,UAAK,OAA9G;AAAsH,UAAK,OAA3H;AAAmI,UAAK,MAAxI;AAA+I,UAAK,OAApJ;AAA4J,UAAK,OAAjK;AAAyK,UAAK,OAA9K;AAAsL,UAAK,OAA3L;AAAmM,UAAK,OAAxM;AAAgN,UAAK,OAArN;AAA6N,UAAK,OAAlO;AAA0O,UAAK,OAA/O;AAAuP,UAAK,OAA5P;AAAoQ,UAAK,MAAzQ;AAAgR,UAAK,OAArR;AAA6R,UAAK,OAAlS;AAA0S,UAAK,OAA/S;AAAuT,UAAK,OAA5T;AAAoU,UAAK,OAAzU;AAAiV,UAAK,OAAtV;AAA8V,UAAK,OAAnW;AAA2W,UAAK,OAAhX;AAAwX,UAAK,MAA7X;AAAoY,UAAK,OAAzY;AAAiZ,UAAK,OAAtZ;AAA8Z,UAAK,OAAna;AAA2a,UAAK,OAAhb;AAAwb,UAAK,OAA7b;AAAqc,UAAK,OAA1c;AAAkd,UAAK,OAAvd;AAA+d,UAAK,OAApe;AAA4e,UAAK,OAAjf;AAAyf,UAAK,OAA9f;AAAsgB,UAAK,QAA3gB;AAAohB,UAAK,OAAzhB;AAAiiB,UAAK,OAAtiB;AAA8iB,UAAK,OAAnjB;AAA2jBD,IAAAA,CAAC,EAAC;AAA7jB,GAA3gB;AAAqtCE,EAAAA,CAAC,EAAC;AAAC,UAAK,OAAN;AAAc,UAAK,OAAnB;AAA2B,UAAK,OAAhC;AAAwC,UAAK,OAA7C;AAAqDF,IAAAA,CAAC,EAAC,wNAAvD;AAAgR,iBAAY,CAA5R;AAA8R,YAAO;AAArS,GAAvtC;AAAqgDG,EAAAA,CAAC,EAAC;AAAC,SAAI,OAAL;AAAa,WAAM,OAAnB;AAA2B,eAAU,CAArC;AAAuC,eAAU,CAAjD;AAAmD,eAAU,OAA7D;AAAqE,eAAU,OAA/E;AAAuF,eAAU,OAAjG;AAAyG,eAAU,OAAnH;AAA2H,eAAU,OAArI;AAA6I,WAAM,OAAnJ;AAA2J,iBAAY,OAAvK;AAA+K,YAAO,MAAtL;AAA6L,iBAAY,OAAzM;AAAiN,iBAAY,OAA7N;AAAqO,iBAAY,OAAjP;AAAyP,iBAAY,OAArQ;AAA6Q,iBAAY,OAAzR;AAAiS,YAAO,OAAxS;AAAgT,YAAO,OAAvT;AAA+T,iBAAY,OAA3U;AAAmV,iBAAY,OAA/V;AAAuW,iBAAY;AAAnX,GAAvgD;AAAk4DC,EAAAA,CAAC,EAAC;AAAC,SAAI,CAAL;AAAO,UAAK,OAAZ;AAAoB,UAAK,OAAzB;AAAiC,UAAK,MAAtC;AAA6C,UAAK,OAAlD;AAA0DJ,IAAAA,CAAC,EAAC,4CAA5D;AAAyG,WAAM,MAA/G;AAAsH,YAAO,OAA7H;AAAqI,YAAO,OAA5I;AAAoJ,YAAO,OAA3J;AAAmK,YAAO;AAA1K,GAAp4D;AAAujEK,EAAAA,CAAC,EAAC;AAAC,UAAK,OAAN;AAAc,UAAK,OAAnB;AAA2B,UAAK,OAAhC;AAAwC,UAAK,OAA7C;AAAqD,UAAK,OAA1D;AAAkE,UAAK,OAAvE;AAA+E,UAAK,OAApF;AAA4FL,IAAAA,CAAC,EAAC;AAA9F,GAAzjE;AAAosEM,EAAAA,CAAC,EAAC;AAAC,SAAI,OAAL;AAAa,eAAU,OAAvB;AAA+B,eAAU,OAAzC;AAAiD,eAAU,OAA3D;AAAmE,WAAM,OAAzE;AAAiF,WAAM,OAAvF;AAA+F,YAAO,OAAtG;AAA8G,iBAAY,OAA1H;AAAkI,YAAO,OAAzI;AAAiJ,YAAO,OAAxJ;AAAgK,YAAO;AAAvK,GAAtsE;AAAs3EC,EAAAA,CAAC,EAAC;AAAC,SAAI,CAAL;AAAO,SAAI,CAAX;AAAa,SAAI,CAAjB;AAAmB,WAAM,CAAzB;AAA2B,WAAM,CAAjC;AAAmC,WAAM,CAAzC;AAA2C,WAAM,OAAjD;AAAyD,eAAU,OAAnE;AAA2E,WAAM,CAAjF;AAAmF,mBAAc;AAAjG,GAAx3E;AAAk+EC,EAAAA,CAAC,EAAC;AAACR,IAAAA,CAAC,EAAC;AAAH,GAAp+E;AAAogFS,EAAAA,CAAC,EAAC;AAAC,SAAI,OAAL;AAAa,SAAI,OAAjB;AAAyB,UAAK,OAA9B;AAAsC,UAAK,OAA3C;AAAmDT,IAAAA,CAAC,EAAC;AAArD,GAAtgF;AAAskFU,EAAAA,CAAC,EAAC;AAAC,SAAI,CAAL;AAAO,UAAK;AAAZ,GAAxkF;AAAulFC,EAAAA,CAAC,EAAC;AAAC,UAAK,OAAN;AAAcX,IAAAA,CAAC,EAAC;AAAhB,GAAzlF;AAA+mFY,EAAAA,CAAC,EAAC;AAACZ,IAAAA,CAAC,EAAC;AAAH,GAAjnF;AAAynFa,EAAAA,CAAC,EAAC;AAAC,SAAI;AAAL,GAA3nF;AAAyoFC,EAAAA,CAAC,EAAC;AAAC,YAAO;AAAR,GAA3oF;AAAspFC,EAAAA,CAAC,EAAC;AAAC,SAAI;AAAL,GAAxpF;AAAsqFC,EAAAA,CAAC,EAAC;AAAC,SAAI;AAAL,GAAxqF;AAAsrFC,EAAAA,CAAC,EAAC;AAAC,SAAI;AAAL,GAAxrF;AAAusFC,EAAAA,CAAC,EAAC;AAAC,WAAM;AAAP;AAAzsF,CAAf",