{"ast":null,"code":"module.exports = {\n  C: {\n    \"4\": 0.00846,\n    \"5\": 0.00846,\n    \"15\": 0.00846,\n    \"17\": 0.01692,\n    \"52\": 0.01692,\n    \"72\": 0.00423,\n    \"73\": 0.08035,\n    \"78\": 0.03806,\n    \"88\": 0.01692,\n    \"89\": 0.0296,\n    \"90\": 0.63858,\n    \"91\": 0.95153,\n    \"92\": 0.01692,\n    _: \"2 3 6 7 8 9 10 11 12 13 14 16 18 19 20 21 22 23 24 25 26 27 28 29 30 31 32 33 34 35 36 37 38 39 40 41 42 43 44 45 46 47 48 49 50 51 53 54 55 56 57 58 59 60 61 62 63 64 65 66 67 68 69 70 71 74 75 76 77 79 80 81 82 83 84 85 86 87 93 3.5 3.6\"\n  },\n  D: {\n    \"23\": 0.00846,\n    \"24\": 0.01269,\n    \"25\": 0.01269,\n    \"38\": 0.01692,\n    \"47\": 0.00423,\n    \"49\": 0.1311,\n    \"53\": 0.0296,\n    \"58\": 0.00423,\n    \"59\": 0.00846,\n    \"63\": 0.01692,\n    \"65\": 0.01269,\n    \"67\": 0.00846,\n    \"68\": 0.00846,\n    \"69\": 0.00423,\n    \"70\": 0.02115,\n    \"71\": 0.00423,\n    \"72\": 0.00846,\n    \"73\": 0.01692,\n    \"74\": 0.02115,\n    \"75\": 0.07189,\n    \"76\": 0.11418,\n    \"77\": 0.02115,\n    \"78\": 0.02115,\n    \"79\": 0.17339,\n    \"80\": 0.10573,\n    \"81\": 0.05921,\n    \"83\": 0.02537,\n    \"84\": 0.14379,\n    \"85\": 0.07612,\n    \"86\": 0.04229,\n    \"87\": 0.26643,\n    \"88\": 0.09727,\n    \"89\": 0.12687,\n    \"90\": 0.15647,\n    \"91\": 0.96844,\n    \"92\": 26.53698,\n    \"93\": 0.0296,\n    \"94\": 0.00846,\n    _: \"4 5 6 7 8 9 10 11 12 13 14 15 16 17 18 19 20 21 22 26 27 28 29 30 31 32 33 34 35 36 37 39 40 41 42 43 44 45 46 48 50 51 52 54 55 56 57 60 61 62 64 66 95 96\"\n  },\n  F: {\n    \"65\": 0.00423,\n    \"74\": 0.00846,\n    \"76\": 0.00423,\n    \"77\": 0.88386,\n    \"78\": 0.71893,\n    _: \"9 11 12 15 16 17 18 19 20 21 22 23 24 25 26 27 28 29 30 31 32 33 34 35 36 37 38 39 40 41 42 43 44 45 46 47 48 49 50 51 52 53 54 55 56 57 58 60 62 63 64 66 67 68 69 70 71 72 73 75 9.5-9.6 10.5 10.6 11.1 11.5 11.6 12.1\",\n    \"10.0-10.1\": 0\n  },\n  G: {\n    \"8\": 0,\n    \"3.2\": 0.00339,\n    \"4.0-4.1\": 0,\n    \"4.2-4.3\": 0,\n    \"5.0-5.1\": 0.00678,\n    \"6.0-6.1\": 0.01356,\n    \"7.0-7.1\": 0.02203,\n    \"8.1-8.4\": 0,\n    \"9.0-9.2\": 0.00169,\n    \"9.3\": 0.14574,\n    \"10.0-10.2\": 0.00593,\n    \"10.3\": 0.12455,\n    \"11.0-11.2\": 0.01949,\n    \"11.3-11.4\": 0.0144,\n    \"12.0-12.1\": 0.01356,\n    \"12.2-12.4\": 0.06694,\n    \"13.0-13.1\": 0.01356,\n    \"13.2\": 0.00424,\n    \"13.3\": 0.07202,\n    \"13.4-13.7\": 0.23385,\n    \"14.0-14.4\": 0.8634,\n    \"14.5-14.7\": 6.31577\n  },\n  E: {\n    \"4\": 0,\n    \"13\": 0.04652,\n    \"14\": 0.27489,\n    \"15\": 0.01269,\n    _: \"0 5 6 7 8 9 10 11 12 3.1 3.2 6.1 7.1 9.1\",\n    \"5.1\": 0.22837,\n    \"10.1\": 0.00423,\n    \"11.1\": 0.04229,\n    \"12.1\": 0.02115,\n    \"13.1\": 0.12687,\n    \"14.1\": 1.03188\n  },\n  B: {\n    \"12\": 0.02537,\n    \"13\": 0.01269,\n    \"14\": 0.01269,\n    \"15\": 0.0296,\n    \"16\": 0.00423,\n    \"17\": 0.02115,\n    \"18\": 0.09304,\n    \"80\": 0.00423,\n    \"84\": 0.02115,\n    \"85\": 0.00423,\n    \"87\": 0.05075,\n    \"88\": 0.00423,\n    \"89\": 0.02537,\n    \"90\": 0.01269,\n    \"91\": 0.06766,\n    \"92\": 3.2521,\n    _: \"79 81 83 86 93\"\n  },\n  P: {\n    \"4\": 0.3203,\n    \"5.0-5.4\": 0.01033,\n    \"6.2-6.4\": 0.01036,\n    \"7.2-7.4\": 0.18598,\n    \"8.2\": 0.01026,\n    \"9.2\": 0.06199,\n    \"10.1\": 0.15187,\n    \"11.1-11.2\": 0.3513,\n    \"12.0\": 0.09299,\n    \"13.0\": 0.21698,\n    \"14.0\": 2.31442\n  },\n  I: {\n    \"0\": 0,\n    \"3\": 0,\n    \"4\": 0.00101,\n    \"2.1\": 0,\n    \"2.2\": 0,\n    \"2.3\": 0,\n    \"4.1\": 0.00303,\n    \"4.2-4.3\": 0.00808,\n    \"4.4\": 0,\n    \"4.4.3-4.4.4\": 0.10907\n  },\n  K: {\n    _: \"0 10 11 12 11.1 11.5 12.1\"\n  },\n  A: {\n    \"8\": 0.01006,\n    \"10\": 0.00503,\n    \"11\": 0.17099,\n    _: \"6 7 9 5.5\"\n  },\n  J: {\n    \"7\": 0,\n    \"10\": 0\n  },\n  N: {\n    \"11\": 0.02439,\n    _: \"10\"\n  },\n  R: {\n    _: \"0\"\n  },\n  M: {\n    \"0\": 0.16736\n  },\n  Q: {\n    \"10.4\": 0.02886\n  },\n  O: {\n    \"0\": 0.15005\n  },\n  H: {\n    \"0\": 0.2404\n  },\n  L: {\n    \"0\": 48.74321\n  },\n  S: {\n    \"2.5\": 0\n  }\n};","map":{"version":3,"sources":["C:/xampp/public_html/vamo/interface2/node_modules/caniuse-lite/data/regions/HN.js"],"names":["module","exports","C","_","D","F","G","E","B","P","I","K","A","J","N","R","M","Q","O","H","L","S"],"mappings":"AAAAA,MAAM,CAACC,OAAP,GAAe;AAACC,EAAAA,CAAC,EAAC;AAAC,SAAI,OAAL;AAAa,SAAI,OAAjB;AAAyB,UAAK,OAA9B;AAAsC,UAAK,OAA3C;AAAmD,UAAK,OAAxD;AAAgE,UAAK,OAArE;AAA6E,UAAK,OAAlF;AAA0F,UAAK,OAA/F;AAAuG,UAAK,OAA5G;AAAoH,UAAK,MAAzH;AAAgI,UAAK,OAArI;AAA6I,UAAK,OAAlJ;AAA0J,UAAK,OAA/J;AAAuKC,IAAAA,CAAC,EAAC;AAAzK,GAAH;AAA8ZC,EAAAA,CAAC,EAAC;AAAC,UAAK,OAAN;AAAc,UAAK,OAAnB;AAA2B,UAAK,OAAhC;AAAwC,UAAK,OAA7C;AAAqD,UAAK,OAA1D;AAAkE,UAAK,MAAvE;AAA8E,UAAK,MAAnF;AAA0F,UAAK,OAA/F;AAAuG,UAAK,OAA5G;AAAoH,UAAK,OAAzH;AAAiI,UAAK,OAAtI;AAA8I,UAAK,OAAnJ;AAA2J,UAAK,OAAhK;AAAwK,UAAK,OAA7K;AAAqL,UAAK,OAA1L;AAAkM,UAAK,OAAvM;AAA+M,UAAK,OAApN;AAA4N,UAAK,OAAjO;AAAyO,UAAK,OAA9O;AAAsP,UAAK,OAA3P;AAAmQ,UAAK,OAAxQ;AAAgR,UAAK,OAArR;AAA6R,UAAK,OAAlS;AAA0S,UAAK,OAA/S;AAAuT,UAAK,OAA5T;AAAoU,UAAK,OAAzU;AAAiV,UAAK,OAAtV;AAA8V,UAAK,OAAnW;AAA2W,UAAK,OAAhX;AAAwX,UAAK,OAA7X;AAAqY,UAAK,OAA1Y;AAAkZ,UAAK,OAAvZ;AAA+Z,UAAK,OAApa;AAA4a,UAAK,OAAjb;AAAyb,UAAK,OAA9b;AAAsc,UAAK,QAA3c;AAAod,UAAK,MAAzd;AAAge,UAAK,OAAre;AAA6eD,IAAAA,CAAC,EAAC;AAA/e,GAAha;AAA8iCE,EAAAA,CAAC,EAAC;AAAC,UAAK,OAAN;AAAc,UAAK,OAAnB;AAA2B,UAAK,OAAhC;AAAwC,UAAK,OAA7C;AAAqD,UAAK,OAA1D;AAAkEF,IAAAA,CAAC,EAAC,0NAApE;AAA+R,iBAAY;AAA3S,GAAhjC;AAA81CG,EAAAA,CAAC,EAAC;AAAC,SAAI,CAAL;AAAO,WAAM,OAAb;AAAqB,eAAU,CAA/B;AAAiC,eAAU,CAA3C;AAA6C,eAAU,OAAvD;AAA+D,eAAU,OAAzE;AAAiF,eAAU,OAA3F;AAAmG,eAAU,CAA7G;AAA+G,eAAU,OAAzH;AAAiI,WAAM,OAAvI;AAA+I,iBAAY,OAA3J;AAAmK,YAAO,OAA1K;AAAkL,iBAAY,OAA9L;AAAsM,iBAAY,MAAlN;AAAyN,iBAAY,OAArO;AAA6O,iBAAY,OAAzP;AAAiQ,iBAAY,OAA7Q;AAAqR,YAAO,OAA5R;AAAoS,YAAO,OAA3S;AAAmT,iBAAY,OAA/T;AAAuU,iBAAY,MAAnV;AAA0V,iBAAY;AAAtW,GAAh2C;AAA+sDC,EAAAA,CAAC,EAAC;AAAC,SAAI,CAAL;AAAO,UAAK,OAAZ;AAAoB,UAAK,OAAzB;AAAiC,UAAK,OAAtC;AAA8CJ,IAAAA,CAAC,EAAC,0CAAhD;AAA2F,WAAM,OAAjG;AAAyG,YAAO,OAAhH;AAAwH,YAAO,OAA/H;AAAuI,YAAO,OAA9I;AAAsJ,YAAO,OAA7J;AAAqK,YAAO;AAA5K,GAAjtD;AAAs4DK,EAAAA,CAAC,EAAC;AAAC,UAAK,OAAN;AAAc,UAAK,OAAnB;AAA2B,UAAK,OAAhC;AAAwC,UAAK,MAA7C;AAAoD,UAAK,OAAzD;AAAiE,UAAK,OAAtE;AAA8E,UAAK,OAAnF;AAA2F,UAAK,OAAhG;AAAwG,UAAK,OAA7G;AAAqH,UAAK,OAA1H;AAAkI,UAAK,OAAvI;AAA+I,UAAK,OAApJ;AAA4J,UAAK,OAAjK;AAAyK,UAAK,OAA9K;AAAsL,UAAK,OAA3L;AAAmM,UAAK,MAAxM;AAA+ML,IAAAA,CAAC,EAAC;AAAjN,GAAx4D;AAA2mEM,EAAAA,CAAC,EAAC;AAAC,SAAI,MAAL;AAAY,eAAU,OAAtB;AAA8B,eAAU,OAAxC;AAAgD,eAAU,OAA1D;AAAkE,WAAM,OAAxE;AAAgF,WAAM,OAAtF;AAA8F,YAAO,OAArG;AAA6G,iBAAY,MAAzH;AAAgI,YAAO,OAAvI;AAA+I,YAAO,OAAtJ;AAA8J,YAAO;AAArK,GAA7mE;AAA2xEC,EAAAA,CAAC,EAAC;AAAC,SAAI,CAAL;AAAO,SAAI,CAAX;AAAa,SAAI,OAAjB;AAAyB,WAAM,CAA/B;AAAiC,WAAM,CAAvC;AAAyC,WAAM,CAA/C;AAAiD,WAAM,OAAvD;AAA+D,eAAU,OAAzE;AAAiF,WAAM,CAAvF;AAAyF,mBAAc;AAAvG,GAA7xE;AAA64EC,EAAAA,CAAC,EAAC;AAACR,IAAAA,CAAC,EAAC;AAAH,GAA/4E;AAA+6ES,EAAAA,CAAC,EAAC;AAAC,SAAI,OAAL;AAAa,UAAK,OAAlB;AAA0B,UAAK,OAA/B;AAAuCT,IAAAA,CAAC,EAAC;AAAzC,GAAj7E;AAAu+EU,EAAAA,CAAC,EAAC;AAAC,SAAI,CAAL;AAAO,UAAK;AAAZ,GAAz+E;AAAw/EC,EAAAA,CAAC,EAAC;AAAC,UAAK,OAAN;AAAcX,IAAAA,CAAC,EAAC;AAAhB,GAA1/E;AAAghFY,EAAAA,CAAC,EAAC;AAACZ,IAAAA,CAAC,EAAC;AAAH,GAAlhF;AAA0hFa,EAAAA,CAAC,EAAC;AAAC,SAAI;AAAL,GAA5hF;AAA0iFC,EAAAA,CAAC,EAAC;AAAC,YAAO;AAAR,GAA5iF;AAA6jFC,EAAAA,CAAC,EAAC;AAAC,SAAI;AAAL,GAA/jF;AAA6kFC,EAAAA,CAAC,EAAC;AAAC,SAAI;AAAL,GAA/kF;AAA4lFC,EAAAA,CAAC,EAAC;AAAC,SAAI;AAAL,GAA9lF;AAA6mFC,EAAAA,CAAC,EAAC;AAAC,WAAM;AAAP;AAA/mF,CAAf",