{"ast":null,"code":"module.exports = {\n  C: {\n    \"2\": 0,\n    \"3\": 0.0081,\n    \"4\": 0,\n    \"5\": 0,\n    \"6\": 0,\n    \"7\": 0,\n    \"8\": 0,\n    \"9\": 0,\n    \"10\": 0,\n    \"11\": 0,\n    \"12\": 0.0081,\n    \"13\": 0,\n    \"14\": 0.0081,\n    \"15\": 0,\n    \"16\": 0,\n    \"17\": 0,\n    \"18\": 0,\n    \"19\": 0,\n    \"20\": 0,\n    \"21\": 0,\n    \"22\": 0,\n    \"23\": 0,\n    \"24\": 0,\n    \"25\": 0.00405,\n    \"26\": 0,\n    \"27\": 0,\n    \"28\": 0,\n    \"29\": 0,\n    \"30\": 0,\n    \"31\": 0,\n    \"32\": 0,\n    \"33\": 0,\n    \"34\": 0,\n    \"35\": 0,\n    \"36\": 0,\n    \"37\": 0,\n    \"38\": 0,\n    \"39\": 0,\n    \"40\": 0,\n    \"41\": 0,\n    \"42\": 0,\n    \"43\": 0.01215,\n    \"44\": 0.00405,\n    \"45\": 0,\n    \"46\": 0,\n    \"47\": 0,\n    \"48\": 0.0081,\n    \"49\": 0,\n    \"50\": 0,\n    \"51\": 0,\n    \"52\": 0.0081,\n    \"53\": 0.00405,\n    \"54\": 0,\n    \"55\": 0,\n    \"56\": 0,\n    \"57\": 0,\n    \"58\": 0,\n    \"59\": 0,\n    \"60\": 0.0081,\n    \"61\": 0,\n    \"62\": 0,\n    \"63\": 0,\n    \"64\": 0.00405,\n    \"65\": 0.00405,\n    \"66\": 0,\n    \"67\": 0,\n    \"68\": 0.0081,\n    \"69\": 0,\n    \"70\": 0.00405,\n    \"71\": 0,\n    \"72\": 0.01215,\n    \"73\": 0,\n    \"74\": 0,\n    \"75\": 0,\n    \"76\": 0,\n    \"77\": 0,\n    \"78\": 0,\n    \"79\": 0,\n    \"80\": 0,\n    \"81\": 0.01215,\n    \"82\": 0,\n    \"83\": 0,\n    \"84\": 0.00405,\n    \"85\": 0.00405,\n    \"86\": 0.02026,\n    \"87\": 0.00405,\n    \"88\": 0.04456,\n    \"89\": 0.00405,\n    \"90\": 0.06077,\n    \"91\": 0.03646,\n    \"92\": 0,\n    \"93\": 0,\n    \"3.5\": 0,\n    \"3.6\": 0\n  },\n  D: {\n    \"4\": 0,\n    \"5\": 0,\n    \"6\": 0,\n    \"7\": 0,\n    \"8\": 0,\n    \"9\": 0,\n    \"10\": 0,\n    \"11\": 0.0162,\n    \"12\": 0,\n    \"13\": 0,\n    \"14\": 0,\n    \"15\": 0,\n    \"16\": 0,\n    \"17\": 0,\n    \"18\": 0,\n    \"19\": 0,\n    \"20\": 0.0081,\n    \"21\": 0,\n    \"22\": 0,\n    \"23\": 0.0081,\n    \"24\": 0,\n    \"25\": 0,\n    \"26\": 0,\n    \"27\": 0,\n    \"28\": 0,\n    \"29\": 0,\n    \"30\": 0.00405,\n    \"31\": 0.00405,\n    \"32\": 0,\n    \"33\": 0,\n    \"34\": 0.00405,\n    \"35\": 0,\n    \"36\": 0,\n    \"37\": 0.00405,\n    \"38\": 0,\n    \"39\": 0,\n    \"40\": 0.00405,\n    \"41\": 0,\n    \"42\": 0,\n    \"43\": 0,\n    \"44\": 0,\n    \"45\": 0,\n    \"46\": 0,\n    \"47\": 0.00405,\n    \"48\": 0,\n    \"49\": 0.01215,\n    \"50\": 0.00405,\n    \"51\": 0,\n    \"52\": 0.08102,\n    \"53\": 0,\n    \"54\": 0,\n    \"55\": 0.00405,\n    \"56\": 0,\n    \"57\": 0.0081,\n    \"58\": 0.0081,\n    \"59\": 0.00405,\n    \"60\": 0.02836,\n    \"61\": 0,\n    \"62\": 0,\n    \"63\": 0.00405,\n    \"64\": 0.02026,\n    \"65\": 0,\n    \"66\": 0.00405,\n    \"67\": 0.02431,\n    \"68\": 0.00405,\n    \"69\": 0.04456,\n    \"70\": 0.00405,\n    \"71\": 0.05266,\n    \"72\": 0.0081,\n    \"73\": 0.01215,\n    \"74\": 0.00405,\n    \"75\": 0.0081,\n    \"76\": 0,\n    \"77\": 0.01215,\n    \"78\": 0.00405,\n    \"79\": 0.06887,\n    \"80\": 0.0162,\n    \"81\": 0.15799,\n    \"83\": 0.00405,\n    \"84\": 0.03241,\n    \"85\": 0.01215,\n    \"86\": 0.05266,\n    \"87\": 0.14584,\n    \"88\": 0.04861,\n    \"89\": 0.08102,\n    \"90\": 0.16609,\n    \"91\": 0.29572,\n    \"92\": 9.34971,\n    \"93\": 0.00405,\n    \"94\": 0.02431,\n    \"95\": 0,\n    \"96\": 0\n  },\n  F: {\n    \"9\": 0,\n    \"11\": 0,\n    \"12\": 0,\n    \"15\": 0,\n    \"16\": 0,\n    \"17\": 0,\n    \"18\": 0,\n    \"19\": 0,\n    \"20\": 0,\n    \"21\": 0,\n    \"22\": 0,\n    \"23\": 0,\n    \"24\": 0,\n    \"25\": 0,\n    \"26\": 0,\n    \"27\": 0,\n    \"28\": 0,\n    \"29\": 0,\n    \"30\": 0,\n    \"31\": 0,\n    \"32\": 0,\n    \"33\": 0,\n    \"34\": 0.01215,\n    \"35\": 0,\n    \"36\": 0,\n    \"37\": 0.00405,\n    \"38\": 0,\n    \"39\": 0,\n    \"40\": 0,\n    \"41\": 0,\n    \"42\": 0,\n    \"43\": 0,\n    \"44\": 0,\n    \"45\": 0,\n    \"46\": 0,\n    \"47\": 0,\n    \"48\": 0,\n    \"49\": 0,\n    \"50\": 0,\n    \"51\": 0.06077,\n    \"52\": 0,\n    \"53\": 0.00405,\n    \"54\": 0,\n    \"55\": 0.0081,\n    \"56\": 0,\n    \"57\": 0,\n    \"58\": 0.00405,\n    \"60\": 0,\n    \"62\": 0.00405,\n    \"63\": 0,\n    \"64\": 0.02026,\n    \"65\": 0,\n    \"66\": 0,\n    \"67\": 0,\n    \"68\": 0,\n    \"69\": 0.0081,\n    \"70\": 0,\n    \"71\": 0.00405,\n    \"72\": 0.00405,\n    \"73\": 0.00405,\n    \"74\": 0.03241,\n    \"75\": 0.00405,\n    \"76\": 0,\n    \"77\": 0.05266,\n    \"78\": 0.02836,\n    \"9.5-9.6\": 0,\n    \"10.0-10.1\": 0,\n    \"10.5\": 0,\n    \"10.6\": 0,\n    \"11.1\": 0,\n    \"11.5\": 0,\n    \"11.6\": 0,\n    \"12.1\": 0.03646\n  },\n  G: {\n    \"8\": 0,\n    \"3.2\": 0,\n    \"4.0-4.1\": 0,\n    \"4.2-4.3\": 0.02162,\n    \"5.0-5.1\": 0.04323,\n    \"6.0-6.1\": 0.02594,\n    \"7.0-7.1\": 0.07349,\n    \"8.1-8.4\": 0.33072,\n    \"9.0-9.2\": 0.04539,\n    \"9.3\": 0.37611,\n    \"10.0-10.2\": 0.06377,\n    \"10.3\": 0.50689,\n    \"11.0-11.2\": 0.83004,\n    \"11.3-11.4\": 0.23021,\n    \"12.0-12.1\": 0.12105,\n    \"12.2-12.4\": 0.78897,\n    \"13.0-13.1\": 0.10267,\n    \"13.2\": 0.01945,\n    \"13.3\": 0.10916,\n    \"13.4-13.7\": 0.34261,\n    \"14.0-14.4\": 1.03756,\n    \"14.5-14.7\": 2.3572\n  },\n  E: {\n    \"4\": 0,\n    \"5\": 0,\n    \"6\": 0,\n    \"7\": 0,\n    \"8\": 0,\n    \"9\": 0,\n    \"10\": 0.00405,\n    \"11\": 0,\n    \"12\": 0,\n    \"13\": 0.01215,\n    \"14\": 0.01215,\n    \"15\": 0,\n    _: \"0\",\n    \"3.1\": 0,\n    \"3.2\": 0,\n    \"5.1\": 0.0081,\n    \"6.1\": 0,\n    \"7.1\": 0,\n    \"9.1\": 0,\n    \"10.1\": 0.0081,\n    \"11.1\": 0.00405,\n    \"12.1\": 0.00405,\n    \"13.1\": 0.0081,\n    \"14.1\": 0.04456\n  },\n  B: {\n    \"12\": 0.0081,\n    \"13\": 0,\n    \"14\": 0.02431,\n    \"15\": 0.0081,\n    \"16\": 0.00405,\n    \"17\": 0,\n    \"18\": 0.0162,\n    \"79\": 0,\n    \"80\": 0,\n    \"81\": 0,\n    \"83\": 0,\n    \"84\": 0,\n    \"85\": 0,\n    \"86\": 0,\n    \"87\": 0,\n    \"88\": 0,\n    \"89\": 0,\n    \"90\": 0.00405,\n    \"91\": 0,\n    \"92\": 0.1823,\n    \"93\": 0\n  },\n  P: {\n    \"4\": 2.5657,\n    \"5.0-5.4\": 0.17377,\n    \"6.2-6.4\": 0.04089,\n    \"7.2-7.4\": 0.70531,\n    \"8.2\": 0.02044,\n    \"9.2\": 0.17377,\n    \"10.1\": 0.05111,\n    \"11.1-11.2\": 0.36799,\n    \"12.0\": 0.12266,\n    \"13.0\": 0.39865,\n    \"14.0\": 3.04612\n  },\n  I: {\n    \"0\": 0,\n    \"3\": 0,\n    \"4\": 0.00111,\n    \"2.1\": 0,\n    \"2.2\": 0,\n    \"2.3\": 0,\n    \"4.1\": 0.01516,\n    \"4.2-4.3\": 0.04658,\n    \"4.4\": 0,\n    \"4.4.3-4.4.4\": 0.30335\n  },\n  K: {\n    _: \"0 10 11 12 11.1 11.5 12.1\"\n  },\n  A: {\n    \"6\": 0,\n    \"7\": 0,\n    \"8\": 0,\n    \"9\": 0.03717,\n    \"10\": 0,\n    \"11\": 0.81354,\n    \"5.5\": 0\n  },\n  J: {\n    \"7\": 0,\n    \"10\": 0.00595\n  },\n  N: {\n    \"10\": 0,\n    \"11\": 0\n  },\n  R: {\n    _: \"0\"\n  },\n  M: {\n    \"0\": 0.02975\n  },\n  Q: {\n    \"10.4\": 0.07734\n  },\n  O: {\n    \"0\": 1.52294\n  },\n  H: {\n    \"0\": 0.75471\n  },\n  L: {\n    \"0\": 62.19774\n  },\n  S: {\n    \"2.5\": 0\n  }\n};","map":{"version":3,"sources":["C:/xampp/public_html/vamo/interface2/node_modules/caniuse-lite/data/regions/TM.js"],"names":["module","exports","C","D","F","G","E","_","B","P","I","K","A","J","N","R","M","Q","O","H","L","S"],