{"ast":null,"code":"module.exports = {\n  C: {\n    \"2\": 0,\n    \"3\": 0,\n    \"4\": 0,\n    \"5\": 0,\n    \"6\": 0,\n    \"7\": 0,\n    \"8\": 0,\n    \"9\": 0,\n    \"10\": 0,\n    \"11\": 0,\n    \"12\": 0,\n    \"13\": 0,\n    \"14\": 0,\n    \"15\": 0,\n    \"16\": 0,\n    \"17\": 0,\n    \"18\": 0,\n    \"19\": 0,\n    \"20\": 0,\n    \"21\": 0,\n    \"22\": 0,\n    \"23\": 0,\n    \"24\": 0,\n    \"25\": 0,\n    \"26\": 0,\n    \"27\": 0,\n    \"28\": 0,\n    \"29\": 0,\n    \"30\": 0,\n    \"31\": 0,\n    \"32\": 0,\n    \"33\": 0,\n    \"34\": 0,\n    \"35\": 0.0032,\n    \"36\": 0,\n    \"37\": 0,\n    \"38\": 0,\n    \"39\": 0,\n    \"40\": 0,\n    \"41\": 0,\n    \"42\": 0,\n    \"43\": 0.0032,\n    \"44\": 0,\n    \"45\": 0,\n    \"46\": 0,\n    \"47\": 0.0032,\n    \"48\": 0,\n    \"49\": 0,\n    \"50\": 0.0032,\n    \"51\": 0,\n    \"52\": 0.00641,\n    \"53\": 0,\n    \"54\": 0,\n    \"55\": 0,\n    \"56\": 0.0032,\n    \"57\": 0.0032,\n    \"58\": 0,\n    \"59\": 0,\n    \"60\": 0.0032,\n    \"61\": 0,\n    \"62\": 0,\n    \"63\": 0,\n    \"64\": 0,\n    \"65\": 0.00641,\n    \"66\": 0.0032,\n    \"67\": 0,\n    \"68\": 0.0032,\n    \"69\": 0,\n    \"70\": 0,\n    \"71\": 0,\n    \"72\": 0.01282,\n    \"73\": 0,\n    \"74\": 0.0032,\n    \"75\": 0,\n    \"76\": 0,\n    \"77\": 0,\n    \"78\": 0.10894,\n    \"79\": 0.0032,\n    \"80\": 0,\n    \"81\": 0.00641,\n    \"82\": 0,\n    \"83\": 0,\n    \"84\": 0.0032,\n    \"85\": 0.01602,\n    \"86\": 0.0032,\n    \"87\": 0.01282,\n    \"88\": 0.00961,\n    \"89\": 0.03524,\n    \"90\": 0.33322,\n    \"91\": 0.44215,\n    \"92\": 0.00641,\n    \"93\": 0,\n    \"3.5\": 0,\n    \"3.6\": 0\n  },\n  D: {\n    \"4\": 0,\n    \"5\": 0,\n    \"6\": 0,\n    \"7\": 0,\n    \"8\": 0,\n    \"9\": 0,\n    \"10\": 0,\n    \"11\": 0,\n    \"12\": 0,\n    \"13\": 0,\n    \"14\": 0,\n    \"15\": 0,\n    \"16\": 0,\n    \"17\": 0,\n    \"18\": 0,\n    \"19\": 0,\n    \"20\": 0,\n    \"21\": 0,\n    \"22\": 0,\n    \"23\": 0.00641,\n    \"24\": 0,\n    \"25\": 0,\n    \"26\": 0,\n    \"27\": 0,\n    \"28\": 0.0032,\n    \"29\": 0,\n    \"30\": 0,\n    \"31\": 0,\n    \"32\": 0,\n    \"33\": 0.0032,\n    \"34\": 0,\n    \"35\": 0,\n    \"36\": 0,\n    \"37\": 0,\n    \"38\": 0.0032,\n    \"39\": 0,\n    \"40\": 0.00641,\n    \"41\": 0,\n    \"42\": 0,\n    \"43\": 0.00641,\n    \"44\": 0.0032,\n    \"45\": 0,\n    \"46\": 0,\n    \"47\": 0.0032,\n    \"48\": 0,\n    \"49\": 0.0032,\n    \"50\": 0,\n    \"51\": 0,\n    \"52\": 0,\n    \"53\": 0,\n    \"54\": 0,\n    \"55\": 0.0032,\n    \"56\": 0,\n    \"57\": 0.0032,\n    \"58\": 0,\n    \"59\": 0,\n    \"60\": 0,\n    \"61\": 0.0032,\n    \"62\": 0.01922,\n    \"63\": 0.00961,\n    \"64\": 0.0032,\n    \"65\": 0.00641,\n    \"66\": 0,\n    \"67\": 0.0032,\n    \"68\": 0.0032,\n    \"69\": 0.02884,\n    \"70\": 0.0032,\n    \"71\": 0.10253,\n    \"72\": 0.00641,\n    \"73\": 0.00961,\n    \"74\": 0.01282,\n    \"75\": 0,\n    \"76\": 0.00641,\n    \"77\": 0.01602,\n    \"78\": 0.0032,\n    \"79\": 0.11214,\n    \"80\": 0.02243,\n    \"81\": 0.02884,\n    \"83\": 0.02563,\n    \"84\": 0.01602,\n    \"85\": 0.02563,\n    \"86\": 0.02243,\n    \"87\": 0.09612,\n    \"88\": 0.03845,\n    \"89\": 0.03204,\n    \"90\": 0.07049,\n    \"91\": 0.49982,\n    \"92\": 4.59454,\n    \"93\": 0.01602,\n    \"94\": 0.0032,\n    \"95\": 0,\n    \"96\": 0\n  },\n  F: {\n    \"9\": 0,\n    \"11\": 0,\n    \"12\": 0,\n    \"15\": 0,\n    \"16\": 0,\n    \"17\": 0,\n    \"18\": 0,\n    \"19\": 0,\n    \"20\": 0,\n    \"21\": 0,\n    \"22\": 0,\n    \"23\": 0,\n    \"24\": 0.00641,\n    \"25\": 0,\n    \"26\": 0.0032,\n    \"27\": 0.0032,\n    \"28\": 0.00641,\n    \"29\": 0,\n    \"30\": 0.03845,\n    \"31\": 0.0032,\n    \"32\": 0.00641,\n    \"33\": 0.0032,\n    \"34\": 0,\n    \"35\": 0.01282,\n    \"36\": 0,\n    \"37\": 0,\n    \"38\": 0.0032,\n    \"39\": 0,\n    \"40\": 0,\n    \"41\": 0,\n    \"42\": 0.00641,\n    \"43\": 0,\n    \"44\": 0,\n    \"45\": 0,\n    \"46\": 0.02884,\n    \"47\": 0.0032,\n    \"48\": 0,\n    \"49\": 0,\n    \"50\": 0.02884,\n    \"51\": 0.00961,\n    \"52\": 0,\n    \"53\": 0,\n    \"54\": 0.01282,\n    \"55\": 0.05447,\n    \"56\": 0.03204,\n    \"57\": 0.04165,\n    \"58\": 0.15059,\n    \"60\": 0,\n    \"62\": 0,\n    \"63\": 0.0032,\n    \"64\": 0,\n    \"65\": 0.00641,\n    \"66\": 0,\n    \"67\": 0,\n    \"68\": 0.0032,\n    \"69\": 0,\n    \"70\": 0,\n    \"71\": 0,\n    \"72\": 0,\n    \"73\": 0,\n    \"74\": 0,\n    \"75\": 0,\n    \"76\": 0.0032,\n    \"77\": 0.23069,\n    \"78\": 0.15379,\n    \"9.5-9.6\": 0,\n    \"10.0-10.1\": 0,\n    \"10.5\": 0,\n    \"10.6\": 0,\n    \"11.1\": 0,\n    \"11.5\": 0,\n    \"11.6\": 0,\n    \"12.1\": 0.00641\n  },\n  G: {\n    \"8\": 0,\n    \"3.2\": 0,\n    \"4.0-4.1\": 0,\n    \"4.2-4.3\": 0,\n    \"5.0-5.1\": 0.00632,\n    \"6.0-6.1\": 0.00281,\n    \"7.0-7.1\": 0.02459,\n    \"8.1-8.4\": 0,\n    \"9.0-9.2\": 0.00141,\n    \"9.3\": 0.04568,\n    \"10.0-10.2\": 0.01124,\n    \"10.3\": 0.04076,\n    \"11.0-11.2\": 0.06114,\n    \"11.3-11.4\": 0.01335,\n    \"12.0-12.1\": 0.0267,\n    \"12.2-12.4\": 0.31973,\n    \"13.0-13.1\": 0.03443,\n    \"13.2\": 0.01546,\n    \"13.3\": 0.11243,\n    \"13.4-13.7\": 0.23119,\n    \"14.0-14.4\": 1.49957,\n    \"14.5-14.7\": 3.36735\n  },\n  E: {\n    \"4\": 0,\n    \"5\": 0,\n    \"6\": 0,\n    \"7\": 0,\n    \"8\": 0,\n    \"9\": 0,\n    \"10\": 0,\n    \"11\": 0,\n    \"12\": 0,\n    \"13\": 0.00641,\n    \"14\": 0.03204,\n    \"15\": 0.0032,\n    _: \"0\",\n    \"3.1\": 0,\n    \"3.2\": 0,\n    \"5.1\": 0.00961,\n    \"6.1\": 0,\n    \"7.1\": 0,\n    \"9.1\": 0,\n    \"10.1\": 0,\n    \"11.1\": 0,\n    \"12.1\": 0.03204,\n    \"13.1\": 0.02243,\n    \"14.1\": 0.06408\n  },\n  B: {\n    \"12\": 0.0032,\n    \"13\": 0.0032,\n    \"14\": 0.0032,\n    \"15\": 0.0032,\n    \"16\": 0.0032,\n    \"17\": 0.0032,\n    \"18\": 0.02563,\n    \"79\": 0,\n    \"80\": 0,\n    \"81\": 0,\n    \"83\": 0,\n    \"84\": 0.00961,\n    \"85\": 0.0032,\n    \"86\": 0,\n    \"87\": 0,\n    \"88\": 0,\n    \"89\": 0.00641,\n    \"90\": 0.0032,\n    \"91\": 0.01282,\n    \"92\": 0.39409,\n    \"93\": 0.0032\n  },\n  P: {\n    \"4\": 0.02994,\n    \"5.0-5.4\": 0,\n    \"6.2-6.4\": 0,\n    \"7.2-7.4\": 0.07985,\n    \"8.2\": 0,\n    \"9.2\": 0.01996,\n    \"10.1\": 0,\n    \"11.1-11.2\": 0.01996,\n    \"12.0\": 0.02994,\n    \"13.0\": 0.06987,\n    \"14.0\": 0.3793\n  },\n  I: {\n    \"0\": 0,\n    \"3\": 0,\n    \"4\": 0,\n    \"2.1\": 0,\n    \"2.2\": 0,\n    \"2.3\": 0,\n    \"4.1\": 0.00642,\n    \"4.2-4.3\": 0.00771,\n    \"4.4\": 0,\n    \"4.4.3-4.4.4\": 0.16189\n  },\n  K: {\n    _: \"0 10 11 12 11.1 11.5 12.1\"\n  },\n  A: {\n    \"6\": 0,\n    \"7\": 0,\n    \"8\": 0.00458,\n    \"9\": 0,\n    \"10\": 0,\n    \"11\": 0.0595,\n    \"5.5\": 0\n  },\n  J: {\n    \"7\": 0,\n    \"10\": 0.0068\n  },\n  N: {\n    \"10\": 0,\n    \"11\": 0\n  },\n  R: {\n    _: \"0\"\n  },\n  M: {\n    \"0\": 0.12233\n  },\n  Q: {\n    \"10.4\": 0.0068\n  },\n  O: {\n    \"0\": 0.95144\n  },\n  H: {\n    \"0\": 3.94405\n  },\n  L: {\n    \"0\": 77.9544\n  },\n  S: {\n    \"2.5\": 0.08835\n  }\n};","map":{"version":3,"sources":["C:/xampp/public_html/vamo/interface2/node_modules/caniuse-lite/data/regions/BJ.js"],"names":["module","exports","C","D","F","G","E","_","B","P","I","K","A","J","N","R","M","Q","O","H","L","S"],