{"ast":null,"code":"module.exports = {\n  C: {\n    \"2\": 0,\n    \"3\": 0,\n    \"4\": 0,\n    \"5\": 0,\n    \"6\": 0,\n    \"7\": 0,\n    \"8\": 0,\n    \"9\": 0,\n    \"10\": 0,\n    \"11\": 0,\n    \"12\": 0,\n    \"13\": 0,\n    \"14\": 0,\n    \"15\": 0,\n    \"16\": 0,\n    \"17\": 0,\n    \"18\": 0,\n    \"19\": 0,\n    \"20\": 0,\n    \"21\": 0,\n    \"22\": 0,\n    \"23\": 0,\n    \"24\": 0,\n    \"25\": 0,\n    \"26\": 0,\n    \"27\": 0,\n    \"28\": 0,\n    \"29\": 0,\n    \"30\": 0,\n    \"31\": 0,\n    \"32\": 0,\n    \"33\": 0,\n    \"34\": 0,\n    \"35\": 0.00165,\n    \"36\": 0.00165,\n    \"37\": 0,\n    \"38\": 0,\n    \"39\": 0,\n    \"40\": 0,\n    \"41\": 0,\n    \"42\": 0,\n    \"43\": 0.0066,\n    \"44\": 0,\n    \"45\": 0,\n    \"46\": 0,\n    \"47\": 0.0033,\n    \"48\": 0.00165,\n    \"49\": 0,\n    \"50\": 0,\n    \"51\": 0,\n    \"52\": 0.0033,\n    \"53\": 0,\n    \"54\": 0,\n    \"55\": 0,\n    \"56\": 0.00165,\n    \"57\": 0,\n    \"58\": 0,\n    \"59\": 0,\n    \"60\": 0,\n    \"61\": 0,\n    \"62\": 0,\n    \"63\": 0,\n    \"64\": 0,\n    \"65\": 0.00165,\n    \"66\": 0.00165,\n    \"67\": 0,\n    \"68\": 0.00825,\n    \"69\": 0,\n    \"70\": 0,\n    \"71\": 0,\n    \"72\": 0.00165,\n    \"73\": 0,\n    \"74\": 0,\n    \"75\": 0,\n    \"76\": 0,\n    \"77\": 0,\n    \"78\": 0.00495,\n    \"79\": 0.00165,\n    \"80\": 0.00165,\n    \"81\": 0.00165,\n    \"82\": 0.00165,\n    \"83\": 0.00165,\n    \"84\": 0.0033,\n    \"85\": 0.00165,\n    \"86\": 0.0033,\n    \"87\": 0.00165,\n    \"88\": 0.00495,\n    \"89\": 0.01485,\n    \"90\": 0.0891,\n    \"91\": 0.14025,\n    \"92\": 0.00825,\n    \"93\": 0,\n    \"3.5\": 0,\n    \"3.6\": 0\n  },\n  D: {\n    \"4\": 0,\n    \"5\": 0,\n    \"6\": 0,\n    \"7\": 0,\n    \"8\": 0,\n    \"9\": 0,\n    \"10\": 0,\n    \"11\": 0,\n    \"12\": 0,\n    \"13\": 0,\n    \"14\": 0,\n    \"15\": 0,\n    \"16\": 0,\n    \"17\": 0,\n    \"18\": 0,\n    \"19\": 0,\n    \"20\": 0,\n    \"21\": 0,\n    \"22\": 0,\n    \"23\": 0,\n    \"24\": 0,\n    \"25\": 0,\n    \"26\": 0,\n    \"27\": 0,\n    \"28\": 0,\n    \"29\": 0,\n    \"30\": 0,\n    \"31\": 0,\n    \"32\": 0,\n    \"33\": 0,\n    \"34\": 0,\n    \"35\": 0,\n    \"36\": 0,\n    \"37\": 0,\n    \"38\": 0,\n    \"39\": 0,\n    \"40\": 0.0033,\n    \"41\": 0,\n    \"42\": 0,\n    \"43\": 0,\n    \"44\": 0,\n    \"45\": 0,\n    \"46\": 0,\n    \"47\": 0.0033,\n    \"48\": 0,\n    \"49\": 0.0033,\n    \"50\": 0,\n    \"51\": 0,\n    \"52\": 0,\n    \"53\": 0,\n    \"54\": 0,\n    \"55\": 0.00165,\n    \"56\": 0,\n    \"57\": 0.00165,\n    \"58\": 0.0033,\n    \"59\": 0,\n    \"60\": 0,\n    \"61\": 0,\n    \"62\": 0.00165,\n    \"63\": 0.00165,\n    \"64\": 0.0033,\n    \"65\": 0.00165,\n    \"66\": 0.00165,\n    \"67\": 0,\n    \"68\": 0,\n    \"69\": 0,\n    \"70\": 0.00495,\n    \"71\": 0.00165,\n    \"72\": 0.00165,\n    \"73\": 0.00165,\n    \"74\": 0.00165,\n    \"75\": 0.00165,\n    \"76\": 0.00165,\n    \"77\": 0.0033,\n    \"78\": 0.00165,\n    \"79\": 0.0066,\n    \"80\": 0.00825,\n    \"81\": 0.0165,\n    \"83\": 0.00495,\n    \"84\": 0.0033,\n    \"85\": 0.0033,\n    \"86\": 0.0099,\n    \"87\": 0.0198,\n    \"88\": 0.00825,\n    \"89\": 0.0099,\n    \"90\": 0.0165,\n    \"91\": 0.08415,\n    \"92\": 1.1517,\n    \"93\": 0.0033,\n    \"94\": 0.00165,\n    \"95\": 0,\n    \"96\": 0\n  },\n  F: {\n    \"9\": 0,\n    \"11\": 0,\n    \"12\": 0,\n    \"15\": 0,\n    \"16\": 0,\n    \"17\": 0,\n    \"18\": 0,\n    \"19\": 0.00165,\n    \"20\": 0.00165,\n    \"21\": 0,\n    \"22\": 0,\n    \"23\": 0.00495,\n    \"24\": 0.16005,\n    \"25\": 0.0066,\n    \"26\": 0.09075,\n    \"27\": 0.23925,\n    \"28\": 0.0957,\n    \"29\": 0.0165,\n    \"30\": 0.1056,\n    \"31\": 0.04125,\n    \"32\": 0.0957,\n    \"33\": 0.0396,\n    \"34\": 0.00165,\n    \"35\": 0.0066,\n    \"36\": 0.0099,\n    \"37\": 0.0066,\n    \"38\": 0.0495,\n    \"39\": 0.00495,\n    \"40\": 0,\n    \"41\": 0.0033,\n    \"42\": 0.0726,\n    \"43\": 0.00495,\n    \"44\": 0.0066,\n    \"45\": 0.03135,\n    \"46\": 0.1023,\n    \"47\": 0.0825,\n    \"48\": 0.00165,\n    \"49\": 0,\n    \"50\": 0.16335,\n    \"51\": 0.17985,\n    \"52\": 0,\n    \"53\": 0.0033,\n    \"54\": 0.297,\n    \"55\": 0.3828,\n    \"56\": 0.1353,\n    \"57\": 0.47685,\n    \"58\": 1.2408,\n    \"60\": 0.00165,\n    \"62\": 0.00495,\n    \"63\": 0.01155,\n    \"64\": 0.01155,\n    \"65\": 0.00825,\n    \"66\": 0,\n    \"67\": 0,\n    \"68\": 0,\n    \"69\": 0,\n    \"70\": 0,\n    \"71\": 0,\n    \"72\": 0,\n    \"73\": 0,\n    \"74\": 0,\n    \"75\": 0,\n    \"76\": 0,\n    \"77\": 0.0429,\n    \"78\": 0.0264,\n    \"9.5-9.6\": 0,\n    \"10.0-10.1\": 0,\n    \"10.5\": 0,\n    \"10.6\": 0,\n    \"11.1\": 0,\n    \"11.5\": 0,\n    \"11.6\": 0,\n    \"12.1\": 0.07425\n  },\n  G: {\n    \"8\": 0.00204,\n    \"3.2\": 0,\n    \"4.0-4.1\": 0,\n    \"4.2-4.3\": 0.00204,\n    \"5.0-5.1\": 0.00204,\n    \"6.0-6.1\": 0.00204,\n    \"7.0-7.1\": 0.00681,\n    \"8.1-8.4\": 0,\n    \"9.0-9.2\": 0.00204,\n    \"9.3\": 0.03066,\n    \"10.0-10.2\": 0.00477,\n    \"10.3\": 0.04428,\n    \"11.0-11.2\": 0.17985,\n    \"11.3-11.4\": 0.04224,\n    \"12.0-12.1\": 0.07153,\n    \"12.2-12.4\": 0.28885,\n    \"13.0-13.1\": 0.08584,\n    \"13.2\": 0.03883,\n    \"13.3\": 0.22822,\n    \"13.4-13.7\": 0.53546,\n    \"14.0-14.4\": 2.24676,\n    \"14.5-14.7\": 2.40344\n  },\n  E: {\n    \"4\": 0,\n    \"5\": 0,\n    \"6\": 0,\n    \"7\": 0,\n    \"8\": 0,\n    \"9\": 0,\n    \"10\": 0,\n    \"11\": 0,\n    \"12\": 0,\n    \"13\": 0.00165,\n    \"14\": 0.01155,\n    \"15\": 0,\n    _: \"0\",\n    \"3.1\": 0,\n    \"3.2\": 0,\n    \"5.1\": 0.00165,\n    \"6.1\": 0,\n    \"7.1\": 0,\n    \"9.1\": 0,\n    \"10.1\": 0,\n    \"11.1\": 0,\n    \"12.1\": 0.00165,\n    \"13.1\": 0.0066,\n    \"14.1\": 0.0264\n  },\n  B: {\n    \"12\": 0.0033,\n    \"13\": 0.00165,\n    \"14\": 0.0033,\n    \"15\": 0.00165,\n    \"16\": 0.00165,\n    \"17\": 0.00165,\n    \"18\": 0.00825,\n    \"79\": 0,\n    \"80\": 0,\n    \"81\": 0,\n    \"83\": 0,\n    \"84\": 0.00165,\n    \"85\": 0.00165,\n    \"86\": 0,\n    \"87\": 0,\n    \"88\": 0.0033,\n    \"89\": 0.00165,\n    \"90\": 0.00165,\n    \"91\": 0.0099,\n    \"92\": 0.14025,\n    \"93\": 0\n  },\n  P: {\n    \"4\": 0.05219,\n    \"5.0-5.4\": 0,\n    \"6.2-6.4\": 0,\n    \"7.2-7.4\": 0.04175,\n    \"8.2\": 0,\n    \"9.2\": 0.03131,\n    \"10.1\": 0.01044,\n    \"11.1-11.2\": 0.06263,\n    \"12.0\": 0.04175,\n    \"13.0\": 0.0835,\n    \"14.0\": 0.54275\n  },\n  I: {\n    \"0\": 0,\n    \"3\": 0,\n    \"4\": 0,\n    \"2.1\": 0,\n    \"2.2\": 0,\n    \"2.3\": 0,\n    \"4.1\": 0.001,\n    \"4.2-4.3\": 0.003,\n    \"4.4\": 0,\n    \"4.4.3-4.4.4\": 0.06755\n  },\n  K: {\n    _: \"0 10 11 12 11.1 11.5 12.1\"\n  },\n  A: {\n    \"6\": 0,\n    \"7\": 0,\n    \"8\": 0.00275,\n    \"9\": 0,\n    \"10\": 0,\n    \"11\": 0.01375,\n    \"5.5\": 0\n  },\n  J: {\n    \"7\": 0,\n    \"10\": 0.0167\n  },\n  N: {\n    \"10\": 0,\n    \"11\": 0\n  },\n  R: {\n    _: \"0\"\n  },\n  M: {\n    \"0\": 0.2672\n  },\n  Q: {\n    \"10.4\": 0.00835\n  },\n  O: {\n    \"0\": 1.37775\n  },\n  H: {\n    \"0\": 37.80286\n  },\n  L: {\n    \"0\": 42.02585\n  },\n  S: {\n    \"2.5\": 0.02505\n  }\n};","map":{"version":3,"sources":["C:/xampp/public_html/vamo/interface2/node_modules/caniuse-lite/data/regions/NG.js"],"names":["module","exports","C","D","F","G","E","_","B","P","I","K","A","J","N","R","M","Q","O","H","L","S"],