{"ast":null,"code":"module.exports = {\n  C: {\n    \"2\": 0,\n    \"3\": 0,\n    \"4\": 0,\n    \"5\": 0,\n    \"6\": 0,\n    \"7\": 0,\n    \"8\": 0,\n    \"9\": 0,\n    \"10\": 0,\n    \"11\": 0,\n    \"12\": 0,\n    \"13\": 0,\n    \"14\": 0,\n    \"15\": 0,\n    \"16\": 0,\n    \"17\": 0,\n    \"18\": 0,\n    \"19\": 0,\n    \"20\": 0,\n    \"21\": 0,\n    \"22\": 0,\n    \"23\": 0,\n    \"24\": 0,\n    \"25\": 0,\n    \"26\": 0,\n    \"27\": 0,\n    \"28\": 0,\n    \"29\": 0,\n    \"30\": 0,\n    \"31\": 0,\n    \"32\": 0,\n    \"33\": 0,\n    \"34\": 0,\n    \"35\": 0.00314,\n    \"36\": 0.00314,\n    \"37\": 0,\n    \"38\": 0,\n    \"39\": 0,\n    \"40\": 0.00314,\n    \"41\": 0.00314,\n    \"42\": 0,\n    \"43\": 0.00314,\n    \"44\": 0,\n    \"45\": 0,\n    \"46\": 0,\n    \"47\": 0.00314,\n    \"48\": 0.00629,\n    \"49\": 0.00314,\n    \"50\": 0,\n    \"51\": 0.00314,\n    \"52\": 0.01886,\n    \"53\": 0,\n    \"54\": 0,\n    \"55\": 0,\n    \"56\": 0.00314,\n    \"57\": 0,\n    \"58\": 0,\n    \"59\": 0.00314,\n    \"60\": 0.00314,\n    \"61\": 0,\n    \"62\": 0,\n    \"63\": 0,\n    \"64\": 0,\n    \"65\": 0.00314,\n    \"66\": 0,\n    \"67\": 0.00314,\n    \"68\": 0.00314,\n    \"69\": 0,\n    \"70\": 0,\n    \"71\": 0,\n    \"72\": 0.00629,\n    \"73\": 0,\n    \"74\": 0,\n    \"75\": 0.00629,\n    \"76\": 0,\n    \"77\": 0.00314,\n    \"78\": 0.01886,\n    \"79\": 0,\n    \"80\": 0.00314,\n    \"81\": 0.00314,\n    \"82\": 0.00314,\n    \"83\": 0.00314,\n    \"84\": 0.00314,\n    \"85\": 0.00314,\n    \"86\": 0.00314,\n    \"87\": 0.00314,\n    \"88\": 0.00943,\n    \"89\": 0.04402,\n    \"90\": 0.45588,\n    \"91\": 1.05953,\n    \"92\": 0.09746,\n    \"93\": 0,\n    \"3.5\": 0,\n    \"3.6\": 0\n  },\n  D: {\n    \"4\": 0,\n    \"5\": 0,\n    \"6\": 0,\n    \"7\": 0,\n    \"8\": 0,\n    \"9\": 0,\n    \"10\": 0,\n    \"11\": 0,\n    \"12\": 0,\n    \"13\": 0,\n    \"14\": 0,\n    \"15\": 0,\n    \"16\": 0,\n    \"17\": 0,\n    \"18\": 0,\n    \"19\": 0,\n    \"20\": 0,\n    \"21\": 0,\n    \"22\": 0,\n    \"23\": 0,\n    \"24\": 0,\n    \"25\": 0,\n    \"26\": 0,\n    \"27\": 0,\n    \"28\": 0,\n    \"29\": 0,\n    \"30\": 0,\n    \"31\": 0,\n    \"32\": 0,\n    \"33\": 0,\n    \"34\": 0,\n    \"35\": 0,\n    \"36\": 0,\n    \"37\": 0,\n    \"38\": 0.00314,\n    \"39\": 0,\n    \"40\": 0.00314,\n    \"41\": 0,\n    \"42\": 0,\n    \"43\": 0,\n    \"44\": 0,\n    \"45\": 0,\n    \"46\": 0,\n    \"47\": 0,\n    \"48\": 0,\n    \"49\": 0.0283,\n    \"50\": 0.00314,\n    \"51\": 0,\n    \"52\": 0,\n    \"53\": 0,\n    \"54\": 0,\n    \"55\": 0,\n    \"56\": 0.00314,\n    \"57\": 0,\n    \"58\": 0,\n    \"59\": 0,\n    \"60\": 0,\n    \"61\": 0.02201,\n    \"62\": 0,\n    \"63\": 0.00314,\n    \"64\": 0.00314,\n    \"65\": 0.00314,\n    \"66\": 0,\n    \"67\": 0,\n    \"68\": 0,\n    \"69\": 0.00314,\n    \"70\": 0.00314,\n    \"71\": 0.00314,\n    \"72\": 0,\n    \"73\": 0.00629,\n    \"74\": 0.00314,\n    \"75\": 0.00314,\n    \"76\": 0.00314,\n    \"77\": 0.00314,\n    \"78\": 0.00314,\n    \"79\": 0.01572,\n    \"80\": 0.00629,\n    \"81\": 0.01886,\n    \"83\": 0.00943,\n    \"84\": 0.00943,\n    \"85\": 0.00943,\n    \"86\": 0.01886,\n    \"87\": 0.05659,\n    \"88\": 0.01258,\n    \"89\": 0.01886,\n    \"90\": 0.0283,\n    \"91\": 0.1289,\n    \"92\": 5.60261,\n    \"93\": 0.01572,\n    \"94\": 0.01572,\n    \"95\": 0.00314,\n    \"96\": 0\n  },\n  F: {\n    \"9\": 0,\n    \"11\": 0,\n    \"12\": 0,\n    \"15\": 0,\n    \"16\": 0,\n    \"17\": 0,\n    \"18\": 0,\n    \"19\": 0,\n    \"20\": 0,\n    \"21\": 0,\n    \"22\": 0,\n    \"23\": 0,\n    \"24\": 0,\n    \"25\": 0,\n    \"26\": 0.00314,\n    \"27\": 0,\n    \"28\": 0.01258,\n    \"29\": 0.00314,\n    \"30\": 0,\n    \"31\": 0,\n    \"32\": 0,\n    \"33\": 0,\n    \"34\": 0,\n    \"35\": 0,\n    \"36\": 0,\n    \"37\": 0.00943,\n    \"38\": 0.00314,\n    \"39\": 0,\n    \"40\": 0,\n    \"41\": 0,\n    \"42\": 0,\n    \"43\": 0,\n    \"44\": 0,\n    \"45\": 0,\n    \"46\": 0.00314,\n    \"47\": 0,\n    \"48\": 0,\n    \"49\": 0,\n    \"50\": 0.00943,\n    \"51\": 0.00943,\n    \"52\": 0,\n    \"53\": 0,\n    \"54\": 0.0283,\n    \"55\": 0.01572,\n    \"56\": 0.01258,\n    \"57\": 0.02201,\n    \"58\": 0.5219,\n    \"60\": 0.00314,\n    \"62\": 0,\n    \"63\": 0,\n    \"64\": 0.00943,\n    \"65\": 0.03144,\n    \"66\": 0,\n    \"67\": 0,\n    \"68\": 0,\n    \"69\": 0,\n    \"70\": 0,\n    \"71\": 0,\n    \"72\": 0,\n    \"73\": 0,\n    \"74\": 0,\n    \"75\": 0,\n    \"76\": 0,\n    \"77\": 0.09432,\n    \"78\": 0.09746,\n    \"9.5-9.6\": 0,\n    \"10.0-10.1\": 0,\n    \"10.5\": 0,\n    \"10.6\": 0,\n    \"11.1\": 0,\n    \"11.5\": 0,\n    \"11.6\": 0,\n    \"12.1\": 0.00314\n  },\n  G: {\n    \"8\": 0.00083,\n    \"3.2\": 0.00055,\n    \"4.0-4.1\": 0,\n    \"4.2-4.3\": 0,\n    \"5.0-5.1\": 0.0047,\n    \"6.0-6.1\": 0.00525,\n    \"7.0-7.1\": 0.08238,\n    \"8.1-8.4\": 0.00332,\n    \"9.0-9.2\": 0.00498,\n    \"9.3\": 0.04451,\n    \"10.0-10.2\": 0.00553,\n    \"10.3\": 0.18051,\n    \"11.0-11.2\": 0.01161,\n    \"11.3-11.4\": 0.01216,\n    \"12.0-12.1\": 0.02654,\n    \"12.2-12.4\": 0.07768,\n    \"13.0-13.1\": 0.02764,\n    \"13.2\": 0.00525,\n    \"13.3\": 0.02101,\n    \"13.4-13.7\": 0.11997,\n    \"14.0-14.4\": 0.29854,\n    \"14.5-14.7\": 1.57731\n  },\n  E: {\n    \"4\": 0,\n    \"5\": 0,\n    \"6\": 0,\n    \"7\": 0,\n    \"8\": 0,\n    \"9\": 0,\n    \"10\": 0,\n    \"11\": 0,\n    \"12\": 0,\n    \"13\": 0.00314,\n    \"14\": 0.00943,\n    \"15\": 0,\n    _: \"0\",\n    \"3.1\": 0,\n    \"3.2\": 0,\n    \"5.1\": 0,\n    \"6.1\": 0,\n    \"7.1\": 0,\n    \"9.1\": 0,\n    \"10.1\": 0,\n    \"11.1\": 0,\n    \"12.1\": 0.00314,\n    \"13.1\": 0.00314,\n    \"14.1\": 0.03773\n  },\n  B: {\n    \"12\": 0.00314,\n    \"13\": 0,\n    \"14\": 0.00314,\n    \"15\": 0.00314,\n    \"16\": 0.00314,\n    \"17\": 0.00314,\n    \"18\": 0.00629,\n    \"79\": 0,\n    \"80\": 0,\n    \"81\": 0,\n    \"83\": 0,\n    \"84\": 0.00314,\n    \"85\": 0,\n    \"86\": 0,\n    \"87\": 0,\n    \"88\": 0,\n    \"89\": 0.00314,\n    \"90\": 0,\n    \"91\": 0.00943,\n    \"92\": 0.31754,\n    \"93\": 0\n  },\n  P: {\n    \"4\": 0.43003,\n    \"5.0-5.4\": 0.03,\n    \"6.2-6.4\": 0.02,\n    \"7.2-7.4\": 0.11001,\n    \"8.2\": 0.02,\n    \"9.2\": 0.03,\n    \"10.1\": 0.04,\n    \"11.1-11.2\": 0.17001,\n    \"12.0\": 0.11001,\n    \"13.0\": 0.22002,\n    \"14.0\": 1.20008\n  },\n  I: {\n    \"0\": 0,\n    \"3\": 0,\n    \"4\": 0,\n    \"2.1\": 0,\n    \"2.2\": 0,\n    \"2.3\": 0,\n    \"4.1\": 0.00266,\n    \"4.2-4.3\": 0.01595,\n    \"4.4\": 0,\n    \"4.4.3-4.4.4\": 0.23655\n  },\n  K: {\n    _: \"0 10 11 12 11.1 11.5 12.1\"\n  },\n  A: {\n    \"6\": 0,\n    \"7\": 0,\n    \"8\": 0.00419,\n    \"9\": 0,\n    \"10\": 0,\n    \"11\": 0.03354,\n    \"5.5\": 0\n  },\n  J: {\n    \"7\": 0,\n    \"10\": 0\n  },\n  N: {\n    \"10\": 0,\n    \"11\": 0\n  },\n  R: {\n    _: \"0\"\n  },\n  M: {\n    \"0\": 0.19197\n  },\n  Q: {\n    \"10.4\": 0\n  },\n  O: {\n    \"0\": 3.15376\n  },\n  H: {\n    \"0\": 4.11518\n  },\n  L: {\n    \"0\": 75.23028\n  },\n  S: {\n    \"2.5\": 0.00686\n  }\n};","map":{"version":3,"sources":["C:/xampp/public_html/vamo/interface2/node_modules/caniuse-lite/data/regions/BD.js"],"names":["module","exports","C","D","F","G","E","_","B","P","I","K","A","J","N","R","M","Q","O","H","L","S"],