{"ast":null,"code":"module.exports = {\n  C: {\n    \"2\": 0,\n    \"3\": 0,\n    \"4\": 0,\n    \"5\": 0,\n    \"6\": 0,\n    \"7\": 0,\n    \"8\": 0,\n    \"9\": 0,\n    \"10\": 0,\n    \"11\": 0,\n    \"12\": 0,\n    \"13\": 0,\n    \"14\": 0,\n    \"15\": 0,\n    \"16\": 0,\n    \"17\": 0,\n    \"18\": 0,\n    \"19\": 0,\n    \"20\": 0,\n    \"21\": 0,\n    \"22\": 0,\n    \"23\": 0,\n    \"24\": 0,\n    \"25\": 0,\n    \"26\": 0,\n    \"27\": 0,\n    \"28\": 0,\n    \"29\": 0,\n    \"30\": 0,\n    \"31\": 0,\n    \"32\": 0,\n    \"33\": 0,\n    \"34\": 0,\n    \"35\": 0.00417,\n    \"36\": 0.00417,\n    \"37\": 0,\n    \"38\": 0,\n    \"39\": 0,\n    \"40\": 0,\n    \"41\": 0.00417,\n    \"42\": 0,\n    \"43\": 0,\n    \"44\": 0,\n    \"45\": 0,\n    \"46\": 0,\n    \"47\": 0,\n    \"48\": 0,\n    \"49\": 0,\n    \"50\": 0,\n    \"51\": 0,\n    \"52\": 0.01251,\n    \"53\": 0,\n    \"54\": 0,\n    \"55\": 0,\n    \"56\": 0,\n    \"57\": 0,\n    \"58\": 0,\n    \"59\": 0,\n    \"60\": 0,\n    \"61\": 0,\n    \"62\": 0,\n    \"63\": 0,\n    \"64\": 0,\n    \"65\": 0,\n    \"66\": 0.01251,\n    \"67\": 0,\n    \"68\": 0.00417,\n    \"69\": 0,\n    \"70\": 0,\n    \"71\": 0,\n    \"72\": 0.00417,\n    \"73\": 0.04587,\n    \"74\": 0,\n    \"75\": 0,\n    \"76\": 0,\n    \"77\": 0,\n    \"78\": 0.01668,\n    \"79\": 0,\n    \"80\": 0,\n    \"81\": 0,\n    \"82\": 0,\n    \"83\": 0,\n    \"84\": 0.00417,\n    \"85\": 0,\n    \"86\": 0.00417,\n    \"87\": 0,\n    \"88\": 0.00834,\n    \"89\": 0.02085,\n    \"90\": 0.35028,\n    \"91\": 0.50457,\n    \"92\": 0.00417,\n    \"93\": 0,\n    \"3.5\": 0,\n    \"3.6\": 0\n  },\n  D: {\n    \"4\": 0,\n    \"5\": 0,\n    \"6\": 0,\n    \"7\": 0,\n    \"8\": 0,\n    \"9\": 0,\n    \"10\": 0,\n    \"11\": 0,\n    \"12\": 0,\n    \"13\": 0,\n    \"14\": 0,\n    \"15\": 0,\n    \"16\": 0,\n    \"17\": 0,\n    \"18\": 0,\n    \"19\": 0,\n    \"20\": 0,\n    \"21\": 0,\n    \"22\": 0,\n    \"23\": 0,\n    \"24\": 0,\n    \"25\": 0,\n    \"26\": 0,\n    \"27\": 0,\n    \"28\": 0,\n    \"29\": 0,\n    \"30\": 0,\n    \"31\": 0,\n    \"32\": 0,\n    \"33\": 0,\n    \"34\": 0,\n    \"35\": 0,\n    \"36\": 0,\n    \"37\": 0,\n    \"38\": 0.00417,\n    \"39\": 0,\n    \"40\": 0,\n    \"41\": 0,\n    \"42\": 0.00417,\n    \"43\": 0,\n    \"44\": 0,\n    \"45\": 0,\n    \"46\": 0,\n    \"47\": 0,\n    \"48\": 0,\n    \"49\": 0.03336,\n    \"50\": 0,\n    \"51\": 0,\n    \"52\": 0,\n    \"53\": 0.00417,\n    \"54\": 0,\n    \"55\": 0,\n    \"56\": 0,\n    \"57\": 0,\n    \"58\": 0,\n    \"59\": 0,\n    \"60\": 0,\n    \"61\": 0,\n    \"62\": 0,\n    \"63\": 0.00417,\n    \"64\": 0,\n    \"65\": 0.00417,\n    \"66\": 0,\n    \"67\": 0.00417,\n    \"68\": 0.00417,\n    \"69\": 0.00417,\n    \"70\": 0.00417,\n    \"71\": 0.00417,\n    \"72\": 0.00417,\n    \"73\": 0.00417,\n    \"74\": 0.00417,\n    \"75\": 0.00834,\n    \"76\": 0.01668,\n    \"77\": 0.00417,\n    \"78\": 0.01251,\n    \"79\": 0.02085,\n    \"80\": 0.01251,\n    \"81\": 0.01668,\n    \"83\": 0.00834,\n    \"84\": 0.00834,\n    \"85\": 0.00834,\n    \"86\": 0.0417,\n    \"87\": 0.05421,\n    \"88\": 0.02919,\n    \"89\": 0.02919,\n    \"90\": 0.06672,\n    \"91\": 0.31275,\n    \"92\": 11.95539,\n    \"93\": 0.00417,\n    \"94\": 0.00417,\n    \"95\": 0,\n    \"96\": 0\n  },\n  F: {\n    \"9\": 0,\n    \"11\": 0,\n    \"12\": 0,\n    \"15\": 0,\n    \"16\": 0,\n    \"17\": 0,\n    \"18\": 0,\n    \"19\": 0,\n    \"20\": 0,\n    \"21\": 0,\n    \"22\": 0,\n    \"23\": 0,\n    \"24\": 0,\n    \"25\": 0,\n    \"26\": 0,\n    \"27\": 0,\n    \"28\": 0,\n    \"29\": 0,\n    \"30\": 0,\n    \"31\": 0,\n    \"32\": 0,\n    \"33\": 0,\n    \"34\": 0,\n    \"35\": 0,\n    \"36\": 0,\n    \"37\": 0,\n    \"38\": 0,\n    \"39\": 0,\n    \"40\": 0,\n    \"41\": 0,\n    \"42\": 0,\n    \"43\": 0,\n    \"44\": 0,\n    \"45\": 0,\n    \"46\": 0,\n    \"47\": 0,\n    \"48\": 0,\n    \"49\": 0,\n    \"50\": 0,\n    \"51\": 0,\n    \"52\": 0,\n    \"53\": 0,\n    \"54\": 0,\n    \"55\": 0,\n    \"56\": 0,\n    \"57\": 0,\n    \"58\": 0.02919,\n    \"60\": 0,\n    \"62\": 0,\n    \"63\": 0,\n    \"64\": 0,\n    \"65\": 0,\n    \"66\": 0,\n    \"67\": 0,\n    \"68\": 0,\n    \"69\": 0,\n    \"70\": 0,\n    \"71\": 0,\n    \"72\": 0,\n    \"73\": 0,\n    \"74\": 0,\n    \"75\": 0,\n    \"76\": 0,\n    \"77\": 0.35862,\n    \"78\": 0.34194,\n    \"9.5-9.6\": 0,\n    \"10.0-10.1\": 0,\n    \"10.5\": 0,\n    \"10.6\": 0,\n    \"11.1\": 0,\n    \"11.5\": 0,\n    \"11.6\": 0,\n    \"12.1\": 0\n  },\n  G: {\n    \"8\": 0,\n    \"3.2\": 0,\n    \"4.0-4.1\": 0,\n    \"4.2-4.3\": 0,\n    \"5.0-5.1\": 0.00422,\n    \"6.0-6.1\": 0.01372,\n    \"7.0-7.1\": 0.00739,\n    \"8.1-8.4\": 0,\n    \"9.0-9.2\": 0.00106,\n    \"9.3\": 0.0475,\n    \"10.0-10.2\": 0.00211,\n    \"10.3\": 0.08445,\n    \"11.0-11.2\": 0.01372,\n    \"11.3-11.4\": 0.02111,\n    \"12.0-12.1\": 0.01794,\n    \"12.2-12.4\": 0.09184,\n    \"13.0-13.1\": 0.03272,\n    \"13.2\": 0.0095,\n    \"13.3\": 0.06756,\n    \"13.4-13.7\": 0.19845,\n    \"14.0-14.4\": 0.95741,\n    \"14.5-14.7\": 8.56389\n  },\n  E: {\n    \"4\": 0,\n    \"5\": 0,\n    \"6\": 0,\n    \"7\": 0,\n    \"8\": 0,\n    \"9\": 0,\n    \"10\": 0,\n    \"11\": 0,\n    \"12\": 0.00417,\n    \"13\": 0.00834,\n    \"14\": 0.1251,\n    \"15\": 0.00834,\n    _: \"0\",\n    \"3.1\": 0,\n    \"3.2\": 0,\n    \"5.1\": 0,\n    \"6.1\": 0,\n    \"7.1\": 0,\n    \"9.1\": 0,\n    \"10.1\": 0,\n    \"11.1\": 0.00834,\n    \"12.1\": 0.01251,\n    \"13.1\": 0.07506,\n    \"14.1\": 0.58797\n  },\n  B: {\n    \"12\": 0.00417,\n    \"13\": 0,\n    \"14\": 0,\n    \"15\": 0.00417,\n    \"16\": 0.00417,\n    \"17\": 0,\n    \"18\": 0.01251,\n    \"79\": 0,\n    \"80\": 0,\n    \"81\": 0,\n    \"83\": 0,\n    \"84\": 0.00417,\n    \"85\": 0.00417,\n    \"86\": 0,\n    \"87\": 0,\n    \"88\": 0,\n    \"89\": 0.00834,\n    \"90\": 0.00417,\n    \"91\": 0.02085,\n    \"92\": 1.18428,\n    \"93\": 0\n  },\n  P: {\n    \"4\": 0.17321,\n    \"5.0-5.4\": 0,\n    \"6.2-6.4\": 0,\n    \"7.2-7.4\": 0.19358,\n    \"8.2\": 0.01019,\n    \"9.2\": 0.05094,\n    \"10.1\": 0.02038,\n    \"11.1-11.2\": 0.28528,\n    \"12.0\": 0.05094,\n    \"13.0\": 0.17321,\n    \"14.0\": 2.13959\n  },\n  I: {\n    \"0\": 0,\n    \"3\": 0,\n    \"4\": 0.00918,\n    \"2.1\": 0,\n    \"2.2\": 0,\n    \"2.3\": 0,\n    \"4.1\": 0.00612,\n    \"4.2-4.3\": 0.0153,\n    \"4.4\": 0,\n    \"4.4.3-4.4.4\": 0.15611\n  },\n  K: {\n    _: \"0 10 11 12 11.1 11.5 12.1\"\n  },\n  A: {\n    \"6\": 0,\n    \"7\": 0,\n    \"8\": 0,\n    \"9\": 0,\n    \"10\": 0,\n    \"11\": 0.0417,\n    \"5.5\": 0\n  },\n  J: {\n    \"7\": 0,\n    \"10\": 0\n  },\n  N: {\n    \"10\": 0,\n    \"11\": 0\n  },\n  R: {\n    _: \"0\"\n  },\n  M: {\n    \"0\": 0.21571\n  },\n  Q: {\n    \"10.4\": 0\n  },\n  O: {\n    \"0\": 0.09911\n  },\n  H: {\n    \"0\": 0.25941\n  },\n  L: {\n    \"0\": 67.6339\n  },\n  S: {\n    \"2.5\": 0\n  }\n};","map":{"version":3,"sources":["C:/xampp/public_html/vamo/interface2/node_modules/caniuse-lite/data/regions/GT.js"],"names":["module","exports","C","D","F","G","E","_","B","P","I","K","A","J","N","R","M","Q","O","H","L","S"],