{"ast":null,"code":"module.exports = {\n  C: {\n    \"2\": 0,\n    \"3\": 0,\n    \"4\": 0,\n    \"5\": 0,\n    \"6\": 0,\n    \"7\": 0,\n    \"8\": 0,\n    \"9\": 0,\n    \"10\": 0,\n    \"11\": 0,\n    \"12\": 0,\n    \"13\": 0,\n    \"14\": 0,\n    \"15\": 0,\n    \"16\": 0,\n    \"17\": 0,\n    \"18\": 0,\n    \"19\": 0,\n    \"20\": 0,\n    \"21\": 0,\n    \"22\": 0,\n    \"23\": 0.02217,\n    \"24\": 0,\n    \"25\": 0,\n    \"26\": 0,\n    \"27\": 0,\n    \"28\": 0,\n    \"29\": 0,\n    \"30\": 0,\n    \"31\": 0,\n    \"32\": 0,\n    \"33\": 0.00554,\n    \"34\": 0.01663,\n    \"35\": 0.01663,\n    \"36\": 0.00554,\n    \"37\": 0.01108,\n    \"38\": 0.01386,\n    \"39\": 0.01386,\n    \"40\": 0.00831,\n    \"41\": 0.00277,\n    \"42\": 0.00554,\n    \"43\": 0.00554,\n    \"44\": 0.00277,\n    \"45\": 0.00831,\n    \"46\": 0.00277,\n    \"47\": 0.01108,\n    \"48\": 0.00554,\n    \"49\": 0.00554,\n    \"50\": 0.0194,\n    \"51\": 0.00277,\n    \"52\": 0.06096,\n    \"53\": 0.00554,\n    \"54\": 0.01108,\n    \"55\": 0.00831,\n    \"56\": 0.0194,\n    \"57\": 0.04434,\n    \"58\": 0.00831,\n    \"59\": 0.00831,\n    \"60\": 0.01663,\n    \"61\": 0.01386,\n    \"62\": 0.01108,\n    \"63\": 0.00831,\n    \"64\": 0.01108,\n    \"65\": 0.03325,\n    \"66\": 0.01386,\n    \"67\": 0.0194,\n    \"68\": 0.07205,\n    \"69\": 0.01663,\n    \"70\": 0.00831,\n    \"71\": 0.00831,\n    \"72\": 0.04711,\n    \"73\": 0.00554,\n    \"74\": 0.00554,\n    \"75\": 0.00277,\n    \"76\": 0.00277,\n    \"77\": 0.00277,\n    \"78\": 0.06373,\n    \"79\": 0.00554,\n    \"80\": 0.02771,\n    \"81\": 0.0194,\n    \"82\": 0.01108,\n    \"83\": 0.02771,\n    \"84\": 0.03325,\n    \"85\": 0.0194,\n    \"86\": 0.04434,\n    \"87\": 0.02771,\n    \"88\": 0.17734,\n    \"89\": 0.21614,\n    \"90\": 0.9172,\n    \"91\": 1.06406,\n    \"92\": 0.02217,\n    \"93\": 0,\n    \"3.5\": 0,\n    \"3.6\": 0\n  },\n  D: {\n    \"4\": 0,\n    \"5\": 0,\n    \"6\": 0,\n    \"7\": 0,\n    \"8\": 0,\n    \"9\": 0,\n    \"10\": 0,\n    \"11\": 0.00277,\n    \"12\": 0,\n    \"13\": 0,\n    \"14\": 0,\n    \"15\": 0,\n    \"16\": 0,\n    \"17\": 0,\n    \"18\": 0,\n    \"19\": 0,\n    \"20\": 0,\n    \"21\": 0,\n    \"22\": 0,\n    \"23\": 0,\n    \"24\": 0,\n    \"25\": 0,\n    \"26\": 0,\n    \"27\": 0,\n    \"28\": 0,\n    \"29\": 0,\n    \"30\": 0,\n    \"31\": 0,\n    \"32\": 0,\n    \"33\": 0,\n    \"34\": 0,\n    \"35\": 0,\n    \"36\": 0,\n    \"37\": 0.00277,\n    \"38\": 0,\n    \"39\": 0,\n    \"40\": 0.00277,\n    \"41\": 0,\n    \"42\": 0,\n    \"43\": 0,\n    \"44\": 0,\n    \"45\": 0,\n    \"46\": 0,\n    \"47\": 0,\n    \"48\": 0,\n    \"49\": 0.00554,\n    \"50\": 0,\n    \"51\": 0.00277,\n    \"52\": 0,\n    \"53\": 0,\n    \"54\": 0,\n    \"55\": 0.00277,\n    \"56\": 0.01108,\n    \"57\": 0,\n    \"58\": 0.00277,\n    \"59\": 0,\n    \"60\": 0.01108,\n    \"61\": 0,\n    \"62\": 0.00554,\n    \"63\": 0.00554,\n    \"64\": 0.00277,\n    \"65\": 0.00277,\n    \"66\": 0,\n    \"67\": 0.00277,\n    \"68\": 0.00554,\n    \"69\": 0.00277,\n    \"70\": 0.01386,\n    \"71\": 0.00831,\n    \"72\": 0.00277,\n    \"73\": 0.00277,\n    \"74\": 0.00554,\n    \"75\": 0.01108,\n    \"76\": 0.02771,\n    \"77\": 0.00831,\n    \"78\": 0.00554,\n    \"79\": 0.02217,\n    \"80\": 0.01386,\n    \"81\": 0.01386,\n    \"83\": 0.0194,\n    \"84\": 0.02771,\n    \"85\": 0.04711,\n    \"86\": 0.05542,\n    \"87\": 0.16903,\n    \"88\": 0.04711,\n    \"89\": 0.03325,\n    \"90\": 0.0665,\n    \"91\": 0.19397,\n    \"92\": 1.6626,\n    \"93\": 0,\n    \"94\": 0,\n    \"95\": 0,\n    \"96\": 0\n  },\n  F: {\n    \"9\": 0,\n    \"11\": 0,\n    \"12\": 0,\n    \"15\": 0,\n    \"16\": 0,\n    \"17\": 0.00277,\n    \"18\": 0,\n    \"19\": 0,\n    \"20\": 0,\n    \"21\": 0,\n    \"22\": 0,\n    \"23\": 0,\n    \"24\": 0,\n    \"25\": 0,\n    \"26\": 0,\n    \"27\": 0,\n    \"28\": 0,\n    \"29\": 0.00554,\n    \"30\": 0,\n    \"31\": 0.00277,\n    \"32\": 0,\n    \"33\": 0.00277,\n    \"34\": 0,\n    \"35\": 0,\n    \"36\": 0,\n    \"37\": 0,\n    \"38\": 0.00277,\n    \"39\": 0,\n    \"40\": 0,\n    \"41\": 0,\n    \"42\": 0.00277,\n    \"43\": 0,\n    \"44\": 0,\n    \"45\": 0.00554,\n    \"46\": 0.00277,\n    \"47\": 0,\n    \"48\": 0,\n    \"49\": 0,\n    \"50\": 0.00831,\n    \"51\": 0,\n    \"52\": 0,\n    \"53\": 0,\n    \"54\": 0.00831,\n    \"55\": 0.00831,\n    \"56\": 0,\n    \"57\": 0.00277,\n    \"58\": 0.05542,\n    \"60\": 0,\n    \"62\": 0,\n    \"63\": 0,\n    \"64\": 0.00277,\n    \"65\": 0.01386,\n    \"66\": 0,\n    \"67\": 0,\n    \"68\": 0,\n    \"69\": 0,\n    \"70\": 0,\n    \"71\": 0.00277,\n    \"72\": 0.00277,\n    \"73\": 0.00277,\n    \"74\": 0,\n    \"75\": 0.00277,\n    \"76\": 0.00554,\n    \"77\": 0.1718,\n    \"78\": 0.11084,\n    \"9.5-9.6\": 0,\n    \"10.0-10.1\": 0,\n    \"10.5\": 0,\n    \"10.6\": 0,\n    \"11.1\": 0,\n    \"11.5\": 0,\n    \"11.6\": 0,\n    \"12.1\": 0.00277\n  },\n  G: {\n    \"8\": 0.00327,\n    \"3.2\": 0,\n    \"4.0-4.1\": 0,\n    \"4.2-4.3\": 0,\n    \"5.0-5.1\": 0.00327,\n    \"6.0-6.1\": 0.00327,\n    \"7.0-7.1\": 0.14562,\n    \"8.1-8.4\": 0.03191,\n    \"9.0-9.2\": 0.01145,\n    \"9.3\": 0.08181,\n    \"10.0-10.2\": 0.03027,\n    \"10.3\": 0.19307,\n    \"11.0-11.2\": 0.17589,\n    \"11.3-11.4\": 0.0679,\n    \"12.0-12.1\": 0.07854,\n    \"12.2-12.4\": 0.83853,\n    \"13.0-13.1\": 0.14235,\n    \"13.2\": 0.09899,\n    \"13.3\": 0.38204,\n    \"13.4-13.7\": 0.72973,\n    \"14.0-14.4\": 2.6334,\n    \"14.5-14.7\": 1.81123\n  },\n  E: {\n    \"4\": 0,\n    \"5\": 0,\n    \"6\": 0,\n    \"7\": 0,\n    \"8\": 0,\n    \"9\": 0,\n    \"10\": 0,\n    \"11\": 0,\n    \"12\": 0,\n    \"13\": 0.00277,\n    \"14\": 0.01108,\n    \"15\": 0.00277,\n    _: \"0\",\n    \"3.1\": 0,\n    \"3.2\": 0,\n    \"5.1\": 0.02771,\n    \"6.1\": 0,\n    \"7.1\": 0,\n    \"9.1\": 0,\n    \"10.1\": 0,\n    \"11.1\": 0,\n    \"12.1\": 0,\n    \"13.1\": 0.00554,\n    \"14.1\": 0.01386\n  },\n  B: {\n    \"12\": 0.00277,\n    \"13\": 0.00554,\n    \"14\": 0.00831,\n    \"15\": 0.0194,\n    \"16\": 0.00554,\n    \"17\": 0.00831,\n    \"18\": 0.03325,\n    \"79\": 0,\n    \"80\": 0,\n    \"81\": 0,\n    \"83\": 0,\n    \"84\": 0.01663,\n    \"85\": 0.01108,\n    \"86\": 0.00277,\n    \"87\": 0,\n    \"88\": 0.00277,\n    \"89\": 0.0194,\n    \"90\": 0.02217,\n    \"91\": 0.03325,\n    \"92\": 0.24385,\n    \"93\": 0.00277\n  },\n  P: {\n    \"4\": 0.47496,\n    \"5.0-5.4\": 0.06063,\n    \"6.2-6.4\": 0.03032,\n    \"7.2-7.4\": 0.26275,\n    \"8.2\": 0.04042,\n    \"9.2\": 0.16169,\n    \"10.1\": 0.09095,\n    \"11.1-11.2\": 0.22232,\n    \"12.0\": 0.14148,\n    \"13.0\": 0.34359,\n    \"14.0\": 1.07119\n  },\n  I: {\n    \"0\": 0,\n    \"3\": 0,\n    \"4\": 0.00289,\n    \"2.1\": 0,\n    \"2.2\": 0,\n    \"2.3\": 0,\n    \"4.1\": 0.01301,\n    \"4.2-4.3\": 0.06578,\n    \"4.4\": 0,\n    \"4.4.3-4.4.4\": 0.31157\n  },\n  K: {\n    _: \"0 10 11 12 11.1 11.5 12.1\"\n  },\n  A: {\n    \"6\": 0,\n    \"7\": 0,\n    \"8\": 0,\n    \"9\": 0,\n    \"10\": 0,\n    \"11\": 0.03602,\n    \"5.5\": 0\n  },\n  J: {\n    \"7\": 0,\n    \"10\": 0.01446\n  },\n  N: {\n    \"10\": 0,\n    \"11\": 0\n  },\n  R: {\n    _: \"0\"\n  },\n  M: {\n    \"0\": 1.07712\n  },\n  Q: {\n    \"10.4\": 0.01446\n  },\n  O: {\n    \"0\": 0.32531\n  },\n  H: {\n    \"0\": 1.36879\n  },\n  L: {\n    \"0\": 77.76571\n  },\n  S: {\n    \"2.5\": 0\n  }\n};","map":{"version":3,"sources":["C:/xampp/public_html/vamo/interface2/node_modules/caniuse-lite/data/regions/CU.js"],"names":["module","exports","C","D","F","G","E","_","B","P","I","K","A","J","N","R","M","Q","O","H","L","S"],