{"ast":null,"code":"module.exports = {\n  C: {\n    \"2\": 0,\n    \"3\": 0,\n    \"4\": 0,\n    \"5\": 0,\n    \"6\": 0,\n    \"7\": 0,\n    \"8\": 0,\n    \"9\": 0,\n    \"10\": 0,\n    \"11\": 0,\n    \"12\": 0,\n    \"13\": 0,\n    \"14\": 0,\n    \"15\": 0,\n    \"16\": 0,\n    \"17\": 0,\n    \"18\": 0,\n    \"19\": 0,\n    \"20\": 0,\n    \"21\": 0,\n    \"22\": 0,\n    \"23\": 0,\n    \"24\": 0,\n    \"25\": 0,\n    \"26\": 0,\n    \"27\": 0,\n    \"28\": 0,\n    \"29\": 0,\n    \"30\": 0,\n    \"31\": 0,\n    \"32\": 0,\n    \"33\": 0,\n    \"34\": 0,\n    \"35\": 0.00487,\n    \"36\": 0.00487,\n    \"37\": 0,\n    \"38\": 0,\n    \"39\": 0,\n    \"40\": 0,\n    \"41\": 0,\n    \"42\": 0,\n    \"43\": 0,\n    \"44\": 0,\n    \"45\": 0.01461,\n    \"46\": 0,\n    \"47\": 0,\n    \"48\": 0,\n    \"49\": 0,\n    \"50\": 0,\n    \"51\": 0,\n    \"52\": 0.00487,\n    \"53\": 0,\n    \"54\": 0,\n    \"55\": 0,\n    \"56\": 0,\n    \"57\": 0,\n    \"58\": 0,\n    \"59\": 0,\n    \"60\": 0,\n    \"61\": 0,\n    \"62\": 0,\n    \"63\": 0,\n    \"64\": 0,\n    \"65\": 0,\n    \"66\": 0,\n    \"67\": 0,\n    \"68\": 0.00974,\n    \"69\": 0,\n    \"70\": 0,\n    \"71\": 0,\n    \"72\": 0,\n    \"73\": 0,\n    \"74\": 0,\n    \"75\": 0,\n    \"76\": 0,\n    \"77\": 0,\n    \"78\": 0.00974,\n    \"79\": 0,\n    \"80\": 0,\n    \"81\": 0,\n    \"82\": 0.06331,\n    \"83\": 0,\n    \"84\": 0,\n    \"85\": 0,\n    \"86\": 0,\n    \"87\": 0.00974,\n    \"88\": 0.00487,\n    \"89\": 0.01461,\n    \"90\": 0.49674,\n    \"91\": 0.9253,\n    \"92\": 0,\n    \"93\": 0,\n    \"3.5\": 0,\n    \"3.6\": 0\n  },\n  D: {\n    \"4\": 0,\n    \"5\": 0,\n    \"6\": 0,\n    \"7\": 0,\n    \"8\": 0,\n    \"9\": 0,\n    \"10\": 0,\n    \"11\": 0,\n    \"12\": 0,\n    \"13\": 0,\n    \"14\": 0,\n    \"15\": 0,\n    \"16\": 0,\n    \"17\": 0,\n    \"18\": 0,\n    \"19\": 0,\n    \"20\": 0,\n    \"21\": 0,\n    \"22\": 0,\n    \"23\": 0,\n    \"24\": 0,\n    \"25\": 0,\n    \"26\": 0,\n    \"27\": 0,\n    \"28\": 0,\n    \"29\": 0,\n    \"30\": 0,\n    \"31\": 0,\n    \"32\": 0,\n    \"33\": 0,\n    \"34\": 0,\n    \"35\": 0,\n    \"36\": 0,\n    \"37\": 0,\n    \"38\": 0.01948,\n    \"39\": 0,\n    \"40\": 0,\n    \"41\": 0,\n    \"42\": 0,\n    \"43\": 0,\n    \"44\": 0,\n    \"45\": 0,\n    \"46\": 0,\n    \"47\": 0.00487,\n    \"48\": 0,\n    \"49\": 0.01948,\n    \"50\": 0.00487,\n    \"51\": 0,\n    \"52\": 0,\n    \"53\": 0,\n    \"54\": 0,\n    \"55\": 0,\n    \"56\": 0,\n    \"57\": 0,\n    \"58\": 0,\n    \"59\": 0,\n    \"60\": 0,\n    \"61\": 0,\n    \"62\": 0.00487,\n    \"63\": 0.00487,\n    \"64\": 0,\n    \"65\": 0.00487,\n    \"66\": 0.00487,\n    \"67\": 0.00974,\n    \"68\": 0,\n    \"69\": 0,\n    \"70\": 0,\n    \"71\": 0,\n    \"72\": 0,\n    \"73\": 0,\n    \"74\": 0.42369,\n    \"75\": 0,\n    \"76\": 0.0974,\n    \"77\": 0.00487,\n    \"78\": 0,\n    \"79\": 0.17045,\n    \"80\": 0.04383,\n    \"81\": 0.15097,\n    \"83\": 0.00974,\n    \"84\": 0.00974,\n    \"85\": 0.00487,\n    \"86\": 0.09253,\n    \"87\": 0.0974,\n    \"88\": 0.01461,\n    \"89\": 0.01948,\n    \"90\": 0.24837,\n    \"91\": 0.71102,\n    \"92\": 12.06786,\n    \"93\": 0.01461,\n    \"94\": 0.00487,\n    \"95\": 0,\n    \"96\": 0\n  },\n  F: {\n    \"9\": 0,\n    \"11\": 0,\n    \"12\": 0,\n    \"15\": 0,\n    \"16\": 0,\n    \"17\": 0,\n    \"18\": 0,\n    \"19\": 0,\n    \"20\": 0,\n    \"21\": 0,\n    \"22\": 0,\n    \"23\": 0,\n    \"24\": 0,\n    \"25\": 0,\n    \"26\": 0,\n    \"27\": 0,\n    \"28\": 0.00974,\n    \"29\": 0,\n    \"30\": 0,\n    \"31\": 0,\n    \"32\": 0,\n    \"33\": 0,\n    \"34\": 0,\n    \"35\": 0,\n    \"36\": 0,\n    \"37\": 0,\n    \"38\": 0,\n    \"39\": 0,\n    \"40\": 0,\n    \"41\": 0,\n    \"42\": 0,\n    \"43\": 0,\n    \"44\": 0,\n    \"45\": 0,\n    \"46\": 0,\n    \"47\": 0,\n    \"48\": 0,\n    \"49\": 0,\n    \"50\": 0,\n    \"51\": 0,\n    \"52\": 0,\n    \"53\": 0,\n    \"54\": 0,\n    \"55\": 0,\n    \"56\": 0,\n    \"57\": 0,\n    \"58\": 0,\n    \"60\": 0,\n    \"62\": 0,\n    \"63\": 0,\n    \"64\": 0,\n    \"65\": 0,\n    \"66\": 0,\n    \"67\": 0,\n    \"68\": 0,\n    \"69\": 0,\n    \"70\": 0,\n    \"71\": 0,\n    \"72\": 0,\n    \"73\": 0,\n    \"74\": 0,\n    \"75\": 0,\n    \"76\": 0,\n    \"77\": 0.31168,\n    \"78\": 0.1948,\n    \"9.5-9.6\": 0,\n    \"10.0-10.1\": 0,\n    \"10.5\": 0,\n    \"10.6\": 0,\n    \"11.1\": 0,\n    \"11.5\": 0,\n    \"11.6\": 0,\n    \"12.1\": 0\n  },\n  G: {\n    \"8\": 0.01097,\n    \"3.2\": 0,\n    \"4.0-4.1\": 0,\n    \"4.2-4.3\": 0.0047,\n    \"5.0-5.1\": 0.11754,\n    \"6.0-6.1\": 0,\n    \"7.0-7.1\": 0.14105,\n    \"8.1-8.4\": 0.00157,\n    \"9.0-9.2\": 0.00313,\n    \"9.3\": 0.22881,\n    \"10.0-10.2\": 0.01097,\n    \"10.3\": 0.18493,\n    \"11.0-11.2\": 0.01881,\n    \"11.3-11.4\": 0.03134,\n    \"12.0-12.1\": 0.05328,\n    \"12.2-12.4\": 0.12851,\n    \"13.0-13.1\": 0.01567,\n    \"13.2\": 0.0094,\n    \"13.3\": 0.43411,\n    \"13.4-13.7\": 0.39806,\n    \"14.0-14.4\": 1.4371,\n    \"14.5-14.7\": 11.60333\n  },\n  E: {\n    \"4\": 0,\n    \"5\": 0,\n    \"6\": 0,\n    \"7\": 0,\n    \"8\": 0,\n    \"9\": 0,\n    \"10\": 0,\n    \"11\": 0,\n    \"12\": 0,\n    \"13\": 0.01948,\n    \"14\": 0.18019,\n    \"15\": 0.00487,\n    _: \"0\",\n    \"3.1\": 0,\n    \"3.2\": 0,\n    \"5.1\": 0.00487,\n    \"6.1\": 0,\n    \"7.1\": 0,\n    \"9.1\": 0,\n    \"10.1\": 0.00974,\n    \"11.1\": 0.00487,\n    \"12.1\": 0.01948,\n    \"13.1\": 0.06818,\n    \"14.1\": 1.15419\n  },\n  B: {\n    \"12\": 0.00974,\n    \"13\": 0,\n    \"14\": 0,\n    \"15\": 0.00487,\n    \"16\": 0.00487,\n    \"17\": 0.00487,\n    \"18\": 0.02922,\n    \"79\": 0,\n    \"80\": 0,\n    \"81\": 0,\n    \"83\": 0.00487,\n    \"84\": 0.00487,\n    \"85\": 0,\n    \"86\": 0,\n    \"87\": 0,\n    \"88\": 0,\n    \"89\": 0.01948,\n    \"90\": 0.00487,\n    \"91\": 0.05844,\n    \"92\": 3.08271,\n    \"93\": 0.02922\n  },\n  P: {\n    \"4\": 0.28624,\n    \"5.0-5.4\": 0.01101,\n    \"6.2-6.4\": 0,\n    \"7.2-7.4\": 0.26422,\n    \"8.2\": 0,\n    \"9.2\": 0.03303,\n    \"10.1\": 0,\n    \"11.1-11.2\": 0.14312,\n    \"12.0\": 0.05505,\n    \"13.0\": 0.28624,\n    \"14.0\": 5.08626\n  },\n  I: {\n    \"0\": 0,\n    \"3\": 0,\n    \"4\": 0.07564,\n    \"2.1\": 0,\n    \"2.2\": 0,\n    \"2.3\": 0,\n    \"4.1\": 0.02521,\n    \"4.2-4.3\": 0.03362,\n    \"4.4\": 0,\n    \"4.4.3-4.4.4\": 2.00016\n  },\n  K: {\n    _: \"0 10 11 12 11.1 11.5 12.1\"\n  },\n  A: {\n    \"6\": 0,\n    \"7\": 0,\n    \"8\": 0,\n    \"9\": 0,\n    \"10\": 0,\n    \"11\": 0.22402,\n    \"5.5\": 0\n  },\n  J: {\n    \"7\": 0,\n    \"10\": 0.00513\n  },\n  N: {\n    \"10\": 0,\n    \"11\": 0\n  },\n  R: {\n    _: \"0\"\n  },\n  M: {\n    \"0\": 0.54378\n  },\n  Q: {\n    \"10.4\": 0\n  },\n  O: {\n    \"0\": 0.09747\n  },\n  H: {\n    \"0\": 0.07285\n  },\n  L: {\n    \"0\": 51.23635\n  },\n  S: {\n    \"2.5\": 0\n  }\n};","map":{"version":3,"sources":["C:/xampp/public_html/vamo/interface2/node_modules/caniuse-lite/data/regions/BB.js"],"names":["module","exports","C","D","F","G","E","_","B","P","I","K","A","J","N","R","M","Q","O","H","L","S"],