{"ast":null,"code":"module.exports = {\n  C: {\n    \"90\": 4.74794,\n    \"91\": 0.95085,\n    _: \"2 3 4 5 6 7 8 9 10 11 12 13 14 15 16 17 18 19 20 21 22 23 24 25 26 27 28 29 30 31 32 33 34 35 36 37 38 39 40 41 42 43 44 45 46 47 48 49 50 51 52 53 54 55 56 57 58 59 60 61 62 63 64 65 66 67 68 69 70 71 72 73 74 75 76 77 78 79 80 81 82 83 84 85 86 87 88 89 92 93 3.5 3.6\"\n  },\n  D: {\n    \"46\": 0.95085,\n    \"58\": 2.84624,\n    \"70\": 0.636,\n    \"81\": 6.32849,\n    \"90\": 27.21563,\n    \"91\": 3.16739,\n    \"92\": 11.39127,\n    _: \"4 5 6 7 8 9 10 11 12 13 14 15 16 17 18 19 20 21 22 23 24 25 26 27 28 29 30 31 32 33 34 35 36 37 38 39 40 41 42 43 44 45 47 48 49 50 51 52 53 54 55 56 57 59 60 61 62 63 64 65 66 67 68 69 71 72 73 74 75 76 77 78 79 80 83 84 85 86 87 88 89 93 94 95 96\"\n  },\n  F: {\n    \"74\": 1.58055,\n    \"77\": 0.636,\n    \"78\": 0.31485,\n    _: \"9 11 12 15 16 17 18 19 20 21 22 23 24 25 26 27 28 29 30 31 32 33 34 35 36 37 38 39 40 41 42 43 44 45 46 47 48 49 50 51 52 53 54 55 56 57 58 60 62 63 64 65 66 67 68 69 70 71 72 73 75 76 9.5-9.6 10.5 10.6 11.1 11.5 11.6 12.1\",\n    \"10.0-10.1\": 0\n  },\n  G: {\n    \"8\": 0,\n    \"3.2\": 0,\n    \"4.0-4.1\": 0,\n    \"4.2-4.3\": 0,\n    \"5.0-5.1\": 0,\n    \"6.0-6.1\": 0,\n    \"7.0-7.1\": 0,\n    \"8.1-8.4\": 0,\n    \"9.0-9.2\": 0,\n    \"9.3\": 0,\n    \"10.0-10.2\": 0,\n    \"10.3\": 0,\n    \"11.0-11.2\": 0.79818,\n    \"11.3-11.4\": 0,\n    \"12.0-12.1\": 0,\n    \"12.2-12.4\": 0,\n    \"13.0-13.1\": 0,\n    \"13.2\": 0,\n    \"13.3\": 0,\n    \"13.4-13.7\": 0,\n    \"14.0-14.4\": 0.19954,\n    \"14.5-14.7\": 1.09761\n  },\n  E: {\n    \"4\": 0,\n    _: \"0 5 6 7 8 9 10 11 12 13 14 15 3.1 3.2 5.1 6.1 7.1 9.1 10.1 11.1 12.1 13.1 14.1\"\n  },\n  B: {\n    \"92\": 0.95085,\n    _: \"12 13 14 15 16 17 18 79 80 81 83 84 85 86 87 88 89 90 91 93\"\n  },\n  P: {\n    \"4\": 0.69894,\n    \"5.0-5.4\": 0.01023,\n    \"6.2-6.4\": 0.69894,\n    \"7.2-7.4\": 0.85958,\n    \"8.2\": 0,\n    \"9.2\": 0.0307,\n    \"10.1\": 0,\n    \"11.1-11.2\": 0.86981,\n    \"12.0\": 0.29676,\n    \"13.0\": 0.39909,\n    \"14.0\": 0.34947\n  },\n  I: {\n    \"0\": 0,\n    \"3\": 0,\n    \"4\": 0,\n    \"2.1\": 0,\n    \"2.2\": 1.32295,\n    \"2.3\": 1.32295,\n    \"4.1\": 0,\n    \"4.2-4.3\": 0,\n    \"4.4\": 0,\n    \"4.4.3-4.4.4\": 1.54476\n  },\n  K: {\n    _: \"0 10 11 12 11.1 11.5 12.1\"\n  },\n  A: {\n    \"11\": 1.2657,\n    _: \"6 7 8 9 10 5.5\"\n  },\n  J: {\n    \"7\": 0,\n    \"10\": 0\n  },\n  N: {\n    \"10\": 0,\n    \"11\": 0\n  },\n  R: {\n    _: \"0\"\n  },\n  M: {\n    \"0\": 0.69968\n  },\n  Q: {\n    \"10.4\": 0\n  },\n  O: {\n    \"0\": 0\n  },\n  H: {\n    \"0\": 2.31318\n  },\n  L: {\n    \"0\": 23.04865\n  },\n  S: {\n    \"2.5\": 1.39565\n  }\n};","map":{"version":3,"sources":["C:/xampp/public_html/vamo/interface2/node_modules/caniuse-lite/data/regions/KP.js"],"names":["module","exports","C","_","D","F","G","E","B","P","I","K","A","J","N","R","M","Q","O","H","L","S"],"mappings":"AAAAA,MAAM,CAACC,OAAP,GAAe;AAACC,EAAAA,CAAC,EAAC;AAAC,UAAK,OAAN;AAAc,UAAK,OAAnB;AAA2BC,IAAAA,CAAC,EAAC;AAA7B,GAAH;AAAiTC,EAAAA,CAAC,EAAC;AAAC,UAAK,OAAN;AAAc,UAAK,OAAnB;AAA2B,UAAK,KAAhC;AAAsC,UAAK,OAA3C;AAAmD,UAAK,QAAxD;AAAiE,UAAK,OAAtE;AAA8E,UAAK,QAAnF;AAA4FD,IAAAA,CAAC,EAAC;AAA9F,GAAnT;AAA6oBE,EAAAA,CAAC,EAAC;AAAC,UAAK,OAAN;AAAc,UAAK,KAAnB;AAAyB,UAAK,OAA9B;AAAsCF,IAAAA,CAAC,EAAC,gOAAxC;AAAyQ,iBAAY;AAArR,GAA/oB;AAAu6BG,EAAAA,CAAC,EAAC;AAAC,SAAI,CAAL;AAAO,WAAM,CAAb;AAAe,eAAU,CAAzB;AAA2B,eAAU,CAArC;AAAuC,eAAU,CAAjD;AAAmD,eAAU,CAA7D;AAA+D,eAAU,CAAzE;AAA2E,eAAU,CAArF;AAAuF,eAAU,CAAjG;AAAmG,WAAM,CAAzG;AAA2G,iBAAY,CAAvH;AAAyH,YAAO,CAAhI;AAAkI,iBAAY,OAA9I;AAAsJ,iBAAY,CAAlK;AAAoK,iBAAY,CAAhL;AAAkL,iBAAY,CAA9L;AAAgM,iBAAY,CAA5M;AAA8M,YAAO,CAArN;AAAuN,YAAO,CAA9N;AAAgO,iBAAY,CAA5O;AAA8O,iBAAY,OAA1P;AAAkQ,iBAAY;AAA9Q,GAAz6B;AAAgsCC,EAAAA,CAAC,EAAC;AAAC,SAAI,CAAL;AAAOJ,IAAAA,CAAC,EAAC;AAAT,GAAlsC;AAA6xCK,EAAAA,CAAC,EAAC;AAAC,UAAK,OAAN;AAAcL,IAAAA,CAAC,EAAC;AAAhB,GAA/xC;AAA82CM,EAAAA,CAAC,EAAC;AAAC,SAAI,OAAL;AAAa,eAAU,OAAvB;AAA+B,eAAU,OAAzC;AAAiD,eAAU,OAA3D;AAAmE,WAAM,CAAzE;AAA2E,WAAM,MAAjF;AAAwF,YAAO,CAA/F;AAAiG,iBAAY,OAA7G;AAAqH,YAAO,OAA5H;AAAoI,YAAO,OAA3I;AAAmJ,YAAO;AAA1J,GAAh3C;AAAmhDC,EAAAA,CAAC,EAAC;AAAC,SAAI,CAAL;AAAO,SAAI,CAAX;AAAa,SAAI,CAAjB;AAAmB,WAAM,CAAzB;AAA2B,WAAM,OAAjC;AAAyC,WAAM,OAA/C;AAAuD,WAAM,CAA7D;AAA+D,eAAU,CAAzE;AAA2E,WAAM,CAAjF;AAAmF,mBAAc;AAAjG,GAArhD;AAA+nDC,EAAAA,CAAC,EAAC;AAACR,IAAAA,CAAC,EAAC;AAAH,GAAjoD;AAAiqDS,EAAAA,CAAC,EAAC;AAAC,UAAK,MAAN;AAAaT,IAAAA,CAAC,EAAC;AAAf,GAAnqD;AAAosDU,EAAAA,CAAC,EAAC;AAAC,SAAI,CAAL;AAAO,UAAK;AAAZ,GAAtsD;AAAqtDC,EAAAA,CAAC,EAAC;AAAC,UAAK,CAAN;AAAQ,UAAK;AAAb,GAAvtD;AAAuuDC,EAAAA,CAAC,EAAC;AAACZ,IAAAA,CAAC,EAAC;AAAH,GAAzuD;AAAivDa,EAAAA,CAAC,EAAC;AAAC,SAAI;AAAL,GAAnvD;AAAiwDC,EAAAA,CAAC,EAAC;AAAC,YAAO;AAAR,GAAnwD;AAA8wDC,EAAAA,CAAC,EAAC;AAAC,SAAI;AAAL,GAAhxD;AAAwxDC,EAAAA,CAAC,EAAC;AAAC,SAAI;AAAL,GAA1xD;AAAwyDC,EAAAA,CAAC,EAAC;AAAC,SAAI;AAAL,GAA1yD;AAAyzDC,EAAAA,CAAC,EAAC;AAAC,WAAM;AAAP;AAA3zD,CAAf","sourcesContent":["module.exports={C:{\"90\":4.74794,\"91\":0.95085,_:\"2 3 4 5 6 7 8 9 10 11 12 13 14 15 16 17 18 19 20 21 22 23 24 25 26 27 28 29 30 31 32 33 34 35 36 37 38 39 40 41 42 43 44 45 46 47 48 49 50 51 52 53 54 55 56 57 58 59 60 61 62 63 64 65 66 67 68 69 70 71 72 73 74 75 76 77 78 79 80 81 82 83 84 85 86 87 88 89 92 93 3.5 3.6\"},D:{\"46\":0.95085,\"58\":2.84624,\"70\":0.636,\"81\":6.32849,\"90\":27.21563,\"91\":3.16739,\"92\":11.39127,_:\"4 5 6 7 8 9 10 11 12 13 14 15 16 17 18 19 20 21 22 23 24 25 26 27 28 29 30 31 32 33 34 35 36 37 38 39 40 41 42 43 44 45 47 48 49 50 51 52 53 54 55 56 57 59 60 61 62 63 64 65 66 67 68 69 71 72 73 74 75 76 77 78 79 80 83 84 85 86 87 88 89 93 94 95 96\"},F:{\"74\":1.58055,\"77\":0.636,\"78\":0.31485,_:\"9 11 12 15 16 17 18 19 20 21 22 23 24 25 26 27 28 29 30 31 32 33 34 35 36 37 38 39 40 41 42 43 44 45 46 47 48 49 50 51 52 53 54 55 56 57 58 60 62 63 64 65 66 67 68 69 70 71 72 73 75 76 9.5-9.6 10.5 10.6 11.1 11.5 11.6 12.1\",\"10.0-10.1\":0},G:{\"8\":0,\"3.2\":0,\"4.0-4.1\":0,\"4.2-4.3\":0,\"5.0-5.1\":0,\"6.0-6.1\":0,\"7.0-7.1\":0,\"8.1-8.4\":0,\"9.0-9.2\":0,\"9.3\":0,\"10.0-10.2\":0,\"10.3\":0,\"11.0-11.2\":0.79818,\"11.3-11.4\":0,\"12.0-12.1\":0,\"12.2-12.4\":0,\"13.0-13.1\":0,\"13.2\":0,\"13.3\":0,\"13.4-13.7\":0,\"14.0-14.4\":0.19954,\"14.5-14.7\":1.09761},E:{\"4\":0,_:\"0 5 6 7 8 9 10 11 12 13 14 15 3.1 3.2 5.1 6.1 7.1 9.1 10.1 11.1 12.1 13.1 14.1\"},B:{\"92\":0.95085,_:\"12 13 14 15 16 17 18 79 80 81 83 84 85 86 87 88 89 90 91 93\"},P:{\"4\":0.69894,\"5.0-5.4\":0.01023,\"6.2-6.4\":0.69894,\"7.2-7.4\":0.85958,\"8.2\":0,\"9.2\":0.0307,\"10.1\":0,\"11.1-11.2\":0.86981,\"12.0\":0.29676,\"13.0\":0.39909,\"14.0\":0.34947},I:{\"0\":0,\"3\":0,\"4\":0,\"2.1\":0,\"2.2\":1.32295,\"2.3\":1.32295,\"4.1\":0,\"4.2-4.3\":0,\"4.4\":0,\"4.4.3-4.4.4\":1.54476},K:{_:\"0 10 11 12 11.1 11.5 12.1\"},A:{\"11\":1.2657,_:\"6 7 8 9 10 5.5\"},J:{\"7\":0,\"10\":0},N:{\"10\":0,\"11\":0},R:{_:\"0\"},M:{\"0\":0.69968},Q:{\"10.4\":0},O:{\"0\":0},H:{\"0\":2.31318},L:{\"0\":23.04865},S:{\"2.5\":1.39565}};\n"]},"metadata":{},"sourceType":"script"}