{"ast":null,"code":"module.exports = {\n  C: {\n    \"2\": 0,\n    \"3\": 0,\n    \"4\": 0,\n    \"5\": 0,\n    \"6\": 0,\n    \"7\": 0,\n    \"8\": 0,\n    \"9\": 0,\n    \"10\": 0,\n    \"11\": 0,\n    \"12\": 0,\n    \"13\": 0,\n    \"14\": 0,\n    \"15\": 0,\n    \"16\": 0,\n    \"17\": 0,\n    \"18\": 0,\n    \"19\": 0,\n    \"20\": 0,\n    \"21\": 0,\n    \"22\": 0,\n    \"23\": 0,\n    \"24\": 0,\n    \"25\": 0,\n    \"26\": 0,\n    \"27\": 0,\n    \"28\": 0,\n    \"29\": 0,\n    \"30\": 0,\n    \"31\": 0.00575,\n    \"32\": 0,\n    \"33\": 0,\n    \"34\": 0,\n    \"35\": 0.0115,\n    \"36\": 0.0115,\n    \"37\": 0,\n    \"38\": 0,\n    \"39\": 0,\n    \"40\": 0,\n    \"41\": 0,\n    \"42\": 0,\n    \"43\": 0,\n    \"44\": 0,\n    \"45\": 0,\n    \"46\": 0,\n    \"47\": 0,\n    \"48\": 0.0115,\n    \"49\": 0,\n    \"50\": 0,\n    \"51\": 0,\n    \"52\": 0.04025,\n    \"53\": 0,\n    \"54\": 0,\n    \"55\": 0,\n    \"56\": 0.023,\n    \"57\": 0,\n    \"58\": 0,\n    \"59\": 0,\n    \"60\": 0.00575,\n    \"61\": 0,\n    \"62\": 0,\n    \"63\": 0.0115,\n    \"64\": 0,\n    \"65\": 0,\n    \"66\": 0,\n    \"67\": 0,\n    \"68\": 0.0115,\n    \"69\": 0,\n    \"70\": 0,\n    \"71\": 0,\n    \"72\": 0,\n    \"73\": 0,\n    \"74\": 0,\n    \"75\": 0,\n    \"76\": 0,\n    \"77\": 0.00575,\n    \"78\": 0.138,\n    \"79\": 0,\n    \"80\": 0.00575,\n    \"81\": 0.00575,\n    \"82\": 0,\n    \"83\": 0,\n    \"84\": 0.01725,\n    \"85\": 0.00575,\n    \"86\": 0.00575,\n    \"87\": 0.07475,\n    \"88\": 0.05175,\n    \"89\": 0.092,\n    \"90\": 1.173,\n    \"91\": 1.75375,\n    \"92\": 0.00575,\n    \"93\": 0,\n    \"3.5\": 0,\n    \"3.6\": 0\n  },\n  D: {\n    \"4\": 0,\n    \"5\": 0,\n    \"6\": 0,\n    \"7\": 0,\n    \"8\": 0,\n    \"9\": 0,\n    \"10\": 0,\n    \"11\": 0,\n    \"12\": 0,\n    \"13\": 0,\n    \"14\": 0,\n    \"15\": 0,\n    \"16\": 0,\n    \"17\": 0,\n    \"18\": 0,\n    \"19\": 0,\n    \"20\": 0,\n    \"21\": 0,\n    \"22\": 0,\n    \"23\": 0,\n    \"24\": 0,\n    \"25\": 0,\n    \"26\": 0,\n    \"27\": 0,\n    \"28\": 0,\n    \"29\": 0.00575,\n    \"30\": 0,\n    \"31\": 0,\n    \"32\": 0,\n    \"33\": 0,\n    \"34\": 0,\n    \"35\": 0,\n    \"36\": 0,\n    \"37\": 0,\n    \"38\": 0.0115,\n    \"39\": 0,\n    \"40\": 0,\n    \"41\": 0,\n    \"42\": 0,\n    \"43\": 0,\n    \"44\": 0,\n    \"45\": 0,\n    \"46\": 0,\n    \"47\": 0,\n    \"48\": 0,\n    \"49\": 0.10925,\n    \"50\": 0,\n    \"51\": 0,\n    \"52\": 0,\n    \"53\": 0.0115,\n    \"54\": 0,\n    \"55\": 0,\n    \"56\": 0,\n    \"57\": 0.00575,\n    \"58\": 0,\n    \"59\": 0,\n    \"60\": 0,\n    \"61\": 0,\n    \"62\": 0,\n    \"63\": 0.00575,\n    \"64\": 0,\n    \"65\": 0.0115,\n    \"66\": 0.0115,\n    \"67\": 0.01725,\n    \"68\": 0,\n    \"69\": 0.00575,\n    \"70\": 0.00575,\n    \"71\": 0,\n    \"72\": 0.00575,\n    \"73\": 0,\n    \"74\": 0.01725,\n    \"75\": 0.04025,\n    \"76\": 0.023,\n    \"77\": 0.023,\n    \"78\": 0.24725,\n    \"79\": 0.3335,\n    \"80\": 0.02875,\n    \"81\": 0.023,\n    \"83\": 0.20125,\n    \"84\": 0.023,\n    \"85\": 0.05175,\n    \"86\": 0.04025,\n    \"87\": 0.2415,\n    \"88\": 0.0345,\n    \"89\": 0.092,\n    \"90\": 0.1265,\n    \"91\": 0.8395,\n    \"92\": 16.74975,\n    \"93\": 0.0115,\n    \"94\": 0.00575,\n    \"95\": 0.00575,\n    \"96\": 0\n  },\n  F: {\n    \"9\": 0,\n    \"11\": 0,\n    \"12\": 0,\n    \"15\": 0,\n    \"16\": 0,\n    \"17\": 0,\n    \"18\": 0,\n    \"19\": 0,\n    \"20\": 0,\n    \"21\": 0,\n    \"22\": 0,\n    \"23\": 0,\n    \"24\": 0,\n    \"25\": 0,\n    \"26\": 0,\n    \"27\": 0,\n    \"28\": 0,\n    \"29\": 0,\n    \"30\": 0,\n    \"31\": 0,\n    \"32\": 0,\n    \"33\": 0,\n    \"34\": 0,\n    \"35\": 0,\n    \"36\": 0,\n    \"37\": 0,\n    \"38\": 0,\n    \"39\": 0,\n    \"40\": 0,\n    \"41\": 0,\n    \"42\": 0,\n    \"43\": 0,\n    \"44\": 0,\n    \"45\": 0,\n    \"46\": 0.00575,\n    \"47\": 0,\n    \"48\": 0,\n    \"49\": 0,\n    \"50\": 0,\n    \"51\": 0,\n    \"52\": 0,\n    \"53\": 0,\n    \"54\": 0,\n    \"55\": 0,\n    \"56\": 0,\n    \"57\": 0,\n    \"58\": 0.00575,\n    \"60\": 0,\n    \"62\": 0,\n    \"63\": 0,\n    \"64\": 0,\n    \"65\": 0,\n    \"66\": 0,\n    \"67\": 0,\n    \"68\": 0,\n    \"69\": 0,\n    \"70\": 0.00575,\n    \"71\": 0,\n    \"72\": 0,\n    \"73\": 0,\n    \"74\": 0,\n    \"75\": 0.00575,\n    \"76\": 0.00575,\n    \"77\": 0.29325,\n    \"78\": 0.253,\n    \"9.5-9.6\": 0,\n    \"10.0-10.1\": 0,\n    \"10.5\": 0,\n    \"10.6\": 0,\n    \"11.1\": 0,\n    \"11.5\": 0,\n    \"11.6\": 0,\n    \"12.1\": 0\n  },\n  G: {\n    \"8\": 0,\n    \"3.2\": 0,\n    \"4.0-4.1\": 0,\n    \"4.2-4.3\": 0,\n    \"5.0-5.1\": 0,\n    \"6.0-6.1\": 0.02111,\n    \"7.0-7.1\": 0.07123,\n    \"8.1-8.4\": 0.02374,\n    \"9.0-9.2\": 0.01319,\n    \"9.3\": 0.26645,\n    \"10.0-10.2\": 0.01847,\n    \"10.3\": 0.35879,\n    \"11.0-11.2\": 0.08706,\n    \"11.3-11.4\": 0.08178,\n    \"12.0-12.1\": 0.07914,\n    \"12.2-12.4\": 0.20578,\n    \"13.0-13.1\": 0.06332,\n    \"13.2\": 0.02374,\n    \"13.3\": 0.21897,\n    \"13.4-13.7\": 0.72022,\n    \"14.0-14.4\": 2.98113,\n    \"14.5-14.7\": 19.86538\n  },\n  E: {\n    \"4\": 0,\n    \"5\": 0,\n    \"6\": 0,\n    \"7\": 0,\n    \"8\": 0,\n    \"9\": 0,\n    \"10\": 0,\n    \"11\": 0.0115,\n    \"12\": 0.00575,\n    \"13\": 0.092,\n    \"14\": 0.52325,\n    \"15\": 0.0115,\n    _: \"0\",\n    \"3.1\": 0,\n    \"3.2\": 0,\n    \"5.1\": 0,\n    \"6.1\": 0.00575,\n    \"7.1\": 0,\n    \"9.1\": 0.00575,\n    \"10.1\": 0.02875,\n    \"11.1\": 0.05175,\n    \"12.1\": 0.08625,\n    \"13.1\": 0.368,\n    \"14.1\": 2.43225\n  },\n  B: {\n    \"12\": 0,\n    \"13\": 0,\n    \"14\": 0,\n    \"15\": 0.00575,\n    \"16\": 0.0115,\n    \"17\": 0.00575,\n    \"18\": 0.04025,\n    \"79\": 0,\n    \"80\": 0.00575,\n    \"81\": 0,\n    \"83\": 0.00575,\n    \"84\": 0.0115,\n    \"85\": 0.00575,\n    \"86\": 0.01725,\n    \"87\": 0.0115,\n    \"88\": 0.00575,\n    \"89\": 0.0115,\n    \"90\": 0.01725,\n    \"91\": 0.138,\n    \"92\": 3.818,\n    \"93\": 0\n  },\n  P: {\n    \"4\": 0.12532,\n    \"5.0-5.4\": 0,\n    \"6.2-6.4\": 0,\n    \"7.2-7.4\": 0.01044,\n    \"8.2\": 0,\n    \"9.2\": 0.01044,\n    \"10.1\": 0.01044,\n    \"11.1-11.2\": 0.10443,\n    \"12.0\": 0.05222,\n    \"13.0\": 0.14621,\n    \"14.0\": 3.85362\n  },\n  I: {\n    \"0\": 0,\n    \"3\": 0,\n    \"4\": 0.00383,\n    \"2.1\": 0,\n    \"2.2\": 0,\n    \"2.3\": 0,\n    \"4.1\": 0.00766,\n    \"4.2-4.3\": 0.01341,\n    \"4.4\": 0,\n    \"4.4.3-4.4.4\": 0.1226\n  },\n  K: {\n    _: \"0 10 11 12 11.1 11.5 12.1\"\n  },\n  A: {\n    \"6\": 0,\n    \"7\": 0,\n    \"8\": 0,\n    \"9\": 0.00614,\n    \"10\": 0,\n    \"11\": 0.44236,\n    \"5.5\": 0\n  },\n  J: {\n    \"7\": 0,\n    \"10\": 0\n  },\n  N: {\n    \"10\": 0,\n    \"11\": 0\n  },\n  R: {\n    _: \"0\"\n  },\n  M: {\n    \"0\": 0.33575\n  },\n  Q: {\n    \"10.4\": 0\n  },\n  O: {\n    \"0\": 0.05525\n  },\n  H: {\n    \"0\": 0.12473\n  },\n  L: {\n    \"0\": 34.96325\n  },\n  S: {\n    \"2.5\": 0.00425\n  }\n};","map":{"version":3,"sources":["C:/xampp/public_html/vamo/interface2/node_modules/caniuse-lite/data/regions/BE.js"],"names":["module","exports","C","D","F","G","E","_","B","P","I","K","A","J","N","R","M","Q","O","H","L","S"],