{"ast":null,"code":"module.exports = {\n  C: {\n    \"2\": 0,\n    \"3\": 0,\n    \"4\": 0,\n    \"5\": 0,\n    \"6\": 0,\n    \"7\": 0,\n    \"8\": 0,\n    \"9\": 0,\n    \"10\": 0,\n    \"11\": 0,\n    \"12\": 0,\n    \"13\": 0,\n    \"14\": 0,\n    \"15\": 0,\n    \"16\": 0,\n    \"17\": 0,\n    \"18\": 0,\n    \"19\": 0.0021,\n    \"20\": 0,\n    \"21\": 0,\n    \"22\": 0,\n    \"23\": 0,\n    \"24\": 0,\n    \"25\": 0,\n    \"26\": 0,\n    \"27\": 0,\n    \"28\": 0,\n    \"29\": 0.0021,\n    \"30\": 0,\n    \"31\": 0,\n    \"32\": 0,\n    \"33\": 0.0021,\n    \"34\": 0.0021,\n    \"35\": 0.0042,\n    \"36\": 0.0042,\n    \"37\": 0.0021,\n    \"38\": 0,\n    \"39\": 0,\n    \"40\": 0,\n    \"41\": 0.0021,\n    \"42\": 0.0021,\n    \"43\": 0.0042,\n    \"44\": 0.0042,\n    \"45\": 0.0042,\n    \"46\": 0,\n    \"47\": 0.0042,\n    \"48\": 0,\n    \"49\": 0,\n    \"50\": 0.0021,\n    \"51\": 0.01259,\n    \"52\": 0.0021,\n    \"53\": 0.00629,\n    \"54\": 0,\n    \"55\": 0,\n    \"56\": 0.0021,\n    \"57\": 0.0021,\n    \"58\": 0,\n    \"59\": 0,\n    \"60\": 0.0021,\n    \"61\": 0.0021,\n    \"62\": 0,\n    \"63\": 0,\n    \"64\": 0,\n    \"65\": 0,\n    \"66\": 0,\n    \"67\": 0.0021,\n    \"68\": 0.02308,\n    \"69\": 0,\n    \"70\": 0,\n    \"71\": 0,\n    \"72\": 0.0021,\n    \"73\": 0,\n    \"74\": 0,\n    \"75\": 0,\n    \"76\": 0,\n    \"77\": 0.0021,\n    \"78\": 0.0042,\n    \"79\": 0,\n    \"80\": 0,\n    \"81\": 0,\n    \"82\": 0.01049,\n    \"83\": 0,\n    \"84\": 0.00629,\n    \"85\": 0.0021,\n    \"86\": 0.0021,\n    \"87\": 0.0021,\n    \"88\": 0.0042,\n    \"89\": 0.01259,\n    \"90\": 0.09231,\n    \"91\": 0.27064,\n    \"92\": 0.02098,\n    \"93\": 0,\n    \"3.5\": 0,\n    \"3.6\": 0\n  },\n  D: {\n    \"4\": 0,\n    \"5\": 0,\n    \"6\": 0,\n    \"7\": 0,\n    \"8\": 0,\n    \"9\": 0,\n    \"10\": 0,\n    \"11\": 0.0021,\n    \"12\": 0,\n    \"13\": 0,\n    \"14\": 0,\n    \"15\": 0,\n    \"16\": 0,\n    \"17\": 0,\n    \"18\": 0,\n    \"19\": 0,\n    \"20\": 0,\n    \"21\": 0,\n    \"22\": 0,\n    \"23\": 0,\n    \"24\": 0,\n    \"25\": 0,\n    \"26\": 0,\n    \"27\": 0,\n    \"28\": 0,\n    \"29\": 0,\n    \"30\": 0,\n    \"31\": 0,\n    \"32\": 0.0021,\n    \"33\": 0.00839,\n    \"34\": 0.01469,\n    \"35\": 0.0021,\n    \"36\": 0,\n    \"37\": 0.02098,\n    \"38\": 0,\n    \"39\": 0,\n    \"40\": 0.01259,\n    \"41\": 0,\n    \"42\": 0,\n    \"43\": 0.01888,\n    \"44\": 0,\n    \"45\": 0.0021,\n    \"46\": 0.0021,\n    \"47\": 0,\n    \"48\": 0.0021,\n    \"49\": 0.0021,\n    \"50\": 0.0021,\n    \"51\": 0,\n    \"52\": 0,\n    \"53\": 0,\n    \"54\": 0,\n    \"55\": 0.01259,\n    \"56\": 0,\n    \"57\": 0.0021,\n    \"58\": 0.0021,\n    \"59\": 0.00629,\n    \"60\": 0,\n    \"61\": 0.00629,\n    \"62\": 0,\n    \"63\": 0,\n    \"64\": 0.0021,\n    \"65\": 0,\n    \"66\": 0,\n    \"67\": 0.0021,\n    \"68\": 0.0021,\n    \"69\": 0.00839,\n    \"70\": 0.0021,\n    \"71\": 0.0021,\n    \"72\": 0.0021,\n    \"73\": 0.0021,\n    \"74\": 0.0021,\n    \"75\": 0,\n    \"76\": 0.0021,\n    \"77\": 0.0042,\n    \"78\": 0,\n    \"79\": 0.01888,\n    \"80\": 0.03776,\n    \"81\": 0.01049,\n    \"83\": 0.0021,\n    \"84\": 0.0021,\n    \"85\": 0.0021,\n    \"86\": 0.00839,\n    \"87\": 0.00839,\n    \"88\": 0.01049,\n    \"89\": 0.00629,\n    \"90\": 0.01259,\n    \"91\": 0.05874,\n    \"92\": 1.45601,\n    \"93\": 0.0021,\n    \"94\": 0.0021,\n    \"95\": 0,\n    \"96\": 0\n  },\n  F: {\n    \"9\": 0,\n    \"11\": 0,\n    \"12\": 0,\n    \"15\": 0,\n    \"16\": 0,\n    \"17\": 0,\n    \"18\": 0,\n    \"19\": 0,\n    \"20\": 0.0021,\n    \"21\": 0,\n    \"22\": 0,\n    \"23\": 0,\n    \"24\": 0,\n    \"25\": 0,\n    \"26\": 0,\n    \"27\": 0,\n    \"28\": 0.0042,\n    \"29\": 0,\n    \"30\": 0.02308,\n    \"31\": 0,\n    \"32\": 0.0021,\n    \"33\": 0.0021,\n    \"34\": 0.0021,\n    \"35\": 0.0021,\n    \"36\": 0,\n    \"37\": 0,\n    \"38\": 0,\n    \"39\": 0,\n    \"40\": 0,\n    \"41\": 0,\n    \"42\": 0,\n    \"43\": 0,\n    \"44\": 0,\n    \"45\": 0,\n    \"46\": 0,\n    \"47\": 0,\n    \"48\": 0.0021,\n    \"49\": 0,\n    \"50\": 0.0042,\n    \"51\": 0.0021,\n    \"52\": 0,\n    \"53\": 0.0021,\n    \"54\": 0.00629,\n    \"55\": 0.0021,\n    \"56\": 0,\n    \"57\": 0.01259,\n    \"58\": 0.05455,\n    \"60\": 0,\n    \"62\": 0.0021,\n    \"63\": 0,\n    \"64\": 0.0021,\n    \"65\": 0.0042,\n    \"66\": 0,\n    \"67\": 0.0021,\n    \"68\": 0,\n    \"69\": 0,\n    \"70\": 0,\n    \"71\": 0,\n    \"72\": 0,\n    \"73\": 0,\n    \"74\": 0,\n    \"75\": 0,\n    \"76\": 0,\n    \"77\": 0.12798,\n    \"78\": 0.08392,\n    \"9.5-9.6\": 0,\n    \"10.0-10.1\": 0,\n    \"10.5\": 0,\n    \"10.6\": 0,\n    \"11.1\": 0,\n    \"11.5\": 0,\n    \"11.6\": 0,\n    \"12.1\": 0.09441\n  },\n  G: {\n    \"8\": 0.00216,\n    \"3.2\": 0,\n    \"4.0-4.1\": 0,\n    \"4.2-4.3\": 0,\n    \"5.0-5.1\": 0,\n    \"6.0-6.1\": 0,\n    \"7.0-7.1\": 0.10777,\n    \"8.1-8.4\": 0.00504,\n    \"9.0-9.2\": 0.01032,\n    \"9.3\": 0.22491,\n    \"10.0-10.2\": 0.04033,\n    \"10.3\": 0.018,\n    \"11.0-11.2\": 0.03961,\n    \"11.3-11.4\": 0.03024,\n    \"12.0-12.1\": 0.02712,\n    \"12.2-12.4\": 0.06457,\n    \"13.0-13.1\": 0.00696,\n    \"13.2\": 0.01176,\n    \"13.3\": 0.01752,\n    \"13.4-13.7\": 0.06961,\n    \"14.0-14.4\": 0.43302,\n    \"14.5-14.7\": 0.96253\n  },\n  E: {\n    \"4\": 0,\n    \"5\": 0,\n    \"6\": 0,\n    \"7\": 0,\n    \"8\": 0,\n    \"9\": 0,\n    \"10\": 0,\n    \"11\": 0,\n    \"12\": 0,\n    \"13\": 0.0021,\n    \"14\": 0.01469,\n    \"15\": 0,\n    _: \"0\",\n    \"3.1\": 0,\n    \"3.2\": 0,\n    \"5.1\": 0,\n    \"6.1\": 0,\n    \"7.1\": 0,\n    \"9.1\": 0.0021,\n    \"10.1\": 0,\n    \"11.1\": 0,\n    \"12.1\": 0,\n    \"13.1\": 0.01049,\n    \"14.1\": 0.00839\n  },\n  B: {\n    \"12\": 0.00629,\n    \"13\": 0.0021,\n    \"14\": 0.0021,\n    \"15\": 0.0021,\n    \"16\": 0.0021,\n    \"17\": 0.0042,\n    \"18\": 0.01678,\n    \"79\": 0,\n    \"80\": 0,\n    \"81\": 0,\n    \"83\": 0,\n    \"84\": 0.0042,\n    \"85\": 0,\n    \"86\": 0,\n    \"87\": 0.0021,\n    \"88\": 0,\n    \"89\": 0.0042,\n    \"90\": 0.0021,\n    \"91\": 0.01259,\n    \"92\": 0.17204,\n    \"93\": 0\n  },\n  P: {\n    \"4\": 0.86425,\n    \"5.0-5.4\": 0.06101,\n    \"6.2-6.4\": 0.07117,\n    \"7.2-7.4\": 0.65073,\n    \"8.2\": 0,\n    \"9.2\": 0.10168,\n    \"10.1\": 0.01017,\n    \"11.1-11.2\": 0.16268,\n    \"12.0\": 0.02034,\n    \"13.0\": 0.17285,\n    \"14.0\": 0.78291\n  },\n  I: {\n    \"0\": 0,\n    \"3\": 0,\n    \"4\": 0,\n    \"2.1\": 0,\n    \"2.2\": 0,\n    \"2.3\": 0,\n    \"4.1\": 0.01337,\n    \"4.2-4.3\": 0.13159,\n    \"4.4\": 0,\n    \"4.4.3-4.4.4\": 0.2549\n  },\n  K: {\n    _: \"0 10 11 12 11.1 11.5 12.1\"\n  },\n  A: {\n    \"6\": 0,\n    \"7\": 0,\n    \"8\": 0,\n    \"9\": 0,\n    \"10\": 0,\n    \"11\": 0.02727,\n    \"5.5\": 0\n  },\n  J: {\n    \"7\": 0,\n    \"10\": 0\n  },\n  N: {\n    \"10\": 0,\n    \"11\": 0\n  },\n  R: {\n    _: \"0\"\n  },\n  M: {\n    \"0\": 0.21335\n  },\n  Q: {\n    \"10.4\": 0.09482\n  },\n  O: {\n    \"0\": 1.92809\n  },\n  H: {\n    \"0\": 18.56062\n  },\n  L: {\n    \"0\": 63.43028\n  },\n  S: {\n    \"2.5\": 0\n  }\n};","map":{"version":3,"sources":["C:/xampp/public_html/vamo/interface2/node_modules/caniuse-lite/data/regions/ER.js"],"names":["module","exports","C","D","F","G","E","_","B","P","I","K","A","J","N","R","M","Q","O","H","L","S"],