{"ast":null,"code":"module.exports = {\n  C: {\n    \"48\": 0.0047,\n    \"52\": 0.26314,\n    \"63\": 0.08928,\n    \"70\": 0.0094,\n    \"78\": 0.03759,\n    \"84\": 0.0094,\n    \"88\": 0.0235,\n    \"89\": 0.06109,\n    \"90\": 1.4003,\n    \"91\": 1.96418,\n    \"92\": 0.0094,\n    _: \"2 3 4 5 6 7 8 9 10 11 12 13 14 15 16 17 18 19 20 21 22 23 24 25 26 27 28 29 30 31 32 33 34 35 36 37 38 39 40 41 42 43 44 45 46 47 49 50 51 53 54 55 56 57 58 59 60 61 62 64 65 66 67 68 69 71 72 73 74 75 76 77 79 80 81 82 83 85 86 87 93 3.5 3.6\"\n  },\n  D: {\n    \"49\": 0.57328,\n    \"60\": 0.0141,\n    \"65\": 0.0047,\n    \"67\": 0.16916,\n    \"73\": 0.0047,\n    \"74\": 0.0188,\n    \"75\": 0.0235,\n    \"76\": 0.0141,\n    \"77\": 0.05639,\n    \"78\": 0.09398,\n    \"79\": 0.11278,\n    \"80\": 0.0235,\n    \"81\": 0.04229,\n    \"83\": 0.0188,\n    \"84\": 0.03289,\n    \"85\": 0.0047,\n    \"86\": 0.03289,\n    \"87\": 0.10338,\n    \"88\": 0.0235,\n    \"89\": 0.10338,\n    \"90\": 0.24905,\n    \"91\": 1.65875,\n    \"92\": 18.13344,\n    \"93\": 0.0188,\n    _: \"4 5 6 7 8 9 10 11 12 13 14 15 16 17 18 19 20 21 22 23 24 25 26 27 28 29 30 31 32 33 34 35 36 37 38 39 40 41 42 43 44 45 46 47 48 50 51 52 53 54 55 56 57 58 59 61 62 63 64 66 68 69 70 71 72 94 95 96\"\n  },\n  F: {\n    \"46\": 0.0188,\n    \"74\": 0.0188,\n    \"76\": 0.13627,\n    \"77\": 0.33833,\n    \"78\": 0.34303,\n    _: \"9 11 12 15 16 17 18 19 20 21 22 23 24 25 26 27 28 29 30 31 32 33 34 35 36 37 38 39 40 41 42 43 44 45 47 48 49 50 51 52 53 54 55 56 57 58 60 62 63 64 65 66 67 68 69 70 71 72 73 75 9.5-9.6 10.5 10.6 11.1 11.5 11.6 12.1\",\n    \"10.0-10.1\": 0\n  },\n  G: {\n    \"8\": 0,\n    \"3.2\": 0,\n    \"4.0-4.1\": 0,\n    \"4.2-4.3\": 0,\n    \"5.0-5.1\": 0.01533,\n    \"6.0-6.1\": 0.00613,\n    \"7.0-7.1\": 0.0092,\n    \"8.1-8.4\": 0.0092,\n    \"9.0-9.2\": 0,\n    \"9.3\": 1.05137,\n    \"10.0-10.2\": 0,\n    \"10.3\": 0.93183,\n    \"11.0-11.2\": 0.11648,\n    \"11.3-11.4\": 0.04598,\n    \"12.0-12.1\": 0.05517,\n    \"12.2-12.4\": 0.141,\n    \"13.0-13.1\": 0.02452,\n    \"13.2\": 0.0092,\n    \"13.3\": 0.14407,\n    \"13.4-13.7\": 0.64676,\n    \"14.0-14.4\": 2.89663,\n    \"14.5-14.7\": 22.14618\n  },\n  E: {\n    \"4\": 0,\n    \"11\": 0.04699,\n    \"12\": 0.04229,\n    \"13\": 0.20206,\n    \"14\": 1.13716,\n    \"15\": 0.0094,\n    _: \"0 5 6 7 8 9 10 3.1 3.2 5.1 6.1 7.1\",\n    \"9.1\": 0.0094,\n    \"10.1\": 0.0141,\n    \"11.1\": 0.31953,\n    \"12.1\": 0.18796,\n    \"13.1\": 0.87401,\n    \"14.1\": 7.85203\n  },\n  B: {\n    \"14\": 0.02819,\n    \"16\": 0.02819,\n    \"17\": 0.0047,\n    \"18\": 0.09398,\n    \"79\": 0.0047,\n    \"86\": 0.0188,\n    \"87\": 0.0141,\n    \"90\": 0.0141,\n    \"91\": 0.13627,\n    \"92\": 8.29843,\n    _: \"12 13 15 80 81 83 84 85 88 89 93\"\n  },\n  P: {\n    \"4\": 0.01116,\n    \"5.0-5.4\": 0.01033,\n    \"6.2-6.4\": 0.01036,\n    \"7.2-7.4\": 0.18598,\n    \"8.2\": 0.01026,\n    \"9.2\": 0.06199,\n    \"10.1\": 0.15187,\n    \"11.1-11.2\": 0.03349,\n    \"12.0\": 0.05581,\n    \"13.0\": 0.12279,\n    \"14.0\": 3.05858\n  },\n  I: {\n    \"0\": 0,\n    \"3\": 0,\n    \"4\": 0.01104,\n    \"2.1\": 0,\n    \"2.2\": 0,\n    \"2.3\": 0,\n    \"4.1\": 0.00029,\n    \"4.2-4.3\": 0.00074,\n    \"4.4\": 0,\n    \"4.4.3-4.4.4\": 0.00913\n  },\n  K: {\n    _: \"0 10 11 12 11.1 11.5 12.1\"\n  },\n  A: {\n    \"9\": 0.05418,\n    \"11\": 0.66006,\n    _: \"6 7 8 10 5.5\"\n  },\n  J: {\n    \"7\": 0,\n    \"10\": 0\n  },\n  N: {\n    \"11\": 0.02439,\n    _: \"10\"\n  },\n  R: {\n    _: \"0\"\n  },\n  M: {\n    \"0\": 0.73684\n  },\n  Q: {\n    \"10.4\": 0\n  },\n  O: {\n    \"0\": 0.03711\n  },\n  H: {\n    \"0\": 0.19071\n  },\n  L: {\n    \"0\": 20.52333\n  },\n  S: {\n    \"2.5\": 0\n  }\n};","map":{"version":3,"sources":["C:/xampp/public_html/vamo/interface2/node_modules/caniuse-lite/data/regions/IM.js"],"names":["module","exports","C","_","D","F","G","E","B","P","I","K","A","J","N","R","M","Q","O","H","L","S"],"mappings":"AAAAA,MAAM,CAACC,OAAP,GAAe;AAACC,EAAAA,CAAC,EAAC;AAAC,UAAK,MAAN;AAAa,UAAK,OAAlB;AAA0B,UAAK,OAA/B;AAAuC,UAAK,MAA5C;AAAmD,UAAK,OAAxD;AAAgE,UAAK,MAArE;AAA4E,UAAK,MAAjF;AAAwF,UAAK,OAA7F;AAAqG,UAAK,MAA1G;AAAiH,UAAK,OAAtH;AAA8H,UAAK,MAAnI;AAA0IC,IAAAA,CAAC,EAAC;AAA5I,GAAH;AAAqYC,EAAAA,CAAC,EAAC;AAAC,UAAK,OAAN;AAAc,UAAK,MAAnB;AAA0B,UAAK,MAA/B;AAAsC,UAAK,OAA3C;AAAmD,UAAK,MAAxD;AAA+D,UAAK,MAApE;AAA2E,UAAK,MAAhF;AAAuF,UAAK,MAA5F;AAAmG,UAAK,OAAxG;AAAgH,UAAK,OAArH;AAA6H,UAAK,OAAlI;AAA0I,UAAK,MAA/I;AAAsJ,UAAK,OAA3J;AAAmK,UAAK,MAAxK;AAA+K,UAAK,OAApL;AAA4L,UAAK,MAAjM;AAAwM,UAAK,OAA7M;AAAqN,UAAK,OAA1N;AAAkO,UAAK,MAAvO;AAA8O,UAAK,OAAnP;AAA2P,UAAK,OAAhQ;AAAwQ,UAAK,OAA7Q;AAAqR,UAAK,QAA1R;AAAmS,UAAK,MAAxS;AAA+SD,IAAAA,CAAC,EAAC;AAAjT,GAAvY;AAAi4BE,EAAAA,CAAC,EAAC;AAAC,UAAK,MAAN;AAAa,UAAK,MAAlB;AAAyB,UAAK,OAA9B;AAAsC,UAAK,OAA3C;AAAmD,UAAK,OAAxD;AAAgEF,IAAAA,CAAC,EAAC,0NAAlE;AAA6R,iBAAY;AAAzS,GAAn4B;AAA+qCG,EAAAA,CAAC,EAAC;AAAC,SAAI,CAAL;AAAO,WAAM,CAAb;AAAe,eAAU,CAAzB;AAA2B,eAAU,CAArC;AAAuC,eAAU,OAAjD;AAAyD,eAAU,OAAnE;AAA2E,eAAU,MAArF;AAA4F,eAAU,MAAtG;AAA6G,eAAU,CAAvH;AAAyH,WAAM,OAA/H;AAAuI,iBAAY,CAAnJ;AAAqJ,YAAO,OAA5J;AAAoK,iBAAY,OAAhL;AAAwL,iBAAY,OAApM;AAA4M,iBAAY,OAAxN;AAAgO,iBAAY,KAA5O;AAAkP,iBAAY,OAA9P;AAAsQ,YAAO,MAA7Q;AAAoR,YAAO,OAA3R;AAAmS,iBAAY,OAA/S;AAAuT,iBAAY,OAAnU;AAA2U,iBAAY;AAAvV,GAAjrC;AAAkhDC,EAAAA,CAAC,EAAC;AAAC,SAAI,CAAL;AAAO,UAAK,OAAZ;AAAoB,UAAK,OAAzB;AAAiC,UAAK,OAAtC;AAA8C,UAAK,OAAnD;AAA2D,UAAK,MAAhE;AAAuEJ,IAAAA,CAAC,EAAC,oCAAzE;AAA8G,WAAM,MAApH;AAA2H,YAAO,MAAlI;AAAyI,YAAO,OAAhJ;AAAwJ,YAAO,OAA/J;AAAuK,YAAO,OAA9K;AAAsL,YAAO;AAA7L,GAAphD;AAA0tDK,EAAAA,CAAC,EAAC;AAAC,UAAK,OAAN;AAAc,UAAK,OAAnB;AAA2B,UAAK,MAAhC;AAAuC,UAAK,OAA5C;AAAoD,UAAK,MAAzD;AAAgE,UAAK,MAArE;AAA4E,UAAK,MAAjF;AAAwF,UAAK,MAA7F;AAAoG,UAAK,OAAzG;AAAiH,UAAK,OAAtH;AAA8HL,IAAAA,CAAC,EAAC;AAAhI,GAA5tD;AAAg4DM,EAAAA,CAAC,EAAC;AAAC,SAAI,OAAL;AAAa,eAAU,OAAvB;AAA+B,eAAU,OAAzC;AAAiD,eAAU,OAA3D;AAAmE,WAAM,OAAzE;AAAiF,WAAM,OAAvF;AAA+F,YAAO,OAAtG;AAA8G,iBAAY,OAA1H;AAAkI,YAAO,OAAzI;AAAiJ,YAAO,OAAxJ;AAAgK,YAAO;AAAvK,GAAl4D;AAAkjEC,EAAAA,CAAC,EAAC;AAAC,SAAI,CAAL;AAAO,SAAI,CAAX;AAAa,SAAI,OAAjB;AAAyB,WAAM,CAA/B;AAAiC,WAAM,CAAvC;AAAyC,WAAM,CAA/C;AAAiD,WAAM,OAAvD;AAA+D,eAAU,OAAzE;AAAiF,WAAM,CAAvF;AAAyF,mBAAc;AAAvG,GAApjE;AAAoqEC,EAAAA,CAAC,EAAC;AAACR,IAAAA,CAAC,EAAC;AAAH,GAAtqE;AAAssES,EAAAA,CAAC,EAAC;AAAC,SAAI,OAAL;AAAa,UAAK,OAAlB;AAA0BT,IAAAA,CAAC,EAAC;AAA5B,GAAxsE;AAAovEU,EAAAA,CAAC,EAAC;AAAC,SAAI,CAAL;AAAO,UAAK;AAAZ,GAAtvE;AAAqwEC,EAAAA,CAAC,EAAC;AAAC,UAAK,OAAN;AAAcX,IAAAA,CAAC,EAAC;AAAhB,GAAvwE;AAA6xEY,EAAAA,CAAC,EAAC;AAACZ,IAAAA,CAAC,EAAC;AAAH,GAA/xE;AAAuyEa,EAAAA,CAAC,EAAC;AAAC,SAAI;AAAL,GAAzyE;AAAuzEC,EAAAA,CAAC,EAAC;AAAC,YAAO;AAAR,GAAzzE;AAAo0EC,EAAAA,CAAC,EAAC;AAAC,SAAI;AAAL,GAAt0E;AAAo1EC,EAAAA,CAAC,EAAC;AAAC,SAAI;AAAL,GAAt1E;AAAo2EC,EAAAA,CAAC,EAAC;AAAC,SAAI;AAAL,GAAt2E;AAAq3EC,EAAAA,CAAC,EAAC;AAAC,WAAM;AAAP;AAAv3E,CAAf",