{"ast":null,"code":"module.exports = {\n  C: {\n    \"35\": 0.02248,\n    \"37\": 0.00749,\n    \"43\": 0.00749,\n    \"44\": 0.00375,\n    \"46\": 0.01498,\n    \"47\": 0.00749,\n    \"48\": 0.00375,\n    \"52\": 0.02248,\n    \"54\": 0.01124,\n    \"68\": 0.02622,\n    \"70\": 0.00375,\n    \"72\": 0.02248,\n    \"78\": 0.07492,\n    \"84\": 0.01124,\n    \"85\": 0.00375,\n    \"86\": 0.01124,\n    \"87\": 0.03371,\n    \"88\": 0.03371,\n    \"89\": 0.40082,\n    \"90\": 1.03764,\n    \"91\": 2.21389,\n    \"92\": 0.02622,\n    _: \"2 3 4 5 6 7 8 9 10 11 12 13 14 15 16 17 18 19 20 21 22 23 24 25 26 27 28 29 30 31 32 33 34 36 38 39 40 41 42 45 49 50 51 53 55 56 57 58 59 60 61 62 63 64 65 66 67 69 71 73 74 75 76 77 79 80 81 82 83 93 3.5 3.6\"\n  },\n  D: {\n    \"29\": 0.00749,\n    \"49\": 0.02248,\n    \"50\": 0.02248,\n    \"55\": 0.00749,\n    \"56\": 0.00375,\n    \"63\": 0.01124,\n    \"64\": 0.00375,\n    \"66\": 0.00749,\n    \"67\": 0.00375,\n    \"70\": 0.01124,\n    \"73\": 0.00749,\n    \"74\": 0.00749,\n    \"75\": 0.0899,\n    \"76\": 0.00749,\n    \"78\": 0.02622,\n    \"79\": 0.02248,\n    \"80\": 0.01124,\n    \"81\": 0.01124,\n    \"83\": 0.01873,\n    \"84\": 0.01498,\n    \"85\": 0.04121,\n    \"86\": 0.10114,\n    \"87\": 0.34463,\n    \"88\": 0.0487,\n    \"89\": 0.0487,\n    \"90\": 0.11613,\n    \"91\": 0.29968,\n    \"92\": 11.75495,\n    _: \"4 5 6 7 8 9 10 11 12 13 14 15 16 17 18 19 20 21 22 23 24 25 26 27 28 30 31 32 33 34 35 36 37 38 39 40 41 42 43 44 45 46 47 48 51 52 53 54 57 58 59 60 61 62 65 68 69 71 72 77 93 94 95 96\"\n  },\n  F: {\n    \"35\": 0.00375,\n    \"42\": 0.01498,\n    \"76\": 0.0974,\n    \"77\": 2.34874,\n    \"78\": 1.35231,\n    _: \"9 11 12 15 16 17 18 19 20 21 22 23 24 25 26 27 28 29 30 31 32 33 34 36 37 38 39 40 41 43 44 45 46 47 48 49 50 51 52 53 54 55 56 57 58 60 62 63 64 65 66 67 68 69 70 71 72 73 74 75 9.5-9.6 10.5 10.6 11.1 11.5 11.6\",\n    \"10.0-10.1\": 0,\n    \"12.1\": 0.00749\n  },\n  G: {\n    \"8\": 0.00192,\n    \"3.2\": 0,\n    \"4.0-4.1\": 0,\n    \"4.2-4.3\": 0,\n    \"5.0-5.1\": 0.00448,\n    \"6.0-6.1\": 0,\n    \"7.0-7.1\": 0.02621,\n    \"8.1-8.4\": 0.00064,\n    \"9.0-9.2\": 0.0032,\n    \"9.3\": 0.02429,\n    \"10.0-10.2\": 0.00511,\n    \"10.3\": 0.17645,\n    \"11.0-11.2\": 0.99988,\n    \"11.3-11.4\": 0.01918,\n    \"12.0-12.1\": 0.00511,\n    \"12.2-12.4\": 0.44944,\n    \"13.0-13.1\": 0.03005,\n    \"13.2\": 0.03452,\n    \"13.3\": 0.01534,\n    \"13.4-13.7\": 0.02685,\n    \"14.0-14.4\": 1.72614,\n    \"14.5-14.7\": 1.42311\n  },\n  E: {\n    \"4\": 0,\n    \"8\": 0.00749,\n    \"12\": 0.00375,\n    \"13\": 0.00749,\n    \"14\": 0.05619,\n    \"15\": 0.00749,\n    _: \"0 5 6 7 9 10 11 3.1 3.2 5.1 6.1 9.1 11.1\",\n    \"7.1\": 0.20228,\n    \"10.1\": 0.01498,\n    \"12.1\": 0.00375,\n    \"13.1\": 0.12736,\n    \"14.1\": 0.13111\n  },\n  B: {\n    \"12\": 0.0487,\n    \"13\": 0.01498,\n    \"14\": 0.01498,\n    \"15\": 0.01124,\n    \"16\": 0.04121,\n    \"17\": 0.02997,\n    \"18\": 0.77168,\n    \"80\": 0.00375,\n    \"84\": 0.01124,\n    \"85\": 0.00749,\n    \"86\": 0.00375,\n    \"87\": 0.01498,\n    \"89\": 0.01498,\n    \"90\": 0.01124,\n    \"91\": 0.0899,\n    \"92\": 3.16912,\n    _: \"79 81 83 88 93\"\n  },\n  P: {\n    \"4\": 0.38514,\n    \"5.0-5.4\": 0.03132,\n    \"6.2-6.4\": 0.02058,\n    \"7.2-7.4\": 0.07286,\n    \"8.2\": 0.01041,\n    \"9.2\": 0.02082,\n    \"10.1\": 0.04164,\n    \"11.1-11.2\": 0.10409,\n    \"12.0\": 0.09368,\n    \"13.0\": 0.13532,\n    \"14.0\": 0.64536\n  },\n  I: {\n    \"0\": 0,\n    \"3\": 0,\n    \"4\": 0.00055,\n    \"2.1\": 0,\n    \"2.2\": 0,\n    \"2.3\": 0,\n    \"4.1\": 0.00781,\n    \"4.2-4.3\": 0.02889,\n    \"4.4\": 0,\n    \"4.4.3-4.4.4\": 0.15663\n  },\n  K: {\n    _: \"0 10 11 12 11.1 11.5 12.1\"\n  },\n  A: {\n    \"8\": 0.02549,\n    \"9\": 0.07648,\n    \"11\": 0.8158,\n    _: \"6 7 10 5.5\"\n  },\n  J: {\n    \"7\": 0,\n    \"10\": 0.04378\n  },\n  N: {\n    \"11\": 0.02439,\n    _: \"10\"\n  },\n  R: {\n    _: \"0\"\n  },\n  M: {\n    \"0\": 0.07505\n  },\n  Q: {\n    \"10.4\": 0.00625\n  },\n  O: {\n    \"0\": 0.94435\n  },\n  H: {\n    \"0\": 1.45062\n  },\n  L: {\n    \"0\": 62.71846\n  },\n  S: {\n    \"2.5\": 0.98188\n  }\n};","map":{"version":3,"sources":["C:/xampp/public_html/vamo/interface2/node_modules/caniuse-lite/data/regions/CG.js"],"names":["module","exports","C","_","D","F","G","E","B","P","I","K","A","J","N","R","M","Q","O","H","L","S"],"mappings":"AAAAA,MAAM,CAACC,OAAP,GAAe;AAACC,EAAAA,CAAC,EAAC;AAAC,UAAK,OAAN;AAAc,UAAK,OAAnB;AAA2B,UAAK,OAAhC;AAAwC,UAAK,OAA7C;AAAqD,UAAK,OAA1D;AAAkE,UAAK,OAAvE;AAA+E,UAAK,OAApF;AAA4F,UAAK,OAAjG;AAAyG,UAAK,OAA9G;AAAsH,UAAK,OAA3H;AAAmI,UAAK,OAAxI;AAAgJ,UAAK,OAArJ;AAA6J,UAAK,OAAlK;AAA0K,UAAK,OAA/K;AAAuL,UAAK,OAA5L;AAAoM,UAAK,OAAzM;AAAiN,UAAK,OAAtN;AAA8N,UAAK,OAAnO;AAA2O,UAAK,OAAhP;AAAwP,UAAK,OAA7P;AAAqQ,UAAK,OAA1Q;AAAkR,UAAK,OAAvR;AAA+RC,IAAAA,CAAC,EAAC;AAAjS,GAAH;AAAyfC,EAAAA,CAAC,EAAC;AAAC,UAAK,OAAN;AAAc,UAAK,OAAnB;AAA2B,UAAK,OAAhC;AAAwC,UAAK,OAA7C;AAAqD,UAAK,OAA1D;AAAkE,UAAK,OAAvE;AAA+E,UAAK,OAApF;AAA4F,UAAK,OAAjG;AAAyG,UAAK,OAA9G;AAAsH,UAAK,OAA3H;AAAmI,UAAK,OAAxI;AAAgJ,UAAK,OAArJ;AAA6J,UAAK,MAAlK;AAAyK,UAAK,OAA9K;AAAsL,UAAK,OAA3L;AAAmM,UAAK,OAAxM;AAAgN,UAAK,OAArN;AAA6N,UAAK,OAAlO;AAA0O,UAAK,OAA/O;AAAuP,UAAK,OAA5P;AAAoQ,UAAK,OAAzQ;AAAiR,UAAK,OAAtR;AAA8R,UAAK,OAAnS;AAA2S,UAAK,MAAhT;AAAuT,UAAK,MAA5T;AAAmU,UAAK,OAAxU;AAAgV,UAAK,OAArV;AAA6V,UAAK,QAAlW;AAA2WD,IAAAA,CAAC,EAAC;AAA7W,GAA3f;AAAqiCE,EAAAA,CAAC,EAAC;AAAC,UAAK,OAAN;AAAc,UAAK,OAAnB;AAA2B,UAAK,MAAhC;AAAuC,UAAK,OAA5C;AAAoD,UAAK,OAAzD;AAAiEF,IAAAA,CAAC,EAAC,qNAAnE;AAAyR,iBAAY,CAArS;AAAuS,YAAO;AAA9S,GAAviC;AAA81CG,EAAAA,CAAC,EAAC;AAAC,SAAI,OAAL;AAAa,WAAM,CAAnB;AAAqB,eAAU,CAA/B;AAAiC,eAAU,CAA3C;AAA6C,eAAU,OAAvD;AAA+D,eAAU,CAAzE;AAA2E,eAAU,OAArF;AAA6F,eAAU,OAAvG;AAA+G,eAAU,MAAzH;AAAgI,WAAM,OAAtI;AAA8I,iBAAY,OAA1J;AAAkK,YAAO,OAAzK;AAAiL,iBAAY,OAA7L;AAAqM,iBAAY,OAAjN;AAAyN,iBAAY,OAArO;AAA6O,iBAAY,OAAzP;AAAiQ,iBAAY,OAA7Q;AAAqR,YAAO,OAA5R;AAAoS,YAAO,OAA3S;AAAmT,iBAAY,OAA/T;AAAuU,iBAAY,OAAnV;AAA2V,iBAAY;AAAvW,GAAh2C;AAAgtDC,EAAAA,CAAC,EAAC;AAAC,SAAI,CAAL;AAAO,SAAI,OAAX;AAAmB,UAAK,OAAxB;AAAgC,UAAK,OAArC;AAA6C,UAAK,OAAlD;AAA0D,UAAK,OAA/D;AAAuEJ,IAAAA,CAAC,EAAC,0CAAzE;AAAoH,WAAM,OAA1H;AAAkI,YAAO,OAAzI;AAAiJ,YAAO,OAAxJ;AAAgK,YAAO,OAAvK;AAA+K,YAAO;AAAtL,GAAltD;AAAi5DK,EAAAA,CAAC,EAAC;AAAC,UAAK,MAAN;AAAa,UAAK,OAAlB;AAA0B,UAAK,OAA/B;AAAuC,UAAK,OAA5C;AAAoD,UAAK,OAAzD;AAAiE,UAAK,OAAtE;AAA8E,UAAK,OAAnF;AAA2F,UAAK,OAAhG;AAAwG,UAAK,OAA7G;AAAqH,UAAK,OAA1H;AAAkI,UAAK,OAAvI;AAA+I,UAAK,OAApJ;AAA4J,UAAK,OAAjK;AAAyK,UAAK,OAA9K;AAAsL,UAAK,MAA3L;AAAkM,UAAK,OAAvM;AAA+ML,IAAAA,CAAC,EAAC;AAAjN,GAAn5D;AAAsnEM,EAAAA,CAAC,EAAC;AAAC,SAAI,OAAL;AAAa,eAAU,OAAvB;AAA+B,eAAU,OAAzC;AAAiD,eAAU,OAA3D;AAAmE,WAAM,OAAzE;AAAiF,WAAM,OAAvF;AAA+F,YAAO,OAAtG;AAA8G,iBAAY,OAA1H;AAAkI,YAAO,OAAzI;AAAiJ,YAAO,OAAxJ;AAAgK,YAAO;AAAvK,GAAxnE;AAAwyEC,EAAAA,CAAC,EAAC;AAAC,SAAI,CAAL;AAAO,SAAI,CAAX;AAAa,SAAI,OAAjB;AAAyB,WAAM,CAA/B;AAAiC,WAAM,CAAvC;AAAyC,WAAM,CAA/C;AAAiD,WAAM,OAAvD;AAA+D,eAAU,OAAzE;AAAiF,WAAM,CAAvF;AAAyF,mBAAc;AAAvG,GAA1yE;AAA05EC,EAAAA,CAAC,EAAC;AAACR,IAAAA,CAAC,EAAC;AAAH,GAA55E;AAA47ES,EAAAA,CAAC,EAAC;AAAC,SAAI,OAAL;AAAa,SAAI,OAAjB;AAAyB,UAAK,MAA9B;AAAqCT,IAAAA,CAAC,EAAC;AAAvC,GAA97E;AAAm/EU,EAAAA,CAAC,EAAC;AAAC,SAAI,CAAL;AAAO,UAAK;AAAZ,GAAr/E;AAA0gFC,EAAAA,CAAC,EAAC;AAAC,UAAK,OAAN;AAAcX,IAAAA,CAAC,EAAC;AAAhB,GAA5gF;AAAkiFY,EAAAA,CAAC,EAAC;AAACZ,IAAAA,CAAC,EAAC;AAAH,GAApiF;AAA4iFa,EAAAA,CAAC,EAAC;AAAC,SAAI;AAAL,GAA9iF;AAA4jFC,EAAAA,CAAC,EAAC;AAAC,YAAO;AAAR,GAA9jF;AAA+kFC,EAAAA,CAAC,EAAC;AAAC,SAAI;AAAL,GAAjlF;AAA+lFC,EAAAA,CAAC,EAAC;AAAC,SAAI;AAAL,GAAjmF;AAA+mFC,EAAAA,CAAC,EAAC;AAAC,SAAI;AAAL,GAAjnF;AAAgoFC,EAAAA,CAAC,EAAC;AAAC,WAAM;AAAP;AAAloF,CAAf",