{"ast":null,"code":"module.exports = {\n  C: {\n    \"85\": 0.50744,\n    \"90\": 1.01489,\n    _: \"2 3 4 5 6 7 8 9 10 11 12 13 14 15 16 17 18 19 20 21 22 23 24 25 26 27 28 29 30 31 32 33 34 35 36 37 38 39 40 41 42 43 44 45 46 47 48 49 50 51 52 53 54 55 56 57 58 59 60 61 62 63 64 65 66 67 68 69 70 71 72 73 74 75 76 77 78 79 80 81 82 83 84 86 87 88 89 91 92 93 3.5 3.6\"\n  },\n  D: {\n    \"81\": 7.61425,\n    \"86\": 0.50744,\n    \"87\": 0.50744,\n    \"88\": 1.52233,\n    \"92\": 8.62914,\n    _: \"4 5 6 7 8 9 10 11 12 13 14 15 16 17 18 19 20 21 22 23 24 25 26 27 28 29 30 31 32 33 34 35 36 37 38 39 40 41 42 43 44 45 46 47 48 49 50 51 52 53 54 55 56 57 58 59 60 61 62 63 64 65 66 67 68 69 70 71 72 73 74 75 76 77 78 79 80 83 84 85 89 90 91 93 94 95 96\"\n  },\n  F: {\n    \"78\": 0.50744,\n    _: \"9 11 12 15 16 17 18 19 20 21 22 23 24 25 26 27 28 29 30 31 32 33 34 35 36 37 38 39 40 41 42 43 44 45 46 47 48 49 50 51 52 53 54 55 56 57 58 60 62 63 64 65 66 67 68 69 70 71 72 73 74 75 76 77 9.5-9.6 10.5 10.6 11.1 11.5 11.6 12.1\",\n    \"10.0-10.1\": 0\n  },\n  G: {\n    \"8\": 0,\n    \"3.2\": 0,\n    \"4.0-4.1\": 0,\n    \"4.2-4.3\": 0,\n    \"5.0-5.1\": 0,\n    \"6.0-6.1\": 0,\n    \"7.0-7.1\": 0,\n    \"8.1-8.4\": 0,\n    \"9.0-9.2\": 0,\n    \"9.3\": 0,\n    \"10.0-10.2\": 0,\n    \"10.3\": 0,\n    \"11.0-11.2\": 0,\n    \"11.3-11.4\": 0,\n    \"12.0-12.1\": 0.16769,\n    \"12.2-12.4\": 9.71868,\n    \"13.0-13.1\": 0,\n    \"13.2\": 0,\n    \"13.3\": 0.16769,\n    \"13.4-13.7\": 0,\n    \"14.0-14.4\": 0,\n    \"14.5-14.7\": 2.01105\n  },\n  E: {\n    \"4\": 0,\n    _: \"0 5 6 7 8 9 10 11 12 13 14 15 3.1 3.2 5.1 6.1 7.1 9.1 10.1 11.1 12.1 14.1\",\n    \"13.1\": 0.50744\n  },\n  B: {\n    \"88\": 1.01489,\n    \"92\": 3.5547,\n    _: \"12 13 14 15 16 17 18 79 80 81 83 84 85 86 87 89 90 91 93\"\n  },\n  P: {\n    \"4\": 0.70482,\n    \"5.0-5.4\": 0.06129,\n    \"6.2-6.4\": 0.06129,\n    \"7.2-7.4\": 0.24516,\n    \"8.2\": 0.02043,\n    \"9.2\": 0.14301,\n    \"10.1\": 0.06129,\n    \"11.1-11.2\": 0.32687,\n    \"12.0\": 0.04086,\n    \"13.0\": 5.16917,\n    \"14.0\": 5.16917\n  },\n  I: {\n    \"0\": 0,\n    \"3\": 0,\n    \"4\": 0,\n    \"2.1\": 0,\n    \"2.2\": 0,\n    \"2.3\": 0,\n    \"4.1\": 0,\n    \"4.2-4.3\": 0,\n    \"4.4\": 0,\n    \"4.4.3-4.4.4\": 0\n  },\n  K: {\n    _: \"0 10 11 12 11.1 11.5 12.1\"\n  },\n  A: {\n    _: \"6 7 8 9 10 11 5.5\"\n  },\n  J: {\n    \"7\": 0,\n    \"10\": 0\n  },\n  N: {\n    \"11\": 0.01983,\n    _: \"10\"\n  },\n  R: {\n    _: \"0\"\n  },\n  M: {\n    \"0\": 0\n  },\n  Q: {\n    \"10.4\": 0\n  },\n  O: {\n    \"0\": 0\n  },\n  H: {\n    \"0\": 0\n  },\n  L: {\n    \"0\": 51.70655\n  },\n  S: {\n    \"2.5\": 0\n  }\n};","map":{"version":3,"sources":["C:/xampp/public_html/vamo/interface2/node_modules/caniuse-lite/data/regions/TK.js"],"names":["module","exports","C","_","D","F","G","E","B","P","I","K","A","J","N","R","M","Q","O","H","L","S"],"mappings":"AAAAA,MAAM,CAACC,OAAP,GAAe;AAACC,EAAAA,CAAC,EAAC;AAAC,UAAK,OAAN;AAAc,UAAK,OAAnB;AAA2BC,IAAAA,CAAC,EAAC;AAA7B,GAAH;AAAiTC,EAAAA,CAAC,EAAC;AAAC,UAAK,OAAN;AAAc,UAAK,OAAnB;AAA2B,UAAK,OAAhC;AAAwC,UAAK,OAA7C;AAAqD,UAAK,OAA1D;AAAkED,IAAAA,CAAC,EAAC;AAApE,GAAnT;AAAynBE,EAAAA,CAAC,EAAC;AAAC,UAAK,OAAN;AAAcF,IAAAA,CAAC,EAAC,sOAAhB;AAAuP,iBAAY;AAAnQ,GAA3nB;AAAi4BG,EAAAA,CAAC,EAAC;AAAC,SAAI,CAAL;AAAO,WAAM,CAAb;AAAe,eAAU,CAAzB;AAA2B,eAAU,CAArC;AAAuC,eAAU,CAAjD;AAAmD,eAAU,CAA7D;AAA+D,eAAU,CAAzE;AAA2E,eAAU,CAArF;AAAuF,eAAU,CAAjG;AAAmG,WAAM,CAAzG;AAA2G,iBAAY,CAAvH;AAAyH,YAAO,CAAhI;AAAkI,iBAAY,CAA9I;AAAgJ,iBAAY,CAA5J;AAA8J,iBAAY,OAA1K;AAAkL,iBAAY,OAA9L;AAAsM,iBAAY,CAAlN;AAAoN,YAAO,CAA3N;AAA6N,YAAO,OAApO;AAA4O,iBAAY,CAAxP;AAA0P,iBAAY,CAAtQ;AAAwQ,iBAAY;AAApR,GAAn4B;AAAgqCC,EAAAA,CAAC,EAAC;AAAC,SAAI,CAAL;AAAOJ,IAAAA,CAAC,EAAC,2EAAT;AAAqF,YAAO;AAA5F,GAAlqC;AAAuwCK,EAAAA,CAAC,EAAC;AAAC,UAAK,OAAN;AAAc,UAAK,MAAnB;AAA0BL,IAAAA,CAAC,EAAC;AAA5B,GAAzwC;AAAi2CM,EAAAA,CAAC,EAAC;AAAC,SAAI,OAAL;AAAa,eAAU,OAAvB;AAA+B,eAAU,OAAzC;AAAiD,eAAU,OAA3D;AAAmE,WAAM,OAAzE;AAAiF,WAAM,OAAvF;AAA+F,YAAO,OAAtG;AAA8G,iBAAY,OAA1H;AAAkI,YAAO,OAAzI;AAAiJ,YAAO,OAAxJ;AAAgK,YAAO;AAAvK,GAAn2C;AAAmhDC,EAAAA,CAAC,EAAC;AAAC,SAAI,CAAL;AAAO,SAAI,CAAX;AAAa,SAAI,CAAjB;AAAmB,WAAM,CAAzB;AAA2B,WAAM,CAAjC;AAAmC,WAAM,CAAzC;AAA2C,WAAM,CAAjD;AAAmD,eAAU,CAA7D;AAA+D,WAAM,CAArE;AAAuE,mBAAc;AAArF,GAArhD;AAA6mDC,EAAAA,CAAC,EAAC;AAACR,IAAAA,CAAC,EAAC;AAAH,GAA/mD;AAA+oDS,EAAAA,CAAC,EAAC;AAACT,IAAAA,CAAC,EAAC;AAAH,GAAjpD;AAAyqDU,EAAAA,CAAC,EAAC;AAAC,SAAI,CAAL;AAAO,UAAK;AAAZ,GAA3qD;AAA0rDC,EAAAA,CAAC,EAAC;AAAC,UAAK,OAAN;AAAcX,IAAAA,CAAC,EAAC;AAAhB,GAA5rD;AAAktDY,EAAAA,CAAC,EAAC;AAACZ,IAAAA,CAAC,EAAC;AAAH,GAAptD;AAA4tDa,EAAAA,CAAC,EAAC;AAAC,SAAI;AAAL,GAA9tD;AAAsuDC,EAAAA,CAAC,EAAC;AAAC,YAAO;AAAR,GAAxuD;AAAmvDC,EAAAA,CAAC,EAAC;AAAC,SAAI;AAAL,GAArvD;AAA6vDC,EAAAA,CAAC,EAAC;AAAC,SAAI;AAAL,GAA/vD;AAAuwDC,EAAAA,CAAC,EAAC;AAAC,SAAI;AAAL,GAAzwD;AAAwxDC,EAAAA,CAAC,EAAC;AAAC,WAAM;AAAP;AAA1xD,CAAf","sourcesContent":["module.exports={C:{\"85\":0.50744,\"90\":1.01489,_:\"2 3 4 5 6 7 8 9 10 11 12 13 14 15 16 17 18 19 20 21 22 23 24 25 26 27 28 29 30 31 32 33 34 35 36 37 38 39 40 41 42 43 44 45 46 47 48 49 50 51 52 53 54 55 56 57 58 59 60 61 62 63 64 65 66 67 68 69 70 71 72 73 74 75 76 77 78 79 80 81 82 83 84 86 87 88 89 91 92 93 3.5 3.6\"},D:{\"81\":7.61425,\"86\":0.50744,\"87\":0.50744,\"88\":1.52233,\"92\":8.62914,_:\"4 5 6 7 8 9 10 11 12 13 14 15 16 17 18 19 20 21 22 23 24 25 26 27 28 29 30 31 32 33 34 35 36 37 38 39 40 41 42 43 44 45 46 47 48 49 50 51 52 53 54 55 56 57 58 59 60 61 62 63 64 65 66 67 68 69 70 71 72 73 74 75 76 77 78 79 80 83 84 85 89 90 91 93 94 95 96\"},F:{\"78\":0.50744,_:\"9 11 12 15 16 17 18 19 20 21 22 23 24 25 26 27 28 29 30 31 32 33 34 35 36 37 38 39 40 41 42 43 44 45 46 47 48 49 50 51 52 53 54 55 56 57 58 60 62 63 64 65 66 67 68 69 70 71 72 73 74 75 76 77 9.5-9.6 10.5 10.6 11.1 11.5 11.6 12.1\",\"10.0-10.1\":0},G:{\"8\":0,\"3.2\":0,\"4.0-4.1\":0,\"4.2-4.3\":0,\"5.0-5.1\":0,\"6.0-6.1\":0,\"7.0-7.1\":0,\"8.1-8.4\":0,\"9.0-9.2\":0,\"9.3\":0,\"10.0-10.2\":0,\"10.3\":0,\"11.0-11.2\":0,\"11.3-11.4\":0,\"12.0-12.1\":0.16769,\"12.2-12.4\":9.71868,\"13.0-13.1\":0,\"13.2\":0,\"13.3\":0.16769,\"13.4-13.7\":0,\"14.0-14.4\":0,\"14.5-14.7\":2.01105},E:{\"4\":0,_:\"0 5 6 7 8 9 10 11 12 13 14 15 3.1 3.2 5.1 6.1 7.1 9.1 10.1 11.1 12.1 14.1\",\"13.1\":0.50744},B:{\"88\":1.01489,\"92\":3.5547,_:\"12 13 14 15 16 17 18 79 80 81 83 84 85 86 87 89 90 91 93\"},P:{\"4\":0.70482,\"5.0-5.4\":0.06129,\"6.2-6.4\":0.06129,\"7.2-7.4\":0.24516,\"8.2\":0.02043,\"9.2\":0.14301,\"10.1\":0.06129,\"11.1-11.2\":0.32687,\"12.0\":0.04086,\"13.0\":5.16917,\"14.0\":5.16917},I:{\"0\":0,\"3\":0,\"4\":0,\"2.1\":0,\"2.2\":0,\"2.3\":0,\"4.1\":0,\"4.2-4.3\":0,\"4.4\":0,\"4.4.3-4.4.4\":0},K:{_:\"0 10 11 12 11.1 11.5 12.1\"},A:{_:\"6 7 8 9 10 11 5.5\"},J:{\"7\":0,\"10\":0},N:{\"11\":0.01983,_:\"10\"},R:{_:\"0\"},M:{\"0\":0},Q:{\"10.4\":0},O:{\"0\":0},H:{\"0\":0},L:{\"0\":51.70655},S:{\"2.5\":0}};\n"]},"metadata":{},"sourceType":"script"}