{"ast":null,"code":"module.exports = {\n  C: {\n    \"2\": 0,\n    \"3\": 0,\n    \"4\": 0,\n    \"5\": 0,\n    \"6\": 0,\n    \"7\": 0,\n    \"8\": 0,\n    \"9\": 0,\n    \"10\": 0,\n    \"11\": 0,\n    \"12\": 0,\n    \"13\": 0,\n    \"14\": 0,\n    \"15\": 0.00395,\n    \"16\": 0,\n    \"17\": 0,\n    \"18\": 0,\n    \"19\": 0,\n    \"20\": 0,\n    \"21\": 0,\n    \"22\": 0,\n    \"23\": 0,\n    \"24\": 0,\n    \"25\": 0,\n    \"26\": 0,\n    \"27\": 0,\n    \"28\": 0,\n    \"29\": 0,\n    \"30\": 0,\n    \"31\": 0,\n    \"32\": 0,\n    \"33\": 0.00395,\n    \"34\": 0,\n    \"35\": 0,\n    \"36\": 0.00395,\n    \"37\": 0,\n    \"38\": 0.00395,\n    \"39\": 0,\n    \"40\": 0.00395,\n    \"41\": 0,\n    \"42\": 0,\n    \"43\": 0.00395,\n    \"44\": 0,\n    \"45\": 0,\n    \"46\": 0,\n    \"47\": 0.00789,\n    \"48\": 0.01184,\n    \"49\": 0,\n    \"50\": 0,\n    \"51\": 0,\n    \"52\": 0.06707,\n    \"53\": 0,\n    \"54\": 0,\n    \"55\": 0.00395,\n    \"56\": 0.00395,\n    \"57\": 0,\n    \"58\": 0,\n    \"59\": 0,\n    \"60\": 0,\n    \"61\": 0,\n    \"62\": 0,\n    \"63\": 0,\n    \"64\": 0,\n    \"65\": 0.00395,\n    \"66\": 0,\n    \"67\": 0,\n    \"68\": 0.00789,\n    \"69\": 0,\n    \"70\": 0,\n    \"71\": 0,\n    \"72\": 0.00395,\n    \"73\": 0,\n    \"74\": 0,\n    \"75\": 0,\n    \"76\": 0.00395,\n    \"77\": 0,\n    \"78\": 0.03551,\n    \"79\": 0.00395,\n    \"80\": 0.00395,\n    \"81\": 0.00395,\n    \"82\": 0.00395,\n    \"83\": 0.00395,\n    \"84\": 0.0434,\n    \"85\": 0.00395,\n    \"86\": 0.00395,\n    \"87\": 0.00395,\n    \"88\": 0.03156,\n    \"89\": 0.07496,\n    \"90\": 0.43395,\n    \"91\": 0.59964,\n    \"92\": 0.01184,\n    \"93\": 0,\n    \"3.5\": 0,\n    \"3.6\": 0\n  },\n  D: {\n    \"4\": 0,\n    \"5\": 0,\n    \"6\": 0,\n    \"7\": 0,\n    \"8\": 0,\n    \"9\": 0,\n    \"10\": 0,\n    \"11\": 0,\n    \"12\": 0,\n    \"13\": 0,\n    \"14\": 0,\n    \"15\": 0,\n    \"16\": 0,\n    \"17\": 0,\n    \"18\": 0,\n    \"19\": 0,\n    \"20\": 0,\n    \"21\": 0,\n    \"22\": 0.00395,\n    \"23\": 0,\n    \"24\": 0,\n    \"25\": 0,\n    \"26\": 0.00395,\n    \"27\": 0,\n    \"28\": 0,\n    \"29\": 0,\n    \"30\": 0.00395,\n    \"31\": 0.00395,\n    \"32\": 0,\n    \"33\": 0.00789,\n    \"34\": 0.00395,\n    \"35\": 0,\n    \"36\": 0,\n    \"37\": 0,\n    \"38\": 0.00789,\n    \"39\": 0.00395,\n    \"40\": 0.01184,\n    \"41\": 0,\n    \"42\": 0.00395,\n    \"43\": 0.07101,\n    \"44\": 0,\n    \"45\": 0,\n    \"46\": 0,\n    \"47\": 0.00395,\n    \"48\": 0,\n    \"49\": 0.17753,\n    \"50\": 0.00789,\n    \"51\": 0.00395,\n    \"52\": 0.00395,\n    \"53\": 0.00395,\n    \"54\": 0.00395,\n    \"55\": 0.00789,\n    \"56\": 0.01184,\n    \"57\": 0.00395,\n    \"58\": 0.01184,\n    \"59\": 0,\n    \"60\": 0.00789,\n    \"61\": 0.02762,\n    \"62\": 0.00395,\n    \"63\": 0.03551,\n    \"64\": 0.00395,\n    \"65\": 0.00395,\n    \"66\": 0,\n    \"67\": 0.00395,\n    \"68\": 0.00789,\n    \"69\": 0.01578,\n    \"70\": 0.00789,\n    \"71\": 0.00789,\n    \"72\": 0.00395,\n    \"73\": 0.00395,\n    \"74\": 0.01184,\n    \"75\": 0.00789,\n    \"76\": 0.00789,\n    \"77\": 0.01184,\n    \"78\": 0.00789,\n    \"79\": 0.04734,\n    \"80\": 0.01973,\n    \"81\": 0.07496,\n    \"83\": 0.01973,\n    \"84\": 0.01973,\n    \"85\": 0.03156,\n    \"86\": 0.06312,\n    \"87\": 0.27615,\n    \"88\": 0.03945,\n    \"89\": 0.05129,\n    \"90\": 0.10652,\n    \"91\": 0.40634,\n    \"92\": 9.05772,\n    \"93\": 0.00789,\n    \"94\": 0.00789,\n    \"95\": 0.00395,\n    \"96\": 0\n  },\n  F: {\n    \"9\": 0,\n    \"11\": 0,\n    \"12\": 0,\n    \"15\": 0,\n    \"16\": 0,\n    \"17\": 0,\n    \"18\": 0,\n    \"19\": 0,\n    \"20\": 0,\n    \"21\": 0,\n    \"22\": 0,\n    \"23\": 0,\n    \"24\": 0,\n    \"25\": 0,\n    \"26\": 0,\n    \"27\": 0,\n    \"28\": 0.00789,\n    \"29\": 0,\n    \"30\": 0,\n    \"31\": 0,\n    \"32\": 0,\n    \"33\": 0,\n    \"34\": 0,\n    \"35\": 0,\n    \"36\": 0,\n    \"37\": 0.00395,\n    \"38\": 0,\n    \"39\": 0,\n    \"40\": 0,\n    \"41\": 0,\n    \"42\": 0,\n    \"43\": 0,\n    \"44\": 0,\n    \"45\": 0,\n    \"46\": 0,\n    \"47\": 0,\n    \"48\": 0,\n    \"49\": 0,\n    \"50\": 0,\n    \"51\": 0.00395,\n    \"52\": 0,\n    \"53\": 0,\n    \"54\": 0.00395,\n    \"55\": 0,\n    \"56\": 0,\n    \"57\": 0.00395,\n    \"58\": 0.03945,\n    \"60\": 0,\n    \"62\": 0,\n    \"63\": 0,\n    \"64\": 0,\n    \"65\": 0.00395,\n    \"66\": 0,\n    \"67\": 0,\n    \"68\": 0,\n    \"69\": 0,\n    \"70\": 0,\n    \"71\": 0,\n    \"72\": 0,\n    \"73\": 0,\n    \"74\": 0,\n    \"75\": 0,\n    \"76\": 0.00395,\n    \"77\": 0.46157,\n    \"78\": 0.41028,\n    \"9.5-9.6\": 0,\n    \"10.0-10.1\": 0,\n    \"10.5\": 0,\n    \"10.6\": 0,\n    \"11.1\": 0,\n    \"11.5\": 0,\n    \"11.6\": 0,\n    \"12.1\": 0.00395\n  },\n  G: {\n    \"8\": 0.00169,\n    \"3.2\": 0.00237,\n    \"4.0-4.1\": 0,\n    \"4.2-4.3\": 0.01622,\n    \"5.0-5.1\": 0.01927,\n    \"6.0-6.1\": 0.00777,\n    \"7.0-7.1\": 0.08754,\n    \"8.1-8.4\": 0.00439,\n    \"9.0-9.2\": 0.00439,\n    \"9.3\": 0.12168,\n    \"10.0-10.2\": 0.00338,\n    \"10.3\": 0.08011,\n    \"11.0-11.2\": 0.01318,\n    \"11.3-11.4\": 0.03786,\n    \"12.0-12.1\": 0.0267,\n    \"12.2-12.4\": 0.06253,\n    \"13.0-13.1\": 0.01521,\n    \"13.2\": 0.00879,\n    \"13.3\": 0.07301,\n    \"13.4-13.7\": 0.23187,\n    \"14.0-14.4\": 0.55432,\n    \"14.5-14.7\": 1.75185\n  },\n  E: {\n    \"4\": 0,\n    \"5\": 0,\n    \"6\": 0,\n    \"7\": 0,\n    \"8\": 0,\n    \"9\": 0,\n    \"10\": 0,\n    \"11\": 0,\n    \"12\": 0,\n    \"13\": 0.03945,\n    \"14\": 0.02367,\n    \"15\": 0,\n    _: \"0\",\n    \"3.1\": 0,\n    \"3.2\": 0,\n    \"5.1\": 0.02367,\n    \"6.1\": 0,\n    \"7.1\": 0,\n    \"9.1\": 0,\n    \"10.1\": 0,\n    \"11.1\": 0.00395,\n    \"12.1\": 0.00789,\n    \"13.1\": 0.01578,\n    \"14.1\": 0.04734\n  },\n  B: {\n    \"12\": 0.00395,\n    \"13\": 0.00395,\n    \"14\": 0.00395,\n    \"15\": 0.00395,\n    \"16\": 0.00395,\n    \"17\": 0.00395,\n    \"18\": 0.02762,\n    \"79\": 0,\n    \"80\": 0,\n    \"81\": 0,\n    \"83\": 0,\n    \"84\": 0.00395,\n    \"85\": 0.00395,\n    \"86\": 0,\n    \"87\": 0,\n    \"88\": 0,\n    \"89\": 0.00789,\n    \"90\": 0.00395,\n    \"91\": 0.02367,\n    \"92\": 0.57597,\n    \"93\": 0\n  },\n  P: {\n    \"4\": 0.16298,\n    \"5.0-5.4\": 0.01019,\n    \"6.2-6.4\": 0.01019,\n    \"7.2-7.4\": 0.16298,\n    \"8.2\": 0.01019,\n    \"9.2\": 0.0713,\n    \"10.1\": 0.02037,\n    \"11.1-11.2\": 0.15279,\n    \"12.0\": 0.0713,\n    \"13.0\": 0.20372,\n    \"14.0\": 1.25288\n  },\n  I: {\n    \"0\": 0,\n    \"3\": 0,\n    \"4\": 0.00442,\n    \"2.1\": 0,\n    \"2.2\": 0,\n    \"2.3\": 0,\n    \"4.1\": 0.01216,\n    \"4.2-4.3\": 0.03648,\n    \"4.4\": 0,\n    \"4.4.3-4.4.4\": 0.23657\n  },\n  K: {\n    _: \"0 10 11 12 11.1 11.5 12.1\"\n  },\n  A: {\n    \"6\": 0,\n    \"7\": 0,\n    \"8\": 0,\n    \"9\": 0.00958,\n    \"10\": 0,\n    \"11\": 0.12455,\n    \"5.5\": 0\n  },\n  J: {\n    \"7\": 0,\n    \"10\": 0.00606\n  },\n  N: {\n    \"10\": 0,\n    \"11\": 0\n  },\n  R: {\n    _: \"0\"\n  },\n  M: {\n    \"0\": 0.13927\n  },\n  Q: {\n    \"10.4\": 0.01211\n  },\n  O: {\n    \"0\": 0.57523\n  },\n  H: {\n    \"0\": 0.6535\n  },\n  L: {\n    \"0\": 77.24627\n  },\n  S: {\n    \"2.5\": 0\n  }\n};","map":{"version":3,"sources":["C:/xampp/public_html/vamo/interface2/node_modules/caniuse-lite/data/regions/DZ.js"],"names":["module","exports","C","D","F","G","E","_","B","P","I","K","A","J","N","R","M","Q","O","H","L","S"],