{"ast":null,"code":"module.exports = {\n  C: {\n    \"2\": 0,\n    \"3\": 0,\n    \"4\": 0.00575,\n    \"5\": 0.00575,\n    \"6\": 0,\n    \"7\": 0,\n    \"8\": 0,\n    \"9\": 0,\n    \"10\": 0,\n    \"11\": 0,\n    \"12\": 0,\n    \"13\": 0,\n    \"14\": 0,\n    \"15\": 0.00575,\n    \"16\": 0,\n    \"17\": 0.00575,\n    \"18\": 0,\n    \"19\": 0,\n    \"20\": 0,\n    \"21\": 0,\n    \"22\": 0,\n    \"23\": 0,\n    \"24\": 0,\n    \"25\": 0,\n    \"26\": 0,\n    \"27\": 0,\n    \"28\": 0,\n    \"29\": 0,\n    \"30\": 0,\n    \"31\": 0,\n    \"32\": 0,\n    \"33\": 0,\n    \"34\": 0,\n    \"35\": 0.00575,\n    \"36\": 0.00575,\n    \"37\": 0,\n    \"38\": 0,\n    \"39\": 0,\n    \"40\": 0,\n    \"41\": 0,\n    \"42\": 0,\n    \"43\": 0,\n    \"44\": 0,\n    \"45\": 0,\n    \"46\": 0,\n    \"47\": 0.00575,\n    \"48\": 0,\n    \"49\": 0,\n    \"50\": 0,\n    \"51\": 0.00575,\n    \"52\": 0.01724,\n    \"53\": 0,\n    \"54\": 0,\n    \"55\": 0,\n    \"56\": 0.00575,\n    \"57\": 0,\n    \"58\": 0,\n    \"59\": 0,\n    \"60\": 0.00575,\n    \"61\": 0.00575,\n    \"62\": 0,\n    \"63\": 0.00575,\n    \"64\": 0,\n    \"65\": 0,\n    \"66\": 0.03449,\n    \"67\": 0,\n    \"68\": 0.00575,\n    \"69\": 0,\n    \"70\": 0,\n    \"71\": 0,\n    \"72\": 0.0115,\n    \"73\": 0.0115,\n    \"74\": 0,\n    \"75\": 0,\n    \"76\": 0.00575,\n    \"77\": 0,\n    \"78\": 0.05173,\n    \"79\": 0.00575,\n    \"80\": 0,\n    \"81\": 0.00575,\n    \"82\": 0.00575,\n    \"83\": 0.00575,\n    \"84\": 0.0115,\n    \"85\": 0.00575,\n    \"86\": 0.00575,\n    \"87\": 0.0115,\n    \"88\": 0.10921,\n    \"89\": 0.06898,\n    \"90\": 0.82771,\n    \"91\": 1.27606,\n    \"92\": 0.00575,\n    \"93\": 0,\n    \"3.5\": 0,\n    \"3.6\": 0\n  },\n  D: {\n    \"4\": 0,\n    \"5\": 0,\n    \"6\": 0,\n    \"7\": 0,\n    \"8\": 0,\n    \"9\": 0,\n    \"10\": 0,\n    \"11\": 0,\n    \"12\": 0,\n    \"13\": 0,\n    \"14\": 0,\n    \"15\": 0,\n    \"16\": 0,\n    \"17\": 0,\n    \"18\": 0,\n    \"19\": 0,\n    \"20\": 0,\n    \"21\": 0,\n    \"22\": 0.00575,\n    \"23\": 0.00575,\n    \"24\": 0.0115,\n    \"25\": 0.00575,\n    \"26\": 0,\n    \"27\": 0,\n    \"28\": 0,\n    \"29\": 0,\n    \"30\": 0,\n    \"31\": 0,\n    \"32\": 0,\n    \"33\": 0,\n    \"34\": 0,\n    \"35\": 0,\n    \"36\": 0,\n    \"37\": 0,\n    \"38\": 0.02299,\n    \"39\": 0,\n    \"40\": 0,\n    \"41\": 0,\n    \"42\": 0,\n    \"43\": 0,\n    \"44\": 0,\n    \"45\": 0,\n    \"46\": 0,\n    \"47\": 0.0115,\n    \"48\": 0.00575,\n    \"49\": 0.08622,\n    \"50\": 0,\n    \"51\": 0,\n    \"52\": 0,\n    \"53\": 0.00575,\n    \"54\": 0,\n    \"55\": 0.02299,\n    \"56\": 0.00575,\n    \"57\": 0,\n    \"58\": 0,\n    \"59\": 0.00575,\n    \"60\": 0,\n    \"61\": 0.10921,\n    \"62\": 0.00575,\n    \"63\": 0.08622,\n    \"64\": 0.00575,\n    \"65\": 0.0115,\n    \"66\": 0.00575,\n    \"67\": 0.00575,\n    \"68\": 0.00575,\n    \"69\": 0.00575,\n    \"70\": 0.00575,\n    \"71\": 0.00575,\n    \"72\": 0.00575,\n    \"73\": 0.00575,\n    \"74\": 0.01724,\n    \"75\": 0.02299,\n    \"76\": 0.01724,\n    \"77\": 0.0115,\n    \"78\": 0.01724,\n    \"79\": 0.06898,\n    \"80\": 0.02299,\n    \"81\": 0.02874,\n    \"83\": 0.02299,\n    \"84\": 0.01724,\n    \"85\": 0.02299,\n    \"86\": 0.04598,\n    \"87\": 0.17244,\n    \"88\": 0.03449,\n    \"89\": 0.04598,\n    \"90\": 0.11496,\n    \"91\": 0.87944,\n    \"92\": 23.5783,\n    \"93\": 0.01724,\n    \"94\": 0.00575,\n    \"95\": 0,\n    \"96\": 0\n  },\n  F: {\n    \"9\": 0,\n    \"11\": 0,\n    \"12\": 0,\n    \"15\": 0,\n    \"16\": 0,\n    \"17\": 0,\n    \"18\": 0,\n    \"19\": 0,\n    \"20\": 0,\n    \"21\": 0,\n    \"22\": 0,\n    \"23\": 0,\n    \"24\": 0,\n    \"25\": 0,\n    \"26\": 0,\n    \"27\": 0,\n    \"28\": 0,\n    \"29\": 0,\n    \"30\": 0,\n    \"31\": 0,\n    \"32\": 0,\n    \"33\": 0,\n    \"34\": 0,\n    \"35\": 0,\n    \"36\": 0,\n    \"37\": 0,\n    \"38\": 0,\n    \"39\": 0,\n    \"40\": 0,\n    \"41\": 0,\n    \"42\": 0,\n    \"43\": 0,\n    \"44\": 0,\n    \"45\": 0,\n    \"46\": 0,\n    \"47\": 0,\n    \"48\": 0,\n    \"49\": 0,\n    \"50\": 0,\n    \"51\": 0,\n    \"52\": 0,\n    \"53\": 0,\n    \"54\": 0,\n    \"55\": 0,\n    \"56\": 0,\n    \"57\": 0,\n    \"58\": 0.0115,\n    \"60\": 0,\n    \"62\": 0,\n    \"63\": 0,\n    \"64\": 0,\n    \"65\": 0,\n    \"66\": 0,\n    \"67\": 0,\n    \"68\": 0,\n    \"69\": 0,\n    \"70\": 0,\n    \"71\": 0,\n    \"72\": 0,\n    \"73\": 0,\n    \"74\": 0,\n    \"75\": 0,\n    \"76\": 0,\n    \"77\": 0.60929,\n    \"78\": 0.61504,\n    \"9.5-9.6\": 0,\n    \"10.0-10.1\": 0,\n    \"10.5\": 0,\n    \"10.6\": 0,\n    \"11.1\": 0,\n    \"11.5\": 0,\n    \"11.6\": 0,\n    \"12.1\": 0\n  },\n  G: {\n    \"8\": 0.00241,\n    \"3.2\": 0,\n    \"4.0-4.1\": 0,\n    \"4.2-4.3\": 0,\n    \"5.0-5.1\": 0.0281,\n    \"6.0-6.1\": 0.03132,\n    \"7.0-7.1\": 0.01445,\n    \"8.1-8.4\": 0,\n    \"9.0-9.2\": 0.00241,\n    \"9.3\": 0.07146,\n    \"10.0-10.2\": 0.00401,\n    \"10.3\": 0.09314,\n    \"11.0-11.2\": 0.0265,\n    \"11.3-11.4\": 0.01927,\n    \"12.0-12.1\": 0.01285,\n    \"12.2-12.4\": 0.06343,\n    \"13.0-13.1\": 0.01285,\n    \"13.2\": 0.00723,\n    \"13.3\": 0.04657,\n    \"13.4-13.7\": 0.18468,\n    \"14.0-14.4\": 0.76843,\n    \"14.5-14.7\": 6.09767\n  },\n  E: {\n    \"4\": 0,\n    \"5\": 0,\n    \"6\": 0,\n    \"7\": 0,\n    \"8\": 0,\n    \"9\": 0,\n    \"10\": 0,\n    \"11\": 0,\n    \"12\": 0.00575,\n    \"13\": 0.01724,\n    \"14\": 0.13795,\n    \"15\": 0.00575,\n    _: \"0\",\n    \"3.1\": 0,\n    \"3.2\": 0,\n    \"5.1\": 0.09772,\n    \"6.1\": 0,\n    \"7.1\": 0,\n    \"9.1\": 0,\n    \"10.1\": 0,\n    \"11.1\": 0.01724,\n    \"12.1\": 0.02299,\n    \"13.1\": 0.11496,\n    \"14.1\": 0.5748\n  },\n  B: {\n    \"12\": 0,\n    \"13\": 0,\n    \"14\": 0,\n    \"15\": 0.00575,\n    \"16\": 0,\n    \"17\": 0.00575,\n    \"18\": 0.02299,\n    \"79\": 0,\n    \"80\": 0,\n    \"81\": 0,\n    \"83\": 0,\n    \"84\": 0.00575,\n    \"85\": 0,\n    \"86\": 0.00575,\n    \"87\": 0,\n    \"88\": 0,\n    \"89\": 0.0115,\n    \"90\": 0.00575,\n    \"91\": 0.04598,\n    \"92\": 1.67267,\n    \"93\": 0\n  },\n  P: {\n    \"4\": 0.19431,\n    \"5.0-5.4\": 0,\n    \"6.2-6.4\": 0,\n    \"7.2-7.4\": 0.13295,\n    \"8.2\": 0,\n    \"9.2\": 0.04091,\n    \"10.1\": 0.02045,\n    \"11.1-11.2\": 0.16363,\n    \"12.0\": 0.07159,\n    \"13.0\": 0.19431,\n    \"14.0\": 1.85107\n  },\n  I: {\n    \"0\": 0,\n    \"3\": 0,\n    \"4\": 0.00463,\n    \"2.1\": 0,\n    \"2.2\": 0,\n    \"2.3\": 0,\n    \"4.1\": 0.00927,\n    \"4.2-4.3\": 0.02317,\n    \"4.4\": 0,\n    \"4.4.3-4.4.4\": 0.22938\n  },\n  K: {\n    _: \"0 10 11 12 11.1 11.5 12.1\"\n  },\n  A: {\n    \"6\": 0,\n    \"7\": 0,\n    \"8\": 0.00985,\n    \"9\": 0.00985,\n    \"10\": 0.00985,\n    \"11\": 0.10839,\n    \"5.5\": 0\n  },\n  J: {\n    \"7\": 0,\n    \"10\": 0\n  },\n  N: {\n    \"10\": 0,\n    \"11\": 0\n  },\n  R: {\n    _: \"0\"\n  },\n  M: {\n    \"0\": 0.14882\n  },\n  Q: {\n    \"10.4\": 0.01276\n  },\n  O: {\n    \"0\": 0.04677\n  },\n  H: {\n    \"0\": 0.17712\n  },\n  L: {\n    \"0\": 54.80889\n  },\n  S: {\n    \"2.5\": 0\n  }\n};","map":{"version":3,"sources":["C:/xampp/public_html/vamo/interface2/node_modules/caniuse-lite/data/regions/EC.js"],"names":["module","exports","C","D","F","G","E","_","B","P","I","K","A","J","N","R","M","Q","O","H","L","S"],