{"ast":null,"code":"module.exports = {\n  C: {\n    \"2\": 0,\n    \"3\": 0,\n    \"4\": 0,\n    \"5\": 0,\n    \"6\": 0,\n    \"7\": 0,\n    \"8\": 0,\n    \"9\": 0,\n    \"10\": 0,\n    \"11\": 0,\n    \"12\": 0,\n    \"13\": 0,\n    \"14\": 0,\n    \"15\": 0,\n    \"16\": 0,\n    \"17\": 0,\n    \"18\": 0,\n    \"19\": 0,\n    \"20\": 0,\n    \"21\": 0,\n    \"22\": 0,\n    \"23\": 0,\n    \"24\": 0,\n    \"25\": 0,\n    \"26\": 0,\n    \"27\": 0,\n    \"28\": 0,\n    \"29\": 0,\n    \"30\": 0,\n    \"31\": 0,\n    \"32\": 0,\n    \"33\": 0,\n    \"34\": 0,\n    \"35\": 0.00476,\n    \"36\": 0.00476,\n    \"37\": 0,\n    \"38\": 0,\n    \"39\": 0,\n    \"40\": 0.00476,\n    \"41\": 0.00952,\n    \"42\": 0,\n    \"43\": 0,\n    \"44\": 0,\n    \"45\": 0.00476,\n    \"46\": 0,\n    \"47\": 0.00476,\n    \"48\": 0.00476,\n    \"49\": 0,\n    \"50\": 0.00476,\n    \"51\": 0.00476,\n    \"52\": 0.04762,\n    \"53\": 0.00476,\n    \"54\": 0,\n    \"55\": 0.00476,\n    \"56\": 0,\n    \"57\": 0.00476,\n    \"58\": 0,\n    \"59\": 0,\n    \"60\": 0.00476,\n    \"61\": 0.00476,\n    \"62\": 0.00476,\n    \"63\": 0,\n    \"64\": 0.00476,\n    \"65\": 0.00476,\n    \"66\": 0.02381,\n    \"67\": 0,\n    \"68\": 0.01429,\n    \"69\": 0.00476,\n    \"70\": 0,\n    \"71\": 0,\n    \"72\": 0.00476,\n    \"73\": 0.02857,\n    \"74\": 0,\n    \"75\": 0,\n    \"76\": 0,\n    \"77\": 0,\n    \"78\": 0.04762,\n    \"79\": 0,\n    \"80\": 0,\n    \"81\": 0.00476,\n    \"82\": 0,\n    \"83\": 0.00476,\n    \"84\": 0.00952,\n    \"85\": 0.00476,\n    \"86\": 0,\n    \"87\": 0.00952,\n    \"88\": 0.02381,\n    \"89\": 0.09524,\n    \"90\": 0.55715,\n    \"91\": 0.77621,\n    \"92\": 0.00476,\n    \"93\": 0,\n    \"3.5\": 0,\n    \"3.6\": 0\n  },\n  D: {\n    \"4\": 0,\n    \"5\": 0,\n    \"6\": 0,\n    \"7\": 0,\n    \"8\": 0,\n    \"9\": 0,\n    \"10\": 0,\n    \"11\": 0,\n    \"12\": 0,\n    \"13\": 0,\n    \"14\": 0,\n    \"15\": 0,\n    \"16\": 0,\n    \"17\": 0,\n    \"18\": 0,\n    \"19\": 0,\n    \"20\": 0,\n    \"21\": 0,\n    \"22\": 0,\n    \"23\": 0,\n    \"24\": 0,\n    \"25\": 0,\n    \"26\": 0,\n    \"27\": 0,\n    \"28\": 0,\n    \"29\": 0,\n    \"30\": 0,\n    \"31\": 0,\n    \"32\": 0,\n    \"33\": 0,\n    \"34\": 0,\n    \"35\": 0,\n    \"36\": 0,\n    \"37\": 0,\n    \"38\": 0.02381,\n    \"39\": 0,\n    \"40\": 0,\n    \"41\": 0,\n    \"42\": 0,\n    \"43\": 0.00952,\n    \"44\": 0,\n    \"45\": 0,\n    \"46\": 0,\n    \"47\": 0.00476,\n    \"48\": 0.00476,\n    \"49\": 0.13334,\n    \"50\": 0.00476,\n    \"51\": 0,\n    \"52\": 0.00476,\n    \"53\": 0,\n    \"54\": 0,\n    \"55\": 0.00476,\n    \"56\": 0,\n    \"57\": 0.00476,\n    \"58\": 0.00476,\n    \"59\": 0,\n    \"60\": 0.00476,\n    \"61\": 0,\n    \"62\": 0.01905,\n    \"63\": 0.00476,\n    \"64\": 0,\n    \"65\": 0.00952,\n    \"66\": 0.00476,\n    \"67\": 0.00476,\n    \"68\": 0.00476,\n    \"69\": 0.00952,\n    \"70\": 0.00952,\n    \"71\": 0.02381,\n    \"72\": 0.00952,\n    \"73\": 0.00476,\n    \"74\": 0.02381,\n    \"75\": 0.00952,\n    \"76\": 0.00952,\n    \"77\": 0.01429,\n    \"78\": 0.00952,\n    \"79\": 0.03333,\n    \"80\": 0.11905,\n    \"81\": 0.03333,\n    \"83\": 0.01429,\n    \"84\": 0.01429,\n    \"85\": 0.01905,\n    \"86\": 0.76668,\n    \"87\": 0.1,\n    \"88\": 0.0381,\n    \"89\": 0.06667,\n    \"90\": 0.11429,\n    \"91\": 0.73811,\n    \"92\": 14.82411,\n    \"93\": 0.00952,\n    \"94\": 0.00952,\n    \"95\": 0,\n    \"96\": 0\n  },\n  F: {\n    \"9\": 0,\n    \"11\": 0,\n    \"12\": 0,\n    \"15\": 0,\n    \"16\": 0,\n    \"17\": 0,\n    \"18\": 0,\n    \"19\": 0,\n    \"20\": 0,\n    \"21\": 0,\n    \"22\": 0,\n    \"23\": 0,\n    \"24\": 0,\n    \"25\": 0,\n    \"26\": 0,\n    \"27\": 0,\n    \"28\": 0,\n    \"29\": 0,\n    \"30\": 0,\n    \"31\": 0,\n    \"32\": 0,\n    \"33\": 0,\n    \"34\": 0,\n    \"35\": 0,\n    \"36\": 0,\n    \"37\": 0,\n    \"38\": 0,\n    \"39\": 0,\n    \"40\": 0,\n    \"41\": 0,\n    \"42\": 0,\n    \"43\": 0,\n    \"44\": 0,\n    \"45\": 0,\n    \"46\": 0,\n    \"47\": 0,\n    \"48\": 0,\n    \"49\": 0,\n    \"50\": 0,\n    \"51\": 0,\n    \"52\": 0,\n    \"53\": 0,\n    \"54\": 0,\n    \"55\": 0,\n    \"56\": 0,\n    \"57\": 0,\n    \"58\": 0.00476,\n    \"60\": 0,\n    \"62\": 0,\n    \"63\": 0,\n    \"64\": 0,\n    \"65\": 0,\n    \"66\": 0,\n    \"67\": 0,\n    \"68\": 0,\n    \"69\": 0,\n    \"70\": 0,\n    \"71\": 0,\n    \"72\": 0,\n    \"73\": 0,\n    \"74\": 0.00476,\n    \"75\": 0,\n    \"76\": 0,\n    \"77\": 0.52382,\n    \"78\": 0.48096,\n    \"9.5-9.6\": 0,\n    \"10.0-10.1\": 0,\n    \"10.5\": 0,\n    \"10.6\": 0,\n    \"11.1\": 0,\n    \"11.5\": 0,\n    \"11.6\": 0,\n    \"12.1\": 0\n  },\n  G: {\n    \"8\": 0,\n    \"3.2\": 0.00434,\n    \"4.0-4.1\": 0,\n    \"4.2-4.3\": 0,\n    \"5.0-5.1\": 0.02606,\n    \"6.0-6.1\": 0.00652,\n    \"7.0-7.1\": 0.03367,\n    \"8.1-8.4\": 0,\n    \"9.0-9.2\": 0.00109,\n    \"9.3\": 0.06082,\n    \"10.0-10.2\": 0.00434,\n    \"10.3\": 0.07819,\n    \"11.0-11.2\": 0.01955,\n    \"11.3-11.4\": 0.04344,\n    \"12.0-12.1\": 0.02715,\n    \"12.2-12.4\": 0.10426,\n    \"13.0-13.1\": 0.0152,\n    \"13.2\": 0.00543,\n    \"13.3\": 0.11186,\n    \"13.4-13.7\": 0.31169,\n    \"14.0-14.4\": 1.08602,\n    \"14.5-14.7\": 7.91603\n  },\n  E: {\n    \"4\": 0,\n    \"5\": 0,\n    \"6\": 0,\n    \"7\": 0,\n    \"8\": 0,\n    \"9\": 0,\n    \"10\": 0,\n    \"11\": 0,\n    \"12\": 0,\n    \"13\": 0.02381,\n    \"14\": 0.06667,\n    \"15\": 0.00476,\n    _: \"0\",\n    \"3.1\": 0,\n    \"3.2\": 0,\n    \"5.1\": 0.01429,\n    \"6.1\": 0,\n    \"7.1\": 0,\n    \"9.1\": 0,\n    \"10.1\": 0,\n    \"11.1\": 0.00476,\n    \"12.1\": 0.04762,\n    \"13.1\": 0.06667,\n    \"14.1\": 0.37144\n  },\n  B: {\n    \"12\": 0.00476,\n    \"13\": 0.00476,\n    \"14\": 0.00476,\n    \"15\": 0.00476,\n    \"16\": 0,\n    \"17\": 0.00476,\n    \"18\": 0.01429,\n    \"79\": 0,\n    \"80\": 0.00476,\n    \"81\": 0,\n    \"83\": 0,\n    \"84\": 0,\n    \"85\": 0,\n    \"86\": 0,\n    \"87\": 0,\n    \"88\": 0,\n    \"89\": 0.00476,\n    \"90\": 0.00476,\n    \"91\": 0.02381,\n    \"92\": 1.12859,\n    \"93\": 0\n  },\n  P: {\n    \"4\": 0.10172,\n    \"5.0-5.4\": 0,\n    \"6.2-6.4\": 0,\n    \"7.2-7.4\": 0.15258,\n    \"8.2\": 0.01017,\n    \"9.2\": 0.06103,\n    \"10.1\": 0.03052,\n    \"11.1-11.2\": 0.1424,\n    \"12.0\": 0.11189,\n    \"13.0\": 0.15258,\n    \"14.0\": 1.63765\n  },\n  I: {\n    \"0\": 0,\n    \"3\": 0,\n    \"4\": 0,\n    \"2.1\": 0,\n    \"2.2\": 0,\n    \"2.3\": 0,\n    \"4.1\": 0.04327,\n    \"4.2-4.3\": 0.03365,\n    \"4.4\": 0,\n    \"4.4.3-4.4.4\": 0.27403\n  },\n  K: {\n    _: \"0 10 11 12 11.1 11.5 12.1\"\n  },\n  A: {\n    \"6\": 0,\n    \"7\": 0,\n    \"8\": 0,\n    \"9\": 0,\n    \"10\": 0,\n    \"11\": 0.10953,\n    \"5.5\": 0\n  },\n  J: {\n    \"7\": 0,\n    \"10\": 0\n  },\n  N: {\n    \"10\": 0,\n    \"11\": 0\n  },\n  R: {\n    _: \"0\"\n  },\n  M: {\n    \"0\": 0.23047\n  },\n  Q: {\n    \"10.4\": 0\n  },\n  O: {\n    \"0\": 0.01571\n  },\n  H: {\n    \"0\": 0.14877\n  },\n  L: {\n    \"0\": 63.49296\n  },\n  S: {\n    \"2.5\": 0.00524\n  }\n};","map":{"version":3,"sources":["C:/xampp/public_html/vamo/interface2/node_modules/caniuse-lite/data/regions/UY.js"],"names":["module","exports","C","D","F","G","E","_","B","P","I","K","A","J","N","R","M","Q","O","H","L","S"],