{"ast":null,"code":"module.exports = {\n  C: {\n    \"29\": 0.00643,\n    \"30\": 0.00429,\n    \"32\": 0.00429,\n    \"39\": 0.02357,\n    \"40\": 0.01072,\n    \"41\": 0.00429,\n    \"43\": 0.015,\n    \"44\": 0.00214,\n    \"46\": 0.00214,\n    \"47\": 0.03857,\n    \"48\": 0.00857,\n    \"49\": 0.00643,\n    \"50\": 0.00429,\n    \"52\": 0.03215,\n    \"56\": 0.00429,\n    \"57\": 0.00857,\n    \"59\": 0.00857,\n    \"60\": 0.00214,\n    \"61\": 0.02786,\n    \"62\": 0.00214,\n    \"63\": 0.02143,\n    \"65\": 0.00857,\n    \"66\": 0.00429,\n    \"68\": 0.00857,\n    \"69\": 0.00429,\n    \"70\": 0.00429,\n    \"72\": 0.02572,\n    \"75\": 0.015,\n    \"76\": 0.01714,\n    \"78\": 0.09001,\n    \"80\": 0.00857,\n    \"81\": 0.01072,\n    \"83\": 0.03429,\n    \"84\": 0.00429,\n    \"85\": 0.01072,\n    \"86\": 0.02357,\n    \"87\": 0.02143,\n    \"88\": 0.12429,\n    \"89\": 0.3986,\n    \"90\": 1.27723,\n    \"91\": 1.70369,\n    \"92\": 0.02143,\n    _: \"2 3 4 5 6 7 8 9 10 11 12 13 14 15 16 17 18 19 20 21 22 23 24 25 26 27 28 31 33 34 35 36 37 38 42 45 51 53 54 55 58 64 67 71 73 74 77 79 82 93 3.5 3.6\"\n  },\n  D: {\n    \"22\": 0.00643,\n    \"27\": 0.00643,\n    \"28\": 0.00643,\n    \"29\": 0.00429,\n    \"33\": 0.00857,\n    \"37\": 0.00214,\n    \"39\": 0.00429,\n    \"43\": 0.00214,\n    \"49\": 0.03215,\n    \"50\": 0.00429,\n    \"51\": 0.00429,\n    \"52\": 0.00429,\n    \"55\": 0.00214,\n    \"57\": 0.00214,\n    \"58\": 0.09429,\n    \"60\": 0.00429,\n    \"62\": 0.00214,\n    \"63\": 0.01286,\n    \"64\": 0.00429,\n    \"65\": 0.00429,\n    \"70\": 0.01929,\n    \"71\": 0.00643,\n    \"72\": 0.00214,\n    \"73\": 0.00214,\n    \"74\": 0.07929,\n    \"75\": 0.08786,\n    \"76\": 0.00429,\n    \"77\": 0.015,\n    \"78\": 0.00643,\n    \"79\": 0.06429,\n    \"80\": 0.01072,\n    \"81\": 0.03,\n    \"83\": 0.015,\n    \"84\": 0.01286,\n    \"85\": 0.01072,\n    \"86\": 0.01286,\n    \"87\": 0.11572,\n    \"88\": 0.07072,\n    \"89\": 0.05358,\n    \"90\": 0.05786,\n    \"91\": 0.4286,\n    \"92\": 7.4405,\n    \"93\": 0.00643,\n    \"94\": 0.11144,\n    \"95\": 0.02357,\n    _: \"4 5 6 7 8 9 10 11 12 13 14 15 16 17 18 19 20 21 23 24 25 26 30 31 32 34 35 36 38 40 41 42 44 45 46 47 48 53 54 56 59 61 66 67 68 69 96\"\n  },\n  F: {\n    \"22\": 0.00429,\n    \"40\": 0.00214,\n    \"45\": 0.00429,\n    \"67\": 0.00214,\n    \"69\": 0.00214,\n    \"76\": 0.00429,\n    \"77\": 0.41789,\n    \"78\": 0.29359,\n    _: \"9 11 12 15 16 17 18 19 20 21 23 24 25 26 27 28 29 30 31 32 33 34 35 36 37 38 39 41 42 43 44 46 47 48 49 50 51 52 53 54 55 56 57 58 60 62 63 64 65 66 68 70 71 72 73 74 75 9.5-9.6 10.5 10.6 11.1 11.5 11.6 12.1\",\n    \"10.0-10.1\": 0\n  },\n  G: {\n    \"8\": 0,\n    \"3.2\": 0,\n    \"4.0-4.1\": 0,\n    \"4.2-4.3\": 0,\n    \"5.0-5.1\": 0.0033,\n    \"6.0-6.1\": 0,\n    \"7.0-7.1\": 0.03559,\n    \"8.1-8.4\": 0,\n    \"9.0-9.2\": 0.00132,\n    \"9.3\": 0.05866,\n    \"10.0-10.2\": 0.00264,\n    \"10.3\": 0.10216,\n    \"11.0-11.2\": 0.25508,\n    \"11.3-11.4\": 1.28199,\n    \"12.0-12.1\": 0.03757,\n    \"12.2-12.4\": 0.13248,\n    \"13.0-13.1\": 0.04152,\n    \"13.2\": 0.01516,\n    \"13.3\": 0.10612,\n    \"13.4-13.7\": 0.34538,\n    \"14.0-14.4\": 1.33802,\n    \"14.5-14.7\": 2.44139\n  },\n  E: {\n    \"4\": 0,\n    \"14\": 0.04286,\n    \"15\": 0.00429,\n    _: \"0 5 6 7 8 9 10 11 12 13 3.1 3.2 6.1 7.1 9.1\",\n    \"5.1\": 0.01072,\n    \"10.1\": 0.00214,\n    \"11.1\": 0.00429,\n    \"12.1\": 0.00429,\n    \"13.1\": 0.05572,\n    \"14.1\": 0.08143\n  },\n  B: {\n    \"12\": 0.01714,\n    \"13\": 0.01929,\n    \"14\": 0.00857,\n    \"15\": 0.00214,\n    \"16\": 0.01286,\n    \"17\": 0.015,\n    \"18\": 0.12858,\n    \"83\": 0.00429,\n    \"84\": 0.01072,\n    \"85\": 0.015,\n    \"87\": 0.00214,\n    \"88\": 0.00429,\n    \"89\": 0.02143,\n    \"90\": 0.01286,\n    \"91\": 0.21644,\n    \"92\": 1.71654,\n    _: \"79 80 81 86 93\"\n  },\n  P: {\n    \"4\": 0.09555,\n    \"5.0-5.4\": 0.0637,\n    \"6.2-6.4\": 0.02058,\n    \"7.2-7.4\": 0.08493,\n    \"8.2\": 0.02077,\n    \"9.2\": 0.11678,\n    \"10.1\": 0.02111,\n    \"11.1-11.2\": 0.08493,\n    \"12.0\": 0.04246,\n    \"13.0\": 0.11678,\n    \"14.0\": 0.55204\n  },\n  I: {\n    \"0\": 0,\n    \"3\": 0,\n    \"4\": 0,\n    \"2.1\": 0,\n    \"2.2\": 0,\n    \"2.3\": 0,\n    \"4.1\": 0.00388,\n    \"4.2-4.3\": 0.00969,\n    \"4.4\": 0,\n    \"4.4.3-4.4.4\": 0.2064\n  },\n  K: {\n    _: \"0 10 11 12 11.1 11.5 12.1\"\n  },\n  A: {\n    \"11\": 0.36431,\n    _: \"6 7 8 9 10 5.5\"\n  },\n  J: {\n    \"7\": 0,\n    \"10\": 0.01571\n  },\n  N: {\n    _: \"10 11\"\n  },\n  R: {\n    _: \"0\"\n  },\n  M: {\n    \"0\": 0.15712\n  },\n  Q: {\n    \"10.4\": 0.15712\n  },\n  O: {\n    \"0\": 0.76203\n  },\n  H: {\n    \"0\": 3.68903\n  },\n  L: {\n    \"0\": 70.63074\n  },\n  S: {\n    \"2.5\": 0.02357\n  }\n};","map":{"version":3,"sources":["C:/xampp/public_html/vamo/interface2/node_modules/caniuse-lite/data/regions/BF.js"],"names":["module","exports","C","_","D","F","G","E","B","P","I","K","A","J","N","R","M","Q","O","H","L","S"],