{"ast":null,"code":"module.exports = {\n  C: {\n    \"2\": 0,\n    \"3\": 0,\n    \"4\": 0,\n    \"5\": 0,\n    \"6\": 0,\n    \"7\": 0,\n    \"8\": 0,\n    \"9\": 0,\n    \"10\": 0,\n    \"11\": 0,\n    \"12\": 0,\n    \"13\": 0,\n    \"14\": 0,\n    \"15\": 0,\n    \"16\": 0,\n    \"17\": 0,\n    \"18\": 0,\n    \"19\": 0,\n    \"20\": 0,\n    \"21\": 0,\n    \"22\": 0,\n    \"23\": 0,\n    \"24\": 0,\n    \"25\": 0,\n    \"26\": 0,\n    \"27\": 0,\n    \"28\": 0,\n    \"29\": 0,\n    \"30\": 0,\n    \"31\": 0,\n    \"32\": 0,\n    \"33\": 0,\n    \"34\": 0,\n    \"35\": 0.01756,\n    \"36\": 0.01171,\n    \"37\": 0,\n    \"38\": 0,\n    \"39\": 0,\n    \"40\": 0,\n    \"41\": 0,\n    \"42\": 0,\n    \"43\": 0,\n    \"44\": 0,\n    \"45\": 0,\n    \"46\": 0,\n    \"47\": 0,\n    \"48\": 0.01171,\n    \"49\": 0,\n    \"50\": 0,\n    \"51\": 0,\n    \"52\": 0.02341,\n    \"53\": 0,\n    \"54\": 0,\n    \"55\": 0,\n    \"56\": 0,\n    \"57\": 0,\n    \"58\": 0,\n    \"59\": 0,\n    \"60\": 0,\n    \"61\": 0,\n    \"62\": 0,\n    \"63\": 0,\n    \"64\": 0,\n    \"65\": 0.00585,\n    \"66\": 0,\n    \"67\": 0,\n    \"68\": 0,\n    \"69\": 0,\n    \"70\": 0,\n    \"71\": 0,\n    \"72\": 0,\n    \"73\": 0,\n    \"74\": 0,\n    \"75\": 0,\n    \"76\": 0.00585,\n    \"77\": 0,\n    \"78\": 0.02927,\n    \"79\": 0,\n    \"80\": 0,\n    \"81\": 0,\n    \"82\": 0.00585,\n    \"83\": 0,\n    \"84\": 0,\n    \"85\": 0.00585,\n    \"86\": 0,\n    \"87\": 0.00585,\n    \"88\": 0.00585,\n    \"89\": 0.05268,\n    \"90\": 0.42727,\n    \"91\": 0.63798,\n    \"92\": 0,\n    \"93\": 0,\n    \"3.5\": 0,\n    \"3.6\": 0\n  },\n  D: {\n    \"4\": 0,\n    \"5\": 0,\n    \"6\": 0,\n    \"7\": 0,\n    \"8\": 0,\n    \"9\": 0,\n    \"10\": 0,\n    \"11\": 0.00585,\n    \"12\": 0,\n    \"13\": 0,\n    \"14\": 0,\n    \"15\": 0,\n    \"16\": 0,\n    \"17\": 0,\n    \"18\": 0,\n    \"19\": 0,\n    \"20\": 0,\n    \"21\": 0,\n    \"22\": 0,\n    \"23\": 0,\n    \"24\": 0,\n    \"25\": 0,\n    \"26\": 0,\n    \"27\": 0,\n    \"28\": 0,\n    \"29\": 0,\n    \"30\": 0,\n    \"31\": 0,\n    \"32\": 0,\n    \"33\": 0,\n    \"34\": 0,\n    \"35\": 0,\n    \"36\": 0,\n    \"37\": 0,\n    \"38\": 0.00585,\n    \"39\": 0,\n    \"40\": 0,\n    \"41\": 0,\n    \"42\": 0,\n    \"43\": 0,\n    \"44\": 0,\n    \"45\": 0,\n    \"46\": 0,\n    \"47\": 0,\n    \"48\": 0,\n    \"49\": 0.12291,\n    \"50\": 0,\n    \"51\": 0,\n    \"52\": 0,\n    \"53\": 0.00585,\n    \"54\": 0,\n    \"55\": 0,\n    \"56\": 0,\n    \"57\": 0,\n    \"58\": 0,\n    \"59\": 0,\n    \"60\": 0,\n    \"61\": 0,\n    \"62\": 0,\n    \"63\": 0.00585,\n    \"64\": 0,\n    \"65\": 0.01171,\n    \"66\": 0,\n    \"67\": 0.01171,\n    \"68\": 0,\n    \"69\": 0.31606,\n    \"70\": 0.00585,\n    \"71\": 0,\n    \"72\": 0,\n    \"73\": 0,\n    \"74\": 0.05268,\n    \"75\": 0.00585,\n    \"76\": 0.01171,\n    \"77\": 0.01756,\n    \"78\": 0.00585,\n    \"79\": 0.05268,\n    \"80\": 0.04097,\n    \"81\": 0.04682,\n    \"83\": 0.00585,\n    \"84\": 0.02927,\n    \"85\": 0.01756,\n    \"86\": 0.01756,\n    \"87\": 0.05853,\n    \"88\": 0.15218,\n    \"89\": 0.05268,\n    \"90\": 0.2868,\n    \"91\": 0.86039,\n    \"92\": 22.40528,\n    \"93\": 0.01756,\n    \"94\": 0,\n    \"95\": 0,\n    \"96\": 0\n  },\n  F: {\n    \"9\": 0,\n    \"11\": 0,\n    \"12\": 0,\n    \"15\": 0,\n    \"16\": 0,\n    \"17\": 0,\n    \"18\": 0,\n    \"19\": 0,\n    \"20\": 0,\n    \"21\": 0,\n    \"22\": 0,\n    \"23\": 0,\n    \"24\": 0,\n    \"25\": 0,\n    \"26\": 0,\n    \"27\": 0,\n    \"28\": 0.00585,\n    \"29\": 0,\n    \"30\": 0,\n    \"31\": 0,\n    \"32\": 0,\n    \"33\": 0,\n    \"34\": 0,\n    \"35\": 0,\n    \"36\": 0,\n    \"37\": 0,\n    \"38\": 0,\n    \"39\": 0,\n    \"40\": 0,\n    \"41\": 0,\n    \"42\": 0,\n    \"43\": 0,\n    \"44\": 0,\n    \"45\": 0,\n    \"46\": 0,\n    \"47\": 0,\n    \"48\": 0,\n    \"49\": 0,\n    \"50\": 0,\n    \"51\": 0,\n    \"52\": 0,\n    \"53\": 0,\n    \"54\": 0,\n    \"55\": 0,\n    \"56\": 0,\n    \"57\": 0,\n    \"58\": 0.02341,\n    \"60\": 0,\n    \"62\": 0,\n    \"63\": 0,\n    \"64\": 0,\n    \"65\": 0,\n    \"66\": 0,\n    \"67\": 0,\n    \"68\": 0.00585,\n    \"69\": 0,\n    \"70\": 0,\n    \"71\": 0,\n    \"72\": 0.00585,\n    \"73\": 0,\n    \"74\": 0,\n    \"75\": 0,\n    \"76\": 0.00585,\n    \"77\": 0.38045,\n    \"78\": 0.32192,\n    \"9.5-9.6\": 0,\n    \"10.0-10.1\": 0,\n    \"10.5\": 0,\n    \"10.6\": 0,\n    \"11.1\": 0,\n    \"11.5\": 0,\n    \"11.6\": 0,\n    \"12.1\": 0\n  },\n  G: {\n    \"8\": 0,\n    \"3.2\": 0,\n    \"4.0-4.1\": 0,\n    \"4.2-4.3\": 0,\n    \"5.0-5.1\": 0.00395,\n    \"6.0-6.1\": 0.02367,\n    \"7.0-7.1\": 0.0217,\n    \"8.1-8.4\": 0.03748,\n    \"9.0-9.2\": 0,\n    \"9.3\": 0.20121,\n    \"10.0-10.2\": 0.01973,\n    \"10.3\": 0.69832,\n    \"11.0-11.2\": 0.06904,\n    \"11.3-11.4\": 0.13809,\n    \"12.0-12.1\": 0.06312,\n    \"12.2-12.4\": 0.17557,\n    \"13.0-13.1\": 0.02367,\n    \"13.2\": 0.00592,\n    \"13.3\": 0.10061,\n    \"13.4-13.7\": 0.32943,\n    \"14.0-14.4\": 2.13244,\n    \"14.5-14.7\": 14.95863\n  },\n  E: {\n    \"4\": 0,\n    \"5\": 0,\n    \"6\": 0,\n    \"7\": 0,\n    \"8\": 0,\n    \"9\": 0,\n    \"10\": 0,\n    \"11\": 0.00585,\n    \"12\": 0.00585,\n    \"13\": 0.02927,\n    \"14\": 0.38045,\n    \"15\": 0.02341,\n    _: \"0\",\n    \"3.1\": 0,\n    \"3.2\": 0,\n    \"5.1\": 0,\n    \"6.1\": 0,\n    \"7.1\": 0,\n    \"9.1\": 0.00585,\n    \"10.1\": 0.02341,\n    \"11.1\": 0.08194,\n    \"12.1\": 0.03512,\n    \"13.1\": 0.199,\n    \"14.1\": 1.72664\n  },\n  B: {\n    \"12\": 0,\n    \"13\": 0,\n    \"14\": 0.00585,\n    \"15\": 0,\n    \"16\": 0,\n    \"17\": 0.00585,\n    \"18\": 0.19315,\n    \"79\": 0,\n    \"80\": 0,\n    \"81\": 0.00585,\n    \"83\": 0,\n    \"84\": 0,\n    \"85\": 0.01756,\n    \"86\": 0.00585,\n    \"87\": 0,\n    \"88\": 0.00585,\n    \"89\": 0.00585,\n    \"90\": 0.00585,\n    \"91\": 0.05853,\n    \"92\": 3.03185,\n    \"93\": 0.00585\n  },\n  P: {\n    \"4\": 0.12539,\n    \"5.0-5.4\": 0,\n    \"6.2-6.4\": 0,\n    \"7.2-7.4\": 0.01045,\n    \"8.2\": 0,\n    \"9.2\": 0.0209,\n    \"10.1\": 0,\n    \"11.1-11.2\": 0.11494,\n    \"12.0\": 0.03135,\n    \"13.0\": 0.10449,\n    \"14.0\": 2.62265\n  },\n  I: {\n    \"0\": 0,\n    \"3\": 0,\n    \"4\": 0.00735,\n    \"2.1\": 0,\n    \"2.2\": 0,\n    \"2.3\": 0,\n    \"4.1\": 0.01102,\n    \"4.2-4.3\": 0.0147,\n    \"4.4\": 0,\n    \"4.4.3-4.4.4\": 0.37473\n  },\n  K: {\n    _: \"0 10 11 12 11.1 11.5 12.1\"\n  },\n  A: {\n    \"6\": 0,\n    \"7\": 0,\n    \"8\": 0,\n    \"9\": 0,\n    \"10\": 0,\n    \"11\": 0.23997,\n    \"5.5\": 0\n  },\n  J: {\n    \"7\": 0,\n    \"10\": 0\n  },\n  N: {\n    \"10\": 0,\n    \"11\": 0\n  },\n  R: {\n    _: \"0\"\n  },\n  M: {\n    \"0\": 0.19906\n  },\n  Q: {\n    \"10.4\": 0\n  },\n  O: {\n    \"0\": 0.25711\n  },\n  H: {\n    \"0\": 0.10993\n  },\n  L: {\n    \"0\": 41.54395\n  },\n  S: {\n    \"2.5\": 0\n  }\n};","map":{"version":3,"sources":["C:/xampp/public_html/vamo/interface2/node_modules/caniuse-lite/data/regions/MT.js"],"names":["module","exports","C","D","F","G","E","_","B","P","I","K","A","J","N","R","M","Q","O","H","L","S"],