{"ast":null,"code":"module.exports = {\n  C: {\n    \"34\": 0.01652,\n    \"48\": 0.01101,\n    \"52\": 0.03854,\n    \"68\": 0.01101,\n    \"72\": 0.00551,\n    \"78\": 0.11561,\n    \"82\": 0.01101,\n    \"84\": 0.01101,\n    \"85\": 0.00551,\n    \"86\": 0.01101,\n    \"87\": 0.01101,\n    \"88\": 0.03854,\n    \"89\": 0.07707,\n    \"90\": 1.08999,\n    \"91\": 1.48085,\n    \"92\": 0.01101,\n    _: \"2 3 4 5 6 7 8 9 10 11 12 13 14 15 16 17 18 19 20 21 22 23 24 25 26 27 28 29 30 31 32 33 35 36 37 38 39 40 41 42 43 44 45 46 47 49 50 51 53 54 55 56 57 58 59 60 61 62 63 64 65 66 67 69 70 71 73 74 75 76 77 79 80 81 83 93 3.5 3.6\"\n  },\n  D: {\n    \"26\": 0.01652,\n    \"34\": 0.03303,\n    \"38\": 0.14864,\n    \"47\": 0.01101,\n    \"49\": 0.25323,\n    \"53\": 0.05505,\n    \"55\": 0.01101,\n    \"56\": 0.01101,\n    \"57\": 0.01652,\n    \"58\": 0.00551,\n    \"59\": 0.01101,\n    \"60\": 0.02202,\n    \"61\": 0.01652,\n    \"63\": 0.01101,\n    \"64\": 0.02753,\n    \"65\": 0.04404,\n    \"66\": 0.01652,\n    \"67\": 0.03854,\n    \"68\": 0.02202,\n    \"69\": 0.04404,\n    \"70\": 0.04404,\n    \"71\": 0.01652,\n    \"72\": 0.03303,\n    \"73\": 0.03303,\n    \"74\": 0.03854,\n    \"75\": 0.03303,\n    \"76\": 0.03854,\n    \"77\": 0.02202,\n    \"78\": 0.03303,\n    \"79\": 0.34131,\n    \"80\": 0.07707,\n    \"81\": 0.04955,\n    \"83\": 0.06056,\n    \"84\": 0.04404,\n    \"85\": 0.04404,\n    \"86\": 0.09909,\n    \"87\": 0.37434,\n    \"88\": 0.13212,\n    \"89\": 0.17066,\n    \"90\": 0.52848,\n    \"91\": 2.71947,\n    \"92\": 28.38378,\n    \"93\": 0.03854,\n    \"94\": 0.01652,\n    _: \"4 5 6 7 8 9 10 11 12 13 14 15 16 17 18 19 20 21 22 23 24 25 27 28 29 30 31 32 33 35 36 37 39 40 41 42 43 44 45 46 48 50 51 52 54 62 95 96\"\n  },\n  F: {\n    \"36\": 0.01101,\n    \"40\": 0.00551,\n    \"46\": 0.08808,\n    \"75\": 0.00551,\n    \"77\": 0.22571,\n    \"78\": 0.20919,\n    _: \"9 11 12 15 16 17 18 19 20 21 22 23 24 25 26 27 28 29 30 31 32 33 34 35 37 38 39 41 42 43 44 45 47 48 49 50 51 52 53 54 55 56 57 58 60 62 63 64 65 66 67 68 69 70 71 72 73 74 76 9.5-9.6 10.5 10.6 11.1 11.5 11.6 12.1\",\n    \"10.0-10.1\": 0\n  },\n  G: {\n    \"8\": 0.00226,\n    \"3.2\": 0,\n    \"4.0-4.1\": 0,\n    \"4.2-4.3\": 0,\n    \"5.0-5.1\": 0.02939,\n    \"6.0-6.1\": 0.03165,\n    \"7.0-7.1\": 0.03165,\n    \"8.1-8.4\": 0.06555,\n    \"9.0-9.2\": 0.03165,\n    \"9.3\": 0.36166,\n    \"10.0-10.2\": 0.04295,\n    \"10.3\": 0.40913,\n    \"11.0-11.2\": 0.12432,\n    \"11.3-11.4\": 0.13788,\n    \"12.0-12.1\": 0.12432,\n    \"12.2-12.4\": 0.37749,\n    \"13.0-13.1\": 0.06329,\n    \"13.2\": 0.02712,\n    \"13.3\": 0.19439,\n    \"13.4-13.7\": 0.65778,\n    \"14.0-14.4\": 2.23101,\n    \"14.5-14.7\": 16.36755\n  },\n  E: {\n    \"4\": 0,\n    \"8\": 0.01652,\n    \"11\": 0.02202,\n    \"12\": 0.02753,\n    \"13\": 0.19268,\n    \"14\": 1.27716,\n    \"15\": 0.03303,\n    _: \"0 5 6 7 9 10 3.1 3.2 5.1 6.1 7.1\",\n    \"9.1\": 0.01652,\n    \"10.1\": 0.06056,\n    \"11.1\": 0.12662,\n    \"12.1\": 0.2147,\n    \"13.1\": 0.85878,\n    \"14.1\": 6.73262\n  },\n  B: {\n    \"16\": 0.00551,\n    \"17\": 0.01101,\n    \"18\": 0.12111,\n    \"80\": 0.00551,\n    \"84\": 0.01652,\n    \"85\": 0.01101,\n    \"86\": 0.01101,\n    \"87\": 0.01101,\n    \"88\": 0.01101,\n    \"89\": 0.02202,\n    \"90\": 0.02202,\n    \"91\": 0.17616,\n    \"92\": 4.99854,\n    _: \"12 13 14 15 79 81 83 93\"\n  },\n  P: {\n    \"4\": 0.84282,\n    \"5.0-5.4\": 0,\n    \"6.2-6.4\": 0.01029,\n    \"7.2-7.4\": 0.01095,\n    \"8.2\": 0,\n    \"9.2\": 0.02189,\n    \"10.1\": 0.01095,\n    \"11.1-11.2\": 0.06567,\n    \"12.0\": 0.05473,\n    \"13.0\": 0.16419,\n    \"14.0\": 2.61602\n  },\n  I: {\n    \"0\": 0,\n    \"3\": 0,\n    \"4\": 0.00155,\n    \"2.1\": 0,\n    \"2.2\": 0,\n    \"2.3\": 0,\n    \"4.1\": 0.00309,\n    \"4.2-4.3\": 0.00618,\n    \"4.4\": 0,\n    \"4.4.3-4.4.4\": 0.03864\n  },\n  K: {\n    _: \"0 10 11 12 11.1 11.5 12.1\"\n  },\n  A: {\n    \"11\": 0.9854,\n    _: \"6 7 8 9 10 5.5\"\n  },\n  J: {\n    \"7\": 0,\n    \"10\": 0\n  },\n  N: {\n    \"10\": 0,\n    \"11\": 0\n  },\n  R: {\n    _: \"0\"\n  },\n  M: {\n    \"0\": 0.38666\n  },\n  Q: {\n    \"10.4\": 0.04496\n  },\n  O: {\n    \"0\": 0.17984\n  },\n  H: {\n    \"0\": 0.20431\n  },\n  L: {\n    \"0\": 19.31845\n  },\n  S: {\n    \"2.5\": 0\n  }\n};","map":{"version":3,"sources":["C:/xampp/public_html/vamo/interface2/node_modules/caniuse-lite/data/regions/alt-oc.js"],"names":["module","exports","C","_","D","F","G","E","B","P","I","K","A","J","N","R","M","Q","O","H","L","S"],"mappings":"AAAAA,MAAM,CAACC,OAAP,GAAe;AAACC,EAAAA,CAAC,EAAC;AAAC,UAAK,OAAN;AAAc,UAAK,OAAnB;AAA2B,UAAK,OAAhC;AAAwC,UAAK,OAA7C;AAAqD,UAAK,OAA1D;AAAkE,UAAK,OAAvE;AAA+E,UAAK,OAApF;AAA4F,UAAK,OAAjG;AAAyG,UAAK,OAA9G;AAAsH,UAAK,OAA3H;AAAmI,UAAK,OAAxI;AAAgJ,UAAK,OAArJ;AAA6J,UAAK,OAAlK;AAA0K,UAAK,OAA/K;AAAuL,UAAK,OAA5L;AAAoM,UAAK,OAAzM;AAAiNC,IAAAA,CAAC,EAAC;AAAnN,GAAH;AAA6bC,EAAAA,CAAC,EAAC;AAAC,UAAK,OAAN;AAAc,UAAK,OAAnB;AAA2B,UAAK,OAAhC;AAAwC,UAAK,OAA7C;AAAqD,UAAK,OAA1D;AAAkE,UAAK,OAAvE;AAA+E,UAAK,OAApF;AAA4F,UAAK,OAAjG;AAAyG,UAAK,OAA9G;AAAsH,UAAK,OAA3H;AAAmI,UAAK,OAAxI;AAAgJ,UAAK,OAArJ;AAA6J,UAAK,OAAlK;AAA0K,UAAK,OAA/K;AAAuL,UAAK,OAA5L;AAAoM,UAAK,OAAzM;AAAiN,UAAK,OAAtN;AAA8N,UAAK,OAAnO;AAA2O,UAAK,OAAhP;AAAwP,UAAK,OAA7P;AAAqQ,UAAK,OAA1Q;AAAkR,UAAK,OAAvR;AAA+R,UAAK,OAApS;AAA4S,UAAK,OAAjT;AAAyT,UAAK,OAA9T;AAAsU,UAAK,OAA3U;AAAmV,UAAK,OAAxV;AAAgW,UAAK,OAArW;AAA6W,UAAK,OAAlX;AAA0X,UAAK,OAA/X;AAAuY,UAAK,OAA5Y;AAAoZ,UAAK,OAAzZ;AAAia,UAAK,OAAta;AAA8a,UAAK,OAAnb;AAA2b,UAAK,OAAhc;AAAwc,UAAK,OAA7c;AAAqd,UAAK,OAA1d;AAAke,UAAK,OAAve;AAA+e,UAAK,OAApf;AAA4f,UAAK,OAAjgB;AAAygB,UAAK,OAA9gB;AAAshB,UAAK,QAA3hB;AAAoiB,UAAK,OAAziB;AAAijB,UAAK,OAAtjB;AAA8jBD,IAAAA,CAAC,EAAC;AAAhkB,GAA/b;AAA4oCE,EAAAA,CAAC,EAAC;AAAC,UAAK,OAAN;AAAc,UAAK,OAAnB;AAA2B,UAAK,OAAhC;AAAwC,UAAK,OAA7C;AAAqD,UAAK,OAA1D;AAAkE,UAAK,OAAvE;AAA+EF,IAAAA,CAAC,EAAC,uNAAjF;AAAyS,iBAAY;AAArT,GAA9oC;AAAs8CG,EAAAA,CAAC,EAAC;AAAC,SAAI,OAAL;AAAa,WAAM,CAAnB;AAAqB,eAAU,CAA/B;AAAiC,eAAU,CAA3C;AAA6C,eAAU,OAAvD;AAA+D,eAAU,OAAzE;AAAiF,eAAU,OAA3F;AAAmG,eAAU,OAA7G;AAAqH,eAAU,OAA/H;AAAuI,WAAM,OAA7I;AAAqJ,iBAAY,OAAjK;AAAyK,YAAO,OAAhL;AAAwL,iBAAY,OAApM;AAA4M,iBAAY,OAAxN;AAAgO,iBAAY,OAA5O;AAAoP,iBAAY,OAAhQ;AAAwQ,iBAAY,OAApR;AAA4R,YAAO,OAAnS;AAA2S,YAAO,OAAlT;AAA0T,iBAAY,OAAtU;AAA8U,iBAAY,OAA1V;AAAkW,iBAAY;AAA9W,GAAx8C;AAAg0DC,EAAAA,CAAC,EAAC;AAAC,SAAI,CAAL;AAAO,SAAI,OAAX;AAAmB,UAAK,OAAxB;AAAgC,UAAK,OAArC;AAA6C,UAAK,OAAlD;AAA0D,UAAK,OAA/D;AAAuE,UAAK,OAA5E;AAAoFJ,IAAAA,CAAC,EAAC,kCAAtF;AAAyH,WAAM,OAA/H;AAAuI,YAAO,OAA9I;AAAsJ,YAAO,OAA7J;AAAqK,YAAO,MAA5K;AAAmL,YAAO,OAA1L;AAAkM,YAAO;AAAzM,GAAl0D;AAAohEK,EAAAA,CAAC,EAAC;AAAC,UAAK,OAAN;AAAc,UAAK,OAAnB;AAA2B,UAAK,OAAhC;AAAwC,UAAK,OAA7C;AAAqD,UAAK,OAA1D;AAAkE,UAAK,OAAvE;AAA+E,UAAK,OAApF;AAA4F,UAAK,OAAjG;AAAyG,UAAK,OAA9G;AAAsH,UAAK,OAA3H;AAAmI,UAAK,OAAxI;AAAgJ,UAAK,OAArJ;AAA6J,UAAK,OAAlK;AAA0KL,IAAAA,CAAC,EAAC;AAA5K,GAAthE;AAA6tEM,EAAAA,CAAC,EAAC;AAAC,SAAI,OAAL;AAAa,eAAU,CAAvB;AAAyB,eAAU,OAAnC;AAA2C,eAAU,OAArD;AAA6D,WAAM,CAAnE;AAAqE,WAAM,OAA3E;AAAmF,YAAO,OAA1F;AAAkG,iBAAY,OAA9G;AAAsH,YAAO,OAA7H;AAAqI,YAAO,OAA5I;AAAoJ,YAAO;AAA3J,GAA/tE;AAAm4EC,EAAAA,CAAC,EAAC;AAAC,SAAI,CAAL;AAAO,SAAI,CAAX;AAAa,SAAI,OAAjB;AAAyB,WAAM,CAA/B;AAAiC,WAAM,CAAvC;AAAyC,WAAM,CAA/C;AAAiD,WAAM,OAAvD;AAA+D,eAAU,OAAzE;AAAiF,WAAM,CAAvF;AAAyF,mBAAc;AAAvG,GAAr4E;AAAq/EC,EAAAA,CAAC,EAAC;AAACR,IAAAA,CAAC,EAAC;AAAH,GAAv/E;AAAuhFS,EAAAA,CAAC,EAAC;AAAC,UAAK,MAAN;AAAaT,IAAAA,CAAC,EAAC;AAAf,GAAzhF;AAA0jFU,EAAAA,CAAC,EAAC;AAAC,SAAI,CAAL;AAAO,UAAK;AAAZ,GAA5jF;AAA2kFC,EAAAA,CAAC,EAAC;AAAC,UAAK,CAAN;AAAQ,UAAK;AAAb,GAA7kF;AAA6lFC,EAAAA,CAAC,EAAC;AAACZ,IAAAA,CAAC,EAAC;AAAH,GAA/lF;AAAumFa,EAAAA,CAAC,EAAC;AAAC,SAAI;AAAL,GAAzmF;AAAunFC,EAAAA,CAAC,EAAC;AAAC,YAAO;AAAR,GAAznF;AAA0oFC,EAAAA,CAAC,EAAC;AAAC,SAAI;AAAL,GAA5oF;AAA0pFC,EAAAA,CAAC,EAAC;AAAC,SAAI;AAAL,GAA5pF;AAA0qFC,EAAAA,CAAC,EAAC;AAAC,SAAI;AAAL,GAA5qF;AAA2rFC,EAAAA,CAAC,EAAC;AAAC,WAAM;AAAP;AAA7rF,CAAf",