{"ast":null,"code":"module.exports = {\n  C: {\n    \"2\": 0,\n    \"3\": 0,\n    \"4\": 0,\n    \"5\": 0,\n    \"6\": 0,\n    \"7\": 0,\n    \"8\": 0,\n    \"9\": 0,\n    \"10\": 0,\n    \"11\": 0,\n    \"12\": 0,\n    \"13\": 0,\n    \"14\": 0,\n    \"15\": 0,\n    \"16\": 0,\n    \"17\": 0,\n    \"18\": 0,\n    \"19\": 0,\n    \"20\": 0,\n    \"21\": 0,\n    \"22\": 0,\n    \"23\": 0,\n    \"24\": 0,\n    \"25\": 0,\n    \"26\": 0,\n    \"27\": 0,\n    \"28\": 0,\n    \"29\": 0,\n    \"30\": 0,\n    \"31\": 0,\n    \"32\": 0,\n    \"33\": 0,\n    \"34\": 0,\n    \"35\": 0.01159,\n    \"36\": 0.01159,\n    \"37\": 0,\n    \"38\": 0,\n    \"39\": 0,\n    \"40\": 0,\n    \"41\": 0,\n    \"42\": 0,\n    \"43\": 0,\n    \"44\": 0,\n    \"45\": 0,\n    \"46\": 0,\n    \"47\": 0,\n    \"48\": 0,\n    \"49\": 0,\n    \"50\": 0,\n    \"51\": 0,\n    \"52\": 0.10429,\n    \"53\": 0,\n    \"54\": 0,\n    \"55\": 0.01738,\n    \"56\": 0.01738,\n    \"57\": 0.00579,\n    \"58\": 0,\n    \"59\": 0,\n    \"60\": 0.01159,\n    \"61\": 0,\n    \"62\": 0,\n    \"63\": 0,\n    \"64\": 0,\n    \"65\": 0.00579,\n    \"66\": 0,\n    \"67\": 0,\n    \"68\": 0.01738,\n    \"69\": 0,\n    \"70\": 0,\n    \"71\": 0.00579,\n    \"72\": 0.02897,\n    \"73\": 0.06373,\n    \"74\": 0.00579,\n    \"75\": 0.00579,\n    \"76\": 0,\n    \"77\": 0.00579,\n    \"78\": 0.12167,\n    \"79\": 0.00579,\n    \"80\": 0.00579,\n    \"81\": 0.00579,\n    \"82\": 0.00579,\n    \"83\": 0.00579,\n    \"84\": 0.01738,\n    \"85\": 0.02318,\n    \"86\": 0.00579,\n    \"87\": 0.01738,\n    \"88\": 0.04056,\n    \"89\": 0.0985,\n    \"90\": 1.52382,\n    \"91\": 2.43927,\n    \"92\": 0.01738,\n    \"93\": 0.00579,\n    \"3.5\": 0,\n    \"3.6\": 0\n  },\n  D: {\n    \"4\": 0,\n    \"5\": 0,\n    \"6\": 0,\n    \"7\": 0,\n    \"8\": 0,\n    \"9\": 0,\n    \"10\": 0,\n    \"11\": 0,\n    \"12\": 0,\n    \"13\": 0,\n    \"14\": 0,\n    \"15\": 0,\n    \"16\": 0,\n    \"17\": 0,\n    \"18\": 0,\n    \"19\": 0,\n    \"20\": 0,\n    \"21\": 0,\n    \"22\": 0,\n    \"23\": 0,\n    \"24\": 0,\n    \"25\": 0,\n    \"26\": 0,\n    \"27\": 0,\n    \"28\": 0,\n    \"29\": 0.00579,\n    \"30\": 0,\n    \"31\": 0,\n    \"32\": 0,\n    \"33\": 0,\n    \"34\": 0,\n    \"35\": 0,\n    \"36\": 0,\n    \"37\": 0,\n    \"38\": 0.00579,\n    \"39\": 0,\n    \"40\": 0,\n    \"41\": 0,\n    \"42\": 0,\n    \"43\": 0,\n    \"44\": 0,\n    \"45\": 0,\n    \"46\": 0,\n    \"47\": 0,\n    \"48\": 0.00579,\n    \"49\": 0.31288,\n    \"50\": 0,\n    \"51\": 0,\n    \"52\": 0,\n    \"53\": 0.00579,\n    \"54\": 0,\n    \"55\": 0,\n    \"56\": 0,\n    \"57\": 0.01159,\n    \"58\": 0.00579,\n    \"59\": 0,\n    \"60\": 0,\n    \"61\": 0,\n    \"62\": 0,\n    \"63\": 0.00579,\n    \"64\": 0.02318,\n    \"65\": 0.00579,\n    \"66\": 0.00579,\n    \"67\": 0.00579,\n    \"68\": 0.00579,\n    \"69\": 0.00579,\n    \"70\": 0.00579,\n    \"71\": 0.00579,\n    \"72\": 0,\n    \"73\": 0.01159,\n    \"74\": 0.02318,\n    \"75\": 0.01738,\n    \"76\": 0.00579,\n    \"77\": 0.01159,\n    \"78\": 0.01738,\n    \"79\": 0.06373,\n    \"80\": 0.01738,\n    \"81\": 0.02318,\n    \"83\": 0.02897,\n    \"84\": 0.02318,\n    \"85\": 0.02897,\n    \"86\": 0.03476,\n    \"87\": 0.17961,\n    \"88\": 0.08691,\n    \"89\": 0.10429,\n    \"90\": 0.17382,\n    \"91\": 0.92125,\n    \"92\": 20.14574,\n    \"93\": 0.01159,\n    \"94\": 0.01159,\n    \"95\": 0.00579,\n    \"96\": 0\n  },\n  F: {\n    \"9\": 0,\n    \"11\": 0,\n    \"12\": 0,\n    \"15\": 0,\n    \"16\": 0,\n    \"17\": 0,\n    \"18\": 0,\n    \"19\": 0,\n    \"20\": 0,\n    \"21\": 0,\n    \"22\": 0,\n    \"23\": 0,\n    \"24\": 0,\n    \"25\": 0,\n    \"26\": 0,\n    \"27\": 0,\n    \"28\": 0,\n    \"29\": 0,\n    \"30\": 0,\n    \"31\": 0,\n    \"32\": 0.00579,\n    \"33\": 0,\n    \"34\": 0.00579,\n    \"35\": 0.00579,\n    \"36\": 0.01159,\n    \"37\": 0,\n    \"38\": 0,\n    \"39\": 0,\n    \"40\": 0,\n    \"41\": 0,\n    \"42\": 0,\n    \"43\": 0,\n    \"44\": 0,\n    \"45\": 0,\n    \"46\": 0,\n    \"47\": 0,\n    \"48\": 0,\n    \"49\": 0,\n    \"50\": 0,\n    \"51\": 0,\n    \"52\": 0,\n    \"53\": 0,\n    \"54\": 0.00579,\n    \"55\": 0,\n    \"56\": 0,\n    \"57\": 0,\n    \"58\": 0.01159,\n    \"60\": 0,\n    \"62\": 0,\n    \"63\": 0,\n    \"64\": 0,\n    \"65\": 0.00579,\n    \"66\": 0,\n    \"67\": 0,\n    \"68\": 0,\n    \"69\": 0,\n    \"70\": 0,\n    \"71\": 0,\n    \"72\": 0,\n    \"73\": 0,\n    \"74\": 0,\n    \"75\": 0.00579,\n    \"76\": 0,\n    \"77\": 0.85751,\n    \"78\": 0.71846,\n    \"9.5-9.6\": 0,\n    \"10.0-10.1\": 0,\n    \"10.5\": 0,\n    \"10.6\": 0,\n    \"11.1\": 0,\n    \"11.5\": 0,\n    \"11.6\": 0,\n    \"12.1\": 0\n  },\n  G: {\n    \"8\": 0,\n    \"3.2\": 0,\n    \"4.0-4.1\": 0,\n    \"4.2-4.3\": 0,\n    \"5.0-5.1\": 0.00174,\n    \"6.0-6.1\": 0.01215,\n    \"7.0-7.1\": 0.02429,\n    \"8.1-8.4\": 0.00868,\n    \"9.0-9.2\": 0.01041,\n    \"9.3\": 0.03297,\n    \"10.0-10.2\": 0.01215,\n    \"10.3\": 0.1284,\n    \"11.0-11.2\": 0.05205,\n    \"11.3-11.4\": 0.0295,\n    \"12.0-12.1\": 0.03644,\n    \"12.2-12.4\": 0.1284,\n    \"13.0-13.1\": 0.03297,\n    \"13.2\": 0.05032,\n    \"13.3\": 0.14401,\n    \"13.4-13.7\": 0.54656,\n    \"14.0-14.4\": 2.41178,\n    \"14.5-14.7\": 13.25613\n  },\n  E: {\n    \"4\": 0.00579,\n    \"5\": 0,\n    \"6\": 0,\n    \"7\": 0,\n    \"8\": 0,\n    \"9\": 0,\n    \"10\": 0,\n    \"11\": 0.00579,\n    \"12\": 0.00579,\n    \"13\": 0.02897,\n    \"14\": 0.31288,\n    \"15\": 0.01159,\n    _: \"0\",\n    \"3.1\": 0,\n    \"3.2\": 0,\n    \"5.1\": 0,\n    \"6.1\": 0,\n    \"7.1\": 0,\n    \"9.1\": 0,\n    \"10.1\": 0.01159,\n    \"11.1\": 0.02318,\n    \"12.1\": 0.05215,\n    \"13.1\": 0.13326,\n    \"14.1\": 1.19356\n  },\n  B: {\n    \"12\": 0,\n    \"13\": 0,\n    \"14\": 0,\n    \"15\": 0,\n    \"16\": 0,\n    \"17\": 0.00579,\n    \"18\": 0.01738,\n    \"79\": 0,\n    \"80\": 0,\n    \"81\": 0,\n    \"83\": 0,\n    \"84\": 0,\n    \"85\": 0.01159,\n    \"86\": 0.00579,\n    \"87\": 0,\n    \"88\": 0.00579,\n    \"89\": 0.02318,\n    \"90\": 0.00579,\n    \"91\": 0.04635,\n    \"92\": 1.95258,\n    \"93\": 0.01159\n  },\n  P: {\n    \"4\": 0.09185,\n    \"5.0-5.4\": 0,\n    \"6.2-6.4\": 0,\n    \"7.2-7.4\": 0.01021,\n    \"8.2\": 0.01021,\n    \"9.2\": 0.02041,\n    \"10.1\": 0.02041,\n    \"11.1-11.2\": 0.13267,\n    \"12.0\": 0.07144,\n    \"13.0\": 0.23472,\n    \"14.0\": 3.71463\n  },\n  I: {\n    \"0\": 0,\n    \"3\": 0,\n    \"4\": 0.00692,\n    \"2.1\": 0,\n    \"2.2\": 0,\n    \"2.3\": 0.00461,\n    \"4.1\": 0.00692,\n    \"4.2-4.3\": 0.01384,\n    \"4.4\": 0,\n    \"4.4.3-4.4.4\": 0.10612\n  },\n  K: {\n    _: \"0 10 11 12 11.1 11.5 12.1\"\n  },\n  A: {\n    \"6\": 0,\n    \"7\": 0,\n    \"8\": 0.00579,\n    \"9\": 0,\n    \"10\": 0,\n    \"11\": 0.16803,\n    \"5.5\": 0\n  },\n  J: {\n    \"7\": 0,\n    \"10\": 0\n  },\n  N: {\n    \"10\": 0,\n    \"11\": 0\n  },\n  R: {\n    _: \"0\"\n  },\n  M: {\n    \"0\": 0.38275\n  },\n  Q: {\n    \"10.4\": 0.00421\n  },\n  O: {\n    \"0\": 0.16824\n  },\n  H: {\n    \"0\": 0.42209\n  },\n  L: {\n    \"0\": 41.17375\n  },\n  S: {\n    \"2.5\": 0\n  }\n};","map":{"version":3,"sources":["C:/xampp/public_html/vamo/interface2/node_modules/caniuse-lite/data/regions/LV.js"],"names":["module","exports","C","D","F","G","E","_","B","P","I","K","A","J","N","R","M","Q","O","H","L","S"],