{"ast":null,"code":"module.exports = {\n  C: {\n    \"65\": 0.00961,\n    \"78\": 0.00961,\n    \"89\": 0.08968,\n    \"90\": 0.64701,\n    \"91\": 1.31003,\n    _: \"2 3 4 5 6 7 8 9 10 11 12 13 14 15 16 17 18 19 20 21 22 23 24 25 26 27 28 29 30 31 32 33 34 35 36 37 38 39 40 41 42 43 44 45 46 47 48 49 50 51 52 53 54 55 56 57 58 59 60 61 62 63 64 66 67 68 69 70 71 72 73 74 75 76 77 79 80 81 82 83 84 85 86 87 88 92 93 3.5 3.6\"\n  },\n  D: {\n    \"49\": 1.73282,\n    \"55\": 0.08008,\n    \"63\": 0.0032,\n    \"65\": 0.01602,\n    \"67\": 0.04164,\n    \"70\": 0.0032,\n    \"75\": 0.01922,\n    \"78\": 0.00961,\n    \"79\": 0.03523,\n    \"80\": 0.00961,\n    \"81\": 0.03523,\n    \"83\": 0.01922,\n    \"86\": 0.1057,\n    \"87\": 0.02242,\n    \"89\": 0.04484,\n    \"90\": 0.01281,\n    \"91\": 0.73028,\n    \"92\": 21.63627,\n    _: \"4 5 6 7 8 9 10 11 12 13 14 15 16 17 18 19 20 21 22 23 24 25 26 27 28 29 30 31 32 33 34 35 36 37 38 39 40 41 42 43 44 45 46 47 48 50 51 52 53 54 56 57 58 59 60 61 62 64 66 68 69 71 72 73 74 76 77 84 85 88 93 94 95 96\"\n  },\n  F: {\n    \"77\": 0.05765,\n    \"78\": 0.13773,\n    _: \"9 11 12 15 16 17 18 19 20 21 22 23 24 25 26 27 28 29 30 31 32 33 34 35 36 37 38 39 40 41 42 43 44 45 46 47 48 49 50 51 52 53 54 55 56 57 58 60 62 63 64 65 66 67 68 69 70 71 72 73 74 75 76 9.5-9.6 10.5 10.6 11.1 11.5 11.6 12.1\",\n    \"10.0-10.1\": 0\n  },\n  G: {\n    \"8\": 0,\n    \"3.2\": 0,\n    \"4.0-4.1\": 0,\n    \"4.2-4.3\": 0,\n    \"5.0-5.1\": 0,\n    \"6.0-6.1\": 0,\n    \"7.0-7.1\": 0.00335,\n    \"8.1-8.4\": 0.00335,\n    \"9.0-9.2\": 0,\n    \"9.3\": 0.03513,\n    \"10.0-10.2\": 0,\n    \"10.3\": 0.01338,\n    \"11.0-11.2\": 0.00335,\n    \"11.3-11.4\": 0.04182,\n    \"12.0-12.1\": 0.04851,\n    \"12.2-12.4\": 0.06859,\n    \"13.0-13.1\": 0.05186,\n    \"13.2\": 0.00836,\n    \"13.3\": 0.08699,\n    \"13.4-13.7\": 0.64906,\n    \"14.0-14.4\": 2.84383,\n    \"14.5-14.7\": 12.54797\n  },\n  E: {\n    \"4\": 0,\n    \"13\": 0.44201,\n    \"14\": 0.7495,\n    _: \"0 5 6 7 8 9 10 11 12 15 3.1 3.2 5.1 6.1 7.1 9.1\",\n    \"10.1\": 0.0032,\n    \"11.1\": 0.03844,\n    \"12.1\": 0.03523,\n    \"13.1\": 0.30108,\n    \"14.1\": 0.97051\n  },\n  B: {\n    \"17\": 0.00641,\n    \"18\": 0.06086,\n    \"84\": 0.01922,\n    \"88\": 0.0032,\n    \"91\": 0.15054,\n    \"92\": 1.65275,\n    _: \"12 13 14 15 16 79 80 81 83 85 86 87 89 90 93\"\n  },\n  P: {\n    \"4\": 0.38514,\n    \"5.0-5.4\": 0.01026,\n    \"6.2-6.4\": 0.02058,\n    \"7.2-7.4\": 0.22581,\n    \"8.2\": 0.01026,\n    \"9.2\": 0.08211,\n    \"10.1\": 0.05132,\n    \"11.1-11.2\": 0.33872,\n    \"12.0\": 0.11291,\n    \"13.0\": 0.20528,\n    \"14.0\": 4.39305\n  },\n  I: {\n    \"0\": 0,\n    \"3\": 0,\n    \"4\": 0,\n    \"2.1\": 0,\n    \"2.2\": 0,\n    \"2.3\": 0,\n    \"4.1\": 0,\n    \"4.2-4.3\": 0,\n    \"4.4\": 0,\n    \"4.4.3-4.4.4\": 0\n  },\n  K: {\n    _: \"0 10 11 12 11.1 11.5 12.1\"\n  },\n  A: {\n    \"11\": 0.14093,\n    _: \"6 7 8 9 10 5.5\"\n  },\n  J: {\n    \"7\": 0,\n    \"10\": 0\n  },\n  N: {\n    \"11\": 0.02439,\n    _: \"10\"\n  },\n  R: {\n    _: \"0\"\n  },\n  M: {\n    \"0\": 0.42135\n  },\n  Q: {\n    \"10.4\": 0\n  },\n  O: {\n    \"0\": 0.36019\n  },\n  H: {\n    \"0\": 0.20589\n  },\n  L: {\n    \"0\": 45.39443\n  },\n  S: {\n    \"2.5\": 0\n  }\n};","map":{"version":3,"sources":["C:/xampp/public_html/vamo/interface2/node_modules/caniuse-lite/data/regions/CK.js"],"names":["module","exports","C","_","D","F","G","E","B","P","I","K","A","J","N","R","M","Q","O","H","L","S"],"mappings":"AAAAA,MAAM,CAACC,OAAP,GAAe;AAACC,EAAAA,CAAC,EAAC;AAAC,UAAK,OAAN;AAAc,UAAK,OAAnB;AAA2B,UAAK,OAAhC;AAAwC,UAAK,OAA7C;AAAqD,UAAK,OAA1D;AAAkEC,IAAAA,CAAC,EAAC;AAApE,GAAH;AAA+UC,EAAAA,CAAC,EAAC;AAAC,UAAK,OAAN;AAAc,UAAK,OAAnB;AAA2B,UAAK,MAAhC;AAAuC,UAAK,OAA5C;AAAoD,UAAK,OAAzD;AAAiE,UAAK,MAAtE;AAA6E,UAAK,OAAlF;AAA0F,UAAK,OAA/F;AAAuG,UAAK,OAA5G;AAAoH,UAAK,OAAzH;AAAiI,UAAK,OAAtI;AAA8I,UAAK,OAAnJ;AAA2J,UAAK,MAAhK;AAAuK,UAAK,OAA5K;AAAoL,UAAK,OAAzL;AAAiM,UAAK,OAAtM;AAA8M,UAAK,OAAnN;AAA2N,UAAK,QAAhO;AAAyOD,IAAAA,CAAC,EAAC;AAA3O,GAAjV;AAAuxBE,EAAAA,CAAC,EAAC;AAAC,UAAK,OAAN;AAAc,UAAK,OAAnB;AAA2BF,IAAAA,CAAC,EAAC,mOAA7B;AAAiQ,iBAAY;AAA7Q,GAAzxB;AAAyiCG,EAAAA,CAAC,EAAC;AAAC,SAAI,CAAL;AAAO,WAAM,CAAb;AAAe,eAAU,CAAzB;AAA2B,eAAU,CAArC;AAAuC,eAAU,CAAjD;AAAmD,eAAU,CAA7D;AAA+D,eAAU,OAAzE;AAAiF,eAAU,OAA3F;AAAmG,eAAU,CAA7G;AAA+G,WAAM,OAArH;AAA6H,iBAAY,CAAzI;AAA2I,YAAO,OAAlJ;AAA0J,iBAAY,OAAtK;AAA8K,iBAAY,OAA1L;AAAkM,iBAAY,OAA9M;AAAsN,iBAAY,OAAlO;AAA0O,iBAAY,OAAtP;AAA8P,YAAO,OAArQ;AAA6Q,YAAO,OAApR;AAA4R,iBAAY,OAAxS;AAAgT,iBAAY,OAA5T;AAAoU,iBAAY;AAAhV,GAA3iC;AAAq4CC,EAAAA,CAAC,EAAC;AAAC,SAAI,CAAL;AAAO,UAAK,OAAZ;AAAoB,UAAK,MAAzB;AAAgCJ,IAAAA,CAAC,EAAC,iDAAlC;AAAoF,YAAO,MAA3F;AAAkG,YAAO,OAAzG;AAAiH,YAAO,OAAxH;AAAgI,YAAO,OAAvI;AAA+I,YAAO;AAAtJ,GAAv4C;AAAsiDK,EAAAA,CAAC,EAAC;AAAC,UAAK,OAAN;AAAc,UAAK,OAAnB;AAA2B,UAAK,OAAhC;AAAwC,UAAK,MAA7C;AAAoD,UAAK,OAAzD;AAAiE,UAAK,OAAtE;AAA8EL,IAAAA,CAAC,EAAC;AAAhF,GAAxiD;AAAwqDM,EAAAA,CAAC,EAAC;AAAC,SAAI,OAAL;AAAa,eAAU,OAAvB;AAA+B,eAAU,OAAzC;AAAiD,eAAU,OAA3D;AAAmE,WAAM,OAAzE;AAAiF,WAAM,OAAvF;AAA+F,YAAO,OAAtG;AAA8G,iBAAY,OAA1H;AAAkI,YAAO,OAAzI;AAAiJ,YAAO,OAAxJ;AAAgK,YAAO;AAAvK,GAA1qD;AAA01DC,EAAAA,CAAC,EAAC;AAAC,SAAI,CAAL;AAAO,SAAI,CAAX;AAAa,SAAI,CAAjB;AAAmB,WAAM,CAAzB;AAA2B,WAAM,CAAjC;AAAmC,WAAM,CAAzC;AAA2C,WAAM,CAAjD;AAAmD,eAAU,CAA7D;AAA+D,WAAM,CAArE;AAAuE,mBAAc;AAArF,GAA51D;AAAo7DC,EAAAA,CAAC,EAAC;AAACR,IAAAA,CAAC,EAAC;AAAH,GAAt7D;AAAs9DS,EAAAA,CAAC,EAAC;AAAC,UAAK,OAAN;AAAcT,IAAAA,CAAC,EAAC;AAAhB,GAAx9D;AAA0/DU,EAAAA,CAAC,EAAC;AAAC,SAAI,CAAL;AAAO,UAAK;AAAZ,GAA5/D;AAA2gEC,EAAAA,CAAC,EAAC;AAAC,UAAK,OAAN;AAAcX,IAAAA,CAAC,EAAC;AAAhB,GAA7gE;AAAmiEY,EAAAA,CAAC,EAAC;AAACZ,IAAAA,CAAC,EAAC;AAAH,GAAriE;AAA6iEa,EAAAA,CAAC,EAAC;AAAC,SAAI;AAAL,GAA/iE;AAA6jEC,EAAAA,CAAC,EAAC;AAAC,YAAO;AAAR,GAA/jE;AAA0kEC,EAAAA,CAAC,EAAC;AAAC,SAAI;AAAL,GAA5kE;AAA0lEC,EAAAA,CAAC,EAAC;AAAC,SAAI;AAAL,GAA5lE;AAA0mEC,EAAAA,CAAC,EAAC;AAAC,SAAI;AAAL,GAA5mE;AAA2nEC,EAAAA,CAAC,EAAC;AAAC,WAAM;AAAP;AAA7nE,CAAf",