{"ast":null,"code":"module.exports = {\n  C: {\n    \"2\": 0,\n    \"3\": 0,\n    \"4\": 0,\n    \"5\": 0,\n    \"6\": 0,\n    \"7\": 0,\n    \"8\": 0,\n    \"9\": 0,\n    \"10\": 0,\n    \"11\": 0,\n    \"12\": 0,\n    \"13\": 0,\n    \"14\": 0,\n    \"15\": 0,\n    \"16\": 0,\n    \"17\": 0,\n    \"18\": 0,\n    \"19\": 0,\n    \"20\": 0,\n    \"21\": 0,\n    \"22\": 0,\n    \"23\": 0,\n    \"24\": 0,\n    \"25\": 0,\n    \"26\": 0,\n    \"27\": 0,\n    \"28\": 0,\n    \"29\": 0,\n    \"30\": 0,\n    \"31\": 0,\n    \"32\": 0,\n    \"33\": 0,\n    \"34\": 0.00431,\n    \"35\": 0.00431,\n    \"36\": 0.00431,\n    \"37\": 0,\n    \"38\": 0,\n    \"39\": 0,\n    \"40\": 0,\n    \"41\": 0,\n    \"42\": 0,\n    \"43\": 0,\n    \"44\": 0,\n    \"45\": 0,\n    \"46\": 0,\n    \"47\": 0,\n    \"48\": 0,\n    \"49\": 0,\n    \"50\": 0,\n    \"51\": 0,\n    \"52\": 0.00431,\n    \"53\": 0,\n    \"54\": 0,\n    \"55\": 0,\n    \"56\": 0,\n    \"57\": 0,\n    \"58\": 0,\n    \"59\": 0,\n    \"60\": 0,\n    \"61\": 0,\n    \"62\": 0,\n    \"63\": 0,\n    \"64\": 0,\n    \"65\": 0.00431,\n    \"66\": 0,\n    \"67\": 0,\n    \"68\": 0.00431,\n    \"69\": 0,\n    \"70\": 0,\n    \"71\": 0,\n    \"72\": 0,\n    \"73\": 0,\n    \"74\": 0,\n    \"75\": 0,\n    \"76\": 0,\n    \"77\": 0,\n    \"78\": 0.00862,\n    \"79\": 0,\n    \"80\": 0.00862,\n    \"81\": 0.00862,\n    \"82\": 0,\n    \"83\": 0,\n    \"84\": 0,\n    \"85\": 0,\n    \"86\": 0,\n    \"87\": 0,\n    \"88\": 0.01293,\n    \"89\": 0.02585,\n    \"90\": 0.28009,\n    \"91\": 0.37057,\n    \"92\": 0,\n    \"93\": 0,\n    \"3.5\": 0,\n    \"3.6\": 0\n  },\n  D: {\n    \"4\": 0,\n    \"5\": 0,\n    \"6\": 0,\n    \"7\": 0,\n    \"8\": 0,\n    \"9\": 0,\n    \"10\": 0,\n    \"11\": 0,\n    \"12\": 0,\n    \"13\": 0,\n    \"14\": 0,\n    \"15\": 0,\n    \"16\": 0,\n    \"17\": 0,\n    \"18\": 0,\n    \"19\": 0,\n    \"20\": 0,\n    \"21\": 0,\n    \"22\": 0,\n    \"23\": 0,\n    \"24\": 0,\n    \"25\": 0,\n    \"26\": 0,\n    \"27\": 0,\n    \"28\": 0,\n    \"29\": 0,\n    \"30\": 0,\n    \"31\": 0,\n    \"32\": 0,\n    \"33\": 0,\n    \"34\": 0.00431,\n    \"35\": 0,\n    \"36\": 0,\n    \"37\": 0,\n    \"38\": 0.00431,\n    \"39\": 0.00431,\n    \"40\": 0,\n    \"41\": 0,\n    \"42\": 0,\n    \"43\": 0,\n    \"44\": 0,\n    \"45\": 0,\n    \"46\": 0,\n    \"47\": 0.00431,\n    \"48\": 0.00431,\n    \"49\": 0.0948,\n    \"50\": 0.00431,\n    \"51\": 0,\n    \"52\": 0,\n    \"53\": 0,\n    \"54\": 0,\n    \"55\": 0,\n    \"56\": 0.00431,\n    \"57\": 0,\n    \"58\": 0,\n    \"59\": 0.01293,\n    \"60\": 0,\n    \"61\": 0,\n    \"62\": 0.00862,\n    \"63\": 0.01293,\n    \"64\": 0.00431,\n    \"65\": 0.00862,\n    \"66\": 0.01293,\n    \"67\": 0.00431,\n    \"68\": 0.00862,\n    \"69\": 0.00431,\n    \"70\": 0.00431,\n    \"71\": 0.01293,\n    \"72\": 0.00431,\n    \"73\": 0.00431,\n    \"74\": 0.00862,\n    \"75\": 0.01293,\n    \"76\": 0.00862,\n    \"77\": 0.00431,\n    \"78\": 0.00431,\n    \"79\": 0.08187,\n    \"80\": 0.02155,\n    \"81\": 0.03016,\n    \"83\": 0.01724,\n    \"84\": 0.02585,\n    \"85\": 0.02155,\n    \"86\": 0.06033,\n    \"87\": 0.13358,\n    \"88\": 0.05602,\n    \"89\": 0.0474,\n    \"90\": 0.12496,\n    \"91\": 0.39643,\n    \"92\": 12.16862,\n    \"93\": 0.00862,\n    \"94\": 0.01293,\n    \"95\": 0.00431,\n    \"96\": 0\n  },\n  F: {\n    \"9\": 0,\n    \"11\": 0,\n    \"12\": 0,\n    \"15\": 0,\n    \"16\": 0,\n    \"17\": 0,\n    \"18\": 0,\n    \"19\": 0,\n    \"20\": 0,\n    \"21\": 0,\n    \"22\": 0,\n    \"23\": 0,\n    \"24\": 0,\n    \"25\": 0,\n    \"26\": 0,\n    \"27\": 0,\n    \"28\": 0.00862,\n    \"29\": 0,\n    \"30\": 0,\n    \"31\": 0,\n    \"32\": 0,\n    \"33\": 0,\n    \"34\": 0,\n    \"35\": 0,\n    \"36\": 0.00431,\n    \"37\": 0,\n    \"38\": 0,\n    \"39\": 0,\n    \"40\": 0.00431,\n    \"41\": 0,\n    \"42\": 0,\n    \"43\": 0,\n    \"44\": 0,\n    \"45\": 0,\n    \"46\": 0.00431,\n    \"47\": 0,\n    \"48\": 0.00431,\n    \"49\": 0,\n    \"50\": 0,\n    \"51\": 0,\n    \"52\": 0,\n    \"53\": 0,\n    \"54\": 0,\n    \"55\": 0,\n    \"56\": 0,\n    \"57\": 0,\n    \"58\": 0.00431,\n    \"60\": 0.00431,\n    \"62\": 0,\n    \"63\": 0,\n    \"64\": 0,\n    \"65\": 0,\n    \"66\": 0,\n    \"67\": 0.00431,\n    \"68\": 0,\n    \"69\": 0.00431,\n    \"70\": 0,\n    \"71\": 0,\n    \"72\": 0.00431,\n    \"73\": 0,\n    \"74\": 0.00431,\n    \"75\": 0.00431,\n    \"76\": 0.00431,\n    \"77\": 0.83164,\n    \"78\": 0.82733,\n    \"9.5-9.6\": 0,\n    \"10.0-10.1\": 0,\n    \"10.5\": 0,\n    \"10.6\": 0,\n    \"11.1\": 0,\n    \"11.5\": 0,\n    \"11.6\": 0,\n    \"12.1\": 0\n  },\n  G: {\n    \"8\": 0,\n    \"3.2\": 0,\n    \"4.0-4.1\": 0,\n    \"4.2-4.3\": 0,\n    \"5.0-5.1\": 0.03975,\n    \"6.0-6.1\": 0.00442,\n    \"7.0-7.1\": 0.23406,\n    \"8.1-8.4\": 0.01767,\n    \"9.0-9.2\": 0.00883,\n    \"9.3\": 0.34447,\n    \"10.0-10.2\": 0.0265,\n    \"10.3\": 0.25614,\n    \"11.0-11.2\": 0.10599,\n    \"11.3-11.4\": 0.11924,\n    \"12.0-12.1\": 0.07287,\n    \"12.2-12.4\": 0.46592,\n    \"13.0-13.1\": 0.07729,\n    \"13.2\": 0.02429,\n    \"13.3\": 0.25614,\n    \"13.4-13.7\": 0.73531,\n    \"14.0-14.4\": 3.416,\n    \"14.5-14.7\": 14.16303\n  },\n  E: {\n    \"4\": 0,\n    \"5\": 0,\n    \"6\": 0,\n    \"7\": 0,\n    \"8\": 0,\n    \"9\": 0,\n    \"10\": 0,\n    \"11\": 0,\n    \"12\": 0.00431,\n    \"13\": 0.00431,\n    \"14\": 0.09911,\n    \"15\": 0.00862,\n    _: \"0\",\n    \"3.1\": 0,\n    \"3.2\": 0,\n    \"5.1\": 0.00862,\n    \"6.1\": 0,\n    \"7.1\": 0,\n    \"9.1\": 0,\n    \"10.1\": 0,\n    \"11.1\": 0.00431,\n    \"12.1\": 0.01293,\n    \"13.1\": 0.03878,\n    \"14.1\": 0.26716\n  },\n  B: {\n    \"12\": 0.00431,\n    \"13\": 0.03878,\n    \"14\": 0.0474,\n    \"15\": 0.01293,\n    \"16\": 0.03447,\n    \"17\": 0.00431,\n    \"18\": 0.05171,\n    \"79\": 0,\n    \"80\": 0,\n    \"81\": 0,\n    \"83\": 0,\n    \"84\": 0.00431,\n    \"85\": 0,\n    \"86\": 0,\n    \"87\": 0.00431,\n    \"88\": 0,\n    \"89\": 0.00862,\n    \"90\": 0.01293,\n    \"91\": 0.03016,\n    \"92\": 0.84456,\n    \"93\": 0\n  },\n  P: {\n    \"4\": 0.28683,\n    \"5.0-5.4\": 0,\n    \"6.2-6.4\": 0.01024,\n    \"7.2-7.4\": 0.08195,\n    \"8.2\": 0,\n    \"9.2\": 0.02049,\n    \"10.1\": 0.01024,\n    \"11.1-11.2\": 0.14341,\n    \"12.0\": 0.07171,\n    \"13.0\": 0.15366,\n    \"14.0\": 1.32145\n  },\n  I: {\n    \"0\": 0,\n    \"3\": 0,\n    \"4\": 0,\n    \"2.1\": 0,\n    \"2.2\": 0,\n    \"2.3\": 0,\n    \"4.1\": 0.02155,\n    \"4.2-4.3\": 0.11855,\n    \"4.4\": 0,\n    \"4.4.3-4.4.4\": 0.47958\n  },\n  K: {\n    _: \"0 10 11 12 11.1 11.5 12.1\"\n  },\n  A: {\n    \"6\": 0,\n    \"7\": 0,\n    \"8\": 0.00482,\n    \"9\": 0,\n    \"10\": 0.00482,\n    \"11\": 0.07224,\n    \"5.5\": 0\n  },\n  J: {\n    \"7\": 0,\n    \"10\": 0\n  },\n  N: {\n    \"10\": 0,\n    \"11\": 0\n  },\n  R: {\n    _: \"0\"\n  },\n  M: {\n    \"0\": 0.06829\n  },\n  Q: {\n    \"10.4\": 0\n  },\n  O: {\n    \"0\": 0.11951\n  },\n  H: {\n    \"0\": 0.29633\n  },\n  L: {\n    \"0\": 56.95031\n  },\n  S: {\n    \"2.5\": 0\n  }\n};","map":{"version":3,"sources":["C:/xampp/public_html/vamo/interface2/node_modules/caniuse-lite/data/regions/GE.js"],"names":["module","exports","C","D","F","G","E","_","B","P","I","K","A","J","N","R","M","Q","O","H","L","S"],