{"ast":null,"code":"module.exports = {\n  C: {\n    \"3\": 0.00312,\n    \"21\": 0.00104,\n    \"23\": 0.00208,\n    \"28\": 0.00208,\n    \"29\": 0.00104,\n    \"30\": 0.00624,\n    \"31\": 0.00104,\n    \"32\": 0.00208,\n    \"33\": 0.00312,\n    \"34\": 0.0052,\n    \"35\": 0.0052,\n    \"36\": 0.00104,\n    \"37\": 0.00208,\n    \"38\": 0.0052,\n    \"39\": 0.00208,\n    \"40\": 0.00312,\n    \"41\": 0.00728,\n    \"42\": 0.00104,\n    \"43\": 0.00624,\n    \"44\": 0.01144,\n    \"45\": 0.0052,\n    \"47\": 0.01352,\n    \"48\": 0.00624,\n    \"49\": 0.00416,\n    \"50\": 0.00312,\n    \"51\": 0.00312,\n    \"52\": 0.026,\n    \"53\": 0.00104,\n    \"56\": 0.0052,\n    \"57\": 0.00208,\n    \"58\": 0.00208,\n    \"60\": 0.00104,\n    \"62\": 0.00104,\n    \"63\": 0.00104,\n    \"65\": 0.00312,\n    \"66\": 0.0052,\n    \"68\": 0.00416,\n    \"69\": 0.00104,\n    \"70\": 0.00104,\n    \"72\": 0.0156,\n    \"74\": 0.00104,\n    \"77\": 0.00208,\n    \"78\": 0.02912,\n    \"80\": 0.00208,\n    \"81\": 0.00312,\n    \"82\": 0.00208,\n    \"83\": 0.00208,\n    \"84\": 0.00312,\n    \"85\": 0.00728,\n    \"86\": 0.00728,\n    \"87\": 0.00728,\n    \"88\": 0.02704,\n    \"89\": 0.14248,\n    \"90\": 0.6604,\n    \"91\": 0.74464,\n    \"92\": 0.01352,\n    _: \"2 4 5 6 7 8 9 10 11 12 13 14 15 16 17 18 19 20 22 24 25 26 27 46 54 55 59 61 64 67 71 73 75 76 79 93 3.5 3.6\"\n  },\n  D: {\n    \"11\": 0.00208,\n    \"26\": 0.00312,\n    \"27\": 0.00104,\n    \"28\": 0.00208,\n    \"29\": 0.00624,\n    \"31\": 0.00208,\n    \"33\": 0.00832,\n    \"35\": 0.00104,\n    \"37\": 0.00416,\n    \"38\": 0.00312,\n    \"40\": 0.00624,\n    \"43\": 0.02392,\n    \"44\": 0.00104,\n    \"47\": 0.00312,\n    \"48\": 0.01768,\n    \"49\": 0.00416,\n    \"50\": 0.00312,\n    \"51\": 0.00312,\n    \"52\": 0.00208,\n    \"53\": 0.00208,\n    \"54\": 0.00208,\n    \"55\": 0.00936,\n    \"56\": 0.01976,\n    \"57\": 0.01144,\n    \"58\": 0.00832,\n    \"59\": 0.00208,\n    \"61\": 0.05512,\n    \"62\": 0.00104,\n    \"63\": 0.02184,\n    \"64\": 0.00624,\n    \"65\": 0.00208,\n    \"66\": 0.00208,\n    \"67\": 0.0052,\n    \"68\": 0.00936,\n    \"69\": 0.05616,\n    \"70\": 0.00624,\n    \"71\": 0.0052,\n    \"72\": 0.00312,\n    \"73\": 0.00104,\n    \"74\": 0.00728,\n    \"75\": 0.00936,\n    \"76\": 0.00416,\n    \"77\": 0.00416,\n    \"78\": 0.01768,\n    \"79\": 0.03536,\n    \"80\": 0.02496,\n    \"81\": 0.02288,\n    \"83\": 0.01976,\n    \"84\": 0.0104,\n    \"85\": 0.0416,\n    \"86\": 0.0676,\n    \"87\": 0.05096,\n    \"88\": 0.04056,\n    \"89\": 0.03848,\n    \"90\": 0.06968,\n    \"91\": 0.32344,\n    \"92\": 3.84072,\n    \"93\": 0.01664,\n    \"94\": 0.00416,\n    _: \"4 5 6 7 8 9 10 12 13 14 15 16 17 18 19 20 21 22 23 24 25 30 32 34 36 39 41 42 45 46 60 95 96\"\n  },\n  F: {\n    \"18\": 0.0052,\n    \"36\": 0.00104,\n    \"51\": 0.00104,\n    \"60\": 0.06656,\n    \"62\": 0.00104,\n    \"65\": 0.00208,\n    \"70\": 0.0104,\n    \"71\": 0.0052,\n    \"72\": 0.00312,\n    \"73\": 0.00104,\n    \"74\": 0.00208,\n    \"75\": 0.01976,\n    \"76\": 0.00416,\n    \"77\": 0.43368,\n    \"78\": 0.16328,\n    _: \"9 11 12 15 16 17 19 20 21 22 23 24 25 26 27 28 29 30 31 32 33 34 35 37 38 39 40 41 42 43 44 45 46 47 48 49 50 52 53 54 55 56 57 58 63 64 66 67 68 69 9.5-9.6 10.5 10.6 11.1 11.6 12.1\",\n    \"10.0-10.1\": 0,\n    \"11.5\": 0.00312\n  },\n  G: {\n    \"8\": 0,\n    \"3.2\": 0,\n    \"4.0-4.1\": 0,\n    \"4.2-4.3\": 0.00137,\n    \"5.0-5.1\": 0.00092,\n    \"6.0-6.1\": 0.00092,\n    \"7.0-7.1\": 0.00962,\n    \"8.1-8.4\": 0,\n    \"9.0-9.2\": 0.00458,\n    \"9.3\": 0.03023,\n    \"10.0-10.2\": 0.00733,\n    \"10.3\": 0.04718,\n    \"11.0-11.2\": 0.08291,\n    \"11.3-11.4\": 0.06138,\n    \"12.0-12.1\": 0.05863,\n    \"12.2-12.4\": 0.17452,\n    \"13.0-13.1\": 0.05909,\n    \"13.2\": 0.13467,\n    \"13.3\": 0.10123,\n    \"13.4-13.7\": 0.2194,\n    \"14.0-14.4\": 1.50194,\n    \"14.5-14.7\": 1.6705\n  },\n  E: {\n    \"4\": 0,\n    \"10\": 0.00312,\n    \"12\": 0.0052,\n    \"13\": 0.0052,\n    \"14\": 0.07592,\n    _: \"0 5 6 7 8 9 11 15 3.1 3.2 6.1 7.1\",\n    \"5.1\": 0.04368,\n    \"9.1\": 0.01456,\n    \"10.1\": 0.00104,\n    \"11.1\": 0.02392,\n    \"12.1\": 0.01664,\n    \"13.1\": 0.05616,\n    \"14.1\": 0.09984\n  },\n  B: {\n    \"12\": 0.0312,\n    \"13\": 0.00832,\n    \"14\": 0.0156,\n    \"15\": 0.0052,\n    \"16\": 0.01248,\n    \"17\": 0.01768,\n    \"18\": 0.07176,\n    \"81\": 0.00208,\n    \"83\": 0.00104,\n    \"84\": 0.0104,\n    \"85\": 0.00624,\n    \"86\": 0.01352,\n    \"87\": 0.00208,\n    \"88\": 0.00312,\n    \"89\": 0.02392,\n    \"90\": 0.02392,\n    \"91\": 0.06344,\n    \"92\": 0.598,\n    _: \"79 80 93\"\n  },\n  P: {\n    \"4\": 1.39585,\n    \"5.0-5.4\": 0.06069,\n    \"6.2-6.4\": 0.12138,\n    \"7.2-7.4\": 0.43494,\n    \"8.2\": 0.01011,\n    \"9.2\": 0.18207,\n    \"10.1\": 0.05057,\n    \"11.1-11.2\": 0.4754,\n    \"12.0\": 0.12138,\n    \"13.0\": 0.40459,\n    \"14.0\": 1.28459\n  },\n  I: {\n    \"0\": 0,\n    \"3\": 0,\n    \"4\": 0,\n    \"2.1\": 0,\n    \"2.2\": 0,\n    \"2.3\": 0,\n    \"4.1\": 0.00147,\n    \"4.2-4.3\": 0.01436,\n    \"4.4\": 0,\n    \"4.4.3-4.4.4\": 0.11857\n  },\n  K: {\n    _: \"0 10 11 12 11.1 11.5 12.1\"\n  },\n  A: {\n    \"9\": 0.00596,\n    \"11\": 0.435,\n    _: \"6 7 8 10 5.5\"\n  },\n  J: {\n    \"7\": 0,\n    \"10\": 0\n  },\n  N: {\n    \"11\": 0.02439,\n    _: \"10\"\n  },\n  R: {\n    _: \"0\"\n  },\n  M: {\n    \"0\": 0.17024\n  },\n  Q: {\n    \"10.4\": 0.00896\n  },\n  O: {\n    \"0\": 1.568\n  },\n  H: {\n    \"0\": 7.26123\n  },\n  L: {\n    \"0\": 72.05544\n  },\n  S: {\n    \"2.5\": 0.03584\n  }\n};","map":{"version":3,"sources":["C:/xampp/public_html/vamo/interface2/node_modules/caniuse-lite/data/regions/SD.js"],"names":["module","exports","C","_","D","F","G","E","B","P","I","K","A","J","N","R","M","Q","O","H","L","S"],