{"ast":null,"code":"module.exports = {\n  C: {\n    \"2\": 0,\n    \"3\": 0.01094,\n    \"4\": 0,\n    \"5\": 0,\n    \"6\": 0,\n    \"7\": 0,\n    \"8\": 0,\n    \"9\": 0,\n    \"10\": 0,\n    \"11\": 0.0164,\n    \"12\": 0,\n    \"13\": 0,\n    \"14\": 0,\n    \"15\": 0,\n    \"16\": 0,\n    \"17\": 0,\n    \"18\": 0,\n    \"19\": 0,\n    \"20\": 0,\n    \"21\": 0,\n    \"22\": 0,\n    \"23\": 0,\n    \"24\": 0,\n    \"25\": 0,\n    \"26\": 0,\n    \"27\": 0,\n    \"28\": 0,\n    \"29\": 0,\n    \"30\": 0,\n    \"31\": 0,\n    \"32\": 0,\n    \"33\": 0,\n    \"34\": 0,\n    \"35\": 0.01094,\n    \"36\": 0.01094,\n    \"37\": 0,\n    \"38\": 0,\n    \"39\": 0,\n    \"40\": 0,\n    \"41\": 0,\n    \"42\": 0,\n    \"43\": 0,\n    \"44\": 0,\n    \"45\": 0,\n    \"46\": 0,\n    \"47\": 0,\n    \"48\": 0.02187,\n    \"49\": 0,\n    \"50\": 0,\n    \"51\": 0.00547,\n    \"52\": 0.07108,\n    \"53\": 0,\n    \"54\": 0,\n    \"55\": 0,\n    \"56\": 0,\n    \"57\": 0,\n    \"58\": 0,\n    \"59\": 0.00547,\n    \"60\": 0.00547,\n    \"61\": 0,\n    \"62\": 0,\n    \"63\": 0,\n    \"64\": 0,\n    \"65\": 0,\n    \"66\": 0.00547,\n    \"67\": 0,\n    \"68\": 0.0164,\n    \"69\": 0.00547,\n    \"70\": 0,\n    \"71\": 0.00547,\n    \"72\": 0.01094,\n    \"73\": 0,\n    \"74\": 0.00547,\n    \"75\": 0,\n    \"76\": 0.01094,\n    \"77\": 0.00547,\n    \"78\": 0.07655,\n    \"79\": 0.00547,\n    \"80\": 0.01094,\n    \"81\": 0.00547,\n    \"82\": 0.01094,\n    \"83\": 0.02187,\n    \"84\": 0.01094,\n    \"85\": 0.00547,\n    \"86\": 0.0164,\n    \"87\": 0.01094,\n    \"88\": 0.03828,\n    \"89\": 0.08202,\n    \"90\": 1.15375,\n    \"91\": 1.90286,\n    \"92\": 0.01094,\n    \"93\": 0,\n    \"3.5\": 0,\n    \"3.6\": 0\n  },\n  D: {\n    \"4\": 0,\n    \"5\": 0,\n    \"6\": 0,\n    \"7\": 0,\n    \"8\": 0,\n    \"9\": 0,\n    \"10\": 0,\n    \"11\": 0,\n    \"12\": 0,\n    \"13\": 0,\n    \"14\": 0,\n    \"15\": 0,\n    \"16\": 0,\n    \"17\": 0,\n    \"18\": 0,\n    \"19\": 0,\n    \"20\": 0,\n    \"21\": 0,\n    \"22\": 0,\n    \"23\": 0,\n    \"24\": 0,\n    \"25\": 0,\n    \"26\": 0,\n    \"27\": 0,\n    \"28\": 0,\n    \"29\": 0,\n    \"30\": 0,\n    \"31\": 0,\n    \"32\": 0,\n    \"33\": 0,\n    \"34\": 0,\n    \"35\": 0,\n    \"36\": 0,\n    \"37\": 0,\n    \"38\": 0.12576,\n    \"39\": 0,\n    \"40\": 0,\n    \"41\": 0,\n    \"42\": 0,\n    \"43\": 0,\n    \"44\": 0,\n    \"45\": 0,\n    \"46\": 0.07655,\n    \"47\": 0,\n    \"48\": 0.09842,\n    \"49\": 0.14217,\n    \"50\": 0,\n    \"51\": 0.00547,\n    \"52\": 0,\n    \"53\": 0.00547,\n    \"54\": 0,\n    \"55\": 0,\n    \"56\": 0.30074,\n    \"57\": 0,\n    \"58\": 0.00547,\n    \"59\": 0,\n    \"60\": 0,\n    \"61\": 0.18591,\n    \"62\": 0.00547,\n    \"63\": 0.01094,\n    \"64\": 0.00547,\n    \"65\": 0.0164,\n    \"66\": 0.00547,\n    \"67\": 0.01094,\n    \"68\": 0.01094,\n    \"69\": 0.00547,\n    \"70\": 0.00547,\n    \"71\": 0.01094,\n    \"72\": 0.00547,\n    \"73\": 0.00547,\n    \"74\": 0.01094,\n    \"75\": 0.00547,\n    \"76\": 0.00547,\n    \"77\": 0.0164,\n    \"78\": 0.0164,\n    \"79\": 0.04921,\n    \"80\": 0.02187,\n    \"81\": 0.02734,\n    \"83\": 0.08202,\n    \"84\": 0.08202,\n    \"85\": 0.06562,\n    \"86\": 0.1367,\n    \"87\": 0.19685,\n    \"88\": 0.07108,\n    \"89\": 0.07655,\n    \"90\": 0.18591,\n    \"91\": 0.88582,\n    \"92\": 16.43134,\n    \"93\": 0.01094,\n    \"94\": 0.01094,\n    \"95\": 0,\n    \"96\": 0\n  },\n  F: {\n    \"9\": 0,\n    \"11\": 0,\n    \"12\": 0,\n    \"15\": 0,\n    \"16\": 0,\n    \"17\": 0,\n    \"18\": 0,\n    \"19\": 0,\n    \"20\": 0,\n    \"21\": 0,\n    \"22\": 0,\n    \"23\": 0,\n    \"24\": 0,\n    \"25\": 0,\n    \"26\": 0,\n    \"27\": 0,\n    \"28\": 0,\n    \"29\": 0,\n    \"30\": 0,\n    \"31\": 0,\n    \"32\": 0,\n    \"33\": 0,\n    \"34\": 0,\n    \"35\": 0,\n    \"36\": 0.01094,\n    \"37\": 0,\n    \"38\": 0,\n    \"39\": 0,\n    \"40\": 0,\n    \"41\": 0,\n    \"42\": 0,\n    \"43\": 0,\n    \"44\": 0,\n    \"45\": 0.01094,\n    \"46\": 0,\n    \"47\": 0,\n    \"48\": 0,\n    \"49\": 0,\n    \"50\": 0,\n    \"51\": 0,\n    \"52\": 0,\n    \"53\": 0,\n    \"54\": 0,\n    \"55\": 0,\n    \"56\": 0,\n    \"57\": 0,\n    \"58\": 0.01094,\n    \"60\": 0,\n    \"62\": 0,\n    \"63\": 0,\n    \"64\": 0,\n    \"65\": 0.01094,\n    \"66\": 0,\n    \"67\": 0,\n    \"68\": 0.0164,\n    \"69\": 0.0164,\n    \"70\": 0.00547,\n    \"71\": 0.01094,\n    \"72\": 0,\n    \"73\": 0,\n    \"74\": 0.00547,\n    \"75\": 0,\n    \"76\": 0.00547,\n    \"77\": 0.98971,\n    \"78\": 0.79833,\n    \"9.5-9.6\": 0,\n    \"10.0-10.1\": 0,\n    \"10.5\": 0,\n    \"10.6\": 0,\n    \"11.1\": 0,\n    \"11.5\": 0,\n    \"11.6\": 0,\n    \"12.1\": 0\n  },\n  G: {\n    \"8\": 0,\n    \"3.2\": 0,\n    \"4.0-4.1\": 0,\n    \"4.2-4.3\": 0,\n    \"5.0-5.1\": 0.00539,\n    \"6.0-6.1\": 0.0036,\n    \"7.0-7.1\": 0.01079,\n    \"8.1-8.4\": 0.00899,\n    \"9.0-9.2\": 0.00899,\n    \"9.3\": 0.04674,\n    \"10.0-10.2\": 0.01079,\n    \"10.3\": 0.14922,\n    \"11.0-11.2\": 0.04135,\n    \"11.3-11.4\": 0.03775,\n    \"12.0-12.1\": 0.0809,\n    \"12.2-12.4\": 0.15101,\n    \"13.0-13.1\": 0.04315,\n    \"13.2\": 0.02876,\n    \"13.3\": 0.14202,\n    \"13.4-13.7\": 0.55372,\n    \"14.0-14.4\": 2.20948,\n    \"14.5-14.7\": 14.13418\n  },\n  E: {\n    \"4\": 0.0164,\n    \"5\": 0,\n    \"6\": 0,\n    \"7\": 0,\n    \"8\": 0,\n    \"9\": 0,\n    \"10\": 0,\n    \"11\": 0,\n    \"12\": 0.00547,\n    \"13\": 0.02187,\n    \"14\": 0.24606,\n    \"15\": 0.01094,\n    _: \"0\",\n    \"3.1\": 0,\n    \"3.2\": 0,\n    \"5.1\": 0,\n    \"6.1\": 0,\n    \"7.1\": 0,\n    \"9.1\": 0,\n    \"10.1\": 0,\n    \"11.1\": 0.0164,\n    \"12.1\": 0.04374,\n    \"13.1\": 0.15857,\n    \"14.1\": 0.72724\n  },\n  B: {\n    \"12\": 0,\n    \"13\": 0,\n    \"14\": 0.00547,\n    \"15\": 0.02187,\n    \"16\": 0.00547,\n    \"17\": 0.00547,\n    \"18\": 0.02187,\n    \"79\": 0,\n    \"80\": 0,\n    \"81\": 0,\n    \"83\": 0,\n    \"84\": 0.01094,\n    \"85\": 0.00547,\n    \"86\": 0.00547,\n    \"87\": 0.00547,\n    \"88\": 0.00547,\n    \"89\": 0.0164,\n    \"90\": 0.01094,\n    \"91\": 0.06562,\n    \"92\": 2.22548,\n    \"93\": 0\n  },\n  P: {\n    \"4\": 0.11214,\n    \"5.0-5.4\": 0.01019,\n    \"6.2-6.4\": 0,\n    \"7.2-7.4\": 0,\n    \"8.2\": 0,\n    \"9.2\": 0.03058,\n    \"10.1\": 0.02039,\n    \"11.1-11.2\": 0.08155,\n    \"12.0\": 0.07136,\n    \"13.0\": 0.15292,\n    \"14.0\": 3.65977\n  },\n  I: {\n    \"0\": 0,\n    \"3\": 0,\n    \"4\": 0.00252,\n    \"2.1\": 0,\n    \"2.2\": 0,\n    \"2.3\": 0,\n    \"4.1\": 0.00757,\n    \"4.2-4.3\": 0.01766,\n    \"4.4\": 0,\n    \"4.4.3-4.4.4\": 0.07318\n  },\n  K: {\n    _: \"0 10 11 12 11.1 11.5 12.1\"\n  },\n  A: {\n    \"6\": 0.03923,\n    \"7\": 0.03923,\n    \"8\": 0.17652,\n    \"9\": 0.05884,\n    \"10\": 0.09153,\n    \"11\": 0.49687,\n    \"5.5\": 0\n  },\n  J: {\n    \"7\": 0,\n    \"10\": 0\n  },\n  N: {\n    \"10\": 0,\n    \"11\": 0.00906\n  },\n  R: {\n    _: \"0\"\n  },\n  M: {\n    \"0\": 0.29911\n  },\n  Q: {\n    \"10.4\": 0.00906\n  },\n  O: {\n    \"0\": 0.06345\n  },\n  H: {\n    \"0\": 0.37328\n  },\n  L: {\n    \"0\": 44.51707\n  },\n  S: {\n    \"2.5\": 0\n  }\n};","map":{"version":3,"sources":["C:/xampp/public_html/vamo/interface2/node_modules/caniuse-lite/data/regions/LT.js"],"names":["module","exports","C","D","F","G","E","_","B","P","I","K","A","J","N","R","M","Q","O","H","L","S"],