{"ast":null,"code":"module.exports = {\n  C: {\n    \"2\": 0,\n    \"3\": 0,\n    \"4\": 0,\n    \"5\": 0,\n    \"6\": 0,\n    \"7\": 0,\n    \"8\": 0,\n    \"9\": 0,\n    \"10\": 0,\n    \"11\": 0,\n    \"12\": 0,\n    \"13\": 0,\n    \"14\": 0,\n    \"15\": 0,\n    \"16\": 0,\n    \"17\": 0,\n    \"18\": 0,\n    \"19\": 0,\n    \"20\": 0,\n    \"21\": 0,\n    \"22\": 0,\n    \"23\": 0,\n    \"24\": 0,\n    \"25\": 0,\n    \"26\": 0,\n    \"27\": 0,\n    \"28\": 0,\n    \"29\": 0,\n    \"30\": 0,\n    \"31\": 0.00341,\n    \"32\": 0,\n    \"33\": 0,\n    \"34\": 0,\n    \"35\": 0.00341,\n    \"36\": 0.00341,\n    \"37\": 0,\n    \"38\": 0,\n    \"39\": 0,\n    \"40\": 0,\n    \"41\": 0,\n    \"42\": 0,\n    \"43\": 0,\n    \"44\": 0,\n    \"45\": 0,\n    \"46\": 0,\n    \"47\": 0.00341,\n    \"48\": 0,\n    \"49\": 0,\n    \"50\": 0,\n    \"51\": 0,\n    \"52\": 0.00341,\n    \"53\": 0,\n    \"54\": 0,\n    \"55\": 0,\n    \"56\": 0,\n    \"57\": 0,\n    \"58\": 0,\n    \"59\": 0,\n    \"60\": 0,\n    \"61\": 0,\n    \"62\": 0,\n    \"63\": 0,\n    \"64\": 0,\n    \"65\": 0,\n    \"66\": 0,\n    \"67\": 0,\n    \"68\": 0.00341,\n    \"69\": 0,\n    \"70\": 0,\n    \"71\": 0,\n    \"72\": 0.00341,\n    \"73\": 0,\n    \"74\": 0,\n    \"75\": 0,\n    \"76\": 0,\n    \"77\": 0,\n    \"78\": 0.01023,\n    \"79\": 0,\n    \"80\": 0,\n    \"81\": 0,\n    \"82\": 0,\n    \"83\": 0,\n    \"84\": 0.00341,\n    \"85\": 0,\n    \"86\": 0,\n    \"87\": 0.00341,\n    \"88\": 0.01023,\n    \"89\": 0.03751,\n    \"90\": 0.23529,\n    \"91\": 0.33759,\n    \"92\": 0.01364,\n    \"93\": 0,\n    \"3.5\": 0,\n    \"3.6\": 0\n  },\n  D: {\n    \"4\": 0,\n    \"5\": 0,\n    \"6\": 0,\n    \"7\": 0,\n    \"8\": 0,\n    \"9\": 0,\n    \"10\": 0,\n    \"11\": 0,\n    \"12\": 0,\n    \"13\": 0,\n    \"14\": 0,\n    \"15\": 0,\n    \"16\": 0,\n    \"17\": 0,\n    \"18\": 0,\n    \"19\": 0,\n    \"20\": 0,\n    \"21\": 0,\n    \"22\": 0,\n    \"23\": 0,\n    \"24\": 0,\n    \"25\": 0,\n    \"26\": 0,\n    \"27\": 0,\n    \"28\": 0,\n    \"29\": 0,\n    \"30\": 0,\n    \"31\": 0,\n    \"32\": 0,\n    \"33\": 0,\n    \"34\": 0,\n    \"35\": 0,\n    \"36\": 0,\n    \"37\": 0,\n    \"38\": 0,\n    \"39\": 0,\n    \"40\": 0.00682,\n    \"41\": 0,\n    \"42\": 0,\n    \"43\": 0,\n    \"44\": 0,\n    \"45\": 0,\n    \"46\": 0.00341,\n    \"47\": 0,\n    \"48\": 0,\n    \"49\": 0.01364,\n    \"50\": 0,\n    \"51\": 0,\n    \"52\": 0,\n    \"53\": 0,\n    \"54\": 0,\n    \"55\": 0,\n    \"56\": 0,\n    \"57\": 0,\n    \"58\": 0.00341,\n    \"59\": 0,\n    \"60\": 0,\n    \"61\": 0,\n    \"62\": 0,\n    \"63\": 0.00682,\n    \"64\": 0.00682,\n    \"65\": 0,\n    \"66\": 0,\n    \"67\": 0.00341,\n    \"68\": 0.00341,\n    \"69\": 0.00341,\n    \"70\": 0.00682,\n    \"71\": 0.00341,\n    \"72\": 0.00341,\n    \"73\": 0.00341,\n    \"74\": 0.00682,\n    \"75\": 0.00341,\n    \"76\": 0.00341,\n    \"77\": 0.00341,\n    \"78\": 0.00682,\n    \"79\": 0.01364,\n    \"80\": 0.00682,\n    \"81\": 0.04433,\n    \"83\": 0.01023,\n    \"84\": 0.00682,\n    \"85\": 0.01023,\n    \"86\": 0.02387,\n    \"87\": 0.06138,\n    \"88\": 0.03069,\n    \"89\": 0.01705,\n    \"90\": 0.03751,\n    \"91\": 0.21824,\n    \"92\": 7.19851,\n    \"93\": 0.01023,\n    \"94\": 0.00341,\n    \"95\": 0,\n    \"96\": 0\n  },\n  F: {\n    \"9\": 0,\n    \"11\": 0,\n    \"12\": 0,\n    \"15\": 0,\n    \"16\": 0,\n    \"17\": 0,\n    \"18\": 0,\n    \"19\": 0.00341,\n    \"20\": 0,\n    \"21\": 0,\n    \"22\": 0,\n    \"23\": 0,\n    \"24\": 0,\n    \"25\": 0,\n    \"26\": 0,\n    \"27\": 0,\n    \"28\": 0,\n    \"29\": 0,\n    \"30\": 0,\n    \"31\": 0,\n    \"32\": 0,\n    \"33\": 0,\n    \"34\": 0,\n    \"35\": 0,\n    \"36\": 0,\n    \"37\": 0.01023,\n    \"38\": 0,\n    \"39\": 0,\n    \"40\": 0,\n    \"41\": 0,\n    \"42\": 0,\n    \"43\": 0,\n    \"44\": 0,\n    \"45\": 0,\n    \"46\": 0.00341,\n    \"47\": 0.00341,\n    \"48\": 0,\n    \"49\": 0,\n    \"50\": 0.00682,\n    \"51\": 0.01023,\n    \"52\": 0,\n    \"53\": 0,\n    \"54\": 0.02046,\n    \"55\": 0.01705,\n    \"56\": 0.01364,\n    \"57\": 0.02046,\n    \"58\": 0.2728,\n    \"60\": 0,\n    \"62\": 0,\n    \"63\": 0,\n    \"64\": 0.00341,\n    \"65\": 0.00341,\n    \"66\": 0,\n    \"67\": 0,\n    \"68\": 0,\n    \"69\": 0,\n    \"70\": 0,\n    \"71\": 0,\n    \"72\": 0,\n    \"73\": 0,\n    \"74\": 0,\n    \"75\": 0,\n    \"76\": 0.00341,\n    \"77\": 0.23529,\n    \"78\": 0.23529,\n    \"9.5-9.6\": 0,\n    \"10.0-10.1\": 0,\n    \"10.5\": 0,\n    \"10.6\": 0,\n    \"11.1\": 0,\n    \"11.5\": 0,\n    \"11.6\": 0,\n    \"12.1\": 0\n  },\n  G: {\n    \"8\": 0.00265,\n    \"3.2\": 0,\n    \"4.0-4.1\": 0,\n    \"4.2-4.3\": 0.00199,\n    \"5.0-5.1\": 0.00199,\n    \"6.0-6.1\": 0.00199,\n    \"7.0-7.1\": 0.01258,\n    \"8.1-8.4\": 0.00994,\n    \"9.0-9.2\": 0.00596,\n    \"9.3\": 0.0616,\n    \"10.0-10.2\": 0.0159,\n    \"10.3\": 0.06756,\n    \"11.0-11.2\": 0.09206,\n    \"11.3-11.4\": 0.05497,\n    \"12.0-12.1\": 0.06027,\n    \"12.2-12.4\": 0.20731,\n    \"13.0-13.1\": 0.06292,\n    \"13.2\": 0.0351,\n    \"13.3\": 0.12319,\n    \"13.4-13.7\": 0.33316,\n    \"14.0-14.4\": 1.41011,\n    \"14.5-14.7\": 3.39977\n  },\n  E: {\n    \"4\": 0,\n    \"5\": 0,\n    \"6\": 0,\n    \"7\": 0,\n    \"8\": 0,\n    \"9\": 0,\n    \"10\": 0,\n    \"11\": 0,\n    \"12\": 0,\n    \"13\": 0.00682,\n    \"14\": 0.0341,\n    \"15\": 0,\n    _: \"0\",\n    \"3.1\": 0,\n    \"3.2\": 0,\n    \"5.1\": 0.00682,\n    \"6.1\": 0,\n    \"7.1\": 0,\n    \"9.1\": 0,\n    \"10.1\": 0,\n    \"11.1\": 0.00341,\n    \"12.1\": 0.00341,\n    \"13.1\": 0.01364,\n    \"14.1\": 0.1023\n  },\n  B: {\n    \"12\": 0.00341,\n    \"13\": 0.00341,\n    \"14\": 0.00341,\n    \"15\": 0.00341,\n    \"16\": 0.00341,\n    \"17\": 0.00341,\n    \"18\": 0.01364,\n    \"79\": 0,\n    \"80\": 0,\n    \"81\": 0,\n    \"83\": 0,\n    \"84\": 0.00341,\n    \"85\": 0.00341,\n    \"86\": 0,\n    \"87\": 0,\n    \"88\": 0.00341,\n    \"89\": 0.01023,\n    \"90\": 0.00682,\n    \"91\": 0.0341,\n    \"92\": 1.99485,\n    \"93\": 0\n  },\n  P: {\n    \"4\": 1.00255,\n    \"5.0-5.4\": 0.03038,\n    \"6.2-6.4\": 0.07089,\n    \"7.2-7.4\": 1.04305,\n    \"8.2\": 0.04051,\n    \"9.2\": 0.17215,\n    \"10.1\": 0.07089,\n    \"11.1-11.2\": 0.59748,\n    \"12.0\": 0.1519,\n    \"13.0\": 0.44558,\n    \"14.0\": 1.58989\n  },\n  I: {\n    \"0\": 0,\n    \"3\": 0,\n    \"4\": 0,\n    \"2.1\": 0,\n    \"2.2\": 0,\n    \"2.3\": 0,\n    \"4.1\": 0.00297,\n    \"4.2-4.3\": 0.01189,\n    \"4.4\": 0,\n    \"4.4.3-4.4.4\": 0.1256\n  },\n  K: {\n    _: \"0 10 11 12 11.1 11.5 12.1\"\n  },\n  A: {\n    \"6\": 0,\n    \"7\": 0,\n    \"8\": 0,\n    \"9\": 0,\n    \"10\": 0,\n    \"11\": 0.02728,\n    \"5.5\": 0\n  },\n  J: {\n    \"7\": 0,\n    \"10\": 0\n  },\n  N: {\n    \"10\": 0,\n    \"11\": 0\n  },\n  R: {\n    _: \"0\"\n  },\n  M: {\n    \"0\": 0.10544\n  },\n  Q: {\n    \"10.4\": 0\n  },\n  O: {\n    \"0\": 2.2406\n  },\n  H: {\n    \"0\": 2.11502\n  },\n  L: {\n    \"0\": 69.36415\n  },\n  S: {\n    \"2.5\": 0\n  }\n};","map":{"version":3,"sources":["C:/xampp/public_html/vamo/interface2/node_modules/caniuse-lite/data/regions/LK.js"],"names":["module","exports","C","D","F","G","E","_","B","P","I","K","A","J","N","R","M","Q","O","H","L","S"],