{"ast":null,"code":"module.exports = {\n  C: {\n    \"2\": 0,\n    \"3\": 0,\n    \"4\": 0,\n    \"5\": 0,\n    \"6\": 0,\n    \"7\": 0,\n    \"8\": 0,\n    \"9\": 0,\n    \"10\": 0,\n    \"11\": 0,\n    \"12\": 0,\n    \"13\": 0,\n    \"14\": 0,\n    \"15\": 0.003,\n    \"16\": 0,\n    \"17\": 0.003,\n    \"18\": 0,\n    \"19\": 0,\n    \"20\": 0,\n    \"21\": 0,\n    \"22\": 0,\n    \"23\": 0,\n    \"24\": 0,\n    \"25\": 0,\n    \"26\": 0,\n    \"27\": 0.003,\n    \"28\": 0,\n    \"29\": 0,\n    \"30\": 0,\n    \"31\": 0,\n    \"32\": 0,\n    \"33\": 0.003,\n    \"34\": 0,\n    \"35\": 0.012,\n    \"36\": 0.003,\n    \"37\": 0,\n    \"38\": 0.003,\n    \"39\": 0,\n    \"40\": 0,\n    \"41\": 0,\n    \"42\": 0,\n    \"43\": 0.003,\n    \"44\": 0,\n    \"45\": 0.003,\n    \"46\": 0,\n    \"47\": 0.003,\n    \"48\": 0,\n    \"49\": 0,\n    \"50\": 0,\n    \"51\": 0,\n    \"52\": 0,\n    \"53\": 0,\n    \"54\": 0,\n    \"55\": 0,\n    \"56\": 0,\n    \"57\": 0,\n    \"58\": 0,\n    \"59\": 0,\n    \"60\": 0,\n    \"61\": 0.01801,\n    \"62\": 0,\n    \"63\": 0,\n    \"64\": 0,\n    \"65\": 0,\n    \"66\": 0,\n    \"67\": 0,\n    \"68\": 0,\n    \"69\": 0,\n    \"70\": 0,\n    \"71\": 0,\n    \"72\": 0.003,\n    \"73\": 0,\n    \"74\": 0,\n    \"75\": 0,\n    \"76\": 0,\n    \"77\": 0,\n    \"78\": 0.006,\n    \"79\": 0,\n    \"80\": 0,\n    \"81\": 0,\n    \"82\": 0,\n    \"83\": 0,\n    \"84\": 0,\n    \"85\": 0,\n    \"86\": 0,\n    \"87\": 0.003,\n    \"88\": 0.009,\n    \"89\": 0.02101,\n    \"90\": 0.15305,\n    \"91\": 0.21307,\n    \"92\": 0.02101,\n    \"93\": 0,\n    \"3.5\": 0,\n    \"3.6\": 0\n  },\n  D: {\n    \"4\": 0,\n    \"5\": 0,\n    \"6\": 0,\n    \"7\": 0,\n    \"8\": 0,\n    \"9\": 0,\n    \"10\": 0,\n    \"11\": 0.003,\n    \"12\": 0,\n    \"13\": 0,\n    \"14\": 0,\n    \"15\": 0,\n    \"16\": 0,\n    \"17\": 0,\n    \"18\": 0,\n    \"19\": 0,\n    \"20\": 0,\n    \"21\": 0,\n    \"22\": 0,\n    \"23\": 0,\n    \"24\": 0,\n    \"25\": 0,\n    \"26\": 0.003,\n    \"27\": 0,\n    \"28\": 0,\n    \"29\": 0.003,\n    \"30\": 0,\n    \"31\": 0,\n    \"32\": 0,\n    \"33\": 0.02401,\n    \"34\": 0,\n    \"35\": 0,\n    \"36\": 0,\n    \"37\": 0.003,\n    \"38\": 0.003,\n    \"39\": 0,\n    \"40\": 0.003,\n    \"41\": 0,\n    \"42\": 0.003,\n    \"43\": 0.003,\n    \"44\": 0,\n    \"45\": 0,\n    \"46\": 0,\n    \"47\": 0,\n    \"48\": 0.003,\n    \"49\": 0.009,\n    \"50\": 0,\n    \"51\": 0,\n    \"52\": 0,\n    \"53\": 0.003,\n    \"54\": 0,\n    \"55\": 0.003,\n    \"56\": 0,\n    \"57\": 0,\n    \"58\": 0.003,\n    \"59\": 0,\n    \"60\": 0.003,\n    \"61\": 0,\n    \"62\": 0,\n    \"63\": 0.006,\n    \"64\": 0.003,\n    \"65\": 0.003,\n    \"66\": 0,\n    \"67\": 0.003,\n    \"68\": 0.003,\n    \"69\": 0.003,\n    \"70\": 0.009,\n    \"71\": 0,\n    \"72\": 0.003,\n    \"73\": 0.003,\n    \"74\": 0,\n    \"75\": 0.03901,\n    \"76\": 0.009,\n    \"77\": 0.012,\n    \"78\": 0,\n    \"79\": 0.009,\n    \"80\": 0.012,\n    \"81\": 0.02401,\n    \"83\": 0.009,\n    \"84\": 0.006,\n    \"85\": 0.006,\n    \"86\": 0.006,\n    \"87\": 0.012,\n    \"88\": 0.012,\n    \"89\": 0.01801,\n    \"90\": 0.03901,\n    \"91\": 0.26409,\n    \"92\": 3.31911,\n    \"93\": 0.03301,\n    \"94\": 0.003,\n    \"95\": 0,\n    \"96\": 0\n  },\n  F: {\n    \"9\": 0,\n    \"11\": 0,\n    \"12\": 0,\n    \"15\": 0,\n    \"16\": 0.006,\n    \"17\": 0,\n    \"18\": 0,\n    \"19\": 0,\n    \"20\": 0.03001,\n    \"21\": 0,\n    \"22\": 0,\n    \"23\": 0.003,\n    \"24\": 0,\n    \"25\": 0,\n    \"26\": 0,\n    \"27\": 0,\n    \"28\": 0.003,\n    \"29\": 0,\n    \"30\": 0,\n    \"31\": 0,\n    \"32\": 0,\n    \"33\": 0,\n    \"34\": 0,\n    \"35\": 0,\n    \"36\": 0.003,\n    \"37\": 0,\n    \"38\": 0,\n    \"39\": 0,\n    \"40\": 0,\n    \"41\": 0,\n    \"42\": 0.006,\n    \"43\": 0.003,\n    \"44\": 0,\n    \"45\": 0,\n    \"46\": 0.003,\n    \"47\": 0,\n    \"48\": 0,\n    \"49\": 0,\n    \"50\": 0.05402,\n    \"51\": 0.003,\n    \"52\": 0,\n    \"53\": 0.003,\n    \"54\": 0.009,\n    \"55\": 0.12304,\n    \"56\": 0.009,\n    \"57\": 0.02101,\n    \"58\": 0.18006,\n    \"60\": 0.003,\n    \"62\": 0.006,\n    \"63\": 0.003,\n    \"64\": 0.006,\n    \"65\": 0.006,\n    \"66\": 0,\n    \"67\": 0,\n    \"68\": 0,\n    \"69\": 0,\n    \"70\": 0,\n    \"71\": 0,\n    \"72\": 0,\n    \"73\": 0,\n    \"74\": 0.003,\n    \"75\": 0.003,\n    \"76\": 0.003,\n    \"77\": 0.23108,\n    \"78\": 0.28209,\n    \"9.5-9.6\": 0,\n    \"10.0-10.1\": 0,\n    \"10.5\": 0,\n    \"10.6\": 0,\n    \"11.1\": 0,\n    \"11.5\": 0,\n    \"11.6\": 0,\n    \"12.1\": 0.37212\n  },\n  G: {\n    \"8\": 0,\n    \"3.2\": 0,\n    \"4.0-4.1\": 0,\n    \"4.2-4.3\": 0,\n    \"5.0-5.1\": 0.01255,\n    \"6.0-6.1\": 0,\n    \"7.0-7.1\": 0.08784,\n    \"8.1-8.4\": 0.00579,\n    \"9.0-9.2\": 0.00097,\n    \"9.3\": 0.12838,\n    \"10.0-10.2\": 0.00193,\n    \"10.3\": 0.10039,\n    \"11.0-11.2\": 0.01931,\n    \"11.3-11.4\": 0.05985,\n    \"12.0-12.1\": 0.05405,\n    \"12.2-12.4\": 0.35232,\n    \"13.0-13.1\": 0.07046,\n    \"13.2\": 0.05888,\n    \"13.3\": 0.20463,\n    \"13.4-13.7\": 0.51062,\n    \"14.0-14.4\": 3.6197,\n    \"14.5-14.7\": 3.77318\n  },\n  E: {\n    \"4\": 0,\n    \"5\": 0,\n    \"6\": 0,\n    \"7\": 0,\n    \"8\": 0,\n    \"9\": 0,\n    \"10\": 0,\n    \"11\": 0,\n    \"12\": 0,\n    \"13\": 0,\n    \"14\": 0.03301,\n    \"15\": 0,\n    _: \"0\",\n    \"3.1\": 0,\n    \"3.2\": 0,\n    \"5.1\": 0.02401,\n    \"6.1\": 0,\n    \"7.1\": 0,\n    \"9.1\": 0,\n    \"10.1\": 0.003,\n    \"11.1\": 0.012,\n    \"12.1\": 0.02401,\n    \"13.1\": 0.01801,\n    \"14.1\": 0.15005\n  },\n  B: {\n    \"12\": 0.01801,\n    \"13\": 0.01801,\n    \"14\": 0.012,\n    \"15\": 0.01801,\n    \"16\": 0.012,\n    \"17\": 0.003,\n    \"18\": 0.04802,\n    \"79\": 0,\n    \"80\": 0,\n    \"81\": 0,\n    \"83\": 0.003,\n    \"84\": 0.009,\n    \"85\": 0.006,\n    \"86\": 0,\n    \"87\": 0,\n    \"88\": 0,\n    \"89\": 0.01801,\n    \"90\": 0.006,\n    \"91\": 0.08703,\n    \"92\": 0.76526,\n    \"93\": 0.003\n  },\n  P: {\n    \"4\": 0.10531,\n    \"5.0-5.4\": 0.02106,\n    \"6.2-6.4\": 0.02106,\n    \"7.2-7.4\": 0.08425,\n    \"8.2\": 0,\n    \"9.2\": 0.02106,\n    \"10.1\": 0.02106,\n    \"11.1-11.2\": 0.11584,\n    \"12.0\": 0.01053,\n    \"13.0\": 0.10531,\n    \"14.0\": 0.61081\n  },\n  I: {\n    \"0\": 0,\n    \"3\": 0,\n    \"4\": 0.00259,\n    \"2.1\": 0,\n    \"2.2\": 0,\n    \"2.3\": 0,\n    \"4.1\": 0.00259,\n    \"4.2-4.3\": 0.00778,\n    \"4.4\": 0,\n    \"4.4.3-4.4.4\": 0.11805\n  },\n  K: {\n    _: \"0 10 11 12 11.1 11.5 12.1\"\n  },\n  A: {\n    \"6\": 0,\n    \"7\": 0,\n    \"8\": 0,\n    \"9\": 0,\n    \"10\": 0.00794,\n    \"11\": 0.1271,\n    \"5.5\": 0\n  },\n  J: {\n    \"7\": 0,\n    \"10\": 0.021\n  },\n  N: {\n    \"10\": 0,\n    \"11\": 0\n  },\n  R: {\n    _: \"0\"\n  },\n  M: {\n    \"0\": 0.15398\n  },\n  Q: {\n    \"10.4\": 0.007\n  },\n  O: {\n    \"0\": 2.44965\n  },\n  H: {\n    \"0\": 15.25351\n  },\n  L: {\n    \"0\": 58.20684\n  },\n  S: {\n    \"2.5\": 0.06999\n  }\n};","map":{"version":3,"sources":["C:/xampp/public_html/vamo/interface2/node_modules/caniuse-lite/data/regions/SL.js"],"names":["module","exports","C","D","F","G","E","_","B","P","I","K","A","J","N","R","M","Q","O","H","L","S"],