{"ast":null,"code":"module.exports = {\n  C: {\n    \"2\": 0,\n    \"3\": 0,\n    \"4\": 0,\n    \"5\": 0,\n    \"6\": 0,\n    \"7\": 0,\n    \"8\": 0,\n    \"9\": 0,\n    \"10\": 0,\n    \"11\": 0.00463,\n    \"12\": 0,\n    \"13\": 0,\n    \"14\": 0,\n    \"15\": 0,\n    \"16\": 0,\n    \"17\": 0,\n    \"18\": 0,\n    \"19\": 0,\n    \"20\": 0,\n    \"21\": 0,\n    \"22\": 0,\n    \"23\": 0,\n    \"24\": 0,\n    \"25\": 0,\n    \"26\": 0,\n    \"27\": 0,\n    \"28\": 0,\n    \"29\": 0,\n    \"30\": 0,\n    \"31\": 0,\n    \"32\": 0,\n    \"33\": 0,\n    \"34\": 0,\n    \"35\": 0.01389,\n    \"36\": 0.00926,\n    \"37\": 0,\n    \"38\": 0,\n    \"39\": 0,\n    \"40\": 0,\n    \"41\": 0,\n    \"42\": 0,\n    \"43\": 0,\n    \"44\": 0,\n    \"45\": 0.00926,\n    \"46\": 0,\n    \"47\": 0.00463,\n    \"48\": 0.01852,\n    \"49\": 0,\n    \"50\": 0.00463,\n    \"51\": 0,\n    \"52\": 0.07406,\n    \"53\": 0,\n    \"54\": 0.00463,\n    \"55\": 0.00463,\n    \"56\": 0.00926,\n    \"57\": 0,\n    \"58\": 0,\n    \"59\": 0.00463,\n    \"60\": 0.00926,\n    \"61\": 0,\n    \"62\": 0.00463,\n    \"63\": 0.00463,\n    \"64\": 0,\n    \"65\": 0,\n    \"66\": 0.00463,\n    \"67\": 0,\n    \"68\": 0.03703,\n    \"69\": 0.00463,\n    \"70\": 0,\n    \"71\": 0,\n    \"72\": 0.00463,\n    \"73\": 0,\n    \"74\": 0.00463,\n    \"75\": 0.00463,\n    \"76\": 0,\n    \"77\": 0.04166,\n    \"78\": 0.19442,\n    \"79\": 0.00926,\n    \"80\": 0.01389,\n    \"81\": 0.06481,\n    \"82\": 0.01389,\n    \"83\": 0.00926,\n    \"84\": 0.02777,\n    \"85\": 0.00926,\n    \"86\": 0.01389,\n    \"87\": 0.01389,\n    \"88\": 0.04629,\n    \"89\": 0.09721,\n    \"90\": 1.17577,\n    \"91\": 1.64792,\n    \"92\": 0.00463,\n    \"93\": 0,\n    \"3.5\": 0,\n    \"3.6\": 0\n  },\n  D: {\n    \"4\": 0,\n    \"5\": 0,\n    \"6\": 0,\n    \"7\": 0,\n    \"8\": 0,\n    \"9\": 0,\n    \"10\": 0,\n    \"11\": 0,\n    \"12\": 0,\n    \"13\": 0,\n    \"14\": 0,\n    \"15\": 0,\n    \"16\": 0,\n    \"17\": 0,\n    \"18\": 0,\n    \"19\": 0,\n    \"20\": 0,\n    \"21\": 0,\n    \"22\": 0,\n    \"23\": 0,\n    \"24\": 0,\n    \"25\": 0,\n    \"26\": 0,\n    \"27\": 0,\n    \"28\": 0,\n    \"29\": 0,\n    \"30\": 0,\n    \"31\": 0,\n    \"32\": 0,\n    \"33\": 0,\n    \"34\": 0,\n    \"35\": 0,\n    \"36\": 0,\n    \"37\": 0,\n    \"38\": 0.00463,\n    \"39\": 0,\n    \"40\": 0,\n    \"41\": 0,\n    \"42\": 0,\n    \"43\": 0,\n    \"44\": 0,\n    \"45\": 0,\n    \"46\": 0,\n    \"47\": 0,\n    \"48\": 0.00463,\n    \"49\": 0.27311,\n    \"50\": 0.00463,\n    \"51\": 0.00463,\n    \"52\": 0.01389,\n    \"53\": 0.00463,\n    \"54\": 0.10647,\n    \"55\": 0.00463,\n    \"56\": 0.06018,\n    \"57\": 0.00463,\n    \"58\": 0.00463,\n    \"59\": 0.00463,\n    \"60\": 0.05555,\n    \"61\": 0.01389,\n    \"62\": 0,\n    \"63\": 0.00926,\n    \"64\": 0.01389,\n    \"65\": 0.00926,\n    \"66\": 0.02777,\n    \"67\": 0.00926,\n    \"68\": 0.00463,\n    \"69\": 0.00463,\n    \"70\": 0.01852,\n    \"71\": 0.01389,\n    \"72\": 0.01852,\n    \"73\": 0.00463,\n    \"74\": 0.00926,\n    \"75\": 0.04166,\n    \"76\": 0.00926,\n    \"77\": 0.00926,\n    \"78\": 0.01852,\n    \"79\": 0.05092,\n    \"80\": 0.06481,\n    \"81\": 0.0324,\n    \"83\": 0.06018,\n    \"84\": 0.09721,\n    \"85\": 0.11573,\n    \"86\": 0.11573,\n    \"87\": 0.23608,\n    \"88\": 0.08795,\n    \"89\": 0.08795,\n    \"90\": 0.08795,\n    \"91\": 0.51845,\n    \"92\": 9.17931,\n    \"93\": 0.00926,\n    \"94\": 0.00463,\n    \"95\": 0,\n    \"96\": 0\n  },\n  F: {\n    \"9\": 0,\n    \"11\": 0,\n    \"12\": 0,\n    \"15\": 0,\n    \"16\": 0,\n    \"17\": 0,\n    \"18\": 0,\n    \"19\": 0,\n    \"20\": 0,\n    \"21\": 0,\n    \"22\": 0,\n    \"23\": 0,\n    \"24\": 0,\n    \"25\": 0,\n    \"26\": 0,\n    \"27\": 0,\n    \"28\": 0,\n    \"29\": 0,\n    \"30\": 0,\n    \"31\": 0,\n    \"32\": 0,\n    \"33\": 0,\n    \"34\": 0,\n    \"35\": 0,\n    \"36\": 0.00463,\n    \"37\": 0,\n    \"38\": 0,\n    \"39\": 0,\n    \"40\": 0,\n    \"41\": 0,\n    \"42\": 0,\n    \"43\": 0,\n    \"44\": 0,\n    \"45\": 0,\n    \"46\": 0,\n    \"47\": 0,\n    \"48\": 0,\n    \"49\": 0,\n    \"50\": 0,\n    \"51\": 0,\n    \"52\": 0,\n    \"53\": 0,\n    \"54\": 0,\n    \"55\": 0,\n    \"56\": 0,\n    \"57\": 0,\n    \"58\": 0.0324,\n    \"60\": 0,\n    \"62\": 0,\n    \"63\": 0,\n    \"64\": 0,\n    \"65\": 0.00463,\n    \"66\": 0,\n    \"67\": 0,\n    \"68\": 0.00463,\n    \"69\": 0.00463,\n    \"70\": 0.00463,\n    \"71\": 0.00463,\n    \"72\": 0.00463,\n    \"73\": 0,\n    \"74\": 0,\n    \"75\": 0.00463,\n    \"76\": 0.00463,\n    \"77\": 0.24534,\n    \"78\": 0.20368,\n    \"9.5-9.6\": 0,\n    \"10.0-10.1\": 0,\n    \"10.5\": 0,\n    \"10.6\": 0,\n    \"11.1\": 0,\n    \"11.5\": 0,\n    \"11.6\": 0,\n    \"12.1\": 0\n  },\n  G: {\n    \"8\": 0.02158,\n    \"3.2\": 0,\n    \"4.0-4.1\": 0,\n    \"4.2-4.3\": 0,\n    \"5.0-5.1\": 0.00719,\n    \"6.0-6.1\": 0.01679,\n    \"7.0-7.1\": 0.02398,\n    \"8.1-8.4\": 0.02638,\n    \"9.0-9.2\": 0.05036,\n    \"9.3\": 0.43882,\n    \"10.0-10.2\": 0.05036,\n    \"10.3\": 0.30214,\n    \"11.0-11.2\": 0.12949,\n    \"11.3-11.4\": 0.09832,\n    \"12.0-12.1\": 0.09832,\n    \"12.2-12.4\": 0.29974,\n    \"13.0-13.1\": 0.1199,\n    \"13.2\": 0.04077,\n    \"13.3\": 0.27576,\n    \"13.4-13.7\": 0.87765,\n    \"14.0-14.4\": 2.99263,\n    \"14.5-14.7\": 16.99182\n  },\n  E: {\n    \"4\": 0,\n    \"5\": 0,\n    \"6\": 0,\n    \"7\": 0,\n    \"8\": 0,\n    \"9\": 0,\n    \"10\": 0,\n    \"11\": 0.00463,\n    \"12\": 0.00926,\n    \"13\": 0.05555,\n    \"14\": 0.36569,\n    \"15\": 0.01389,\n    _: \"0\",\n    \"3.1\": 0,\n    \"3.2\": 0,\n    \"5.1\": 0,\n    \"6.1\": 0,\n    \"7.1\": 0,\n    \"9.1\": 0.00463,\n    \"10.1\": 0.01852,\n    \"11.1\": 0.05555,\n    \"12.1\": 0.07869,\n    \"13.1\": 0.25922,\n    \"14.1\": 1.31927\n  },\n  B: {\n    \"12\": 0,\n    \"13\": 0.00463,\n    \"14\": 0.00463,\n    \"15\": 0.00463,\n    \"16\": 0.00463,\n    \"17\": 0.00926,\n    \"18\": 0.05092,\n    \"79\": 0,\n    \"80\": 0,\n    \"81\": 0,\n    \"83\": 0.00463,\n    \"84\": 0.00926,\n    \"85\": 0.00926,\n    \"86\": 0.01389,\n    \"87\": 0.00463,\n    \"88\": 0.00463,\n    \"89\": 0.01389,\n    \"90\": 0.00926,\n    \"91\": 0.07406,\n    \"92\": 2.01362,\n    \"93\": 0\n  },\n  P: {\n    \"4\": 0.09367,\n    \"5.0-5.4\": 0.03122,\n    \"6.2-6.4\": 0.01041,\n    \"7.2-7.4\": 0.03122,\n    \"8.2\": 0.01041,\n    \"9.2\": 0.05204,\n    \"10.1\": 0.03122,\n    \"11.1-11.2\": 0.13529,\n    \"12.0\": 0.09367,\n    \"13.0\": 0.22896,\n    \"14.0\": 2.97647\n  },\n  I: {\n    \"0\": 0,\n    \"3\": 0,\n    \"4\": 0.0054,\n    \"2.1\": 0,\n    \"2.2\": 0,\n    \"2.3\": 0,\n    \"4.1\": 0.009,\n    \"4.2-4.3\": 0.0144,\n    \"4.4\": 0,\n    \"4.4.3-4.4.4\": 0.13676\n  },\n  K: {\n    _: \"0 10 11 12 11.1 11.5 12.1\"\n  },\n  A: {\n    \"6\": 0.00524,\n    \"7\": 0,\n    \"8\": 0.00524,\n    \"9\": 0.01571,\n    \"10\": 0.00524,\n    \"11\": 0.28798,\n    \"5.5\": 0\n  },\n  J: {\n    \"7\": 0,\n    \"10\": 0.00537\n  },\n  N: {\n    \"10\": 0,\n    \"11\": 0\n  },\n  R: {\n    _: \"0\"\n  },\n  M: {\n    \"0\": 0.65526\n  },\n  Q: {\n    \"10.4\": 0.01074\n  },\n  O: {\n    \"0\": 0.63378\n  },\n  H: {\n    \"0\": 0.43222\n  },\n  L: {\n    \"0\": 48.26954\n  },\n  S: {\n    \"2.5\": 0\n  }\n};","map":{"version":3,"sources":["C:/xampp/public_html/vamo/interface2/node_modules/caniuse-lite/data/regions/FR.js"],"names":["module","exports","C","D","F","G","E","_","B","P","I","K","A","J","N","R","M","Q","O","H","L","S"],