{"ast":null,"code":"module.exports = {\n  C: {\n    \"2\": 0,\n    \"3\": 0,\n    \"4\": 0,\n    \"5\": 0,\n    \"6\": 0,\n    \"7\": 0,\n    \"8\": 0,\n    \"9\": 0,\n    \"10\": 0,\n    \"11\": 0,\n    \"12\": 0,\n    \"13\": 0,\n    \"14\": 0,\n    \"15\": 0,\n    \"16\": 0,\n    \"17\": 0,\n    \"18\": 0,\n    \"19\": 0,\n    \"20\": 0,\n    \"21\": 0,\n    \"22\": 0,\n    \"23\": 0,\n    \"24\": 0,\n    \"25\": 0,\n    \"26\": 0,\n    \"27\": 0,\n    \"28\": 0,\n    \"29\": 0,\n    \"30\": 0,\n    \"31\": 0,\n    \"32\": 0,\n    \"33\": 0,\n    \"34\": 0,\n    \"35\": 0.02885,\n    \"36\": 0.02308,\n    \"37\": 0,\n    \"38\": 0.01154,\n    \"39\": 0,\n    \"40\": 0,\n    \"41\": 0,\n    \"42\": 0,\n    \"43\": 0.01154,\n    \"44\": 0.04038,\n    \"45\": 0.01154,\n    \"46\": 0,\n    \"47\": 0,\n    \"48\": 0.00577,\n    \"49\": 0,\n    \"50\": 0,\n    \"51\": 0,\n    \"52\": 0.03461,\n    \"53\": 0,\n    \"54\": 0,\n    \"55\": 0.04038,\n    \"56\": 0.00577,\n    \"57\": 0.00577,\n    \"58\": 0,\n    \"59\": 0,\n    \"60\": 0.00577,\n    \"61\": 0,\n    \"62\": 0,\n    \"63\": 0.06923,\n    \"64\": 0,\n    \"65\": 0,\n    \"66\": 0.00577,\n    \"67\": 0.00577,\n    \"68\": 0.01154,\n    \"69\": 0,\n    \"70\": 0.00577,\n    \"71\": 0,\n    \"72\": 0.00577,\n    \"73\": 0,\n    \"74\": 0.00577,\n    \"75\": 0,\n    \"76\": 0,\n    \"77\": 0.00577,\n    \"78\": 0.075,\n    \"79\": 0.00577,\n    \"80\": 0.00577,\n    \"81\": 0.00577,\n    \"82\": 0.01731,\n    \"83\": 0.00577,\n    \"84\": 0.01154,\n    \"85\": 0.00577,\n    \"86\": 0.00577,\n    \"87\": 0.01154,\n    \"88\": 0.02885,\n    \"89\": 0.06923,\n    \"90\": 0.83651,\n    \"91\": 1.18265,\n    \"92\": 0.01154,\n    \"93\": 0,\n    \"3.5\": 0.01154,\n    \"3.6\": 0\n  },\n  D: {\n    \"4\": 0,\n    \"5\": 0,\n    \"6\": 0,\n    \"7\": 0,\n    \"8\": 0,\n    \"9\": 0,\n    \"10\": 0,\n    \"11\": 0,\n    \"12\": 0,\n    \"13\": 0,\n    \"14\": 0,\n    \"15\": 0,\n    \"16\": 0,\n    \"17\": 0,\n    \"18\": 0,\n    \"19\": 0,\n    \"20\": 0,\n    \"21\": 0,\n    \"22\": 0,\n    \"23\": 0,\n    \"24\": 0,\n    \"25\": 0,\n    \"26\": 0,\n    \"27\": 0,\n    \"28\": 0,\n    \"29\": 0,\n    \"30\": 0,\n    \"31\": 0,\n    \"32\": 0,\n    \"33\": 0,\n    \"34\": 0.00577,\n    \"35\": 0,\n    \"36\": 0,\n    \"37\": 0,\n    \"38\": 0.00577,\n    \"39\": 0,\n    \"40\": 0,\n    \"41\": 0,\n    \"42\": 0,\n    \"43\": 0,\n    \"44\": 0,\n    \"45\": 0,\n    \"46\": 0,\n    \"47\": 0.01154,\n    \"48\": 0.10384,\n    \"49\": 0.21345,\n    \"50\": 0,\n    \"51\": 0,\n    \"52\": 0,\n    \"53\": 0.00577,\n    \"54\": 0,\n    \"55\": 0.00577,\n    \"56\": 0.00577,\n    \"57\": 0,\n    \"58\": 0.00577,\n    \"59\": 0.00577,\n    \"60\": 0.01731,\n    \"61\": 0.05192,\n    \"62\": 0.00577,\n    \"63\": 0.00577,\n    \"64\": 0.01154,\n    \"65\": 0.01731,\n    \"66\": 0.00577,\n    \"67\": 0.01731,\n    \"68\": 0.00577,\n    \"69\": 0.01731,\n    \"70\": 0.08654,\n    \"71\": 0.00577,\n    \"72\": 0.02885,\n    \"73\": 0.01154,\n    \"74\": 0.02308,\n    \"75\": 0.01731,\n    \"76\": 0.14423,\n    \"77\": 0.01154,\n    \"78\": 0.01731,\n    \"79\": 0.42114,\n    \"80\": 0.04615,\n    \"81\": 0.02885,\n    \"83\": 0.38652,\n    \"84\": 0.06346,\n    \"85\": 0.04615,\n    \"86\": 0.06923,\n    \"87\": 0.21922,\n    \"88\": 0.05192,\n    \"89\": 0.11538,\n    \"90\": 0.22499,\n    \"91\": 1.37879,\n    \"92\": 15.21285,\n    \"93\": 0.01731,\n    \"94\": 0.00577,\n    \"95\": 0,\n    \"96\": 0\n  },\n  F: {\n    \"9\": 0,\n    \"11\": 0,\n    \"12\": 0,\n    \"15\": 0,\n    \"16\": 0,\n    \"17\": 0,\n    \"18\": 0,\n    \"19\": 0,\n    \"20\": 0,\n    \"21\": 0,\n    \"22\": 0,\n    \"23\": 0,\n    \"24\": 0,\n    \"25\": 0,\n    \"26\": 0,\n    \"27\": 0,\n    \"28\": 0,\n    \"29\": 0,\n    \"30\": 0,\n    \"31\": 0,\n    \"32\": 0,\n    \"33\": 0,\n    \"34\": 0,\n    \"35\": 0,\n    \"36\": 0.00577,\n    \"37\": 0,\n    \"38\": 0,\n    \"39\": 0,\n    \"40\": 0,\n    \"41\": 0,\n    \"42\": 0,\n    \"43\": 0,\n    \"44\": 0,\n    \"45\": 0,\n    \"46\": 0,\n    \"47\": 0,\n    \"48\": 0,\n    \"49\": 0,\n    \"50\": 0,\n    \"51\": 0,\n    \"52\": 0.00577,\n    \"53\": 0,\n    \"54\": 0,\n    \"55\": 0,\n    \"56\": 0,\n    \"57\": 0,\n    \"58\": 0.01154,\n    \"60\": 0,\n    \"62\": 0,\n    \"63\": 0,\n    \"64\": 0,\n    \"65\": 0,\n    \"66\": 0,\n    \"67\": 0,\n    \"68\": 0,\n    \"69\": 0,\n    \"70\": 0,\n    \"71\": 0.00577,\n    \"72\": 0,\n    \"73\": 0,\n    \"74\": 0.00577,\n    \"75\": 0,\n    \"76\": 0,\n    \"77\": 0.1673,\n    \"78\": 0.15576,\n    \"9.5-9.6\": 0,\n    \"10.0-10.1\": 0,\n    \"10.5\": 0,\n    \"10.6\": 0,\n    \"11.1\": 0,\n    \"11.5\": 0,\n    \"11.6\": 0,\n    \"12.1\": 0\n  },\n  G: {\n    \"8\": 0,\n    \"3.2\": 0,\n    \"4.0-4.1\": 0,\n    \"4.2-4.3\": 0,\n    \"5.0-5.1\": 0.01454,\n    \"6.0-6.1\": 0.04726,\n    \"7.0-7.1\": 0.05453,\n    \"8.1-8.4\": 0.06908,\n    \"9.0-9.2\": 0.03636,\n    \"9.3\": 0.56352,\n    \"10.0-10.2\": 0.0509,\n    \"10.3\": 0.55625,\n    \"11.0-11.2\": 0.19996,\n    \"11.3-11.4\": 0.15997,\n    \"12.0-12.1\": 0.13815,\n    \"12.2-12.4\": 0.429,\n    \"13.0-13.1\": 0.07998,\n    \"13.2\": 0.05453,\n    \"13.3\": 0.29085,\n    \"13.4-13.7\": 0.96708,\n    \"14.0-14.4\": 3.50111,\n    \"14.5-14.7\": 27.24901\n  },\n  E: {\n    \"4\": 0,\n    \"5\": 0,\n    \"6\": 0,\n    \"7\": 0,\n    \"8\": 0.00577,\n    \"9\": 0.01731,\n    \"10\": 0.00577,\n    \"11\": 0.01154,\n    \"12\": 0.01154,\n    \"13\": 0.06923,\n    \"14\": 0.56536,\n    \"15\": 0.02308,\n    _: \"0\",\n    \"3.1\": 0,\n    \"3.2\": 0,\n    \"5.1\": 0,\n    \"6.1\": 0,\n    \"7.1\": 0,\n    \"9.1\": 0.01154,\n    \"10.1\": 0.02885,\n    \"11.1\": 0.075,\n    \"12.1\": 0.10961,\n    \"13.1\": 0.41537,\n    \"14.1\": 3.32871\n  },\n  B: {\n    \"12\": 0.00577,\n    \"13\": 0.00577,\n    \"14\": 0.00577,\n    \"15\": 0,\n    \"16\": 0.00577,\n    \"17\": 0.075,\n    \"18\": 0.075,\n    \"79\": 0,\n    \"80\": 0,\n    \"81\": 0,\n    \"83\": 0,\n    \"84\": 0.00577,\n    \"85\": 0.00577,\n    \"86\": 0.00577,\n    \"87\": 0.00577,\n    \"88\": 0.00577,\n    \"89\": 0.01154,\n    \"90\": 0.01731,\n    \"91\": 0.10961,\n    \"92\": 3.50178,\n    \"93\": 0.00577\n  },\n  P: {\n    \"4\": 0.13817,\n    \"5.0-5.4\": 0.01063,\n    \"6.2-6.4\": 0,\n    \"7.2-7.4\": 0.01063,\n    \"8.2\": 0,\n    \"9.2\": 0.02126,\n    \"10.1\": 0,\n    \"11.1-11.2\": 0.05314,\n    \"12.0\": 0.03188,\n    \"13.0\": 0.10628,\n    \"14.0\": 2.98652\n  },\n  I: {\n    \"0\": 0,\n    \"3\": 0,\n    \"4\": 0.01156,\n    \"2.1\": 0,\n    \"2.2\": 0,\n    \"2.3\": 0,\n    \"4.1\": 0.00867,\n    \"4.2-4.3\": 0.03469,\n    \"4.4\": 0,\n    \"4.4.3-4.4.4\": 0.20237\n  },\n  K: {\n    _: \"0 10 11 12 11.1 11.5 12.1\"\n  },\n  A: {\n    \"6\": 0,\n    \"7\": 0,\n    \"8\": 0.00732,\n    \"9\": 0.02928,\n    \"10\": 0,\n    \"11\": 0.45377,\n    \"5.5\": 0\n  },\n  J: {\n    \"7\": 0,\n    \"10\": 0.01692\n  },\n  N: {\n    \"10\": 0,\n    \"11\": 0\n  },\n  R: {\n    _: \"0\"\n  },\n  M: {\n    \"0\": 0.40195\n  },\n  Q: {\n    \"10.4\": 0.01692\n  },\n  O: {\n    \"0\": 0.17347\n  },\n  H: {\n    \"0\": 0.17224\n  },\n  L: {\n    \"0\": 26.9298\n  },\n  S: {\n    \"2.5\": 0.00423\n  }\n};","map":{"version":3,"sources":["C:/xampp/public_html/vamo/interface2/node_modules/caniuse-lite/data/regions/CA.js"],"names":["module","exports","C","D","F","G","E","_","B","P","I","K","A","J","N","R","M","Q","O","H","L","S"],