{"ast":null,"code":"module.exports = {\n  C: {\n    \"43\": 0.01377,\n    \"85\": 0.02754,\n    \"86\": 0.00459,\n    \"88\": 0.01377,\n    \"89\": 0.0459,\n    \"90\": 0.14688,\n    \"91\": 0.62883,\n    _: \"2 3 4 5 6 7 8 9 10 11 12 13 14 15 16 17 18 19 20 21 22 23 24 25 26 27 28 29 30 31 32 33 34 35 36 37 38 39 40 41 42 44 45 46 47 48 49 50 51 52 53 54 55 56 57 58 59 60 61 62 63 64 65 66 67 68 69 70 71 72 73 74 75 76 77 78 79 80 81 82 83 84 87 92 93 3.5 3.6\"\n  },\n  D: {\n    \"12\": 0.00459,\n    \"35\": 0.01377,\n    \"40\": 0.02754,\n    \"42\": 0.00459,\n    \"43\": 0.28458,\n    \"55\": 0.01836,\n    \"57\": 0.01377,\n    \"63\": 0.00459,\n    \"64\": 0.06426,\n    \"65\": 0.03672,\n    \"67\": 0.01377,\n    \"69\": 0.02754,\n    \"72\": 0.03672,\n    \"77\": 0.00459,\n    \"79\": 0.15606,\n    \"81\": 0.16983,\n    \"83\": 0.07803,\n    \"86\": 0.00459,\n    \"87\": 0.00459,\n    \"88\": 0.14688,\n    \"89\": 0.01836,\n    \"90\": 0.2295,\n    \"91\": 1.37241,\n    \"92\": 26.54397,\n    \"93\": 0.02295,\n    _: \"4 5 6 7 8 9 10 11 13 14 15 16 17 18 19 20 21 22 23 24 25 26 27 28 29 30 31 32 33 34 36 37 38 39 41 44 45 46 47 48 49 50 51 52 53 54 56 58 59 60 61 62 66 68 70 71 73 74 75 76 78 80 84 85 94 95 96\"\n  },\n  F: {\n    \"77\": 0.70686,\n    \"78\": 0.35802,\n    _: \"9 11 12 15 16 17 18 19 20 21 22 23 24 25 26 27 28 29 30 31 32 33 34 35 36 37 38 39 40 41 42 43 44 45 46 47 48 49 50 51 52 53 54 55 56 57 58 60 62 63 64 65 66 67 68 69 70 71 72 73 74 75 76 9.5-9.6 10.5 10.6 11.1 11.5 11.6 12.1\",\n    \"10.0-10.1\": 0\n  },\n  G: {\n    \"8\": 0,\n    \"3.2\": 0,\n    \"4.0-4.1\": 0,\n    \"4.2-4.3\": 0.01483,\n    \"5.0-5.1\": 0,\n    \"6.0-6.1\": 0,\n    \"7.0-7.1\": 0.08652,\n    \"8.1-8.4\": 0,\n    \"9.0-9.2\": 0,\n    \"9.3\": 0,\n    \"10.0-10.2\": 0,\n    \"10.3\": 2.25192,\n    \"11.0-11.2\": 0.02966,\n    \"11.3-11.4\": 0.02966,\n    \"12.0-12.1\": 0.05933,\n    \"12.2-12.4\": 0.13101,\n    \"13.0-13.1\": 0,\n    \"13.2\": 0,\n    \"13.3\": 0.07169,\n    \"13.4-13.7\": 0.11865,\n    \"14.0-14.4\": 0.75888,\n    \"14.5-14.7\": 5.58161\n  },\n  E: {\n    \"4\": 0,\n    \"14\": 0.00459,\n    _: \"0 5 6 7 8 9 10 11 12 13 15 3.1 3.2 6.1 7.1 9.1 11.1 12.1 13.1\",\n    \"5.1\": 0.00459,\n    \"10.1\": 0.00459,\n    \"14.1\": 0.21573\n  },\n  B: {\n    \"12\": 0.02754,\n    \"14\": 0.05508,\n    \"15\": 0.01836,\n    \"18\": 0.09639,\n    \"83\": 0.05967,\n    \"85\": 0.00459,\n    \"87\": 0.00459,\n    \"89\": 0.07344,\n    \"90\": 0.07803,\n    \"91\": 0.11934,\n    \"92\": 4.27788,\n    _: \"13 16 17 79 80 81 84 86 88 93\"\n  },\n  P: {\n    \"4\": 0.50851,\n    \"5.0-5.4\": 0.02079,\n    \"6.2-6.4\": 0.02137,\n    \"7.2-7.4\": 0.04151,\n    \"8.2\": 0.12445,\n    \"9.2\": 0.60579,\n    \"10.1\": 0.08315,\n    \"11.1-11.2\": 0.14529,\n    \"12.0\": 0.05189,\n    \"13.0\": 0.05189,\n    \"14.0\": 0.59154\n  },\n  I: {\n    \"0\": 0,\n    \"3\": 0,\n    \"4\": 0.00039,\n    \"2.1\": 0,\n    \"2.2\": 0,\n    \"2.3\": 0.00013,\n    \"4.1\": 0.00312,\n    \"4.2-4.3\": 0.00845,\n    \"4.4\": 0,\n    \"4.4.3-4.4.4\": 0.05825\n  },\n  K: {\n    _: \"0 10 11 12 11.1 11.5 12.1\"\n  },\n  A: {\n    \"9\": 0.08655,\n    \"11\": 0.92325,\n    _: \"6 7 8 10 5.5\"\n  },\n  J: {\n    \"7\": 0,\n    \"10\": 0\n  },\n  N: {\n    \"11\": 0.02439,\n    _: \"10\"\n  },\n  R: {\n    _: \"0\"\n  },\n  M: {\n    \"0\": 0.11904\n  },\n  Q: {\n    \"10.4\": 0\n  },\n  O: {\n    \"0\": 2.47824\n  },\n  H: {\n    \"0\": 0.53277\n  },\n  L: {\n    \"0\": 47.26449\n  },\n  S: {\n    \"2.5\": 0\n  }\n};","map":{"version":3,"sources":["C:/xampp/public_html/vamo/interface2/node_modules/caniuse-lite/data/regions/ST.js"],"names":["module","exports","C","_","D","F","G","E","B","P","I","K","A","J","N","R","M","Q","O","H","L","S"],"mappings":"AAAAA,MAAM,CAACC,OAAP,GAAe;AAACC,EAAAA,CAAC,EAAC;AAAC,UAAK,OAAN;AAAc,UAAK,OAAnB;AAA2B,UAAK,OAAhC;AAAwC,UAAK,OAA7C;AAAqD,UAAK,MAA1D;AAAiE,UAAK,OAAtE;AAA8E,UAAK,OAAnF;AAA2FC,IAAAA,CAAC,EAAC;AAA7F,GAAH;AAAkWC,EAAAA,CAAC,EAAC;AAAC,UAAK,OAAN;AAAc,UAAK,OAAnB;AAA2B,UAAK,OAAhC;AAAwC,UAAK,OAA7C;AAAqD,UAAK,OAA1D;AAAkE,UAAK,OAAvE;AAA+E,UAAK,OAApF;AAA4F,UAAK,OAAjG;AAAyG,UAAK,OAA9G;AAAsH,UAAK,OAA3H;AAAmI,UAAK,OAAxI;AAAgJ,UAAK,OAArJ;AAA6J,UAAK,OAAlK;AAA0K,UAAK,OAA/K;AAAuL,UAAK,OAA5L;AAAoM,UAAK,OAAzM;AAAiN,UAAK,OAAtN;AAA8N,UAAK,OAAnO;AAA2O,UAAK,OAAhP;AAAwP,UAAK,OAA7P;AAAqQ,UAAK,OAA1Q;AAAkR,UAAK,MAAvR;AAA8R,UAAK,OAAnS;AAA2S,UAAK,QAAhT;AAAyT,UAAK,OAA9T;AAAsUD,IAAAA,CAAC,EAAC;AAAxU,GAApW;AAAk3BE,EAAAA,CAAC,EAAC;AAAC,UAAK,OAAN;AAAc,UAAK,OAAnB;AAA2BF,IAAAA,CAAC,EAAC,mOAA7B;AAAiQ,iBAAY;AAA7Q,GAAp3B;AAAooCG,EAAAA,CAAC,EAAC;AAAC,SAAI,CAAL;AAAO,WAAM,CAAb;AAAe,eAAU,CAAzB;AAA2B,eAAU,OAArC;AAA6C,eAAU,CAAvD;AAAyD,eAAU,CAAnE;AAAqE,eAAU,OAA/E;AAAuF,eAAU,CAAjG;AAAmG,eAAU,CAA7G;AAA+G,WAAM,CAArH;AAAuH,iBAAY,CAAnI;AAAqI,YAAO,OAA5I;AAAoJ,iBAAY,OAAhK;AAAwK,iBAAY,OAApL;AAA4L,iBAAY,OAAxM;AAAgN,iBAAY,OAA5N;AAAoO,iBAAY,CAAhP;AAAkP,YAAO,CAAzP;AAA2P,YAAO,OAAlQ;AAA0Q,iBAAY,OAAtR;AAA8R,iBAAY,OAA1S;AAAkT,iBAAY;AAA9T,GAAtoC;AAA68CC,EAAAA,CAAC,EAAC;AAAC,SAAI,CAAL;AAAO,UAAK,OAAZ;AAAoBJ,IAAAA,CAAC,EAAC,+DAAtB;AAAsF,WAAM,OAA5F;AAAoG,YAAO,OAA3G;AAAmH,YAAO;AAA1H,GAA/8C;AAAklDK,EAAAA,CAAC,EAAC;AAAC,UAAK,OAAN;AAAc,UAAK,OAAnB;AAA2B,UAAK,OAAhC;AAAwC,UAAK,OAA7C;AAAqD,UAAK,OAA1D;AAAkE,UAAK,OAAvE;AAA+E,UAAK,OAApF;AAA4F,UAAK,OAAjG;AAAyG,UAAK,OAA9G;AAAsH,UAAK,OAA3H;AAAmI,UAAK,OAAxI;AAAgJL,IAAAA,CAAC,EAAC;AAAlJ,GAAplD;AAAuwDM,EAAAA,CAAC,EAAC;AAAC,SAAI,OAAL;AAAa,eAAU,OAAvB;AAA+B,eAAU,OAAzC;AAAiD,eAAU,OAA3D;AAAmE,WAAM,OAAzE;AAAiF,WAAM,OAAvF;AAA+F,YAAO,OAAtG;AAA8G,iBAAY,OAA1H;AAAkI,YAAO,OAAzI;AAAiJ,YAAO,OAAxJ;AAAgK,YAAO;AAAvK,GAAzwD;AAAy7DC,EAAAA,CAAC,EAAC;AAAC,SAAI,CAAL;AAAO,SAAI,CAAX;AAAa,SAAI,OAAjB;AAAyB,WAAM,CAA/B;AAAiC,WAAM,CAAvC;AAAyC,WAAM,OAA/C;AAAuD,WAAM,OAA7D;AAAqE,eAAU,OAA/E;AAAuF,WAAM,CAA7F;AAA+F,mBAAc;AAA7G,GAA37D;AAAijEC,EAAAA,CAAC,EAAC;AAACR,IAAAA,CAAC,EAAC;AAAH,GAAnjE;AAAmlES,EAAAA,CAAC,EAAC;AAAC,SAAI,OAAL;AAAa,UAAK,OAAlB;AAA0BT,IAAAA,CAAC,EAAC;AAA5B,GAArlE;AAAioEU,EAAAA,CAAC,EAAC;AAAC,SAAI,CAAL;AAAO,UAAK;AAAZ,GAAnoE;AAAkpEC,EAAAA,CAAC,EAAC;AAAC,UAAK,OAAN;AAAcX,IAAAA,CAAC,EAAC;AAAhB,GAAppE;AAA0qEY,EAAAA,CAAC,EAAC;AAACZ,IAAAA,CAAC,EAAC;AAAH,GAA5qE;AAAorEa,EAAAA,CAAC,EAAC;AAAC,SAAI;AAAL,GAAtrE;AAAosEC,EAAAA,CAAC,EAAC;AAAC,YAAO;AAAR,GAAtsE;AAAitEC,EAAAA,CAAC,EAAC;AAAC,SAAI;AAAL,GAAntE;AAAiuEC,EAAAA,CAAC,EAAC;AAAC,SAAI;AAAL,GAAnuE;AAAivEC,EAAAA,CAAC,EAAC;AAAC,SAAI;AAAL,GAAnvE;AAAkwEC,EAAAA,CAAC,EAAC;AAAC,WAAM;AAAP;AAApwE,CAAf",