{"ast":null,"code":"module.exports = {\n  C: {\n    \"5\": 0.00877,\n    \"36\": 0.00438,\n    \"38\": 0.01315,\n    \"40\": 0.00877,\n    \"45\": 0.0263,\n    \"47\": 0.00438,\n    \"48\": 0.0263,\n    \"49\": 0.00438,\n    \"50\": 0.01754,\n    \"51\": 0.02192,\n    \"52\": 0.07891,\n    \"53\": 0.01315,\n    \"54\": 0.02192,\n    \"55\": 0.01754,\n    \"56\": 0.0263,\n    \"57\": 0.01315,\n    \"58\": 0.03069,\n    \"59\": 0.09206,\n    \"60\": 0.04822,\n    \"61\": 0.06138,\n    \"62\": 0.03507,\n    \"63\": 0.09645,\n    \"64\": 0.00438,\n    \"65\": 0.01754,\n    \"66\": 0.00877,\n    \"67\": 0.01754,\n    \"68\": 0.05261,\n    \"69\": 0.00438,\n    \"70\": 0.00877,\n    \"71\": 0.00877,\n    \"72\": 0.0263,\n    \"73\": 0.01754,\n    \"75\": 0.05261,\n    \"76\": 0.00877,\n    \"77\": 0.00877,\n    \"78\": 1.73606,\n    \"79\": 0.00877,\n    \"80\": 0.00877,\n    \"81\": 0.03507,\n    \"82\": 0.08768,\n    \"83\": 0.0263,\n    \"84\": 0.03069,\n    \"86\": 0.03946,\n    \"87\": 0.03069,\n    \"88\": 0.0833,\n    \"89\": 0.07891,\n    \"90\": 1.16614,\n    \"91\": 1.69661,\n    \"92\": 0.0833,\n    _: \"2 3 4 6 7 8 9 10 11 12 13 14 15 16 17 18 19 20 21 22 23 24 25 26 27 28 29 30 31 32 33 34 35 37 39 41 42 43 44 46 74 85 93 3.5 3.6\"\n  },\n  D: {\n    \"24\": 0.00438,\n    \"25\": 0.0263,\n    \"31\": 0.00438,\n    \"37\": 0.00438,\n    \"40\": 0.00438,\n    \"41\": 0.00438,\n    \"42\": 0.00877,\n    \"43\": 0.02192,\n    \"45\": 0.00438,\n    \"46\": 0.01315,\n    \"47\": 0.01315,\n    \"49\": 0.84173,\n    \"51\": 0.00877,\n    \"53\": 0.01315,\n    \"54\": 0.02192,\n    \"55\": 0.0263,\n    \"56\": 0.01315,\n    \"57\": 0.02192,\n    \"58\": 0.01754,\n    \"60\": 0.01754,\n    \"61\": 0.02192,\n    \"62\": 0.01315,\n    \"63\": 0.03069,\n    \"64\": 0.02192,\n    \"65\": 0.02192,\n    \"66\": 0.04822,\n    \"67\": 0.06138,\n    \"68\": 0.07453,\n    \"69\": 0.04822,\n    \"70\": 0.1359,\n    \"71\": 0.21043,\n    \"72\": 0.84173,\n    \"73\": 0.18851,\n    \"74\": 0.03069,\n    \"75\": 0.07014,\n    \"76\": 0.0263,\n    \"77\": 0.01315,\n    \"78\": 0.01315,\n    \"79\": 0.17536,\n    \"80\": 0.09206,\n    \"81\": 0.06576,\n    \"83\": 0.23235,\n    \"84\": 0.04384,\n    \"85\": 0.60938,\n    \"86\": 1.32835,\n    \"87\": 1.25821,\n    \"88\": 0.18851,\n    \"89\": 0.80227,\n    \"90\": 0.30688,\n    \"91\": 0.87242,\n    \"92\": 15.29578,\n    \"93\": 0.01754,\n    \"94\": 0.00877,\n    \"95\": 0.00877,\n    _: \"4 5 6 7 8 9 10 11 12 13 14 15 16 17 18 19 20 21 22 23 26 27 28 29 30 32 33 34 35 36 38 39 44 48 50 52 59 96\"\n  },\n  F: {\n    \"36\": 0.00438,\n    \"40\": 0.00438,\n    \"42\": 0.00877,\n    \"43\": 0.00877,\n    \"46\": 0.00438,\n    \"48\": 0.00438,\n    \"49\": 0.00877,\n    \"50\": 0.00438,\n    \"52\": 0.01754,\n    \"53\": 0.03946,\n    \"54\": 0.01754,\n    \"55\": 0.01754,\n    \"56\": 0.00877,\n    \"65\": 0.00877,\n    \"66\": 0.00438,\n    \"67\": 0.00877,\n    \"68\": 0.00877,\n    \"69\": 0.26304,\n    \"70\": 0.03507,\n    \"74\": 0.07453,\n    \"77\": 0.66637,\n    \"78\": 0.15344,\n    _: \"9 11 12 15 16 17 18 19 20 21 22 23 24 25 26 27 28 29 30 31 32 33 34 35 37 38 39 41 44 45 47 51 57 58 60 62 63 64 71 72 73 75 76 9.5-9.6 10.5 10.6 11.1 11.5 11.6 12.1\",\n    \"10.0-10.1\": 0\n  },\n  G: {\n    \"8\": 0.01645,\n    \"3.2\": 0,\n    \"4.0-4.1\": 0,\n    \"4.2-4.3\": 0.00165,\n    \"5.0-5.1\": 0.00165,\n    \"6.0-6.1\": 0.00165,\n    \"7.0-7.1\": 0.02221,\n    \"8.1-8.4\": 0,\n    \"9.0-9.2\": 0.0074,\n    \"9.3\": 0.04607,\n    \"10.0-10.2\": 0.00329,\n    \"10.3\": 0.03785,\n    \"11.0-11.2\": 0.02468,\n    \"11.3-11.4\": 0.00905,\n    \"12.0-12.1\": 0.0181,\n    \"12.2-12.4\": 0.09132,\n    \"13.0-13.1\": 0.20733,\n    \"13.2\": 0.01481,\n    \"13.3\": 0.17359,\n    \"13.4-13.7\": 0.46813,\n    \"14.0-14.4\": 1.43564,\n    \"14.5-14.7\": 5.36577\n  },\n  E: {\n    \"4\": 0,\n    \"8\": 0.00877,\n    \"10\": 0.00438,\n    \"11\": 0.01754,\n    \"12\": 0.03069,\n    \"13\": 0.10522,\n    \"14\": 0.51731,\n    \"15\": 0.05261,\n    _: \"0 5 6 7 9 3.1 3.2 5.1 6.1 7.1 9.1\",\n    \"10.1\": 0.02192,\n    \"11.1\": 0.04384,\n    \"12.1\": 0.14029,\n    \"13.1\": 0.32003,\n    \"14.1\": 1.46864\n  },\n  B: {\n    \"12\": 0.05699,\n    \"13\": 0.03069,\n    \"14\": 0.03946,\n    \"15\": 0.03946,\n    \"16\": 0.06576,\n    \"17\": 0.03507,\n    \"18\": 0.20605,\n    \"79\": 0.01754,\n    \"80\": 0.01754,\n    \"81\": 0.02192,\n    \"83\": 0.04822,\n    \"84\": 0.35949,\n    \"85\": 0.03946,\n    \"86\": 0.03507,\n    \"87\": 0.02192,\n    \"88\": 0.0263,\n    \"89\": 0.03946,\n    \"90\": 0.01315,\n    \"91\": 0.09206,\n    \"92\": 3.38006,\n    _: \"93\"\n  },\n  P: {\n    \"4\": 0.04063,\n    \"5.0-5.4\": 0.05078,\n    \"6.2-6.4\": 0.02137,\n    \"7.2-7.4\": 0.91407,\n    \"8.2\": 0.12445,\n    \"9.2\": 0.17266,\n    \"10.1\": 0.04063,\n    \"11.1-11.2\": 0.25391,\n    \"12.0\": 0.7922,\n    \"13.0\": 0.48751,\n    \"14.0\": 2.67113\n  },\n  I: {\n    \"0\": 0,\n    \"3\": 0,\n    \"4\": 0.00143,\n    \"2.1\": 0,\n    \"2.2\": 0,\n    \"2.3\": 0,\n    \"4.1\": 0.00072,\n    \"4.2-4.3\": 0.00358,\n    \"4.4\": 0,\n    \"4.4.3-4.4.4\": 0.02796\n  },\n  K: {\n    _: \"0 10 11 12 11.1 11.5 12.1\"\n  },\n  A: {\n    \"8\": 0.01059,\n    \"9\": 0.01059,\n    \"11\": 0.6408,\n    _: \"6 7 10 5.5\"\n  },\n  J: {\n    \"7\": 0,\n    \"10\": 0.08986\n  },\n  N: {\n    \"11\": 0.02439,\n    _: \"10\"\n  },\n  R: {\n    _: \"0\"\n  },\n  M: {\n    \"0\": 0.8761\n  },\n  Q: {\n    \"10.4\": 0\n  },\n  O: {\n    \"0\": 3.86381\n  },\n  H: {\n    \"0\": 0.90918\n  },\n  L: {\n    \"0\": 40.12254\n  },\n  S: {\n    \"2.5\": 0\n  }\n};","map":{"version":3,"sources":["C:/xampp/public_html/vamo/interface2/node_modules/caniuse-lite/data/regions/SC.js"],"names":["module","exports","C","_","D","F","G","E","B","P","I","K","A","J","N","R","M","Q","O","H","L","S"],