{"ast":null,"code":"module.exports = {\n  C: {\n    \"2\": 0,\n    \"3\": 0,\n    \"4\": 0,\n    \"5\": 0,\n    \"6\": 0,\n    \"7\": 0,\n    \"8\": 0,\n    \"9\": 0,\n    \"10\": 0,\n    \"11\": 0,\n    \"12\": 0,\n    \"13\": 0,\n    \"14\": 0,\n    \"15\": 0,\n    \"16\": 0,\n    \"17\": 0,\n    \"18\": 0,\n    \"19\": 0,\n    \"20\": 0,\n    \"21\": 0,\n    \"22\": 0,\n    \"23\": 0,\n    \"24\": 0,\n    \"25\": 0,\n    \"26\": 0,\n    \"27\": 0,\n    \"28\": 0,\n    \"29\": 0,\n    \"30\": 0,\n    \"31\": 0,\n    \"32\": 0,\n    \"33\": 0.00353,\n    \"34\": 0,\n    \"35\": 0.00705,\n    \"36\": 0.00705,\n    \"37\": 0,\n    \"38\": 0,\n    \"39\": 0,\n    \"40\": 0,\n    \"41\": 0,\n    \"42\": 0,\n    \"43\": 0.48673,\n    \"44\": 0,\n    \"45\": 0,\n    \"46\": 0,\n    \"47\": 0,\n    \"48\": 0,\n    \"49\": 0,\n    \"50\": 0,\n    \"51\": 0,\n    \"52\": 0.01058,\n    \"53\": 0,\n    \"54\": 0.00353,\n    \"55\": 0.00353,\n    \"56\": 0.00353,\n    \"57\": 0.00353,\n    \"58\": 0.00353,\n    \"59\": 0.00353,\n    \"60\": 0,\n    \"61\": 0,\n    \"62\": 0,\n    \"63\": 0,\n    \"64\": 0,\n    \"65\": 0,\n    \"66\": 0,\n    \"67\": 0,\n    \"68\": 0.00705,\n    \"69\": 0,\n    \"70\": 0,\n    \"71\": 0,\n    \"72\": 0.00353,\n    \"73\": 0,\n    \"74\": 0,\n    \"75\": 0,\n    \"76\": 0,\n    \"77\": 0,\n    \"78\": 0.01411,\n    \"79\": 0.00353,\n    \"80\": 0.00353,\n    \"81\": 0.00353,\n    \"82\": 0.00353,\n    \"83\": 0.00353,\n    \"84\": 0.00353,\n    \"85\": 0.00353,\n    \"86\": 0.00353,\n    \"87\": 0.00353,\n    \"88\": 0.00705,\n    \"89\": 0.01411,\n    \"90\": 0.14461,\n    \"91\": 0.19751,\n    \"92\": 0,\n    \"93\": 0,\n    \"3.5\": 0,\n    \"3.6\": 0\n  },\n  D: {\n    \"4\": 0,\n    \"5\": 0,\n    \"6\": 0,\n    \"7\": 0,\n    \"8\": 0,\n    \"9\": 0,\n    \"10\": 0,\n    \"11\": 0.00705,\n    \"12\": 0,\n    \"13\": 0,\n    \"14\": 0,\n    \"15\": 0,\n    \"16\": 0,\n    \"17\": 0.00353,\n    \"18\": 0,\n    \"19\": 0,\n    \"20\": 0,\n    \"21\": 0,\n    \"22\": 0,\n    \"23\": 0,\n    \"24\": 0,\n    \"25\": 0,\n    \"26\": 0,\n    \"27\": 0,\n    \"28\": 0,\n    \"29\": 0,\n    \"30\": 0,\n    \"31\": 0.00353,\n    \"32\": 0,\n    \"33\": 0,\n    \"34\": 0,\n    \"35\": 0,\n    \"36\": 0,\n    \"37\": 0,\n    \"38\": 0,\n    \"39\": 0.00353,\n    \"40\": 0.00353,\n    \"41\": 0.00353,\n    \"42\": 0.00353,\n    \"43\": 0.00353,\n    \"44\": 0,\n    \"45\": 0.01058,\n    \"46\": 0,\n    \"47\": 0.01058,\n    \"48\": 0.03174,\n    \"49\": 0.0388,\n    \"50\": 0.00353,\n    \"51\": 0.00353,\n    \"52\": 0,\n    \"53\": 0.00353,\n    \"54\": 0.00705,\n    \"55\": 0.02116,\n    \"56\": 0.00705,\n    \"57\": 0.04585,\n    \"58\": 0.01058,\n    \"59\": 0.01411,\n    \"60\": 0.00353,\n    \"61\": 0.00353,\n    \"62\": 0.04585,\n    \"63\": 0.02469,\n    \"64\": 0.00353,\n    \"65\": 0.01764,\n    \"66\": 0.00353,\n    \"67\": 0.01058,\n    \"68\": 0.00705,\n    \"69\": 0.38444,\n    \"70\": 0.19751,\n    \"71\": 0.01058,\n    \"72\": 0.15166,\n    \"73\": 0.04938,\n    \"74\": 0.49731,\n    \"75\": 0.10228,\n    \"76\": 0.04232,\n    \"77\": 0.00705,\n    \"78\": 0.10581,\n    \"79\": 0.08112,\n    \"80\": 0.05643,\n    \"81\": 0.03527,\n    \"83\": 0.07054,\n    \"84\": 0.05643,\n    \"85\": 0.0388,\n    \"86\": 0.08465,\n    \"87\": 0.04938,\n    \"88\": 0.09523,\n    \"89\": 0.04938,\n    \"90\": 0.11286,\n    \"91\": 0.32801,\n    \"92\": 1.50603,\n    \"93\": 0.01058,\n    \"94\": 0.00705,\n    \"95\": 0,\n    \"96\": 0\n  },\n  F: {\n    \"9\": 0,\n    \"11\": 0,\n    \"12\": 0,\n    \"15\": 0,\n    \"16\": 0,\n    \"17\": 0,\n    \"18\": 0,\n    \"19\": 0,\n    \"20\": 0,\n    \"21\": 0,\n    \"22\": 0,\n    \"23\": 0,\n    \"24\": 0,\n    \"25\": 0,\n    \"26\": 0,\n    \"27\": 0,\n    \"28\": 0,\n    \"29\": 0,\n    \"30\": 0,\n    \"31\": 0,\n    \"32\": 0,\n    \"33\": 0,\n    \"34\": 0,\n    \"35\": 0,\n    \"36\": 0,\n    \"37\": 0,\n    \"38\": 0,\n    \"39\": 0,\n    \"40\": 0,\n    \"41\": 0,\n    \"42\": 0,\n    \"43\": 0,\n    \"44\": 0,\n    \"45\": 0,\n    \"46\": 0,\n    \"47\": 0,\n    \"48\": 0,\n    \"49\": 0,\n    \"50\": 0,\n    \"51\": 0,\n    \"52\": 0,\n    \"53\": 0,\n    \"54\": 0,\n    \"55\": 0,\n    \"56\": 0,\n    \"57\": 0,\n    \"58\": 0,\n    \"60\": 0,\n    \"62\": 0,\n    \"63\": 0,\n    \"64\": 0,\n    \"65\": 0,\n    \"66\": 0,\n    \"67\": 0,\n    \"68\": 0,\n    \"69\": 0,\n    \"70\": 0,\n    \"71\": 0,\n    \"72\": 0,\n    \"73\": 0,\n    \"74\": 0,\n    \"75\": 0,\n    \"76\": 0,\n    \"77\": 0.01764,\n    \"78\": 0.01058,\n    \"9.5-9.6\": 0,\n    \"10.0-10.1\": 0,\n    \"10.5\": 0,\n    \"10.6\": 0,\n    \"11.1\": 0,\n    \"11.5\": 0,\n    \"11.6\": 0,\n    \"12.1\": 0\n  },\n  G: {\n    \"8\": 0.00271,\n    \"3.2\": 0,\n    \"4.0-4.1\": 0.00678,\n    \"4.2-4.3\": 0.07048,\n    \"5.0-5.1\": 0.0244,\n    \"6.0-6.1\": 0.04337,\n    \"7.0-7.1\": 0.0244,\n    \"8.1-8.4\": 0.04201,\n    \"9.0-9.2\": 0.17077,\n    \"9.3\": 0.10436,\n    \"10.0-10.2\": 0.41336,\n    \"10.3\": 0.3971,\n    \"11.0-11.2\": 0.79691,\n    \"11.3-11.4\": 0.17212,\n    \"12.0-12.1\": 0.20329,\n    \"12.2-12.4\": 0.39439,\n    \"13.0-13.1\": 0.08538,\n    \"13.2\": 0.05286,\n    \"13.3\": 0.26157,\n    \"13.4-13.7\": 1.67649,\n    \"14.0-14.4\": 2.68618,\n    \"14.5-14.7\": 5.61496\n  },\n  E: {\n    \"4\": 0,\n    \"5\": 0,\n    \"6\": 0,\n    \"7\": 0,\n    \"8\": 0,\n    \"9\": 0.00353,\n    \"10\": 0,\n    \"11\": 0.00353,\n    \"12\": 0.00353,\n    \"13\": 0.01411,\n    \"14\": 0.07054,\n    \"15\": 0.00353,\n    _: \"0\",\n    \"3.1\": 0,\n    \"3.2\": 0,\n    \"5.1\": 0,\n    \"6.1\": 0,\n    \"7.1\": 0,\n    \"9.1\": 0,\n    \"10.1\": 0.00353,\n    \"11.1\": 0.00705,\n    \"12.1\": 0.01058,\n    \"13.1\": 0.06349,\n    \"14.1\": 0.19046\n  },\n  B: {\n    \"12\": 0,\n    \"13\": 0,\n    \"14\": 0.00353,\n    \"15\": 0,\n    \"16\": 0.00353,\n    \"17\": 0.01058,\n    \"18\": 0.04938,\n    \"79\": 0,\n    \"80\": 0,\n    \"81\": 0,\n    \"83\": 0,\n    \"84\": 0.00353,\n    \"85\": 0.00353,\n    \"86\": 0.00353,\n    \"87\": 0.00353,\n    \"88\": 0.00353,\n    \"89\": 0.01058,\n    \"90\": 0.00705,\n    \"91\": 0.02116,\n    \"92\": 1.24856,\n    \"93\": 0.00353\n  },\n  P: {\n    \"4\": 0,\n    \"5.0-5.4\": 0,\n    \"6.2-6.4\": 0,\n    \"7.2-7.4\": 0,\n    \"8.2\": 0,\n    \"9.2\": 0.01107,\n    \"10.1\": 0,\n    \"11.1-11.2\": 0,\n    \"12.0\": 0,\n    \"13.0\": 0.02214,\n    \"14.0\": 0.38753\n  },\n  I: {\n    \"0\": 0,\n    \"3\": 0,\n    \"4\": 0.09205,\n    \"2.1\": 0,\n    \"2.2\": 0,\n    \"2.3\": 0,\n    \"4.1\": 0.1841,\n    \"4.2-4.3\": 0.14728,\n    \"4.4\": 0,\n    \"4.4.3-4.4.4\": 0.69959\n  },\n  K: {\n    _: \"0 10 11 12 11.1 11.5 12.1\"\n  },\n  A: {\n    \"6\": 0.03417,\n    \"7\": 0.03417,\n    \"8\": 0.17086,\n    \"9\": 0.17086,\n    \"10\": 0.06834,\n    \"11\": 3.10965,\n    \"5.5\": 0.03417\n  },\n  J: {\n    \"7\": 0,\n    \"10\": 0\n  },\n  N: {\n    \"10\": 0,\n    \"11\": 0\n  },\n  R: {\n    _: \"0\"\n  },\n  M: {\n    \"0\": 0.22656\n  },\n  Q: {\n    \"10.4\": 5.78686\n  },\n  O: {\n    \"0\": 12.93305\n  },\n  H: {\n    \"0\": 0.11031\n  },\n  L: {\n    \"0\": 47.0075\n  },\n  S: {\n    \"2.5\": 0\n  }\n};","map":{"version":3,"sources":["C:/xampp/public_html/vamo/interface2/node_modules/caniuse-lite/data/regions/CN.js"],"names":["module","exports","C","D","F","G","E","_","B","P","I","K","A","J","N","R","M","Q","O","H","L","S"],