{"ast":null,"code":"module.exports = {\n  C: {\n    \"27\": 0.01187,\n    \"30\": 0.00593,\n    \"33\": 0.00593,\n    \"35\": 0.02374,\n    \"39\": 0.00593,\n    \"40\": 0.01187,\n    \"41\": 0.00593,\n    \"43\": 0.01187,\n    \"47\": 0.04154,\n    \"48\": 0.0356,\n    \"49\": 0.01187,\n    \"52\": 0.39164,\n    \"56\": 0.0178,\n    \"57\": 0.0178,\n    \"60\": 0.0178,\n    \"61\": 0.02374,\n    \"63\": 0.01187,\n    \"65\": 0.01187,\n    \"66\": 0.0178,\n    \"67\": 0.0178,\n    \"68\": 0.02374,\n    \"70\": 0.15428,\n    \"71\": 0.11868,\n    \"72\": 0.20176,\n    \"73\": 0.00593,\n    \"77\": 0.0178,\n    \"78\": 0.2611,\n    \"79\": 0.01187,\n    \"80\": 0.0178,\n    \"81\": 0.02967,\n    \"82\": 0.01187,\n    \"83\": 0.02967,\n    \"84\": 0.08308,\n    \"85\": 0.04154,\n    \"86\": 0.04747,\n    \"87\": 0.24329,\n    \"88\": 0.20769,\n    \"89\": 0.71208,\n    \"90\": 3.42985,\n    \"91\": 4.14193,\n    \"92\": 0.06527,\n    _: \"2 3 4 5 6 7 8 9 10 11 12 13 14 15 16 17 18 19 20 21 22 23 24 25 26 28 29 31 32 34 36 37 38 42 44 45 46 50 51 53 54 55 58 59 62 64 69 74 75 76 93 3.5 3.6\"\n  },\n  D: {\n    \"11\": 0.02967,\n    \"30\": 0.01187,\n    \"33\": 0.04154,\n    \"40\": 0.00593,\n    \"42\": 0.02967,\n    \"43\": 0.01187,\n    \"47\": 0.01187,\n    \"49\": 0.34417,\n    \"57\": 0.00593,\n    \"58\": 0.09494,\n    \"61\": 0.02374,\n    \"63\": 0.05341,\n    \"64\": 0.0178,\n    \"65\": 0.04154,\n    \"67\": 0.00593,\n    \"69\": 0.0178,\n    \"70\": 0.0178,\n    \"71\": 0.02967,\n    \"72\": 0.0178,\n    \"73\": 0.04154,\n    \"74\": 0.04747,\n    \"75\": 0.0356,\n    \"76\": 0.02967,\n    \"77\": 0.04747,\n    \"78\": 0.0178,\n    \"79\": 0.06527,\n    \"80\": 0.04747,\n    \"81\": 0.11275,\n    \"83\": 0.0356,\n    \"84\": 0.04154,\n    \"85\": 0.07121,\n    \"86\": 0.18989,\n    \"87\": 0.81296,\n    \"88\": 0.16615,\n    \"89\": 0.15428,\n    \"90\": 0.74175,\n    \"91\": 2.55162,\n    \"92\": 29.54539,\n    \"93\": 0.04747,\n    \"94\": 0.01187,\n    _: \"4 5 6 7 8 9 10 12 13 14 15 16 17 18 19 20 21 22 23 24 25 26 27 28 29 31 32 34 35 36 37 38 39 41 44 45 46 48 50 51 52 53 54 55 56 59 60 62 66 68 95 96\"\n  },\n  F: {\n    \"53\": 0.04154,\n    \"62\": 0.0356,\n    \"75\": 0.00593,\n    \"76\": 0.01187,\n    \"77\": 1.28174,\n    \"78\": 0.94944,\n    _: \"9 11 12 15 16 17 18 19 20 21 22 23 24 25 26 27 28 29 30 31 32 33 34 35 36 37 38 39 40 41 42 43 44 45 46 47 48 49 50 51 52 54 55 56 57 58 60 63 64 65 66 67 68 69 70 71 72 73 74 9.5-9.6 10.5 10.6 11.1 11.5 11.6 12.1\",\n    \"10.0-10.1\": 0\n  },\n  G: {\n    \"8\": 0,\n    \"3.2\": 0,\n    \"4.0-4.1\": 0.00129,\n    \"4.2-4.3\": 0.00052,\n    \"5.0-5.1\": 0.00206,\n    \"6.0-6.1\": 0.00052,\n    \"7.0-7.1\": 0.14732,\n    \"8.1-8.4\": 0,\n    \"9.0-9.2\": 0.00155,\n    \"9.3\": 0.06218,\n    \"10.0-10.2\": 0.04541,\n    \"10.3\": 0.10681,\n    \"11.0-11.2\": 0.00903,\n    \"11.3-11.4\": 0.01445,\n    \"12.0-12.1\": 0.01987,\n    \"12.2-12.4\": 0.08514,\n    \"13.0-13.1\": 0.01961,\n    \"13.2\": 0.00284,\n    \"13.3\": 0.02141,\n    \"13.4-13.7\": 0.14887,\n    \"14.0-14.4\": 0.41487,\n    \"14.5-14.7\": 1.27893\n  },\n  E: {\n    \"4\": 0,\n    \"13\": 0.02967,\n    \"14\": 0.08901,\n    \"15\": 0.00593,\n    _: \"0 5 6 7 8 9 10 11 12 3.1 3.2 5.1 6.1 7.1 9.1 10.1\",\n    \"11.1\": 0.02967,\n    \"12.1\": 0.06527,\n    \"13.1\": 0.14242,\n    \"14.1\": 0.28483\n  },\n  B: {\n    \"12\": 0.01187,\n    \"13\": 0.01187,\n    \"14\": 0.0178,\n    \"15\": 0.01187,\n    \"16\": 0.00593,\n    \"17\": 0.02374,\n    \"18\": 0.09494,\n    \"80\": 0.02967,\n    \"84\": 0.0178,\n    \"85\": 0.10681,\n    \"89\": 0.05934,\n    \"90\": 0.02374,\n    \"91\": 0.11868,\n    \"92\": 2.43294,\n    _: \"79 81 83 86 87 88 93\"\n  },\n  P: {\n    \"4\": 0.13955,\n    \"5.0-5.4\": 0.06114,\n    \"6.2-6.4\": 0.02038,\n    \"7.2-7.4\": 0.04294,\n    \"8.2\": 0.03044,\n    \"9.2\": 0.05399,\n    \"10.1\": 0.02147,\n    \"11.1-11.2\": 0.0322,\n    \"12.0\": 0.02147,\n    \"13.0\": 0.23615,\n    \"14.0\": 0.80507\n  },\n  I: {\n    \"0\": 0,\n    \"3\": 0,\n    \"4\": 0.001,\n    \"2.1\": 0,\n    \"2.2\": 0,\n    \"2.3\": 0.00017,\n    \"4.1\": 0.00586,\n    \"4.2-4.3\": 0.01824,\n    \"4.4\": 0,\n    \"4.4.3-4.4.4\": 0.09671\n  },\n  K: {\n    _: \"0 10 11 12 11.1 11.5 12.1\"\n  },\n  A: {\n    \"11\": 0.33824,\n    _: \"6 7 8 9 10 5.5\"\n  },\n  J: {\n    \"7\": 0,\n    \"10\": 0.02033\n  },\n  N: {\n    \"11\": 0.02439,\n    _: \"10\"\n  },\n  R: {\n    _: \"0\"\n  },\n  M: {\n    \"0\": 0.34968\n  },\n  Q: {\n    \"10.4\": 0.0122\n  },\n  O: {\n    \"0\": 1.88662\n  },\n  H: {\n    \"0\": 5.40459\n  },\n  L: {\n    \"0\": 34.38106\n  },\n  S: {\n    \"2.5\": 0.17077\n  }\n};","map":{"version":3,"sources":["C:/xampp/public_html/vamo/interface2/node_modules/caniuse-lite/data/regions/MG.js"],"names":["module","exports","C","_","D","F","G","E","B","P","I","K","A","J","N","R","M","Q","O","H","L","S"],