{"ast":null,"code":"module.exports = {\n  C: {\n    \"2\": 0,\n    \"3\": 0,\n    \"4\": 0,\n    \"5\": 0,\n    \"6\": 0,\n    \"7\": 0,\n    \"8\": 0,\n    \"9\": 0,\n    \"10\": 0,\n    \"11\": 0,\n    \"12\": 0,\n    \"13\": 0,\n    \"14\": 0,\n    \"15\": 0,\n    \"16\": 0,\n    \"17\": 0,\n    \"18\": 0,\n    \"19\": 0,\n    \"20\": 0,\n    \"21\": 0,\n    \"22\": 0,\n    \"23\": 0,\n    \"24\": 0,\n    \"25\": 0,\n    \"26\": 0,\n    \"27\": 0,\n    \"28\": 0,\n    \"29\": 0,\n    \"30\": 0,\n    \"31\": 0,\n    \"32\": 0,\n    \"33\": 0,\n    \"34\": 0,\n    \"35\": 0.01886,\n    \"36\": 0.01415,\n    \"37\": 0,\n    \"38\": 0,\n    \"39\": 0,\n    \"40\": 0,\n    \"41\": 0,\n    \"42\": 0,\n    \"43\": 0,\n    \"44\": 0,\n    \"45\": 0,\n    \"46\": 0,\n    \"47\": 0,\n    \"48\": 0.00472,\n    \"49\": 0,\n    \"50\": 0,\n    \"51\": 0,\n    \"52\": 0.02358,\n    \"53\": 0,\n    \"54\": 0,\n    \"55\": 0,\n    \"56\": 0,\n    \"57\": 0,\n    \"58\": 0,\n    \"59\": 0.00472,\n    \"60\": 0,\n    \"61\": 0,\n    \"62\": 0,\n    \"63\": 0,\n    \"64\": 0,\n    \"65\": 0,\n    \"66\": 0,\n    \"67\": 0,\n    \"68\": 0.00472,\n    \"69\": 0,\n    \"70\": 0,\n    \"71\": 0,\n    \"72\": 0.00472,\n    \"73\": 0,\n    \"74\": 0,\n    \"75\": 0,\n    \"76\": 0,\n    \"77\": 0,\n    \"78\": 0.05659,\n    \"79\": 0,\n    \"80\": 0.00472,\n    \"81\": 0,\n    \"82\": 0,\n    \"83\": 0.00472,\n    \"84\": 0.01415,\n    \"85\": 0.00472,\n    \"86\": 0.00472,\n    \"87\": 0.00943,\n    \"88\": 0.0283,\n    \"89\": 0.04716,\n    \"90\": 0.5612,\n    \"91\": 0.80644,\n    \"92\": 0.01415,\n    \"93\": 0.00472,\n    \"3.5\": 0,\n    \"3.6\": 0\n  },\n  D: {\n    \"4\": 0,\n    \"5\": 0,\n    \"6\": 0,\n    \"7\": 0,\n    \"8\": 0,\n    \"9\": 0,\n    \"10\": 0,\n    \"11\": 0,\n    \"12\": 0,\n    \"13\": 0,\n    \"14\": 0,\n    \"15\": 0,\n    \"16\": 0,\n    \"17\": 0,\n    \"18\": 0,\n    \"19\": 0,\n    \"20\": 0,\n    \"21\": 0,\n    \"22\": 0,\n    \"23\": 0,\n    \"24\": 0,\n    \"25\": 0,\n    \"26\": 0,\n    \"27\": 0,\n    \"28\": 0,\n    \"29\": 0,\n    \"30\": 0,\n    \"31\": 0,\n    \"32\": 0,\n    \"33\": 0,\n    \"34\": 0,\n    \"35\": 0,\n    \"36\": 0,\n    \"37\": 0,\n    \"38\": 0.00943,\n    \"39\": 0,\n    \"40\": 0,\n    \"41\": 0,\n    \"42\": 0,\n    \"43\": 0,\n    \"44\": 0,\n    \"45\": 0,\n    \"46\": 0,\n    \"47\": 0,\n    \"48\": 0,\n    \"49\": 0.04244,\n    \"50\": 0,\n    \"51\": 0,\n    \"52\": 0,\n    \"53\": 0,\n    \"54\": 0,\n    \"55\": 0,\n    \"56\": 0,\n    \"57\": 0,\n    \"58\": 0.00472,\n    \"59\": 0,\n    \"60\": 0,\n    \"61\": 0.01415,\n    \"62\": 0,\n    \"63\": 0.00472,\n    \"64\": 0,\n    \"65\": 0.00943,\n    \"66\": 0.02358,\n    \"67\": 0.00943,\n    \"68\": 0.00472,\n    \"69\": 0.11318,\n    \"70\": 0.00472,\n    \"71\": 0.00472,\n    \"72\": 0.00472,\n    \"73\": 0.00472,\n    \"74\": 0.00472,\n    \"75\": 0.03301,\n    \"76\": 0.01886,\n    \"77\": 0.00943,\n    \"78\": 0.00943,\n    \"79\": 0.03773,\n    \"80\": 0.01886,\n    \"81\": 0.01886,\n    \"83\": 0.01415,\n    \"84\": 0.01415,\n    \"85\": 0.36313,\n    \"86\": 0.03301,\n    \"87\": 0.13205,\n    \"88\": 0.12733,\n    \"89\": 0.08017,\n    \"90\": 0.38671,\n    \"91\": 1.0611,\n    \"92\": 10.33276,\n    \"93\": 0.01886,\n    \"94\": 0.00472,\n    \"95\": 0,\n    \"96\": 0\n  },\n  F: {\n    \"9\": 0,\n    \"11\": 0,\n    \"12\": 0,\n    \"15\": 0,\n    \"16\": 0,\n    \"17\": 0,\n    \"18\": 0,\n    \"19\": 0,\n    \"20\": 0,\n    \"21\": 0,\n    \"22\": 0,\n    \"23\": 0,\n    \"24\": 0,\n    \"25\": 0,\n    \"26\": 0,\n    \"27\": 0,\n    \"28\": 0,\n    \"29\": 0,\n    \"30\": 0,\n    \"31\": 0,\n    \"32\": 0,\n    \"33\": 0,\n    \"34\": 0,\n    \"35\": 0,\n    \"36\": 0.00472,\n    \"37\": 0,\n    \"38\": 0,\n    \"39\": 0,\n    \"40\": 0,\n    \"41\": 0,\n    \"42\": 0,\n    \"43\": 0,\n    \"44\": 0,\n    \"45\": 0,\n    \"46\": 0,\n    \"47\": 0,\n    \"48\": 0,\n    \"49\": 0,\n    \"50\": 0,\n    \"51\": 0,\n    \"52\": 0,\n    \"53\": 0,\n    \"54\": 0,\n    \"55\": 0,\n    \"56\": 0,\n    \"57\": 0,\n    \"58\": 0.00472,\n    \"60\": 0,\n    \"62\": 0,\n    \"63\": 0,\n    \"64\": 0.00472,\n    \"65\": 0.00472,\n    \"66\": 0,\n    \"67\": 0,\n    \"68\": 0,\n    \"69\": 0,\n    \"70\": 0,\n    \"71\": 0,\n    \"72\": 0,\n    \"73\": 0,\n    \"74\": 0,\n    \"75\": 0.00472,\n    \"76\": 0.00472,\n    \"77\": 0.34898,\n    \"78\": 0.35842,\n    \"9.5-9.6\": 0,\n    \"10.0-10.1\": 0,\n    \"10.5\": 0,\n    \"10.6\": 0,\n    \"11.1\": 0,\n    \"11.5\": 0,\n    \"11.6\": 0,\n    \"12.1\": 0\n  },\n  G: {\n    \"8\": 0,\n    \"3.2\": 0,\n    \"4.0-4.1\": 0,\n    \"4.2-4.3\": 0,\n    \"5.0-5.1\": 0,\n    \"6.0-6.1\": 0,\n    \"7.0-7.1\": 0.01645,\n    \"8.1-8.4\": 0.02879,\n    \"9.0-9.2\": 0.01645,\n    \"9.3\": 0.20155,\n    \"10.0-10.2\": 0.01645,\n    \"10.3\": 0.31261,\n    \"11.0-11.2\": 0.0617,\n    \"11.3-11.4\": 0.11928,\n    \"12.0-12.1\": 0.10694,\n    \"12.2-12.4\": 0.33729,\n    \"13.0-13.1\": 0.08638,\n    \"13.2\": 0.04525,\n    \"13.3\": 0.28793,\n    \"13.4-13.7\": 0.85144,\n    \"14.0-14.4\": 3.91169,\n    \"14.5-14.7\": 33.14859\n  },\n  E: {\n    \"4\": 0,\n    \"5\": 0,\n    \"6\": 0,\n    \"7\": 0,\n    \"8\": 0,\n    \"9\": 0,\n    \"10\": 0,\n    \"11\": 0,\n    \"12\": 0.00943,\n    \"13\": 0.05659,\n    \"14\": 0.49518,\n    \"15\": 0.00943,\n    _: \"0\",\n    \"3.1\": 0,\n    \"3.2\": 0,\n    \"5.1\": 0,\n    \"6.1\": 0,\n    \"7.1\": 0,\n    \"9.1\": 0,\n    \"10.1\": 0.01415,\n    \"11.1\": 0.04244,\n    \"12.1\": 0.07546,\n    \"13.1\": 0.27824,\n    \"14.1\": 2.17408\n  },\n  B: {\n    \"12\": 0,\n    \"13\": 0,\n    \"14\": 0.00472,\n    \"15\": 0.00472,\n    \"16\": 0.00472,\n    \"17\": 0.00472,\n    \"18\": 0.02358,\n    \"79\": 0,\n    \"80\": 0.00472,\n    \"81\": 0,\n    \"83\": 0.00472,\n    \"84\": 0.00943,\n    \"85\": 0.00943,\n    \"86\": 0.00943,\n    \"87\": 0.00943,\n    \"88\": 0.01415,\n    \"89\": 0.01886,\n    \"90\": 0.01886,\n    \"91\": 0.15091,\n    \"92\": 2.44289,\n    \"93\": 0.00472\n  },\n  P: {\n    \"4\": 0.10406,\n    \"5.0-5.4\": 0,\n    \"6.2-6.4\": 0,\n    \"7.2-7.4\": 0,\n    \"8.2\": 0,\n    \"9.2\": 0.03122,\n    \"10.1\": 0.02081,\n    \"11.1-11.2\": 0.06244,\n    \"12.0\": 0.05203,\n    \"13.0\": 0.13528,\n    \"14.0\": 4.13137\n  },\n  I: {\n    \"0\": 0,\n    \"3\": 0,\n    \"4\": 0,\n    \"2.1\": 0,\n    \"2.2\": 0,\n    \"2.3\": 0,\n    \"4.1\": 0.00604,\n    \"4.2-4.3\": 0.01208,\n    \"4.4\": 0,\n    \"4.4.3-4.4.4\": 0.08659\n  },\n  K: {\n    _: \"0 10 11 12 11.1 11.5 12.1\"\n  },\n  A: {\n    \"6\": 0,\n    \"7\": 0,\n    \"8\": 0,\n    \"9\": 0,\n    \"10\": 0,\n    \"11\": 0.18864,\n    \"5.5\": 0\n  },\n  J: {\n    \"7\": 0,\n    \"10\": 0\n  },\n  N: {\n    \"10\": 0,\n    \"11\": 0\n  },\n  R: {\n    _: \"0\"\n  },\n  M: {\n    \"0\": 0.428\n  },\n  Q: {\n    \"10.4\": 0\n  },\n  O: {\n    \"0\": 0.03699\n  },\n  H: {\n    \"0\": 0.45023\n  },\n  L: {\n    \"0\": 30.41306\n  },\n  S: {\n    \"2.5\": 0\n  }\n};","map":{"version":3,"sources":["C:/xampp/public_html/vamo/interface2/node_modules/caniuse-lite/data/regions/SE.js"],"names":["module","exports","C","D","F","G","E","_","B","P","I","K","A","J","N","R","M","Q","O","H","L","S"],