{"ast":null,"code":"module.exports = {\n  C: {\n    \"2\": 0,\n    \"3\": 0,\n    \"4\": 0,\n    \"5\": 0,\n    \"6\": 0,\n    \"7\": 0,\n    \"8\": 0,\n    \"9\": 0,\n    \"10\": 0,\n    \"11\": 0,\n    \"12\": 0,\n    \"13\": 0,\n    \"14\": 0,\n    \"15\": 0,\n    \"16\": 0,\n    \"17\": 0.00485,\n    \"18\": 0,\n    \"19\": 0,\n    \"20\": 0,\n    \"21\": 0,\n    \"22\": 0,\n    \"23\": 0,\n    \"24\": 0,\n    \"25\": 0,\n    \"26\": 0,\n    \"27\": 0,\n    \"28\": 0,\n    \"29\": 0,\n    \"30\": 0,\n    \"31\": 0,\n    \"32\": 0,\n    \"33\": 0,\n    \"34\": 0,\n    \"35\": 0.00485,\n    \"36\": 0.00485,\n    \"37\": 0,\n    \"38\": 0,\n    \"39\": 0,\n    \"40\": 0,\n    \"41\": 0,\n    \"42\": 0,\n    \"43\": 0,\n    \"44\": 0,\n    \"45\": 0,\n    \"46\": 0,\n    \"47\": 0,\n    \"48\": 0,\n    \"49\": 0,\n    \"50\": 0,\n    \"51\": 0,\n    \"52\": 0.02426,\n    \"53\": 0,\n    \"54\": 0,\n    \"55\": 0,\n    \"56\": 0.00485,\n    \"57\": 0.00485,\n    \"58\": 0,\n    \"59\": 0,\n    \"60\": 0.00485,\n    \"61\": 0,\n    \"62\": 0,\n    \"63\": 0,\n    \"64\": 0,\n    \"65\": 0,\n    \"66\": 0,\n    \"67\": 0.00485,\n    \"68\": 0.00485,\n    \"69\": 0,\n    \"70\": 0,\n    \"71\": 0,\n    \"72\": 0,\n    \"73\": 0,\n    \"74\": 0,\n    \"75\": 0,\n    \"76\": 0,\n    \"77\": 0,\n    \"78\": 0.02426,\n    \"79\": 0.01456,\n    \"80\": 0.0097,\n    \"81\": 0.0097,\n    \"82\": 0.00485,\n    \"83\": 0.00485,\n    \"84\": 0.0097,\n    \"85\": 0,\n    \"86\": 0,\n    \"87\": 0,\n    \"88\": 0.01941,\n    \"89\": 0.09704,\n    \"90\": 0.18923,\n    \"91\": 0.30082,\n    \"92\": 0.00485,\n    \"93\": 0,\n    \"3.5\": 0,\n    \"3.6\": 0\n  },\n  D: {\n    \"4\": 0,\n    \"5\": 0,\n    \"6\": 0,\n    \"7\": 0,\n    \"8\": 0,\n    \"9\": 0,\n    \"10\": 0,\n    \"11\": 0,\n    \"12\": 0,\n    \"13\": 0,\n    \"14\": 0,\n    \"15\": 0,\n    \"16\": 0,\n    \"17\": 0,\n    \"18\": 0,\n    \"19\": 0,\n    \"20\": 0,\n    \"21\": 0,\n    \"22\": 0.00485,\n    \"23\": 0,\n    \"24\": 0.00485,\n    \"25\": 0,\n    \"26\": 0,\n    \"27\": 0,\n    \"28\": 0,\n    \"29\": 0,\n    \"30\": 0,\n    \"31\": 0,\n    \"32\": 0,\n    \"33\": 0,\n    \"34\": 0.00485,\n    \"35\": 0,\n    \"36\": 0,\n    \"37\": 0,\n    \"38\": 0.01941,\n    \"39\": 0,\n    \"40\": 0,\n    \"41\": 0.00485,\n    \"42\": 0.00485,\n    \"43\": 0,\n    \"44\": 0,\n    \"45\": 0,\n    \"46\": 0,\n    \"47\": 0,\n    \"48\": 0.00485,\n    \"49\": 0.24745,\n    \"50\": 0,\n    \"51\": 0,\n    \"52\": 0,\n    \"53\": 0.0097,\n    \"54\": 0,\n    \"55\": 0,\n    \"56\": 0.0097,\n    \"57\": 0.0097,\n    \"58\": 0.00485,\n    \"59\": 0,\n    \"60\": 0,\n    \"61\": 0.18923,\n    \"62\": 0.00485,\n    \"63\": 0.0097,\n    \"64\": 0,\n    \"65\": 0.0097,\n    \"66\": 0.00485,\n    \"67\": 0.00485,\n    \"68\": 0.00485,\n    \"69\": 0.00485,\n    \"70\": 0.00485,\n    \"71\": 0.00485,\n    \"72\": 0.00485,\n    \"73\": 0.00485,\n    \"74\": 0.00485,\n    \"75\": 0.01456,\n    \"76\": 0.0097,\n    \"77\": 0.0097,\n    \"78\": 0.0097,\n    \"79\": 0.04367,\n    \"80\": 0.03396,\n    \"81\": 0.02911,\n    \"83\": 0.06308,\n    \"84\": 0.10189,\n    \"85\": 0.08734,\n    \"86\": 0.1213,\n    \"87\": 0.37846,\n    \"88\": 0.02911,\n    \"89\": 0.05822,\n    \"90\": 0.1213,\n    \"91\": 0.40272,\n    \"92\": 12.75591,\n    \"93\": 0.01941,\n    \"94\": 0.0097,\n    \"95\": 0,\n    \"96\": 0\n  },\n  F: {\n    \"9\": 0,\n    \"11\": 0,\n    \"12\": 0,\n    \"15\": 0,\n    \"16\": 0,\n    \"17\": 0,\n    \"18\": 0,\n    \"19\": 0,\n    \"20\": 0,\n    \"21\": 0,\n    \"22\": 0,\n    \"23\": 0,\n    \"24\": 0,\n    \"25\": 0,\n    \"26\": 0,\n    \"27\": 0,\n    \"28\": 0,\n    \"29\": 0,\n    \"30\": 0,\n    \"31\": 0,\n    \"32\": 0,\n    \"33\": 0,\n    \"34\": 0,\n    \"35\": 0,\n    \"36\": 0.0097,\n    \"37\": 0.02426,\n    \"38\": 0,\n    \"39\": 0,\n    \"40\": 0.00485,\n    \"41\": 0,\n    \"42\": 0,\n    \"43\": 0.00485,\n    \"44\": 0,\n    \"45\": 0,\n    \"46\": 0.0097,\n    \"47\": 0,\n    \"48\": 0,\n    \"49\": 0,\n    \"50\": 0,\n    \"51\": 0,\n    \"52\": 0,\n    \"53\": 0,\n    \"54\": 0,\n    \"55\": 0,\n    \"56\": 0,\n    \"57\": 0,\n    \"58\": 0.0097,\n    \"60\": 0.00485,\n    \"62\": 0,\n    \"63\": 0,\n    \"64\": 0,\n    \"65\": 0,\n    \"66\": 0,\n    \"67\": 0,\n    \"68\": 0,\n    \"69\": 0.00485,\n    \"70\": 0.00485,\n    \"71\": 0.00485,\n    \"72\": 0.00485,\n    \"73\": 0,\n    \"74\": 0.00485,\n    \"75\": 0,\n    \"76\": 0,\n    \"77\": 0.18438,\n    \"78\": 0.19893,\n    \"9.5-9.6\": 0,\n    \"10.0-10.1\": 0,\n    \"10.5\": 0,\n    \"10.6\": 0,\n    \"11.1\": 0,\n    \"11.5\": 0,\n    \"11.6\": 0,\n    \"12.1\": 0\n  },\n  G: {\n    \"8\": 0.00255,\n    \"3.2\": 0,\n    \"4.0-4.1\": 0,\n    \"4.2-4.3\": 0,\n    \"5.0-5.1\": 0.01532,\n    \"6.0-6.1\": 0.02298,\n    \"7.0-7.1\": 0.07405,\n    \"8.1-8.4\": 0.05618,\n    \"9.0-9.2\": 0.06384,\n    \"9.3\": 0.31153,\n    \"10.0-10.2\": 0.09959,\n    \"10.3\": 0.43665,\n    \"11.0-11.2\": 0.20173,\n    \"11.3-11.4\": 0.33962,\n    \"12.0-12.1\": 0.24769,\n    \"12.2-12.4\": 0.98311,\n    \"13.0-13.1\": 0.16598,\n    \"13.2\": 0.10469,\n    \"13.3\": 0.5056,\n    \"13.4-13.7\": 1.62405,\n    \"14.0-14.4\": 4.17247,\n    \"14.5-14.7\": 13.53373\n  },\n  E: {\n    \"4\": 0,\n    \"5\": 0,\n    \"6\": 0,\n    \"7\": 0,\n    \"8\": 0,\n    \"9\": 0,\n    \"10\": 0,\n    \"11\": 0,\n    \"12\": 0.00485,\n    \"13\": 0.02911,\n    \"14\": 0.131,\n    \"15\": 0.0097,\n    _: \"0\",\n    \"3.1\": 0,\n    \"3.2\": 0,\n    \"5.1\": 0,\n    \"6.1\": 0,\n    \"7.1\": 0,\n    \"9.1\": 0,\n    \"10.1\": 0.00485,\n    \"11.1\": 0.0097,\n    \"12.1\": 0.01941,\n    \"13.1\": 0.08734,\n    \"14.1\": 0.46579\n  },\n  B: {\n    \"12\": 0.00485,\n    \"13\": 0,\n    \"14\": 0.0097,\n    \"15\": 0.00485,\n    \"16\": 0.00485,\n    \"17\": 0.00485,\n    \"18\": 0.03396,\n    \"79\": 0,\n    \"80\": 0,\n    \"81\": 0,\n    \"83\": 0.00485,\n    \"84\": 0.0097,\n    \"85\": 0.00485,\n    \"86\": 0.0097,\n    \"87\": 0.00485,\n    \"88\": 0,\n    \"89\": 0.0097,\n    \"90\": 0.0097,\n    \"91\": 0.02426,\n    \"92\": 0.9801,\n    \"93\": 0.00485\n  },\n  P: {\n    \"4\": 0.40446,\n    \"5.0-5.4\": 0.02022,\n    \"6.2-6.4\": 0.01011,\n    \"7.2-7.4\": 0.091,\n    \"8.2\": 0.02022,\n    \"9.2\": 0.07078,\n    \"10.1\": 0.03033,\n    \"11.1-11.2\": 0.19212,\n    \"12.0\": 0.08089,\n    \"13.0\": 0.20223,\n    \"14.0\": 1.60773\n  },\n  I: {\n    \"0\": 0,\n    \"3\": 0,\n    \"4\": 0.00157,\n    \"2.1\": 0,\n    \"2.2\": 0,\n    \"2.3\": 0,\n    \"4.1\": 0.00236,\n    \"4.2-4.3\": 0.0118,\n    \"4.4\": 0,\n    \"4.4.3-4.4.4\": 0.08338\n  },\n  K: {\n    _: \"0 10 11 12 11.1 11.5 12.1\"\n  },\n  A: {\n    \"6\": 0,\n    \"7\": 0,\n    \"8\": 0.0053,\n    \"9\": 0.0053,\n    \"10\": 0.0053,\n    \"11\": 0.27036,\n    \"5.5\": 0\n  },\n  J: {\n    \"7\": 0,\n    \"10\": 0.00515\n  },\n  N: {\n    \"10\": 0,\n    \"11\": 0\n  },\n  R: {\n    _: \"0\"\n  },\n  M: {\n    \"0\": 0.08237\n  },\n  Q: {\n    \"10.4\": 0.01544\n  },\n  O: {\n    \"0\": 1.34878\n  },\n  H: {\n    \"0\": 0.2973\n  },\n  L: {\n    \"0\": 46.4379\n  },\n  S: {\n    \"2.5\": 0.00515\n  }\n};","map":{"version":3,"sources":["C:/xampp/public_html/vamo/interface2/node_modules/caniuse-lite/data/regions/VN.js"],"names":["module","exports","C","D","F","G","E","_","B","P","I","K","A","J","N","R","M","Q","O","H","L","S"],