{"ast":null,"code":"module.exports = {\n  C: {\n    \"2\": 0,\n    \"3\": 0,\n    \"4\": 0,\n    \"5\": 0,\n    \"6\": 0,\n    \"7\": 0,\n    \"8\": 0,\n    \"9\": 0,\n    \"10\": 0,\n    \"11\": 0,\n    \"12\": 0,\n    \"13\": 0,\n    \"14\": 0,\n    \"15\": 0,\n    \"16\": 0,\n    \"17\": 0,\n    \"18\": 0,\n    \"19\": 0,\n    \"20\": 0,\n    \"21\": 0,\n    \"22\": 0,\n    \"23\": 0,\n    \"24\": 0,\n    \"25\": 0,\n    \"26\": 0,\n    \"27\": 0,\n    \"28\": 0,\n    \"29\": 0,\n    \"30\": 0,\n    \"31\": 0,\n    \"32\": 0,\n    \"33\": 0,\n    \"34\": 0.00936,\n    \"35\": 0.00468,\n    \"36\": 0.00468,\n    \"37\": 0,\n    \"38\": 0,\n    \"39\": 0,\n    \"40\": 0,\n    \"41\": 0,\n    \"42\": 0,\n    \"43\": 0,\n    \"44\": 0,\n    \"45\": 0,\n    \"46\": 0,\n    \"47\": 0.00468,\n    \"48\": 0,\n    \"49\": 0,\n    \"50\": 0.00468,\n    \"51\": 0.00468,\n    \"52\": 0.01404,\n    \"53\": 0,\n    \"54\": 0,\n    \"55\": 0,\n    \"56\": 0,\n    \"57\": 0,\n    \"58\": 0,\n    \"59\": 0,\n    \"60\": 0,\n    \"61\": 0,\n    \"62\": 0,\n    \"63\": 0,\n    \"64\": 0,\n    \"65\": 0,\n    \"66\": 0,\n    \"67\": 0,\n    \"68\": 0.00468,\n    \"69\": 0,\n    \"70\": 0,\n    \"71\": 0,\n    \"72\": 0.00468,\n    \"73\": 0,\n    \"74\": 0,\n    \"75\": 0,\n    \"76\": 0,\n    \"77\": 0,\n    \"78\": 0.00468,\n    \"79\": 0,\n    \"80\": 0,\n    \"81\": 0,\n    \"82\": 0,\n    \"83\": 0,\n    \"84\": 0.00468,\n    \"85\": 0,\n    \"86\": 0.00468,\n    \"87\": 0.00468,\n    \"88\": 0.00936,\n    \"89\": 0.01872,\n    \"90\": 0.24331,\n    \"91\": 0.33689,\n    \"92\": 0,\n    \"93\": 0,\n    \"3.5\": 0,\n    \"3.6\": 0\n  },\n  D: {\n    \"4\": 0,\n    \"5\": 0,\n    \"6\": 0,\n    \"7\": 0,\n    \"8\": 0,\n    \"9\": 0,\n    \"10\": 0,\n    \"11\": 0.00936,\n    \"12\": 0,\n    \"13\": 0,\n    \"14\": 0,\n    \"15\": 0,\n    \"16\": 0,\n    \"17\": 0,\n    \"18\": 0,\n    \"19\": 0,\n    \"20\": 0,\n    \"21\": 0,\n    \"22\": 0.00468,\n    \"23\": 0,\n    \"24\": 0,\n    \"25\": 0,\n    \"26\": 0.00468,\n    \"27\": 0,\n    \"28\": 0,\n    \"29\": 0,\n    \"30\": 0.00468,\n    \"31\": 0,\n    \"32\": 0,\n    \"33\": 0,\n    \"34\": 0.00936,\n    \"35\": 0.00468,\n    \"36\": 0,\n    \"37\": 0,\n    \"38\": 0.05147,\n    \"39\": 0,\n    \"40\": 0,\n    \"41\": 0,\n    \"42\": 0,\n    \"43\": 0,\n    \"44\": 0,\n    \"45\": 0,\n    \"46\": 0,\n    \"47\": 0,\n    \"48\": 0,\n    \"49\": 0.09826,\n    \"50\": 0.00468,\n    \"51\": 0.00468,\n    \"52\": 0,\n    \"53\": 0.05615,\n    \"54\": 0.00468,\n    \"55\": 0.00468,\n    \"56\": 0.01404,\n    \"57\": 0.00468,\n    \"58\": 0.00468,\n    \"59\": 0,\n    \"60\": 0,\n    \"61\": 0.03743,\n    \"62\": 0.00468,\n    \"63\": 0.00468,\n    \"64\": 0.00936,\n    \"65\": 0.00468,\n    \"66\": 0.00468,\n    \"67\": 0.01404,\n    \"68\": 0.00936,\n    \"69\": 0.00936,\n    \"70\": 0.00936,\n    \"71\": 0.01404,\n    \"72\": 0.00468,\n    \"73\": 0.00936,\n    \"74\": 0.00936,\n    \"75\": 0.00936,\n    \"76\": 0.00936,\n    \"77\": 0.00468,\n    \"78\": 0.00468,\n    \"79\": 0.1778,\n    \"80\": 0.01404,\n    \"81\": 0.04211,\n    \"83\": 0.01404,\n    \"84\": 0.00936,\n    \"85\": 0.00936,\n    \"86\": 0.0234,\n    \"87\": 0.07019,\n    \"88\": 0.01872,\n    \"89\": 0.03743,\n    \"90\": 0.08422,\n    \"91\": 0.49597,\n    \"92\": 13.65332,\n    \"93\": 0.00936,\n    \"94\": 0.00468,\n    \"95\": 0,\n    \"96\": 0\n  },\n  F: {\n    \"9\": 0,\n    \"11\": 0,\n    \"12\": 0,\n    \"15\": 0,\n    \"16\": 0,\n    \"17\": 0,\n    \"18\": 0,\n    \"19\": 0,\n    \"20\": 0,\n    \"21\": 0,\n    \"22\": 0,\n    \"23\": 0,\n    \"24\": 0,\n    \"25\": 0,\n    \"26\": 0,\n    \"27\": 0,\n    \"28\": 0.00468,\n    \"29\": 0,\n    \"30\": 0,\n    \"31\": 0,\n    \"32\": 0,\n    \"33\": 0,\n    \"34\": 0,\n    \"35\": 0,\n    \"36\": 0.00936,\n    \"37\": 0.01872,\n    \"38\": 0,\n    \"39\": 0,\n    \"40\": 0,\n    \"41\": 0,\n    \"42\": 0,\n    \"43\": 0,\n    \"44\": 0,\n    \"45\": 0,\n    \"46\": 0.02807,\n    \"47\": 0,\n    \"48\": 0,\n    \"49\": 0,\n    \"50\": 0,\n    \"51\": 0,\n    \"52\": 0,\n    \"53\": 0,\n    \"54\": 0,\n    \"55\": 0,\n    \"56\": 0,\n    \"57\": 0,\n    \"58\": 0,\n    \"60\": 0,\n    \"62\": 0,\n    \"63\": 0,\n    \"64\": 0,\n    \"65\": 0,\n    \"66\": 0,\n    \"67\": 0,\n    \"68\": 0,\n    \"69\": 0,\n    \"70\": 0,\n    \"71\": 0,\n    \"72\": 0,\n    \"73\": 0,\n    \"74\": 0,\n    \"75\": 0,\n    \"76\": 0,\n    \"77\": 0.03275,\n    \"78\": 0.03275,\n    \"9.5-9.6\": 0,\n    \"10.0-10.1\": 0,\n    \"10.5\": 0,\n    \"10.6\": 0,\n    \"11.1\": 0,\n    \"11.5\": 0,\n    \"11.6\": 0,\n    \"12.1\": 0\n  },\n  G: {\n    \"8\": 0.00385,\n    \"3.2\": 0,\n    \"4.0-4.1\": 0,\n    \"4.2-4.3\": 0,\n    \"5.0-5.1\": 0.04616,\n    \"6.0-6.1\": 0.02308,\n    \"7.0-7.1\": 0.21924,\n    \"8.1-8.4\": 0.08077,\n    \"9.0-9.2\": 0.03077,\n    \"9.3\": 0.40386,\n    \"10.0-10.2\": 0.06154,\n    \"10.3\": 0.46156,\n    \"11.0-11.2\": 0.15385,\n    \"11.3-11.4\": 0.16155,\n    \"12.0-12.1\": 0.34232,\n    \"12.2-12.4\": 0.66157,\n    \"13.0-13.1\": 0.29617,\n    \"13.2\": 0.12693,\n    \"13.3\": 0.58464,\n    \"13.4-13.7\": 1.35391,\n    \"14.0-14.4\": 7.97728,\n    \"14.5-14.7\": 24.29724\n  },\n  E: {\n    \"4\": 0,\n    \"5\": 0,\n    \"6\": 0,\n    \"7\": 0,\n    \"8\": 0,\n    \"9\": 0,\n    \"10\": 0,\n    \"11\": 0.00468,\n    \"12\": 0.00468,\n    \"13\": 0.08422,\n    \"14\": 0.3556,\n    \"15\": 0.00468,\n    _: \"0\",\n    \"3.1\": 0,\n    \"3.2\": 0,\n    \"5.1\": 0,\n    \"6.1\": 0,\n    \"7.1\": 0,\n    \"9.1\": 0.00468,\n    \"10.1\": 0.00936,\n    \"11.1\": 0.01872,\n    \"12.1\": 0.03743,\n    \"13.1\": 0.19184,\n    \"14.1\": 1.77802\n  },\n  B: {\n    \"12\": 0,\n    \"13\": 0,\n    \"14\": 0.00468,\n    \"15\": 0,\n    \"16\": 0.00468,\n    \"17\": 0.00468,\n    \"18\": 0.01404,\n    \"79\": 0,\n    \"80\": 0,\n    \"81\": 0,\n    \"83\": 0,\n    \"84\": 0.00468,\n    \"85\": 0,\n    \"86\": 0,\n    \"87\": 0,\n    \"88\": 0,\n    \"89\": 0.00468,\n    \"90\": 0.00468,\n    \"91\": 0.0234,\n    \"92\": 1.30076,\n    \"93\": 0\n  },\n  P: {\n    \"4\": 0.54322,\n    \"5.0-5.4\": 0,\n    \"6.2-6.4\": 0,\n    \"7.2-7.4\": 0.02173,\n    \"8.2\": 0.01086,\n    \"9.2\": 0.08691,\n    \"10.1\": 0.04346,\n    \"11.1-11.2\": 0.1521,\n    \"12.0\": 0.11951,\n    \"13.0\": 0.29334,\n    \"14.0\": 2.28152\n  },\n  I: {\n    \"0\": 0,\n    \"3\": 0,\n    \"4\": 0.00175,\n    \"2.1\": 0,\n    \"2.2\": 0,\n    \"2.3\": 0,\n    \"4.1\": 0.0035,\n    \"4.2-4.3\": 0.01401,\n    \"4.4\": 0,\n    \"4.4.3-4.4.4\": 0.10156\n  },\n  K: {\n    _: \"0 10 11 12 11.1 11.5 12.1\"\n  },\n  A: {\n    \"6\": 0,\n    \"7\": 0,\n    \"8\": 0,\n    \"9\": 0,\n    \"10\": 0,\n    \"11\": 0.16844,\n    \"5.5\": 0\n  },\n  J: {\n    \"7\": 0,\n    \"10\": 0\n  },\n  N: {\n    \"10\": 0,\n    \"11\": 0\n  },\n  R: {\n    _: \"0\"\n  },\n  M: {\n    \"0\": 0.09046\n  },\n  Q: {\n    \"10.4\": 0.01064\n  },\n  O: {\n    \"0\": 0.09578\n  },\n  H: {\n    \"0\": 0.34759\n  },\n  L: {\n    \"0\": 36.3603\n  },\n  S: {\n    \"2.5\": 0\n  }\n};","map":{"version":3,"sources":["C:/xampp/public_html/vamo/interface2/node_modules/caniuse-lite/data/regions/TW.js"],"names":["module","exports","C","D","F","G","E","_","B","P","I","K","A","J","N","R","M","Q","O","H","L","S"],