{"ast":null,"code":"module.exports = {\n  C: {\n    \"2\": 0,\n    \"3\": 0,\n    \"4\": 0,\n    \"5\": 0,\n    \"6\": 0,\n    \"7\": 0,\n    \"8\": 0,\n    \"9\": 0,\n    \"10\": 0,\n    \"11\": 0,\n    \"12\": 0,\n    \"13\": 0,\n    \"14\": 0,\n    \"15\": 0,\n    \"16\": 0,\n    \"17\": 0,\n    \"18\": 0,\n    \"19\": 0,\n    \"20\": 0,\n    \"21\": 0,\n    \"22\": 0,\n    \"23\": 0,\n    \"24\": 0,\n    \"25\": 0,\n    \"26\": 0,\n    \"27\": 0,\n    \"28\": 0,\n    \"29\": 0,\n    \"30\": 0,\n    \"31\": 0,\n    \"32\": 0,\n    \"33\": 0,\n    \"34\": 0,\n    \"35\": 0.00782,\n    \"36\": 0.00782,\n    \"37\": 0,\n    \"38\": 0,\n    \"39\": 0,\n    \"40\": 0,\n    \"41\": 0,\n    \"42\": 0,\n    \"43\": 0,\n    \"44\": 0,\n    \"45\": 0.00391,\n    \"46\": 0.00391,\n    \"47\": 0.00391,\n    \"48\": 0.00391,\n    \"49\": 0.00391,\n    \"50\": 0.00391,\n    \"51\": 0.00391,\n    \"52\": 0.02738,\n    \"53\": 0.00391,\n    \"54\": 0.00391,\n    \"55\": 0.00391,\n    \"56\": 0.00391,\n    \"57\": 0,\n    \"58\": 0,\n    \"59\": 0,\n    \"60\": 0,\n    \"61\": 0,\n    \"62\": 0,\n    \"63\": 0,\n    \"64\": 0,\n    \"65\": 0,\n    \"66\": 0.04303,\n    \"67\": 0,\n    \"68\": 0.00391,\n    \"69\": 0,\n    \"70\": 0,\n    \"71\": 0,\n    \"72\": 0,\n    \"73\": 0.01956,\n    \"74\": 0,\n    \"75\": 0,\n    \"76\": 0,\n    \"77\": 0.00391,\n    \"78\": 0.01565,\n    \"79\": 0,\n    \"80\": 0,\n    \"81\": 0,\n    \"82\": 0,\n    \"83\": 0,\n    \"84\": 0,\n    \"85\": 0.00391,\n    \"86\": 0.00391,\n    \"87\": 0.00391,\n    \"88\": 0.00782,\n    \"89\": 0.01174,\n    \"90\": 0.34817,\n    \"91\": 0.4225,\n    \"92\": 0.00782,\n    \"93\": 0,\n    \"3.5\": 0,\n    \"3.6\": 0\n  },\n  D: {\n    \"4\": 0,\n    \"5\": 0,\n    \"6\": 0,\n    \"7\": 0,\n    \"8\": 0,\n    \"9\": 0,\n    \"10\": 0,\n    \"11\": 0,\n    \"12\": 0,\n    \"13\": 0,\n    \"14\": 0,\n    \"15\": 0,\n    \"16\": 0,\n    \"17\": 0,\n    \"18\": 0,\n    \"19\": 0,\n    \"20\": 0,\n    \"21\": 0,\n    \"22\": 0,\n    \"23\": 0,\n    \"24\": 0,\n    \"25\": 0.00391,\n    \"26\": 0,\n    \"27\": 0,\n    \"28\": 0,\n    \"29\": 0,\n    \"30\": 0,\n    \"31\": 0,\n    \"32\": 0,\n    \"33\": 0,\n    \"34\": 0,\n    \"35\": 0,\n    \"36\": 0,\n    \"37\": 0.00782,\n    \"38\": 0,\n    \"39\": 0,\n    \"40\": 0,\n    \"41\": 0.0313,\n    \"42\": 0,\n    \"43\": 0,\n    \"44\": 0,\n    \"45\": 0,\n    \"46\": 0,\n    \"47\": 0,\n    \"48\": 0,\n    \"49\": 0.04694,\n    \"50\": 0,\n    \"51\": 0,\n    \"52\": 0,\n    \"53\": 0,\n    \"54\": 0.01174,\n    \"55\": 0,\n    \"56\": 0,\n    \"57\": 0,\n    \"58\": 0.00782,\n    \"59\": 0.00391,\n    \"60\": 0,\n    \"61\": 0,\n    \"62\": 0,\n    \"63\": 0.00391,\n    \"64\": 0,\n    \"65\": 0.00391,\n    \"66\": 0,\n    \"67\": 0.00391,\n    \"68\": 0.00782,\n    \"69\": 0,\n    \"70\": 0,\n    \"71\": 0,\n    \"72\": 0.00391,\n    \"73\": 0,\n    \"74\": 0.03912,\n    \"75\": 0.00391,\n    \"76\": 0.01174,\n    \"77\": 0.00391,\n    \"78\": 0.00391,\n    \"79\": 0.01565,\n    \"80\": 0.00782,\n    \"81\": 0.01565,\n    \"83\": 0.28949,\n    \"84\": 0.01174,\n    \"85\": 0.00782,\n    \"86\": 0.01565,\n    \"87\": 0.22298,\n    \"88\": 0.01956,\n    \"89\": 0.03521,\n    \"90\": 0.0665,\n    \"91\": 0.4225,\n    \"92\": 7.4015,\n    \"93\": 0.00782,\n    \"94\": 0.00391,\n    \"95\": 0,\n    \"96\": 0\n  },\n  F: {\n    \"9\": 0,\n    \"11\": 0,\n    \"12\": 0,\n    \"15\": 0,\n    \"16\": 0,\n    \"17\": 0,\n    \"18\": 0,\n    \"19\": 0,\n    \"20\": 0,\n    \"21\": 0,\n    \"22\": 0,\n    \"23\": 0,\n    \"24\": 0,\n    \"25\": 0,\n    \"26\": 0,\n    \"27\": 0,\n    \"28\": 0,\n    \"29\": 0,\n    \"30\": 0,\n    \"31\": 0,\n    \"32\": 0,\n    \"33\": 0,\n    \"34\": 0,\n    \"35\": 0,\n    \"36\": 0,\n    \"37\": 0,\n    \"38\": 0,\n    \"39\": 0,\n    \"40\": 0,\n    \"41\": 0,\n    \"42\": 0,\n    \"43\": 0,\n    \"44\": 0,\n    \"45\": 0,\n    \"46\": 0,\n    \"47\": 0,\n    \"48\": 0,\n    \"49\": 0,\n    \"50\": 0,\n    \"51\": 0,\n    \"52\": 0,\n    \"53\": 0,\n    \"54\": 0,\n    \"55\": 0,\n    \"56\": 0,\n    \"57\": 0,\n    \"58\": 0.00391,\n    \"60\": 0,\n    \"62\": 0,\n    \"63\": 0,\n    \"64\": 0,\n    \"65\": 0,\n    \"66\": 0,\n    \"67\": 0,\n    \"68\": 0,\n    \"69\": 0,\n    \"70\": 0,\n    \"71\": 0,\n    \"72\": 0,\n    \"73\": 0,\n    \"74\": 0.00782,\n    \"75\": 0,\n    \"76\": 0,\n    \"77\": 0.13301,\n    \"78\": 0.11345,\n    \"9.5-9.6\": 0,\n    \"10.0-10.1\": 0,\n    \"10.5\": 0,\n    \"10.6\": 0,\n    \"11.1\": 0,\n    \"11.5\": 0,\n    \"11.6\": 0,\n    \"12.1\": 0\n  },\n  G: {\n    \"8\": 0,\n    \"3.2\": 0,\n    \"4.0-4.1\": 0,\n    \"4.2-4.3\": 0,\n    \"5.0-5.1\": 0,\n    \"6.0-6.1\": 0,\n    \"7.0-7.1\": 0,\n    \"8.1-8.4\": 0,\n    \"9.0-9.2\": 0.00358,\n    \"9.3\": 0.12889,\n    \"10.0-10.2\": 0.02864,\n    \"10.3\": 0.11099,\n    \"11.0-11.2\": 0.10741,\n    \"11.3-11.4\": 0.07518,\n    \"12.0-12.1\": 0.05728,\n    \"12.2-12.4\": 0.20765,\n    \"13.0-13.1\": 0.12531,\n    \"13.2\": 0.06802,\n    \"13.3\": 0.31864,\n    \"13.4-13.7\": 0.86999,\n    \"14.0-14.4\": 4.33921,\n    \"14.5-14.7\": 28.82067\n  },\n  E: {\n    \"4\": 0,\n    \"5\": 0,\n    \"6\": 0,\n    \"7\": 0,\n    \"8\": 0,\n    \"9\": 0,\n    \"10\": 0,\n    \"11\": 0.00391,\n    \"12\": 0.00782,\n    \"13\": 0.03521,\n    \"14\": 0.34426,\n    \"15\": 0.01565,\n    _: \"0\",\n    \"3.1\": 0,\n    \"3.2\": 0,\n    \"5.1\": 0,\n    \"6.1\": 0,\n    \"7.1\": 0,\n    \"9.1\": 0,\n    \"10.1\": 0.01174,\n    \"11.1\": 0.0313,\n    \"12.1\": 0.02738,\n    \"13.1\": 0.13692,\n    \"14.1\": 1.40832\n  },\n  B: {\n    \"12\": 0.00391,\n    \"13\": 0,\n    \"14\": 0,\n    \"15\": 0.00391,\n    \"16\": 0.00391,\n    \"17\": 0.01174,\n    \"18\": 0.04303,\n    \"79\": 0,\n    \"80\": 0.00391,\n    \"81\": 0,\n    \"83\": 0,\n    \"84\": 0.00391,\n    \"85\": 0.00391,\n    \"86\": 0.00391,\n    \"87\": 0.00391,\n    \"88\": 0.00391,\n    \"89\": 0.01174,\n    \"90\": 0.01565,\n    \"91\": 0.06259,\n    \"92\": 2.13204,\n    \"93\": 0\n  },\n  P: {\n    \"4\": 0.10323,\n    \"5.0-5.4\": 0,\n    \"6.2-6.4\": 0,\n    \"7.2-7.4\": 0.07226,\n    \"8.2\": 0,\n    \"9.2\": 0.10323,\n    \"10.1\": 0.01032,\n    \"11.1-11.2\": 0.18582,\n    \"12.0\": 0.06194,\n    \"13.0\": 0.34066,\n    \"14.0\": 3.22082\n  },\n  I: {\n    \"0\": 0,\n    \"3\": 0,\n    \"4\": 0.01848,\n    \"2.1\": 0,\n    \"2.2\": 0,\n    \"2.3\": 0,\n    \"4.1\": 0,\n    \"4.2-4.3\": 0.01848,\n    \"4.4\": 0,\n    \"4.4.3-4.4.4\": 0.24949\n  },\n  K: {\n    _: \"0 10 11 12 11.1 11.5 12.1\"\n  },\n  A: {\n    \"6\": 0,\n    \"7\": 0,\n    \"8\": 0,\n    \"9\": 0,\n    \"10\": 0,\n    \"11\": 0.12518,\n    \"5.5\": 0\n  },\n  J: {\n    \"7\": 0,\n    \"10\": 0\n  },\n  N: {\n    \"10\": 0,\n    \"11\": 0\n  },\n  R: {\n    _: \"0\"\n  },\n  M: {\n    \"0\": 0.32266\n  },\n  Q: {\n    \"10.4\": 0\n  },\n  O: {\n    \"0\": 0.0487\n  },\n  H: {\n    \"0\": 0.26513\n  },\n  L: {\n    \"0\": 42.86385\n  },\n  S: {\n    \"2.5\": 0\n  }\n};","map":{"version":3,"sources":["C:/xampp/public_html/vamo/interface2/node_modules/caniuse-lite/data/regions/PR.js"],"names":["module","exports","C","D","F","G","E","_","B","P","I","K","A","J","N","R","M","Q","O","H","L","S"],