{"ast":null,"code":"module.exports = {\n  C: {\n    \"60\": 0.42089,\n    \"78\": 0.77269,\n    \"88\": 0.49,\n    \"90\": 8.0284,\n    \"91\": 5.70406,\n    _: \"2 3 4 5 6 7 8 9 10 11 12 13 14 15 16 17 18 19 20 21 22 23 24 25 26 27 28 29 30 31 32 33 34 35 36 37 38 39 40 41 42 43 44 45 46 47 48 49 50 51 52 53 54 55 56 57 58 59 61 62 63 64 65 66 67 68 69 70 71 72 73 74 75 76 77 79 80 81 82 83 84 85 86 87 89 92 93 3.5 3.6\"\n  },\n  D: {\n    \"65\": 0.0691,\n    \"87\": 0.91717,\n    \"88\": 0.28269,\n    \"91\": 0.63448,\n    \"92\": 13.44976,\n    _: \"4 5 6 7 8 9 10 11 12 13 14 15 16 17 18 19 20 21 22 23 24 25 26 27 28 29 30 31 32 33 34 35 36 37 38 39 40 41 42 43 44 45 46 47 48 49 50 51 52 53 54 55 56 57 58 59 60 61 62 63 64 66 67 68 69 70 71 72 73 74 75 76 77 78 79 80 81 83 84 85 86 89 90 93 94 95 96\"\n  },\n  F: {\n    \"77\": 0.35179,\n    \"78\": 19.43651,\n    _: \"9 11 12 15 16 17 18 19 20 21 22 23 24 25 26 27 28 29 30 31 32 33 34 35 36 37 38 39 40 41 42 43 44 45 46 47 48 49 50 51 52 53 54 55 56 57 58 60 62 63 64 65 66 67 68 69 70 71 72 73 74 75 76 9.5-9.6 10.5 10.6 11.1 11.5 11.6 12.1\",\n    \"10.0-10.1\": 0\n  },\n  G: {\n    \"8\": 0,\n    \"3.2\": 0,\n    \"4.0-4.1\": 0,\n    \"4.2-4.3\": 0,\n    \"5.0-5.1\": 0,\n    \"6.0-6.1\": 0,\n    \"7.0-7.1\": 0,\n    \"8.1-8.4\": 0,\n    \"9.0-9.2\": 0,\n    \"9.3\": 0.57755,\n    \"10.0-10.2\": 0,\n    \"10.3\": 0,\n    \"11.0-11.2\": 0,\n    \"11.3-11.4\": 0,\n    \"12.0-12.1\": 0,\n    \"12.2-12.4\": 0,\n    \"13.0-13.1\": 0,\n    \"13.2\": 0,\n    \"13.3\": 0.07204,\n    \"13.4-13.7\": 0.14408,\n    \"14.0-14.4\": 1.58918,\n    \"14.5-14.7\": 2.74428\n  },\n  E: {\n    \"4\": 0,\n    \"13\": 0.0691,\n    \"14\": 0.98627,\n    _: \"0 5 6 7 8 9 10 11 12 15 3.1 3.2 5.1 6.1 7.1 9.1 10.1 11.1\",\n    \"12.1\": 0.42089,\n    \"13.1\": 0.1382,\n    \"14.1\": 8.38019\n  },\n  B: {\n    \"86\": 0.0691,\n    \"92\": 0.70358,\n    _: \"12 13 14 15 16 17 18 79 80 81 83 84 85 87 88 89 90 91 93\"\n  },\n  P: {\n    \"4\": 0.19895,\n    \"5.0-5.4\": 0.01047,\n    \"6.2-6.4\": 0.21226,\n    \"7.2-7.4\": 0.04188,\n    \"8.2\": 0.04043,\n    \"9.2\": 0.02165,\n    \"10.1\": 0.06064,\n    \"11.1-11.2\": 0.37653,\n    \"12.0\": 0.0433,\n    \"13.0\": 0.05236,\n    \"14.0\": 4.60201\n  },\n  I: {\n    \"0\": 0,\n    \"3\": 0,\n    \"4\": 0,\n    \"2.1\": 0,\n    \"2.2\": 0,\n    \"2.3\": 0,\n    \"4.1\": 0,\n    \"4.2-4.3\": 0,\n    \"4.4\": 0,\n    \"4.4.3-4.4.4\": 0\n  },\n  K: {\n    _: \"0 10 11 12 11.1 11.5 12.1\"\n  },\n  A: {\n    _: \"6 7 8 9 10 11 5.5\"\n  },\n  J: {\n    \"7\": 0,\n    \"10\": 0\n  },\n  N: {\n    \"11\": 0.01983,\n    _: \"10\"\n  },\n  R: {\n    _: \"0\"\n  },\n  M: {\n    \"0\": 0.07436\n  },\n  Q: {\n    \"10.4\": 0\n  },\n  O: {\n    \"0\": 0.2268\n  },\n  H: {\n    \"0\": 0\n  },\n  L: {\n    \"0\": 27.65779\n  },\n  S: {\n    \"2.5\": 0\n  }\n};","map":{"version":3,"sources":["C:/xampp/public_html/vamo/interface2/node_modules/caniuse-lite/data/regions/WF.js"],"names":["module","exports","C","_","D","F","G","E","B","P","I","K","A","J","N","R","M","Q","O","H","L","S"],"mappings":"AAAAA,MAAM,CAACC,OAAP,GAAe;AAACC,EAAAA,CAAC,EAAC;AAAC,UAAK,OAAN;AAAc,UAAK,OAAnB;AAA2B,UAAK,IAAhC;AAAqC,UAAK,MAA1C;AAAiD,UAAK,OAAtD;AAA8DC,IAAAA,CAAC,EAAC;AAAhE,GAAH;AAA2UC,EAAAA,CAAC,EAAC;AAAC,UAAK,MAAN;AAAa,UAAK,OAAlB;AAA0B,UAAK,OAA/B;AAAuC,UAAK,OAA5C;AAAoD,UAAK,QAAzD;AAAkED,IAAAA,CAAC,EAAC;AAApE,GAA7U;AAAmpBE,EAAAA,CAAC,EAAC;AAAC,UAAK,OAAN;AAAc,UAAK,QAAnB;AAA4BF,IAAAA,CAAC,EAAC,mOAA9B;AAAkQ,iBAAY;AAA9Q,GAArpB;AAAs6BG,EAAAA,CAAC,EAAC;AAAC,SAAI,CAAL;AAAO,WAAM,CAAb;AAAe,eAAU,CAAzB;AAA2B,eAAU,CAArC;AAAuC,eAAU,CAAjD;AAAmD,eAAU,CAA7D;AAA+D,eAAU,CAAzE;AAA2E,eAAU,CAArF;AAAuF,eAAU,CAAjG;AAAmG,WAAM,OAAzG;AAAiH,iBAAY,CAA7H;AAA+H,YAAO,CAAtI;AAAwI,iBAAY,CAApJ;AAAsJ,iBAAY,CAAlK;AAAoK,iBAAY,CAAhL;AAAkL,iBAAY,CAA9L;AAAgM,iBAAY,CAA5M;AAA8M,YAAO,CAArN;AAAuN,YAAO,OAA9N;AAAsO,iBAAY,OAAlP;AAA0P,iBAAY,OAAtQ;AAA8Q,iBAAY;AAA1R,GAAx6B;AAA2sCC,EAAAA,CAAC,EAAC;AAAC,SAAI,CAAL;AAAO,UAAK,MAAZ;AAAmB,UAAK,OAAxB;AAAgCJ,IAAAA,CAAC,EAAC,2DAAlC;AAA8F,YAAO,OAArG;AAA6G,YAAO,MAApH;AAA2H,YAAO;AAAlI,GAA7sC;AAAw1CK,EAAAA,CAAC,EAAC;AAAC,UAAK,MAAN;AAAa,UAAK,OAAlB;AAA0BL,IAAAA,CAAC,EAAC;AAA5B,GAA11C;AAAk7CM,EAAAA,CAAC,EAAC;AAAC,SAAI,OAAL;AAAa,eAAU,OAAvB;AAA+B,eAAU,OAAzC;AAAiD,eAAU,OAA3D;AAAmE,WAAM,OAAzE;AAAiF,WAAM,OAAvF;AAA+F,YAAO,OAAtG;AAA8G,iBAAY,OAA1H;AAAkI,YAAO,MAAzI;AAAgJ,YAAO,OAAvJ;AAA+J,YAAO;AAAtK,GAAp7C;AAAmmDC,EAAAA,CAAC,EAAC;AAAC,SAAI,CAAL;AAAO,SAAI,CAAX;AAAa,SAAI,CAAjB;AAAmB,WAAM,CAAzB;AAA2B,WAAM,CAAjC;AAAmC,WAAM,CAAzC;AAA2C,WAAM,CAAjD;AAAmD,eAAU,CAA7D;AAA+D,WAAM,CAArE;AAAuE,mBAAc;AAArF,GAArmD;AAA6rDC,EAAAA,CAAC,EAAC;AAACR,IAAAA,CAAC,EAAC;AAAH,GAA/rD;AAA+tDS,EAAAA,CAAC,EAAC;AAACT,IAAAA,CAAC,EAAC;AAAH,GAAjuD;AAAyvDU,EAAAA,CAAC,EAAC;AAAC,SAAI,CAAL;AAAO,UAAK;AAAZ,GAA3vD;AAA0wDC,EAAAA,CAAC,EAAC;AAAC,UAAK,OAAN;AAAcX,IAAAA,CAAC,EAAC;AAAhB,GAA5wD;AAAkyDY,EAAAA,CAAC,EAAC;AAACZ,IAAAA,CAAC,EAAC;AAAH,GAApyD;AAA4yDa,EAAAA,CAAC,EAAC;AAAC,SAAI;AAAL,GAA9yD;AAA4zDC,EAAAA,CAAC,EAAC;AAAC,YAAO;AAAR,GAA9zD;AAAy0DC,EAAAA,CAAC,EAAC;AAAC,SAAI;AAAL,GAA30D;AAAw1DC,EAAAA,CAAC,EAAC;AAAC,SAAI;AAAL,GAA11D;AAAk2DC,EAAAA,CAAC,EAAC;AAAC,SAAI;AAAL,GAAp2D;AAAm3DC,EAAAA,CAAC,EAAC;AAAC,WAAM;AAAP;AAAr3D,CAAf","sourcesContent":["module.exports={C:{\"60\":0.42089,\"78\":0.77269,\"88\":0.49,\"90\":8.0284,\"91\":5.70406,_:\"2 3 4 5 6 7 8 9 10 11 12 13 14 15 16 17 18 19 20 21 22 23 24 25 26 27 28 29 30 31 32 33 34 35 36 37 38 39 40 41 42 43 44 45 46 47 48 49 50 51 52 53 54 55 56 57 58 59 61 62 63 64 65 66 67 68 69 70 71 72 73 74 75 76 77 79 80 81 82 83 84 85 86 87 89 92 93 3.5 3.6\"},D:{\"65\":0.0691,\"87\":0.91717,\"88\":0.28269,\"91\":0.63448,\"92\":13.44976,_:\"4 5 6 7 8 9 10 11 12 13 14 15 16 17 18 19 20 21 22 23 24 25 26 27 28 29 30 31 32 33 34 35 36 37 38 39 40 41 42 43 44 45 46 47 48 49 50 51 52 53 54 55 56 57 58 59 60 61 62 63 64 66 67 68 69 70 71 72 73 74 75 76 77 78 79 80 81 83 84 85 86 89 90 93 94 95 96\"},F:{\"77\":0.35179,\"78\":19.43651,_:\"9 11 12 15 16 17 18 19 20 21 22 23 24 25 26 27 28 29 30 31 32 33 34 35 36 37 38 39 40 41 42 43 44 45 46 47 48 49 50 51 52 53 54 55 56 57 58 60 62 63 64 65 66 67 68 69 70 71 72 73 74 75 76 9.5-9.6 10.5 10.6 11.1 11.5 11.6 12.1\",\"10.0-10.1\":0},G:{\"8\":0,\"3.2\":0,\"4.0-4.1\":0,\"4.2-4.3\":0,\"5.0-5.1\":0,\"6.0-6.1\":0,\"7.0-7.1\":0,\"8.1-8.4\":0,\"9.0-9.2\":0,\"9.3\":0.57755,\"10.0-10.2\":0,\"10.3\":0,\"11.0-11.2\":0,\"11.3-11.4\":0,\"12.0-12.1\":0,\"12.2-12.4\":0,\"13.0-13.1\":0,\"13.2\":0,\"13.3\":0.07204,\"13.4-13.7\":0.14408,\"14.0-14.4\":1.58918,\"14.5-14.7\":2.74428},E:{\"4\":0,\"13\":0.0691,\"14\":0.98627,_:\"0 5 6 7 8 9 10 11 12 15 3.1 3.2 5.1 6.1 7.1 9.1 10.1 11.1\",\"12.1\":0.42089,\"13.1\":0.1382,\"14.1\":8.38019},B:{\"86\":0.0691,\"92\":0.70358,_:\"12 13 14 15 16 17 18 79 80 81 83 84 85 87 88 89 90 91 93\"},P:{\"4\":0.19895,\"5.0-5.4\":0.01047,\"6.2-6.4\":0.21226,\"7.2-7.4\":0.04188,\"8.2\":0.04043,\"9.2\":0.02165,\"10.1\":0.06064,\"11.1-11.2\":0.37653,\"12.0\":0.0433,\"13.0\":0.05236,\"14.0\":4.60201},I:{\"0\":0,\"3\":0,\"4\":0,\"2.1\":0,\"2.2\":0,\"2.3\":0,\"4.1\":0,\"4.2-4.3\":0,\"4.4\":0,\"4.4.3-4.4.4\":0},K:{_:\"0 10 11 12 11.1 11.5 12.1\"},A:{_:\"6 7 8 9 10 11 5.5\"},J:{\"7\":0,\"10\":0},N:{\"11\":0.01983,_:\"10\"},R:{_:\"0\"},M:{\"0\":0.07436},Q:{\"10.4\":0},O:{\"0\":0.2268},H:{\"0\":0},L:{\"0\":27.65779},S:{\"2.5\":0}};\n"]},"metadata":{},"sourceType":"script"}