{"ast":null,"code":"module.exports = {\n  C: {\n    \"2\": 0.10571,\n    \"15\": 0.10571,\n    \"18\": 0.10571,\n    \"21\": 0.10285,\n    \"23\": 0.10285,\n    \"25\": 0.2057,\n    \"30\": 0.10571,\n    \"34\": 0.00286,\n    \"43\": 0.00857,\n    \"47\": 0.00857,\n    \"48\": 0.00571,\n    \"51\": 0.10571,\n    \"52\": 0.06,\n    \"56\": 0.00286,\n    \"60\": 0.00571,\n    \"65\": 0.00286,\n    \"68\": 0.00286,\n    \"72\": 0.00857,\n    \"78\": 0.04286,\n    \"80\": 0.01429,\n    \"81\": 0.00286,\n    \"82\": 0.00286,\n    \"83\": 0.00286,\n    \"84\": 0.02,\n    \"85\": 0.00571,\n    \"86\": 0.00571,\n    \"87\": 0.00857,\n    \"88\": 0.02571,\n    \"89\": 0.07714,\n    \"90\": 1.55135,\n    \"91\": 2.76843,\n    \"92\": 0.03143,\n    _: \"3 4 5 6 7 8 9 10 11 12 13 14 16 17 19 20 22 24 26 27 28 29 31 32 33 35 36 37 38 39 40 41 42 44 45 46 49 50 53 54 55 57 58 59 61 62 63 64 66 67 69 70 71 73 74 75 76 77 79 93 3.5 3.6\"\n  },\n  D: {\n    \"11\": 0.00286,\n    \"19\": 0.10571,\n    \"24\": 0.31141,\n    \"26\": 0.00286,\n    \"30\": 0.10285,\n    \"33\": 0.11142,\n    \"35\": 0.21142,\n    \"38\": 0.00571,\n    \"39\": 0.00286,\n    \"40\": 0.00857,\n    \"43\": 0.04571,\n    \"47\": 0.00571,\n    \"49\": 0.09428,\n    \"50\": 0.00571,\n    \"53\": 0.00571,\n    \"54\": 0.10571,\n    \"55\": 0.10857,\n    \"56\": 0.52283,\n    \"57\": 0.00571,\n    \"58\": 0.01143,\n    \"60\": 0.00286,\n    \"61\": 0.01429,\n    \"62\": 0.00286,\n    \"63\": 0.01714,\n    \"64\": 0.00857,\n    \"65\": 0.00857,\n    \"66\": 0.00857,\n    \"67\": 0.00857,\n    \"68\": 0.00857,\n    \"69\": 0.01143,\n    \"70\": 0.01714,\n    \"71\": 0.00857,\n    \"72\": 0.01429,\n    \"73\": 0.00571,\n    \"74\": 0.01429,\n    \"75\": 0.01143,\n    \"76\": 0.01429,\n    \"77\": 0.01143,\n    \"78\": 0.01143,\n    \"79\": 0.05714,\n    \"80\": 0.02857,\n    \"81\": 0.03714,\n    \"83\": 0.02857,\n    \"84\": 0.02286,\n    \"85\": 0.02286,\n    \"86\": 0.05714,\n    \"87\": 0.22856,\n    \"88\": 0.05143,\n    \"89\": 0.06,\n    \"90\": 0.10571,\n    \"91\": 0.56569,\n    \"92\": 11.78513,\n    \"93\": 0.01714,\n    \"94\": 0.01143,\n    \"95\": 0.00286,\n    _: \"4 5 6 7 8 9 10 12 13 14 15 16 17 18 20 21 22 23 25 27 28 29 31 32 34 36 37 41 42 44 45 46 48 51 52 59 96\"\n  },\n  F: {\n    \"28\": 0.00286,\n    \"36\": 0.00571,\n    \"43\": 0.10285,\n    \"64\": 0.00857,\n    \"65\": 0.00286,\n    \"70\": 0.00286,\n    \"71\": 0.00571,\n    \"72\": 0.00857,\n    \"73\": 0.00857,\n    \"74\": 0.00571,\n    \"75\": 0.00571,\n    \"76\": 0.00857,\n    \"77\": 0.38855,\n    \"78\": 0.29427,\n    _: \"9 11 12 15 16 17 18 19 20 21 22 23 24 25 26 27 29 30 31 32 33 34 35 37 38 39 40 41 42 44 45 46 47 48 49 50 51 52 53 54 55 56 57 58 60 62 63 66 67 68 69 9.5-9.6 10.5 10.6 11.1 11.5 11.6 12.1\",\n    \"10.0-10.1\": 0.10285\n  },\n  G: {\n    \"8\": 0,\n    \"3.2\": 0,\n    \"4.0-4.1\": 0,\n    \"4.2-4.3\": 0.00112,\n    \"5.0-5.1\": 0.00561,\n    \"6.0-6.1\": 2.16085,\n    \"7.0-7.1\": 0.02693,\n    \"8.1-8.4\": 0.00561,\n    \"9.0-9.2\": 0.00785,\n    \"9.3\": 0.11668,\n    \"10.0-10.2\": 0.3119,\n    \"10.3\": 0.15595,\n    \"11.0-11.2\": 0.10995,\n    \"11.3-11.4\": 0.06619,\n    \"12.0-12.1\": 0.06171,\n    \"12.2-12.4\": 0.28161,\n    \"13.0-13.1\": 0.05049,\n    \"13.2\": 0.02356,\n    \"13.3\": 0.13575,\n    \"13.4-13.7\": 0.41287,\n    \"14.0-14.4\": 1.9791,\n    \"14.5-14.7\": 4.1579\n  },\n  E: {\n    \"4\": 0,\n    \"5\": 0.10571,\n    \"12\": 0.00286,\n    \"13\": 0.04,\n    \"14\": 0.11999,\n    \"15\": 0.00571,\n    _: \"0 6 7 8 9 10 11 3.1 3.2 6.1 7.1 9.1\",\n    \"5.1\": 0.01714,\n    \"10.1\": 0.00571,\n    \"11.1\": 0.01143,\n    \"12.1\": 0.02571,\n    \"13.1\": 0.07714,\n    \"14.1\": 0.41141\n  },\n  B: {\n    \"12\": 0.01429,\n    \"13\": 0.00857,\n    \"14\": 0.00571,\n    \"15\": 0.00857,\n    \"16\": 0.01143,\n    \"17\": 0.01429,\n    \"18\": 0.06285,\n    \"84\": 0.01143,\n    \"85\": 0.00571,\n    \"86\": 0.00286,\n    \"87\": 0.00286,\n    \"88\": 0.00571,\n    \"89\": 0.02,\n    \"90\": 0.01143,\n    \"91\": 0.06,\n    \"92\": 1.45136,\n    _: \"79 80 81 83 93\"\n  },\n  P: {\n    \"4\": 0.29577,\n    \"5.0-5.4\": 0,\n    \"6.2-6.4\": 0.0102,\n    \"7.2-7.4\": 0.27537,\n    \"8.2\": 0.01028,\n    \"9.2\": 0.07139,\n    \"10.1\": 0.0408,\n    \"11.1-11.2\": 0.21418,\n    \"12.0\": 0.11219,\n    \"13.0\": 0.27537,\n    \"14.0\": 2.46814\n  },\n  I: {\n    \"0\": 0,\n    \"3\": 0,\n    \"4\": 0.00167,\n    \"2.1\": 0,\n    \"2.2\": 0,\n    \"2.3\": 0,\n    \"4.1\": 0.00751,\n    \"4.2-4.3\": 0.08097,\n    \"4.4\": 0,\n    \"4.4.3-4.4.4\": 0.34557\n  },\n  K: {\n    _: \"0 10 11 12 11.1 11.5 12.1\"\n  },\n  A: {\n    \"8\": 0.11701,\n    \"9\": 0.22786,\n    \"10\": 0.22786,\n    \"11\": 0.25865,\n    _: \"6 7 5.5\"\n  },\n  J: {\n    \"7\": 0,\n    \"10\": 0.00714\n  },\n  N: {\n    \"10\": 0,\n    \"11\": 0\n  },\n  R: {\n    _: \"0\"\n  },\n  M: {\n    \"0\": 0.23572\n  },\n  Q: {\n    \"10.4\": 0.01429\n  },\n  O: {\n    \"0\": 0.72144\n  },\n  H: {\n    \"0\": 8.72366\n  },\n  L: {\n    \"0\": 49.52651\n  },\n  S: {\n    \"2.5\": 0.02857\n  }\n};","map":{"version":3,"sources":["C:/xampp/public_html/vamo/interface2/node_modules/caniuse-lite/data/regions/alt-af.js"],"names":["module","exports","C","_","D","F","G","E","B","P","I","K","A","J","N","R","M","Q","O","H","L","S"],