{"ast":null,"code":"module.exports = {\n  C: {\n    \"17\": 0.00284,\n    \"30\": 0.00284,\n    \"34\": 0.00569,\n    \"40\": 0.00284,\n    \"43\": 0.00853,\n    \"47\": 0.00853,\n    \"48\": 0.00284,\n    \"51\": 0.00284,\n    \"52\": 0.14784,\n    \"56\": 0.00284,\n    \"57\": 0.00284,\n    \"68\": 0.00284,\n    \"72\": 0.01137,\n    \"73\": 0.01137,\n    \"77\": 0.00569,\n    \"78\": 0.04833,\n    \"79\": 0.00569,\n    \"80\": 0.00569,\n    \"81\": 0.00284,\n    \"83\": 0.00569,\n    \"84\": 0.01137,\n    \"85\": 0.00853,\n    \"86\": 0.0199,\n    \"87\": 0.00569,\n    \"88\": 0.03696,\n    \"89\": 0.12509,\n    \"90\": 0.96378,\n    \"91\": 1.37886,\n    \"92\": 0.08529,\n    _: \"2 3 4 5 6 7 8 9 10 11 12 13 14 15 16 18 19 20 21 22 23 24 25 26 27 28 29 31 32 33 35 36 37 38 39 41 42 44 45 46 49 50 53 54 55 58 59 60 61 62 63 64 65 66 67 69 70 71 74 75 76 82 93 3.5 3.6\"\n  },\n  D: {\n    \"11\": 0.00853,\n    \"20\": 0.00569,\n    \"34\": 0.00284,\n    \"38\": 0.01137,\n    \"39\": 0.01422,\n    \"43\": 0.00284,\n    \"47\": 0.00853,\n    \"49\": 0.07108,\n    \"50\": 0.00569,\n    \"51\": 0.00284,\n    \"53\": 0.00284,\n    \"54\": 0.00284,\n    \"55\": 0.00284,\n    \"56\": 0.01137,\n    \"57\": 0.00569,\n    \"58\": 0.00569,\n    \"61\": 0.02274,\n    \"62\": 0.00569,\n    \"63\": 0.01137,\n    \"64\": 0.00569,\n    \"65\": 0.00853,\n    \"66\": 0.00569,\n    \"67\": 0.00853,\n    \"68\": 0.00569,\n    \"69\": 0.00569,\n    \"70\": 0.01137,\n    \"71\": 0.00284,\n    \"72\": 0.00853,\n    \"73\": 0.01137,\n    \"74\": 0.01422,\n    \"75\": 0.00853,\n    \"76\": 0.00853,\n    \"77\": 0.01137,\n    \"78\": 0.0199,\n    \"79\": 0.05686,\n    \"80\": 0.03127,\n    \"81\": 0.03127,\n    \"83\": 0.02559,\n    \"84\": 0.02274,\n    \"85\": 0.0199,\n    \"86\": 0.06539,\n    \"87\": 0.12509,\n    \"88\": 0.05117,\n    \"89\": 0.06255,\n    \"90\": 0.12794,\n    \"91\": 0.78183,\n    \"92\": 15.44602,\n    \"93\": 0.03412,\n    \"94\": 0.01422,\n    _: \"4 5 6 7 8 9 10 12 13 14 15 16 17 18 19 21 22 23 24 25 26 27 28 29 30 31 32 33 35 36 37 40 41 42 44 45 46 48 52 59 60 95 96\"\n  },\n  F: {\n    \"28\": 0.01137,\n    \"36\": 0.01137,\n    \"63\": 0.00569,\n    \"64\": 0.00853,\n    \"65\": 0.01706,\n    \"76\": 0.00284,\n    \"77\": 0.42645,\n    \"78\": 0.31842,\n    _: \"9 11 12 15 16 17 18 19 20 21 22 23 24 25 26 27 29 30 31 32 33 34 35 37 38 39 40 41 42 43 44 45 46 47 48 49 50 51 52 53 54 55 56 57 58 60 62 66 67 68 69 70 71 72 73 74 75 9.5-9.6 10.5 10.6 11.1 11.5 11.6 12.1\",\n    \"10.0-10.1\": 0\n  },\n  G: {\n    \"8\": 0.00024,\n    \"3.2\": 0,\n    \"4.0-4.1\": 0,\n    \"4.2-4.3\": 0.00024,\n    \"5.0-5.1\": 0.01198,\n    \"6.0-6.1\": 0.00196,\n    \"7.0-7.1\": 0.02493,\n    \"8.1-8.4\": 0.00855,\n    \"9.0-9.2\": 0.00244,\n    \"9.3\": 0.0391,\n    \"10.0-10.2\": 0.00415,\n    \"10.3\": 0.04741,\n    \"11.0-11.2\": 0.05768,\n    \"11.3-11.4\": 0.01051,\n    \"12.0-12.1\": 0.01124,\n    \"12.2-12.4\": 0.03299,\n    \"13.0-13.1\": 0.00904,\n    \"13.2\": 0.00489,\n    \"13.3\": 0.0457,\n    \"13.4-13.7\": 0.06574,\n    \"14.0-14.4\": 0.30207,\n    \"14.5-14.7\": 1.56609\n  },\n  E: {\n    \"4\": 0,\n    \"12\": 0.00284,\n    \"13\": 0.01422,\n    \"14\": 0.08813,\n    \"15\": 0.00569,\n    _: \"0 5 6 7 8 9 10 11 3.1 3.2 6.1 7.1\",\n    \"5.1\": 0.01422,\n    \"9.1\": 0.00569,\n    \"10.1\": 0.00569,\n    \"11.1\": 0.00853,\n    \"12.1\": 0.05686,\n    \"13.1\": 0.04549,\n    \"14.1\": 0.33263\n  },\n  B: {\n    \"12\": 0.01137,\n    \"13\": 0.00853,\n    \"14\": 0.00569,\n    \"15\": 0.00569,\n    \"16\": 0.00853,\n    \"17\": 0.00569,\n    \"18\": 0.04265,\n    \"84\": 0.00569,\n    \"85\": 0.00569,\n    \"88\": 0.00284,\n    \"89\": 0.02559,\n    \"90\": 0.00853,\n    \"91\": 0.05686,\n    \"92\": 1.31915,\n    _: \"79 80 81 83 86 87 93\"\n  },\n  P: {\n    \"4\": 0.20395,\n    \"5.0-5.4\": 0.01033,\n    \"6.2-6.4\": 0.01036,\n    \"7.2-7.4\": 0.0644,\n    \"8.2\": 0.01026,\n    \"9.2\": 0.01073,\n    \"10.1\": 0.02179,\n    \"11.1-11.2\": 0.05367,\n    \"12.0\": 0.02147,\n    \"13.0\": 0.08587,\n    \"14.0\": 0.67624\n  },\n  I: {\n    \"0\": 0,\n    \"3\": 0,\n    \"4\": 0.00078,\n    \"2.1\": 0,\n    \"2.2\": 0,\n    \"2.3\": 0,\n    \"4.1\": 0.00235,\n    \"4.2-4.3\": 0.00627,\n    \"4.4\": 0,\n    \"4.4.3-4.4.4\": 0.07646\n  },\n  K: {\n    _: \"0 10 11 12 11.1 11.5 12.1\"\n  },\n  A: {\n    \"8\": 0.00494,\n    \"10\": 0.00988,\n    \"11\": 0.19271,\n    _: \"6 7 9 5.5\"\n  },\n  J: {\n    \"7\": 0,\n    \"10\": 0.00716\n  },\n  N: {\n    \"11\": 0.02439,\n    _: \"10\"\n  },\n  R: {\n    _: \"0\"\n  },\n  M: {\n    \"0\": 0.12881\n  },\n  Q: {\n    \"10.4\": 0\n  },\n  O: {\n    \"0\": 0.37927\n  },\n  H: {\n    \"0\": 28.71854\n  },\n  L: {\n    \"0\": 41.865\n  },\n  S: {\n    \"2.5\": 0\n  }\n};","map":{"version":3,"sources":["C:/xampp/public_html/vamo/interface2/node_modules/caniuse-lite/data/regions/KE.js"],"names":["module","exports","C","_","D","F","G","E","B","P","I","K","A","J","N","R","M","Q","O","H","L","S"],