{"ast":null,"code":"module.exports = {\n  C: {\n    \"33\": 0.27872,\n    \"49\": 0.00416,\n    \"56\": 0.15392,\n    \"57\": 0.0208,\n    \"72\": 0.00416,\n    \"74\": 0.00832,\n    \"77\": 0.00416,\n    \"78\": 0.01664,\n    \"79\": 0.01664,\n    \"84\": 0.03744,\n    \"88\": 0.01248,\n    \"89\": 0.1872,\n    \"90\": 0.67392,\n    \"91\": 0.75296,\n    \"92\": 0.00416,\n    _: \"2 3 4 5 6 7 8 9 10 11 12 13 14 15 16 17 18 19 20 21 22 23 24 25 26 27 28 29 30 31 32 34 35 36 37 38 39 40 41 42 43 44 45 46 47 48 50 51 52 53 54 55 58 59 60 61 62 63 64 65 66 67 68 69 70 71 73 75 76 80 81 82 83 85 86 87 93 3.5 3.6\"\n  },\n  D: {\n    \"11\": 0.00832,\n    \"29\": 0.00832,\n    \"33\": 0.00832,\n    \"43\": 0.01248,\n    \"49\": 0.05824,\n    \"52\": 0.00832,\n    \"53\": 0.43264,\n    \"60\": 0.01664,\n    \"63\": 0.02912,\n    \"66\": 0.01664,\n    \"69\": 0.03744,\n    \"70\": 0.01664,\n    \"71\": 0.00832,\n    \"74\": 0.01248,\n    \"75\": 0.00832,\n    \"77\": 0.00832,\n    \"78\": 0.00832,\n    \"80\": 0.01248,\n    \"81\": 0.03744,\n    \"83\": 0.01248,\n    \"84\": 0.0416,\n    \"86\": 0.04576,\n    \"87\": 0.07488,\n    \"88\": 0.02496,\n    \"89\": 0.01248,\n    \"90\": 0.0416,\n    \"91\": 0.40352,\n    \"92\": 13.63648,\n    \"93\": 0.03328,\n    _: \"4 5 6 7 8 9 10 12 13 14 15 16 17 18 19 20 21 22 23 24 25 26 27 28 30 31 32 34 35 36 37 38 39 40 41 42 44 45 46 47 48 50 51 54 55 56 57 58 59 61 62 64 65 67 68 72 73 76 79 85 94 95 96\"\n  },\n  F: {\n    \"27\": 0.00832,\n    \"53\": 0.00832,\n    \"65\": 0.00416,\n    \"75\": 0.00832,\n    \"77\": 0.1664,\n    \"78\": 0.03744,\n    _: \"9 11 12 15 16 17 18 19 20 21 22 23 24 25 26 28 29 30 31 32 33 34 35 36 37 38 39 40 41 42 43 44 45 46 47 48 49 50 51 52 54 55 56 57 58 60 62 63 64 66 67 68 69 70 71 72 73 74 76 9.5-9.6 10.5 10.6 11.1 11.5 11.6 12.1\",\n    \"10.0-10.1\": 0\n  },\n  G: {\n    \"8\": 0,\n    \"3.2\": 0,\n    \"4.0-4.1\": 0,\n    \"4.2-4.3\": 0,\n    \"5.0-5.1\": 0,\n    \"6.0-6.1\": 0,\n    \"7.0-7.1\": 0.00815,\n    \"8.1-8.4\": 0.00815,\n    \"9.0-9.2\": 0.2793,\n    \"9.3\": 0.01223,\n    \"10.0-10.2\": 0.01806,\n    \"10.3\": 0.00903,\n    \"11.0-11.2\": 0.00408,\n    \"11.3-11.4\": 0.00757,\n    \"12.0-12.1\": 0.07135,\n    \"12.2-12.4\": 0.11912,\n    \"13.0-13.1\": 0.22018,\n    \"13.2\": 0.00175,\n    \"13.3\": 0.07485,\n    \"13.4-13.7\": 0.97071,\n    \"14.0-14.4\": 0.49773,\n    \"14.5-14.7\": 0.33697\n  },\n  E: {\n    \"4\": 0,\n    \"8\": 0.00416,\n    \"11\": 0.00416,\n    \"13\": 0.0416,\n    \"14\": 0.03744,\n    _: \"0 5 6 7 9 10 12 15 3.1 3.2 5.1 6.1 7.1 9.1 13.1\",\n    \"10.1\": 0.24544,\n    \"11.1\": 0.00416,\n    \"12.1\": 0.0208,\n    \"14.1\": 3.11584\n  },\n  B: {\n    \"12\": 0.0208,\n    \"13\": 0.02912,\n    \"14\": 0.03744,\n    \"15\": 0.27456,\n    \"16\": 0.14976,\n    \"17\": 0.13312,\n    \"18\": 5.66176,\n    \"80\": 0.0416,\n    \"84\": 0.02496,\n    \"85\": 0.01248,\n    \"86\": 0.01248,\n    \"87\": 0.00416,\n    \"88\": 0.03328,\n    \"89\": 0.07488,\n    \"90\": 0.04992,\n    \"91\": 0.44096,\n    \"92\": 3.65664,\n    \"93\": 0.04992,\n    _: \"79 81 83\"\n  },\n  P: {\n    \"4\": 0.27648,\n    \"5.0-5.4\": 0.02048,\n    \"6.2-6.4\": 0.13312,\n    \"7.2-7.4\": 0.39936,\n    \"8.2\": 0.12445,\n    \"9.2\": 0.21504,\n    \"10.1\": 0.02048,\n    \"11.1-11.2\": 0.49152,\n    \"12.0\": 0.02048,\n    \"13.0\": 0.22528,\n    \"14.0\": 0.94208\n  },\n  I: {\n    \"0\": 0,\n    \"3\": 0,\n    \"4\": 0,\n    \"2.1\": 0,\n    \"2.2\": 0,\n    \"2.3\": 0,\n    \"4.1\": 0.00085,\n    \"4.2-4.3\": 0.0347,\n    \"4.4\": 0,\n    \"4.4.3-4.4.4\": 0.08124\n  },\n  K: {\n    _: \"0 10 11 12 11.1 11.5 12.1\"\n  },\n  A: {\n    \"11\": 1.28544,\n    _: \"6 7 8 9 10 5.5\"\n  },\n  J: {\n    \"7\": 0,\n    \"10\": 0\n  },\n  N: {\n    \"11\": 0.02439,\n    _: \"10\"\n  },\n  R: {\n    _: \"0\"\n  },\n  M: {\n    \"0\": 0.04671\n  },\n  Q: {\n    \"10.4\": 0.03503\n  },\n  O: {\n    \"0\": 3.2932\n  },\n  H: {\n    \"0\": 3.95251\n  },\n  L: {\n    \"0\": 53.2404\n  },\n  S: {\n    \"2.5\": 0\n  }\n};","map":{"version":3,"sources":["C:/xampp/public_html/vamo/interface2/node_modules/caniuse-lite/data/regions/SB.js"],"names":["module","exports","C","_","D","F","G","E","B","P","I","K","A","J","N","R","M","Q","O","H","L","S"],"mappings":"AAAAA,MAAM,CAACC,OAAP,GAAe;AAACC,EAAAA,CAAC,EAAC;AAAC,UAAK,OAAN;AAAc,UAAK,OAAnB;AAA2B,UAAK,OAAhC;AAAwC,UAAK,MAA7C;AAAoD,UAAK,OAAzD;AAAiE,UAAK,OAAtE;AAA8E,UAAK,OAAnF;AAA2F,UAAK,OAAhG;AAAwG,UAAK,OAA7G;AAAqH,UAAK,OAA1H;AAAkI,UAAK,OAAvI;AAA+I,UAAK,MAApJ;AAA2J,UAAK,OAAhK;AAAwK,UAAK,OAA7K;AAAqL,UAAK,OAA1L;AAAkMC,IAAAA,CAAC,EAAC;AAApM,GAAH;AAAibC,EAAAA,CAAC,EAAC;AAAC,UAAK,OAAN;AAAc,UAAK,OAAnB;AAA2B,UAAK,OAAhC;AAAwC,UAAK,OAA7C;AAAqD,UAAK,OAA1D;AAAkE,UAAK,OAAvE;AAA+E,UAAK,OAApF;AAA4F,UAAK,OAAjG;AAAyG,UAAK,OAA9G;AAAsH,UAAK,OAA3H;AAAmI,UAAK,OAAxI;AAAgJ,UAAK,OAArJ;AAA6J,UAAK,OAAlK;AAA0K,UAAK,OAA/K;AAAuL,UAAK,OAA5L;AAAoM,UAAK,OAAzM;AAAiN,UAAK,OAAtN;AAA8N,UAAK,OAAnO;AAA2O,UAAK,OAAhP;AAAwP,UAAK,OAA7P;AAAqQ,UAAK,MAA1Q;AAAiR,UAAK,OAAtR;AAA8R,UAAK,OAAnS;AAA2S,UAAK,OAAhT;AAAwT,UAAK,OAA7T;AAAqU,UAAK,MAA1U;AAAiV,UAAK,OAAtV;AAA8V,UAAK,QAAnW;AAA4W,UAAK,OAAjX;AAAyXD,IAAAA,CAAC,EAAC;AAA3X,GAAnb;AAAw+BE,EAAAA,CAAC,EAAC;AAAC,UAAK,OAAN;AAAc,UAAK,OAAnB;AAA2B,UAAK,OAAhC;AAAwC,UAAK,OAA7C;AAAqD,UAAK,MAA1D;AAAiE,UAAK,OAAtE;AAA8EF,IAAAA,CAAC,EAAC,uNAAhF;AAAwS,iBAAY;AAApT,GAA1+B;AAAiyCG,EAAAA,CAAC,EAAC;AAAC,SAAI,CAAL;AAAO,WAAM,CAAb;AAAe,eAAU,CAAzB;AAA2B,eAAU,CAArC;AAAuC,eAAU,CAAjD;AAAmD,eAAU,CAA7D;AAA+D,eAAU,OAAzE;AAAiF,eAAU,OAA3F;AAAmG,eAAU,MAA7G;AAAoH,WAAM,OAA1H;AAAkI,iBAAY,OAA9I;AAAsJ,YAAO,OAA7J;AAAqK,iBAAY,OAAjL;AAAyL,iBAAY,OAArM;AAA6M,iBAAY,OAAzN;AAAiO,iBAAY,OAA7O;AAAqP,iBAAY,OAAjQ;AAAyQ,YAAO,OAAhR;AAAwR,YAAO,OAA/R;AAAuS,iBAAY,OAAnT;AAA2T,iBAAY,OAAvU;AAA+U,iBAAY;AAA3V,GAAnyC;AAAuoDC,EAAAA,CAAC,EAAC;AAAC,SAAI,CAAL;AAAO,SAAI,OAAX;AAAmB,UAAK,OAAxB;AAAgC,UAAK,MAArC;AAA4C,UAAK,OAAjD;AAAyDJ,IAAAA,CAAC,EAAC,iDAA3D;AAA6G,YAAO,OAApH;AAA4H,YAAO,OAAnI;AAA2I,YAAO,MAAlJ;AAAyJ,YAAO;AAAhK,GAAzoD;AAAkzDK,EAAAA,CAAC,EAAC;AAAC,UAAK,MAAN;AAAa,UAAK,OAAlB;AAA0B,UAAK,OAA/B;AAAuC,UAAK,OAA5C;AAAoD,UAAK,OAAzD;AAAiE,UAAK,OAAtE;AAA8E,UAAK,OAAnF;AAA2F,UAAK,MAAhG;AAAuG,UAAK,OAA5G;AAAoH,UAAK,OAAzH;AAAiI,UAAK,OAAtI;AAA8I,UAAK,OAAnJ;AAA2J,UAAK,OAAhK;AAAwK,UAAK,OAA7K;AAAqL,UAAK,OAA1L;AAAkM,UAAK,OAAvM;AAA+M,UAAK,OAApN;AAA4N,UAAK,OAAjO;AAAyOL,IAAAA,CAAC,EAAC;AAA3O,GAApzD;AAA2iEM,EAAAA,CAAC,EAAC;AAAC,SAAI,OAAL;AAAa,eAAU,OAAvB;AAA+B,eAAU,OAAzC;AAAiD,eAAU,OAA3D;AAAmE,WAAM,OAAzE;AAAiF,WAAM,OAAvF;AAA+F,YAAO,OAAtG;AAA8G,iBAAY,OAA1H;AAAkI,YAAO,OAAzI;AAAiJ,YAAO,OAAxJ;AAAgK,YAAO;AAAvK,GAA7iE;AAA6tEC,EAAAA,CAAC,EAAC;AAAC,SAAI,CAAL;AAAO,SAAI,CAAX;AAAa,SAAI,CAAjB;AAAmB,WAAM,CAAzB;AAA2B,WAAM,CAAjC;AAAmC,WAAM,CAAzC;AAA2C,WAAM,OAAjD;AAAyD,eAAU,MAAnE;AAA0E,WAAM,CAAhF;AAAkF,mBAAc;AAAhG,GAA/tE;AAAw0EC,EAAAA,CAAC,EAAC;AAACR,IAAAA,CAAC,EAAC;AAAH,GAA10E;AAA02ES,EAAAA,CAAC,EAAC;AAAC,UAAK,OAAN;AAAcT,IAAAA,CAAC,EAAC;AAAhB,GAA52E;AAA84EU,EAAAA,CAAC,EAAC;AAAC,SAAI,CAAL;AAAO,UAAK;AAAZ,GAAh5E;AAA+5EC,EAAAA,CAAC,EAAC;AAAC,UAAK,OAAN;AAAcX,IAAAA,CAAC,EAAC;AAAhB,GAAj6E;AAAu7EY,EAAAA,CAAC,EAAC;AAACZ,IAAAA,CAAC,EAAC;AAAH,GAAz7E;AAAi8Ea,EAAAA,CAAC,EAAC;AAAC,SAAI;AAAL,GAAn8E;AAAi9EC,EAAAA,CAAC,EAAC;AAAC,YAAO;AAAR,GAAn9E;AAAo+EC,EAAAA,CAAC,EAAC;AAAC,SAAI;AAAL,GAAt+E;AAAm/EC,EAAAA,CAAC,EAAC;AAAC,SAAI;AAAL,GAAr/E;AAAmgFC,EAAAA,CAAC,EAAC;AAAC,SAAI;AAAL,GAArgF;AAAmhFC,EAAAA,CAAC,EAAC;AAAC,WAAM;AAAP;AAArhF,CAAf",