{"ast":null,"code":"module.exports = {\n  C: {\n    \"17\": 0.00374,\n    \"21\": 0.00187,\n    \"32\": 0.00187,\n    \"38\": 0.00187,\n    \"40\": 0.00187,\n    \"41\": 0.00561,\n    \"43\": 0.00561,\n    \"44\": 0.00187,\n    \"47\": 0.00561,\n    \"48\": 0.00187,\n    \"49\": 0.00187,\n    \"52\": 0.00748,\n    \"56\": 0.00561,\n    \"57\": 0.01308,\n    \"58\": 0.00187,\n    \"60\": 0.00374,\n    \"66\": 0.00187,\n    \"68\": 0.00374,\n    \"69\": 0.00187,\n    \"72\": 0.00935,\n    \"77\": 0.00374,\n    \"78\": 0.04859,\n    \"79\": 0.01308,\n    \"80\": 0.00187,\n    \"83\": 0.00187,\n    \"84\": 0.00561,\n    \"85\": 0.01682,\n    \"86\": 0.00374,\n    \"87\": 0.00561,\n    \"88\": 0.02804,\n    \"89\": 0.08784,\n    \"90\": 0.49715,\n    \"91\": 0.76068,\n    \"92\": 0.01308,\n    _: \"2 3 4 5 6 7 8 9 10 11 12 13 14 15 16 18 19 20 22 23 24 25 26 27 28 29 30 31 33 34 35 36 37 39 42 45 46 50 51 53 54 55 59 61 62 63 64 65 67 70 71 73 74 75 76 81 82 93 3.5 3.6\"\n  },\n  D: {\n    \"11\": 0.00935,\n    \"22\": 0.00561,\n    \"24\": 0.00187,\n    \"25\": 0.00561,\n    \"29\": 0.00561,\n    \"33\": 0.00374,\n    \"38\": 0.00748,\n    \"43\": 0.00748,\n    \"46\": 0.00187,\n    \"49\": 0.03364,\n    \"50\": 0.00187,\n    \"55\": 0.00374,\n    \"56\": 0.01121,\n    \"57\": 0.00748,\n    \"58\": 0.00374,\n    \"60\": 0.00561,\n    \"62\": 0.00187,\n    \"63\": 0.00748,\n    \"64\": 0.01682,\n    \"65\": 0.00561,\n    \"66\": 0.00374,\n    \"68\": 0.00561,\n    \"69\": 0.00748,\n    \"70\": 0.03738,\n    \"71\": 0.00748,\n    \"73\": 0.00374,\n    \"74\": 0.01308,\n    \"75\": 0.00561,\n    \"76\": 0.02056,\n    \"77\": 0.01308,\n    \"78\": 0.00561,\n    \"79\": 0.04859,\n    \"80\": 0.02056,\n    \"81\": 0.02056,\n    \"83\": 0.03364,\n    \"84\": 0.02243,\n    \"85\": 0.01308,\n    \"86\": 0.03551,\n    \"87\": 0.08224,\n    \"88\": 0.02804,\n    \"89\": 0.04673,\n    \"90\": 0.11775,\n    \"91\": 0.54762,\n    \"92\": 5.29862,\n    \"93\": 0.00561,\n    \"94\": 0.00374,\n    _: \"4 5 6 7 8 9 10 12 13 14 15 16 17 18 19 20 21 23 26 27 28 30 31 32 34 35 36 37 39 40 41 42 44 45 47 48 51 52 53 54 59 61 67 72 95 96\"\n  },\n  F: {\n    \"15\": 0.00374,\n    \"18\": 0.00748,\n    \"34\": 0.00187,\n    \"37\": 0.00187,\n    \"42\": 0.00561,\n    \"60\": 0.00748,\n    \"64\": 0.00561,\n    \"65\": 0.00374,\n    \"70\": 0.00187,\n    \"72\": 0.00187,\n    \"73\": 0.00187,\n    \"74\": 0.00187,\n    \"75\": 0.00935,\n    \"76\": 0.00935,\n    \"77\": 0.63733,\n    \"78\": 0.45043,\n    _: \"9 11 12 16 17 19 20 21 22 23 24 25 26 27 28 29 30 31 32 33 35 36 38 39 40 41 43 44 45 46 47 48 49 50 51 52 53 54 55 56 57 58 62 63 66 67 68 69 71 9.5-9.6 10.5 10.6 11.1 11.5 11.6\",\n    \"10.0-10.1\": 0,\n    \"12.1\": 0.00187\n  },\n  G: {\n    \"8\": 0,\n    \"3.2\": 0,\n    \"4.0-4.1\": 0,\n    \"4.2-4.3\": 0.00253,\n    \"5.0-5.1\": 0.00676,\n    \"6.0-6.1\": 0.10139,\n    \"7.0-7.1\": 0.01436,\n    \"8.1-8.4\": 0,\n    \"9.0-9.2\": 0.00507,\n    \"9.3\": 0.06252,\n    \"10.0-10.2\": 0.00591,\n    \"10.3\": 0.19264,\n    \"11.0-11.2\": 0.10139,\n    \"11.3-11.4\": 0.05323,\n    \"12.0-12.1\": 0.05999,\n    \"12.2-12.4\": 0.97419,\n    \"13.0-13.1\": 0.06759,\n    \"13.2\": 0.0338,\n    \"13.3\": 0.16814,\n    \"13.4-13.7\": 0.46808,\n    \"14.0-14.4\": 2.01682,\n    \"14.5-14.7\": 2.68177\n  },\n  E: {\n    \"4\": 0,\n    \"8\": 0.00374,\n    \"12\": 0.00187,\n    \"13\": 0.02056,\n    \"14\": 0.08037,\n    _: \"0 5 6 7 9 10 11 15 3.1 3.2 6.1 9.1\",\n    \"5.1\": 0.00561,\n    \"7.1\": 0.00561,\n    \"10.1\": 0.00374,\n    \"11.1\": 0.00374,\n    \"12.1\": 0.00748,\n    \"13.1\": 0.04112,\n    \"14.1\": 0.18316\n  },\n  B: {\n    \"12\": 0.06542,\n    \"13\": 0.01308,\n    \"14\": 0.01495,\n    \"15\": 0.0243,\n    \"16\": 0.03738,\n    \"17\": 0.02056,\n    \"18\": 0.09532,\n    \"80\": 0.00187,\n    \"84\": 0.01495,\n    \"85\": 0.01308,\n    \"86\": 0.00187,\n    \"87\": 0.00187,\n    \"88\": 0.01495,\n    \"89\": 0.0299,\n    \"90\": 0.01682,\n    \"91\": 0.08037,\n    \"92\": 1.54566,\n    _: \"79 81 83 93\"\n  },\n  P: {\n    \"4\": 0.29228,\n    \"5.0-5.4\": 0.03132,\n    \"6.2-6.4\": 0.02058,\n    \"7.2-7.4\": 0.09395,\n    \"8.2\": 0.02077,\n    \"9.2\": 0.05219,\n    \"10.1\": 0.03132,\n    \"11.1-11.2\": 0.09395,\n    \"12.0\": 0.05219,\n    \"13.0\": 0.15658,\n    \"14.0\": 0.8664\n  },\n  I: {\n    \"0\": 0,\n    \"3\": 0,\n    \"4\": 0.00219,\n    \"2.1\": 0,\n    \"2.2\": 0,\n    \"2.3\": 0,\n    \"4.1\": 0.00584,\n    \"4.2-4.3\": 0.04378,\n    \"4.4\": 0,\n    \"4.4.3-4.4.4\": 0.23275\n  },\n  K: {\n    _: \"0 10 11 12 11.1 11.5 12.1\"\n  },\n  A: {\n    \"8\": 0.01904,\n    \"9\": 0.0127,\n    \"11\": 0.30468,\n    _: \"6 7 10 5.5\"\n  },\n  J: {\n    \"7\": 0,\n    \"10\": 0.04878\n  },\n  N: {\n    \"11\": 0.02439,\n    _: \"10\"\n  },\n  R: {\n    _: \"0\"\n  },\n  M: {\n    \"0\": 0.17886\n  },\n  Q: {\n    \"10.4\": 0.10569\n  },\n  O: {\n    \"0\": 1.89429\n  },\n  H: {\n    \"0\": 22.35197\n  },\n  L: {\n    \"0\": 52.33246\n  },\n  S: {\n    \"2.5\": 0.15447\n  }\n};","map":{"version":3,"sources":["C:/xampp/public_html/vamo/interface2/node_modules/caniuse-lite/data/regions/CD.js"],"names":["module","exports","C","_","D","F","G","E","B","P","I","K","A","J","N","R","M","Q","O","H","L","S"],