{"ast":null,"code":"module.exports = {\n  C: {\n    \"2\": 0,\n    \"3\": 0,\n    \"4\": 0,\n    \"5\": 0,\n    \"6\": 0,\n    \"7\": 0,\n    \"8\": 0,\n    \"9\": 0,\n    \"10\": 0,\n    \"11\": 0,\n    \"12\": 0,\n    \"13\": 0,\n    \"14\": 0,\n    \"15\": 0,\n    \"16\": 0,\n    \"17\": 0,\n    \"18\": 0,\n    \"19\": 0,\n    \"20\": 0,\n    \"21\": 0,\n    \"22\": 0,\n    \"23\": 0,\n    \"24\": 0,\n    \"25\": 0,\n    \"26\": 0,\n    \"27\": 0,\n    \"28\": 0,\n    \"29\": 0,\n    \"30\": 0,\n    \"31\": 0,\n    \"32\": 0,\n    \"33\": 0,\n    \"34\": 0,\n    \"35\": 0,\n    \"36\": 0,\n    \"37\": 0,\n    \"38\": 0,\n    \"39\": 0,\n    \"40\": 0,\n    \"41\": 0,\n    \"42\": 0,\n    \"43\": 0,\n    \"44\": 0,\n    \"45\": 0,\n    \"46\": 0,\n    \"47\": 0.00191,\n    \"48\": 0,\n    \"49\": 0,\n    \"50\": 0,\n    \"51\": 0,\n    \"52\": 0.00574,\n    \"53\": 0,\n    \"54\": 0,\n    \"55\": 0,\n    \"56\": 0,\n    \"57\": 0,\n    \"58\": 0,\n    \"59\": 0,\n    \"60\": 0,\n    \"61\": 0,\n    \"62\": 0,\n    \"63\": 0,\n    \"64\": 0,\n    \"65\": 0,\n    \"66\": 0,\n    \"67\": 0,\n    \"68\": 0.00191,\n    \"69\": 0,\n    \"70\": 0,\n    \"71\": 0,\n    \"72\": 0,\n    \"73\": 0,\n    \"74\": 0,\n    \"75\": 0,\n    \"76\": 0,\n    \"77\": 0,\n    \"78\": 0.00191,\n    \"79\": 0,\n    \"80\": 0,\n    \"81\": 0,\n    \"82\": 0,\n    \"83\": 0,\n    \"84\": 0.00382,\n    \"85\": 0,\n    \"86\": 0,\n    \"87\": 0,\n    \"88\": 0.00382,\n    \"89\": 0.00574,\n    \"90\": 0.05354,\n    \"91\": 0.07839,\n    \"92\": 0.00382,\n    \"93\": 0,\n    \"3.5\": 0,\n    \"3.6\": 0\n  },\n  D: {\n    \"4\": 0,\n    \"5\": 0,\n    \"6\": 0,\n    \"7\": 0,\n    \"8\": 0,\n    \"9\": 0,\n    \"10\": 0,\n    \"11\": 0,\n    \"12\": 0,\n    \"13\": 0,\n    \"14\": 0,\n    \"15\": 0,\n    \"16\": 0,\n    \"17\": 0,\n    \"18\": 0,\n    \"19\": 0,\n    \"20\": 0,\n    \"21\": 0,\n    \"22\": 0,\n    \"23\": 0,\n    \"24\": 0,\n    \"25\": 0,\n    \"26\": 0,\n    \"27\": 0,\n    \"28\": 0,\n    \"29\": 0,\n    \"30\": 0,\n    \"31\": 0,\n    \"32\": 0,\n    \"33\": 0,\n    \"34\": 0,\n    \"35\": 0,\n    \"36\": 0,\n    \"37\": 0,\n    \"38\": 0,\n    \"39\": 0,\n    \"40\": 0.00191,\n    \"41\": 0,\n    \"42\": 0.00191,\n    \"43\": 0.00574,\n    \"44\": 0,\n    \"45\": 0,\n    \"46\": 0,\n    \"47\": 0,\n    \"48\": 0,\n    \"49\": 0.00765,\n    \"50\": 0,\n    \"51\": 0,\n    \"52\": 0,\n    \"53\": 0,\n    \"54\": 0,\n    \"55\": 0,\n    \"56\": 0.00382,\n    \"57\": 0,\n    \"58\": 0.00191,\n    \"59\": 0,\n    \"60\": 0,\n    \"61\": 0.00382,\n    \"62\": 0,\n    \"63\": 0.00191,\n    \"64\": 0.00191,\n    \"65\": 0.00191,\n    \"66\": 0,\n    \"67\": 0,\n    \"68\": 0.00191,\n    \"69\": 0.00191,\n    \"70\": 0.00191,\n    \"71\": 0.00191,\n    \"72\": 0.00191,\n    \"73\": 0.00191,\n    \"74\": 0.00191,\n    \"75\": 0.00191,\n    \"76\": 0.00191,\n    \"77\": 0.00191,\n    \"78\": 0.00191,\n    \"79\": 0.00382,\n    \"80\": 0.00382,\n    \"81\": 0.01147,\n    \"83\": 0.00574,\n    \"84\": 0.02677,\n    \"85\": 0.00574,\n    \"86\": 0.01147,\n    \"87\": 0.04015,\n    \"88\": 0.00765,\n    \"89\": 0.0153,\n    \"90\": 0.01721,\n    \"91\": 0.08795,\n    \"92\": 2.5009,\n    \"93\": 0.00574,\n    \"94\": 0.00574,\n    \"95\": 0,\n    \"96\": 0\n  },\n  F: {\n    \"9\": 0,\n    \"11\": 0,\n    \"12\": 0,\n    \"15\": 0,\n    \"16\": 0,\n    \"17\": 0,\n    \"18\": 0.00191,\n    \"19\": 0,\n    \"20\": 0,\n    \"21\": 0,\n    \"22\": 0,\n    \"23\": 0,\n    \"24\": 0,\n    \"25\": 0,\n    \"26\": 0,\n    \"27\": 0,\n    \"28\": 0,\n    \"29\": 0,\n    \"30\": 0,\n    \"31\": 0,\n    \"32\": 0,\n    \"33\": 0,\n    \"34\": 0,\n    \"35\": 0,\n    \"36\": 0,\n    \"37\": 0.00574,\n    \"38\": 0,\n    \"39\": 0,\n    \"40\": 0,\n    \"41\": 0,\n    \"42\": 0,\n    \"43\": 0,\n    \"44\": 0,\n    \"45\": 0,\n    \"46\": 0,\n    \"47\": 0,\n    \"48\": 0,\n    \"49\": 0,\n    \"50\": 0,\n    \"51\": 0.00191,\n    \"52\": 0,\n    \"53\": 0,\n    \"54\": 0.00382,\n    \"55\": 0.00382,\n    \"56\": 0.00191,\n    \"57\": 0.00382,\n    \"58\": 0.09942,\n    \"60\": 0,\n    \"62\": 0,\n    \"63\": 0,\n    \"64\": 0,\n    \"65\": 0.00191,\n    \"66\": 0,\n    \"67\": 0,\n    \"68\": 0,\n    \"69\": 0,\n    \"70\": 0,\n    \"71\": 0,\n    \"72\": 0,\n    \"73\": 0,\n    \"74\": 0,\n    \"75\": 0,\n    \"76\": 0,\n    \"77\": 0.05545,\n    \"78\": 0.05545,\n    \"9.5-9.6\": 0,\n    \"10.0-10.1\": 0,\n    \"10.5\": 0,\n    \"10.6\": 0,\n    \"11.1\": 0,\n    \"11.5\": 0,\n    \"11.6\": 0,\n    \"12.1\": 0\n  },\n  G: {\n    \"8\": 0,\n    \"3.2\": 0,\n    \"4.0-4.1\": 0,\n    \"4.2-4.3\": 0.00095,\n    \"5.0-5.1\": 0.0052,\n    \"6.0-6.1\": 0.00236,\n    \"7.0-7.1\": 0.03405,\n    \"8.1-8.4\": 0.0104,\n    \"9.0-9.2\": 0.00378,\n    \"9.3\": 0.10451,\n    \"10.0-10.2\": 0.01135,\n    \"10.3\": 0.07803,\n    \"11.0-11.2\": 0.02554,\n    \"11.3-11.4\": 0.03452,\n    \"12.0-12.1\": 0.0227,\n    \"12.2-12.4\": 0.11538,\n    \"13.0-13.1\": 0.01466,\n    \"13.2\": 0.00757,\n    \"13.3\": 0.05485,\n    \"13.4-13.7\": 0.16078,\n    \"14.0-14.4\": 0.66299,\n    \"14.5-14.7\": 2.90684\n  },\n  E: {\n    \"4\": 0,\n    \"5\": 0,\n    \"6\": 0,\n    \"7\": 0,\n    \"8\": 0,\n    \"9\": 0,\n    \"10\": 0,\n    \"11\": 0,\n    \"12\": 0,\n    \"13\": 0.00191,\n    \"14\": 0.00956,\n    \"15\": 0,\n    _: \"0\",\n    \"3.1\": 0,\n    \"3.2\": 0,\n    \"5.1\": 0.00382,\n    \"6.1\": 0,\n    \"7.1\": 0,\n    \"9.1\": 0,\n    \"10.1\": 0,\n    \"11.1\": 0,\n    \"12.1\": 0,\n    \"13.1\": 0.00382,\n    \"14.1\": 0.02677\n  },\n  B: {\n    \"12\": 0.00191,\n    \"13\": 0,\n    \"14\": 0,\n    \"15\": 0.00191,\n    \"16\": 0.00191,\n    \"17\": 0,\n    \"18\": 0.00382,\n    \"79\": 0,\n    \"80\": 0,\n    \"81\": 0,\n    \"83\": 0,\n    \"84\": 0,\n    \"85\": 0,\n    \"86\": 0,\n    \"87\": 0,\n    \"88\": 0,\n    \"89\": 0.00191,\n    \"90\": 0.00382,\n    \"91\": 0.00382,\n    \"92\": 0.11472,\n    \"93\": 0\n  },\n  P: {\n    \"4\": 0.24143,\n    \"5.0-5.4\": 0.02012,\n    \"6.2-6.4\": 0.02012,\n    \"7.2-7.4\": 0.06036,\n    \"8.2\": 0.01006,\n    \"9.2\": 0.03018,\n    \"10.1\": 0.02012,\n    \"11.1-11.2\": 0.07042,\n    \"12.0\": 0.0503,\n    \"13.0\": 0.14083,\n    \"14.0\": 0.90535\n  },\n  I: {\n    \"0\": 0,\n    \"3\": 0,\n    \"4\": 0,\n    \"2.1\": 0,\n    \"2.2\": 0,\n    \"2.3\": 0,\n    \"4.1\": 0.00363,\n    \"4.2-4.3\": 0.01332,\n    \"4.4\": 0,\n    \"4.4.3-4.4.4\": 0.23129\n  },\n  K: {\n    _: \"0 10 11 12 11.1 11.5 12.1\"\n  },\n  A: {\n    \"6\": 0,\n    \"7\": 0,\n    \"8\": 0.00212,\n    \"9\": 0,\n    \"10\": 0,\n    \"11\": 0.017,\n    \"5.5\": 0\n  },\n  J: {\n    \"7\": 0,\n    \"10\": 0\n  },\n  N: {\n    \"10\": 0,\n    \"11\": 0\n  },\n  R: {\n    _: \"0\"\n  },\n  M: {\n    \"0\": 0.04853\n  },\n  Q: {\n    \"10.4\": 0\n  },\n  O: {\n    \"0\": 3.7771\n  },\n  H: {\n    \"0\": 1.60801\n  },\n  L: {\n    \"0\": 83.12831\n  },\n  S: {\n    \"2.5\": 0.17794\n  }\n};","map":{"version":3,"sources":["C:/xampp/public_html/vamo/interface2/node_modules/caniuse-lite/data/regions/PK.js"],"names":["module","exports","C","D","F","G","E","_","B","P","I","K","A","J","N","R","M","Q","O","H","L","S"],