{"ast":null,"code":"module.exports = {\n  C: {\n    \"37\": 0.01368,\n    \"40\": 0.00456,\n    \"45\": 0.01368,\n    \"47\": 0.02736,\n    \"48\": 0.0228,\n    \"49\": 0.00456,\n    \"50\": 0.01368,\n    \"52\": 0.03648,\n    \"59\": 0.0228,\n    \"60\": 0.00456,\n    \"72\": 0.00912,\n    \"78\": 0.07296,\n    \"84\": 0.00912,\n    \"85\": 0.00912,\n    \"86\": 0.00456,\n    \"87\": 0.01368,\n    \"88\": 0.05016,\n    \"89\": 0.27816,\n    \"90\": 1.19472,\n    \"91\": 2.01096,\n    \"92\": 0.11856,\n    _: \"2 3 4 5 6 7 8 9 10 11 12 13 14 15 16 17 18 19 20 21 22 23 24 25 26 27 28 29 30 31 32 33 34 35 36 38 39 41 42 43 44 46 51 53 54 55 56 57 58 61 62 63 64 65 66 67 68 69 70 71 73 74 75 76 77 79 80 81 82 83 93 3.5 3.6\"\n  },\n  D: {\n    \"38\": 0.03648,\n    \"39\": 0.00456,\n    \"41\": 0.00456,\n    \"43\": 0.00912,\n    \"49\": 0.04104,\n    \"50\": 0.00912,\n    \"58\": 0.01824,\n    \"60\": 0.01368,\n    \"63\": 0.03192,\n    \"65\": 0.01824,\n    \"66\": 0.00456,\n    \"67\": 0.01824,\n    \"69\": 0.00912,\n    \"70\": 0.01368,\n    \"71\": 0.0228,\n    \"72\": 0.00456,\n    \"73\": 0.01368,\n    \"74\": 0.05016,\n    \"75\": 0.01368,\n    \"76\": 0.00912,\n    \"77\": 0.03648,\n    \"78\": 0.01824,\n    \"79\": 0.08208,\n    \"80\": 0.05472,\n    \"81\": 0.03192,\n    \"83\": 0.0456,\n    \"84\": 0.0228,\n    \"85\": 0.01824,\n    \"86\": 0.07296,\n    \"87\": 0.11856,\n    \"88\": 0.06384,\n    \"89\": 0.12312,\n    \"90\": 0.20976,\n    \"91\": 1.12632,\n    \"92\": 28.6824,\n    \"93\": 0.08208,\n    \"94\": 0.0912,\n    \"95\": 0.01824,\n    _: \"4 5 6 7 8 9 10 11 12 13 14 15 16 17 18 19 20 21 22 23 24 25 26 27 28 29 30 31 32 33 34 35 36 37 40 42 44 45 46 47 48 51 52 53 54 55 56 57 59 61 62 64 68 96\"\n  },\n  F: {\n    \"28\": 0.00456,\n    \"76\": 0.00912,\n    \"77\": 0.80712,\n    \"78\": 0.4788,\n    _: \"9 11 12 15 16 17 18 19 20 21 22 23 24 25 26 27 29 30 31 32 33 34 35 36 37 38 39 40 41 42 43 44 45 46 47 48 49 50 51 52 53 54 55 56 57 58 60 62 63 64 65 66 67 68 69 70 71 72 73 74 75 9.5-9.6 10.5 10.6 11.1 11.5 11.6 12.1\",\n    \"10.0-10.1\": 0\n  },\n  G: {\n    \"8\": 0,\n    \"3.2\": 0,\n    \"4.0-4.1\": 0,\n    \"4.2-4.3\": 0,\n    \"5.0-5.1\": 0.00217,\n    \"6.0-6.1\": 0.00072,\n    \"7.0-7.1\": 0.00724,\n    \"8.1-8.4\": 0,\n    \"9.0-9.2\": 0,\n    \"9.3\": 0.06298,\n    \"10.0-10.2\": 0.01013,\n    \"10.3\": 0.06732,\n    \"11.0-11.2\": 0.05429,\n    \"11.3-11.4\": 0.03402,\n    \"12.0-12.1\": 0.04561,\n    \"12.2-12.4\": 0.19256,\n    \"13.0-13.1\": 0.03692,\n    \"13.2\": 0.01303,\n    \"13.3\": 0.09121,\n    \"13.4-13.7\": 0.31925,\n    \"14.0-14.4\": 1.37907,\n    \"14.5-14.7\": 4.26463\n  },\n  E: {\n    \"4\": 0,\n    \"12\": 0.00456,\n    \"13\": 0.00912,\n    \"14\": 0.228,\n    \"15\": 0.00912,\n    _: \"0 5 6 7 8 9 10 11 3.1 3.2 6.1 7.1 9.1\",\n    \"5.1\": 0.03648,\n    \"10.1\": 0.00456,\n    \"11.1\": 0.01368,\n    \"12.1\": 0.03192,\n    \"13.1\": 0.10488,\n    \"14.1\": 0.37392\n  },\n  B: {\n    \"12\": 0.05928,\n    \"13\": 0.04104,\n    \"14\": 0.0228,\n    \"15\": 0.01368,\n    \"16\": 0.03648,\n    \"17\": 0.0228,\n    \"18\": 0.1824,\n    \"80\": 0.00912,\n    \"84\": 0.02736,\n    \"85\": 0.01368,\n    \"87\": 0.00456,\n    \"88\": 0.00456,\n    \"89\": 0.05016,\n    \"90\": 0.01824,\n    \"91\": 0.16416,\n    \"92\": 3.28776,\n    \"93\": 0.04104,\n    _: \"79 81 83 86\"\n  },\n  P: {\n    \"4\": 0.25927,\n    \"5.0-5.4\": 0.02074,\n    \"6.2-6.4\": 0.02137,\n    \"7.2-7.4\": 0.10371,\n    \"8.2\": 0.12445,\n    \"9.2\": 0.05185,\n    \"10.1\": 0.06223,\n    \"11.1-11.2\": 0.11408,\n    \"12.0\": 0.03111,\n    \"13.0\": 0.15556,\n    \"14.0\": 1.48305\n  },\n  I: {\n    \"0\": 0,\n    \"3\": 0,\n    \"4\": 0.00019,\n    \"2.1\": 0,\n    \"2.2\": 0,\n    \"2.3\": 0,\n    \"4.1\": 0.00056,\n    \"4.2-4.3\": 0.00196,\n    \"4.4\": 0,\n    \"4.4.3-4.4.4\": 0.02992\n  },\n  K: {\n    _: \"0 10 11 12 11.1 11.5 12.1\"\n  },\n  A: {\n    \"11\": 0.33288,\n    _: \"6 7 8 9 10 5.5\"\n  },\n  J: {\n    \"7\": 0,\n    \"10\": 0.01632\n  },\n  N: {\n    \"11\": 0.02439,\n    _: \"10\"\n  },\n  R: {\n    _: \"0\"\n  },\n  M: {\n    \"0\": 0.21212\n  },\n  Q: {\n    \"10.4\": 0.03807\n  },\n  O: {\n    \"0\": 0.3481\n  },\n  H: {\n    \"0\": 7.41498\n  },\n  L: {\n    \"0\": 40.31532\n  },\n  S: {\n    \"2.5\": 0.06527\n  }\n};","map":{"version":3,"sources":["C:/xampp/public_html/vamo/interface2/node_modules/caniuse-lite/data/regions/RW.js"],"names":["module","exports","C","_","D","F","G","E","B","P","I","K","A","J","N","R","M","Q","O","H","L","S"],"mappings":"AAAAA,MAAM,CAACC,OAAP,GAAe;AAACC,EAAAA,CAAC,EAAC;AAAC,UAAK,OAAN;AAAc,UAAK,OAAnB;AAA2B,UAAK,OAAhC;AAAwC,UAAK,OAA7C;AAAqD,UAAK,MAA1D;AAAiE,UAAK,OAAtE;AAA8E,UAAK,OAAnF;AAA2F,UAAK,OAAhG;AAAwG,UAAK,MAA7G;AAAoH,UAAK,OAAzH;AAAiI,UAAK,OAAtI;AAA8I,UAAK,OAAnJ;AAA2J,UAAK,OAAhK;AAAwK,UAAK,OAA7K;AAAqL,UAAK,OAA1L;AAAkM,UAAK,OAAvM;AAA+M,UAAK,OAApN;AAA4N,UAAK,OAAjO;AAAyO,UAAK,OAA9O;AAAsP,UAAK,OAA3P;AAAmQ,UAAK,OAAxQ;AAAgRC,IAAAA,CAAC,EAAC;AAAlR,GAAH;AAA6eC,EAAAA,CAAC,EAAC;AAAC,UAAK,OAAN;AAAc,UAAK,OAAnB;AAA2B,UAAK,OAAhC;AAAwC,UAAK,OAA7C;AAAqD,UAAK,OAA1D;AAAkE,UAAK,OAAvE;AAA+E,UAAK,OAApF;AAA4F,UAAK,OAAjG;AAAyG,UAAK,OAA9G;AAAsH,UAAK,OAA3H;AAAmI,UAAK,OAAxI;AAAgJ,UAAK,OAArJ;AAA6J,UAAK,OAAlK;AAA0K,UAAK,OAA/K;AAAuL,UAAK,MAA5L;AAAmM,UAAK,OAAxM;AAAgN,UAAK,OAArN;AAA6N,UAAK,OAAlO;AAA0O,UAAK,OAA/O;AAAuP,UAAK,OAA5P;AAAoQ,UAAK,OAAzQ;AAAiR,UAAK,OAAtR;AAA8R,UAAK,OAAnS;AAA2S,UAAK,OAAhT;AAAwT,UAAK,OAA7T;AAAqU,UAAK,MAA1U;AAAiV,UAAK,MAAtV;AAA6V,UAAK,OAAlW;AAA0W,UAAK,OAA/W;AAAuX,UAAK,OAA5X;AAAoY,UAAK,OAAzY;AAAiZ,UAAK,OAAtZ;AAA8Z,UAAK,OAAna;AAA2a,UAAK,OAAhb;AAAwb,UAAK,OAA7b;AAAqc,UAAK,OAA1c;AAAkd,UAAK,MAAvd;AAA8d,UAAK,OAAne;AAA2eD,IAAAA,CAAC,EAAC;AAA7e,GAA/e;AAA2nCE,EAAAA,CAAC,EAAC;AAAC,UAAK,OAAN;AAAc,UAAK,OAAnB;AAA2B,UAAK,OAAhC;AAAwC,UAAK,MAA7C;AAAoDF,IAAAA,CAAC,EAAC,6NAAtD;AAAoR,iBAAY;AAAhS,GAA7nC;AAAg6CG,EAAAA,CAAC,EAAC;AAAC,SAAI,CAAL;AAAO,WAAM,CAAb;AAAe,eAAU,CAAzB;AAA2B,eAAU,CAArC;AAAuC,eAAU,OAAjD;AAAyD,eAAU,OAAnE;AAA2E,eAAU,OAArF;AAA6F,eAAU,CAAvG;AAAyG,eAAU,CAAnH;AAAqH,WAAM,OAA3H;AAAmI,iBAAY,OAA/I;AAAuJ,YAAO,OAA9J;AAAsK,iBAAY,OAAlL;AAA0L,iBAAY,OAAtM;AAA8M,iBAAY,OAA1N;AAAkO,iBAAY,OAA9O;AAAsP,iBAAY,OAAlQ;AAA0Q,YAAO,OAAjR;AAAyR,YAAO,OAAhS;AAAwS,iBAAY,OAApT;AAA4T,iBAAY,OAAxU;AAAgV,iBAAY;AAA5V,GAAl6C;AAAuwDC,EAAAA,CAAC,EAAC;AAAC,SAAI,CAAL;AAAO,UAAK,OAAZ;AAAoB,UAAK,OAAzB;AAAiC,UAAK,KAAtC;AAA4C,UAAK,OAAjD;AAAyDJ,IAAAA,CAAC,EAAC,uCAA3D;AAAmG,WAAM,OAAzG;AAAiH,YAAO,OAAxH;AAAgI,YAAO,OAAvI;AAA+I,YAAO,OAAtJ;AAA8J,YAAO,OAArK;AAA6K,YAAO;AAApL,GAAzwD;AAAs8DK,EAAAA,CAAC,EAAC;AAAC,UAAK,OAAN;AAAc,UAAK,OAAnB;AAA2B,UAAK,MAAhC;AAAuC,UAAK,OAA5C;AAAoD,UAAK,OAAzD;AAAiE,UAAK,MAAtE;AAA6E,UAAK,MAAlF;AAAyF,UAAK,OAA9F;AAAsG,UAAK,OAA3G;AAAmH,UAAK,OAAxH;AAAgI,UAAK,OAArI;AAA6I,UAAK,OAAlJ;AAA0J,UAAK,OAA/J;AAAuK,UAAK,OAA5K;AAAoL,UAAK,OAAzL;AAAiM,UAAK,OAAtM;AAA8M,UAAK,OAAnN;AAA2NL,IAAAA,CAAC,EAAC;AAA7N,GAAx8D;AAAorEM,EAAAA,CAAC,EAAC;AAAC,SAAI,OAAL;AAAa,eAAU,OAAvB;AAA+B,eAAU,OAAzC;AAAiD,eAAU,OAA3D;AAAmE,WAAM,OAAzE;AAAiF,WAAM,OAAvF;AAA+F,YAAO,OAAtG;AAA8G,iBAAY,OAA1H;AAAkI,YAAO,OAAzI;AAAiJ,YAAO,OAAxJ;AAAgK,YAAO;AAAvK,GAAtrE;AAAs2EC,EAAAA,CAAC,EAAC;AAAC,SAAI,CAAL;AAAO,SAAI,CAAX;AAAa,SAAI,OAAjB;AAAyB,WAAM,CAA/B;AAAiC,WAAM,CAAvC;AAAyC,WAAM,CAA/C;AAAiD,WAAM,OAAvD;AAA+D,eAAU,OAAzE;AAAiF,WAAM,CAAvF;AAAyF,mBAAc;AAAvG,GAAx2E;AAAw9EC,EAAAA,CAAC,EAAC;AAACR,IAAAA,CAAC,EAAC;AAAH,GAA19E;AAA0/ES,EAAAA,CAAC,EAAC;AAAC,UAAK,OAAN;AAAcT,IAAAA,CAAC,EAAC;AAAhB,GAA5/E;AAA8hFU,EAAAA,CAAC,EAAC;AAAC,SAAI,CAAL;AAAO,UAAK;AAAZ,GAAhiF;AAAqjFC,EAAAA,CAAC,EAAC;AAAC,UAAK,OAAN;AAAcX,IAAAA,CAAC,EAAC;AAAhB,GAAvjF;AAA6kFY,EAAAA,CAAC,EAAC;AAACZ,IAAAA,CAAC,EAAC;AAAH,GAA/kF;AAAulFa,EAAAA,CAAC,EAAC;AAAC,SAAI;AAAL,GAAzlF;AAAumFC,EAAAA,CAAC,EAAC;AAAC,YAAO;AAAR,GAAzmF;AAA0nFC,EAAAA,CAAC,EAAC;AAAC,SAAI;AAAL,GAA5nF;AAAyoFC,EAAAA,CAAC,EAAC;AAAC,SAAI;AAAL,GAA3oF;AAAypFC,EAAAA,CAAC,EAAC;AAAC,SAAI;AAAL,GAA3pF;AAA0qFC,EAAAA,CAAC,EAAC;AAAC,WAAM;AAAP;AAA5qF,CAAf",