{"ast":null,"code":"module.exports = {\n  C: {\n    \"2\": 0,\n    \"3\": 0,\n    \"4\": 0.0062,\n    \"5\": 0.0062,\n    \"6\": 0,\n    \"7\": 0,\n    \"8\": 0,\n    \"9\": 0,\n    \"10\": 0,\n    \"11\": 0,\n    \"12\": 0.0062,\n    \"13\": 0,\n    \"14\": 0.0062,\n    \"15\": 0.0062,\n    \"16\": 0,\n    \"17\": 0.0062,\n    \"18\": 0.0062,\n    \"19\": 0,\n    \"20\": 0.09914,\n    \"21\": 0.01239,\n    \"22\": 0,\n    \"23\": 0,\n    \"24\": 0,\n    \"25\": 0,\n    \"26\": 0,\n    \"27\": 0,\n    \"28\": 0,\n    \"29\": 0,\n    \"30\": 0,\n    \"31\": 0.0062,\n    \"32\": 0.0062,\n    \"33\": 0.0062,\n    \"34\": 0.0062,\n    \"35\": 0.01239,\n    \"36\": 0.0062,\n    \"37\": 0,\n    \"38\": 0.0062,\n    \"39\": 0.0062,\n    \"40\": 0.0062,\n    \"41\": 0.0062,\n    \"42\": 0.0062,\n    \"43\": 0.0062,\n    \"44\": 0.0062,\n    \"45\": 0.03098,\n    \"46\": 0.0062,\n    \"47\": 0,\n    \"48\": 0.0062,\n    \"49\": 0,\n    \"50\": 0.01239,\n    \"51\": 0.0062,\n    \"52\": 0.1487,\n    \"53\": 0.02478,\n    \"54\": 0,\n    \"55\": 0.06196,\n    \"56\": 0.02478,\n    \"57\": 0.0062,\n    \"58\": 0.01859,\n    \"59\": 0,\n    \"60\": 0.14251,\n    \"61\": 0.0062,\n    \"62\": 0,\n    \"63\": 0,\n    \"64\": 0,\n    \"65\": 0.0062,\n    \"66\": 0.01239,\n    \"67\": 0,\n    \"68\": 0.17968,\n    \"69\": 0,\n    \"70\": 0.0062,\n    \"71\": 0,\n    \"72\": 0.0062,\n    \"73\": 0,\n    \"74\": 0,\n    \"75\": 0,\n    \"76\": 0,\n    \"77\": 0.0062,\n    \"78\": 0.13631,\n    \"79\": 0.01239,\n    \"80\": 0.01859,\n    \"81\": 0.02478,\n    \"82\": 0.01239,\n    \"83\": 0.01859,\n    \"84\": 0.02478,\n    \"85\": 0.0062,\n    \"86\": 0.01239,\n    \"87\": 0.01859,\n    \"88\": 0.07435,\n    \"89\": 0.1487,\n    \"90\": 0.63819,\n    \"91\": 0.9294,\n    \"92\": 0.01239,\n    \"93\": 0,\n    \"3.5\": 0,\n    \"3.6\": 0.0062\n  },\n  D: {\n    \"4\": 0,\n    \"5\": 0,\n    \"6\": 0,\n    \"7\": 0,\n    \"8\": 0,\n    \"9\": 0,\n    \"10\": 0,\n    \"11\": 0.0062,\n    \"12\": 0,\n    \"13\": 0,\n    \"14\": 0,\n    \"15\": 0,\n    \"16\": 0,\n    \"17\": 0,\n    \"18\": 0.0062,\n    \"19\": 0,\n    \"20\": 0,\n    \"21\": 0,\n    \"22\": 0.0062,\n    \"23\": 0.0062,\n    \"24\": 0.0062,\n    \"25\": 0.0062,\n    \"26\": 0,\n    \"27\": 0.0062,\n    \"28\": 0.0062,\n    \"29\": 0,\n    \"30\": 0,\n    \"31\": 0,\n    \"32\": 0.0062,\n    \"33\": 0,\n    \"34\": 0.0062,\n    \"35\": 0.0062,\n    \"36\": 0.0062,\n    \"37\": 0.0062,\n    \"38\": 0.0062,\n    \"39\": 0.0062,\n    \"40\": 0.0062,\n    \"41\": 0.01239,\n    \"42\": 0.0062,\n    \"43\": 0.01239,\n    \"44\": 0.01239,\n    \"45\": 0.0062,\n    \"46\": 0.02478,\n    \"47\": 0.01859,\n    \"48\": 0.03098,\n    \"49\": 0.32839,\n    \"50\": 0.01239,\n    \"51\": 0.0062,\n    \"52\": 0,\n    \"53\": 0.0062,\n    \"54\": 0,\n    \"55\": 0,\n    \"56\": 0.0062,\n    \"57\": 0.03098,\n    \"58\": 0.0062,\n    \"59\": 0.0062,\n    \"60\": 0.0062,\n    \"61\": 0.12392,\n    \"62\": 0.0062,\n    \"63\": 0.02478,\n    \"64\": 0.01239,\n    \"65\": 0.0062,\n    \"66\": 0.0062,\n    \"67\": 0.01239,\n    \"68\": 0.0062,\n    \"69\": 0.01239,\n    \"70\": 0.01859,\n    \"71\": 0.01859,\n    \"72\": 0.01239,\n    \"73\": 0.02478,\n    \"74\": 0.40894,\n    \"75\": 0.01239,\n    \"76\": 0.01239,\n    \"77\": 0.01859,\n    \"78\": 0.21066,\n    \"79\": 0.26023,\n    \"80\": 0.22925,\n    \"81\": 0.26643,\n    \"83\": 0.26023,\n    \"84\": 0.3036,\n    \"85\": 0.11153,\n    \"86\": 0.20447,\n    \"87\": 0.53905,\n    \"88\": 0.24164,\n    \"89\": 0.1487,\n    \"90\": 0.26023,\n    \"91\": 0.96038,\n    \"92\": 18.77388,\n    \"93\": 0.0062,\n    \"94\": 0.01859,\n    \"95\": 0.0062,\n    \"96\": 0\n  },\n  F: {\n    \"9\": 0,\n    \"11\": 0,\n    \"12\": 0.0062,\n    \"15\": 0,\n    \"16\": 0,\n    \"17\": 0,\n    \"18\": 0,\n    \"19\": 0,\n    \"20\": 0,\n    \"21\": 0,\n    \"22\": 0.0062,\n    \"23\": 0,\n    \"24\": 0.0062,\n    \"25\": 0,\n    \"26\": 0,\n    \"27\": 0.0062,\n    \"28\": 0.0062,\n    \"29\": 0,\n    \"30\": 0,\n    \"31\": 0.0062,\n    \"32\": 0.0062,\n    \"33\": 0,\n    \"34\": 0.01859,\n    \"35\": 0.02478,\n    \"36\": 0.07435,\n    \"37\": 0.0062,\n    \"38\": 0,\n    \"39\": 0,\n    \"40\": 0,\n    \"41\": 0,\n    \"42\": 0,\n    \"43\": 0,\n    \"44\": 0,\n    \"45\": 0,\n    \"46\": 0,\n    \"47\": 0,\n    \"48\": 0,\n    \"49\": 0,\n    \"50\": 0,\n    \"51\": 0,\n    \"52\": 0,\n    \"53\": 0,\n    \"54\": 0.0062,\n    \"55\": 0.0062,\n    \"56\": 0,\n    \"57\": 0,\n    \"58\": 0.04957,\n    \"60\": 0.0062,\n    \"62\": 0.0062,\n    \"63\": 0.0062,\n    \"64\": 0.0062,\n    \"65\": 0.03098,\n    \"66\": 0.0062,\n    \"67\": 0.0062,\n    \"68\": 0.0062,\n    \"69\": 0.01239,\n    \"70\": 0.0062,\n    \"71\": 0.0062,\n    \"72\": 0.0062,\n    \"73\": 0.01239,\n    \"74\": 0.01239,\n    \"75\": 0.01859,\n    \"76\": 0.03098,\n    \"77\": 3.11659,\n    \"78\": 3.01745,\n    \"9.5-9.6\": 0,\n    \"10.0-10.1\": 0,\n    \"10.5\": 0,\n    \"10.6\": 0,\n    \"11.1\": 0,\n    \"11.5\": 0,\n    \"11.6\": 0,\n    \"12.1\": 0.03098\n  },\n  G: {\n    \"8\": 0,\n    \"3.2\": 0.00095,\n    \"4.0-4.1\": 0,\n    \"4.2-4.3\": 0,\n    \"5.0-5.1\": 0.0038,\n    \"6.0-6.1\": 0.01235,\n    \"7.0-7.1\": 0.04561,\n    \"8.1-8.4\": 0.00665,\n    \"9.0-9.2\": 0.00665,\n    \"9.3\": 0.06177,\n    \"10.0-10.2\": 0.02091,\n    \"10.3\": 0.12924,\n    \"11.0-11.2\": 0.03611,\n    \"11.3-11.4\": 0.04752,\n    \"12.0-12.1\": 0.04276,\n    \"12.2-12.4\": 0.12734,\n    \"13.0-13.1\": 0.03611,\n    \"13.2\": 0.02851,\n    \"13.3\": 0.10739,\n    \"13.4-13.7\": 0.39818,\n    \"14.0-14.4\": 1.27342,\n    \"14.5-14.7\": 6.68925\n  },\n  E: {\n    \"4\": 0,\n    \"5\": 0,\n    \"6\": 0,\n    \"7\": 0,\n    \"8\": 0,\n    \"9\": 0,\n    \"10\": 0,\n    \"11\": 0.0062,\n    \"12\": 0.0062,\n    \"13\": 0.04337,\n    \"14\": 0.26023,\n    \"15\": 0.01239,\n    _: \"0\",\n    \"3.1\": 0,\n    \"3.2\": 0,\n    \"5.1\": 0.14251,\n    \"6.1\": 0,\n    \"7.1\": 0,\n    \"9.1\": 0,\n    \"10.1\": 0,\n    \"11.1\": 0.01239,\n    \"12.1\": 0.02478,\n    \"13.1\": 0.1611,\n    \"14.1\": 0.69395\n  },\n  B: {\n    \"12\": 0,\n    \"13\": 0,\n    \"14\": 0,\n    \"15\": 0.0062,\n    \"16\": 0.0062,\n    \"17\": 0.0062,\n    \"18\": 0.02478,\n    \"79\": 0,\n    \"80\": 0,\n    \"81\": 0,\n    \"83\": 0,\n    \"84\": 0.0062,\n    \"85\": 0.0062,\n    \"86\": 0.0062,\n    \"87\": 0.0062,\n    \"88\": 0,\n    \"89\": 0.0062,\n    \"90\": 0.0062,\n    \"91\": 0.01239,\n    \"92\": 0.59482,\n    \"93\": 0\n  },\n  P: {\n    \"4\": 0.11114,\n    \"5.0-5.4\": 0.0101,\n    \"6.2-6.4\": 0.0101,\n    \"7.2-7.4\": 0.26269,\n    \"8.2\": 0.02021,\n    \"9.2\": 0.12124,\n    \"10.1\": 0.06062,\n    \"11.1-11.2\": 0.2728,\n    \"12.0\": 0.11114,\n    \"13.0\": 0.293,\n    \"14.0\": 2.96034\n  },\n  I: {\n    \"0\": 0,\n    \"3\": 0,\n    \"4\": 0.00246,\n    \"2.1\": 0,\n    \"2.2\": 0,\n    \"2.3\": 0,\n    \"4.1\": 0.00862,\n    \"4.2-4.3\": 0.03079,\n    \"4.4\": 0,\n    \"4.4.3-4.4.4\": 0.13671\n  },\n  K: {\n    _: \"0 10 11 12 11.1 11.5 12.1\"\n  },\n  A: {\n    \"6\": 0,\n    \"7\": 0,\n    \"8\": 0.02788,\n    \"9\": 0.01394,\n    \"10\": 0.00697,\n    \"11\": 0.23003,\n    \"5.5\": 0\n  },\n  J: {\n    \"7\": 0,\n    \"10\": 0\n  },\n  N: {\n    \"10\": 0,\n    \"11\": 0\n  },\n  R: {\n    _: \"0\"\n  },\n  M: {\n    \"0\": 0.15977\n  },\n  Q: {\n    \"10.4\": 0\n  },\n  O: {\n    \"0\": 0.2815\n  },\n  H: {\n    \"0\": 3.15481\n  },\n  L: {\n    \"0\": 39.1594\n  },\n  S: {\n    \"2.5\": 0\n  }\n};","map":{"version":3,"sources":["C:/xampp/public_html/vamo/interface2/node_modules/caniuse-lite/data/regions/UA.js"],"names":["module","exports","C","D","F","G","E","_","B","P","I","K","A","J","N","R","M","Q","O","H","L","S"],