{"ast":null,"code":"module.exports = {\n  C: {\n    \"2\": 0,\n    \"3\": 0,\n    \"4\": 0,\n    \"5\": 0,\n    \"6\": 0,\n    \"7\": 0,\n    \"8\": 0,\n    \"9\": 0,\n    \"10\": 0,\n    \"11\": 0,\n    \"12\": 0,\n    \"13\": 0,\n    \"14\": 0,\n    \"15\": 0,\n    \"16\": 0,\n    \"17\": 0,\n    \"18\": 0,\n    \"19\": 0,\n    \"20\": 0,\n    \"21\": 0,\n    \"22\": 0,\n    \"23\": 0,\n    \"24\": 0,\n    \"25\": 0,\n    \"26\": 0,\n    \"27\": 0,\n    \"28\": 0,\n    \"29\": 0,\n    \"30\": 0,\n    \"31\": 0,\n    \"32\": 0,\n    \"33\": 0,\n    \"34\": 0,\n    \"35\": 0.00413,\n    \"36\": 0.00413,\n    \"37\": 0,\n    \"38\": 0,\n    \"39\": 0,\n    \"40\": 0,\n    \"41\": 0,\n    \"42\": 0,\n    \"43\": 0,\n    \"44\": 0,\n    \"45\": 0,\n    \"46\": 0,\n    \"47\": 0,\n    \"48\": 0.00825,\n    \"49\": 0,\n    \"50\": 0,\n    \"51\": 0,\n    \"52\": 0.05775,\n    \"53\": 0,\n    \"54\": 0,\n    \"55\": 0,\n    \"56\": 0,\n    \"57\": 0.00413,\n    \"58\": 0,\n    \"59\": 0,\n    \"60\": 0,\n    \"61\": 0,\n    \"62\": 0,\n    \"63\": 0.01238,\n    \"64\": 0,\n    \"65\": 0,\n    \"66\": 0,\n    \"67\": 0,\n    \"68\": 0.02063,\n    \"69\": 0,\n    \"70\": 0,\n    \"71\": 0,\n    \"72\": 0.00825,\n    \"73\": 0,\n    \"74\": 0,\n    \"75\": 0.00413,\n    \"76\": 0,\n    \"77\": 0.00413,\n    \"78\": 0.033,\n    \"79\": 0,\n    \"80\": 0,\n    \"81\": 0.00413,\n    \"82\": 0.00413,\n    \"83\": 0.00413,\n    \"84\": 0.00825,\n    \"85\": 0.00413,\n    \"86\": 0.00413,\n    \"87\": 0.00413,\n    \"88\": 0.0165,\n    \"89\": 0.099,\n    \"90\": 0.84975,\n    \"91\": 1.25813,\n    \"92\": 0.00413,\n    \"93\": 0,\n    \"3.5\": 0,\n    \"3.6\": 0\n  },\n  D: {\n    \"4\": 0,\n    \"5\": 0,\n    \"6\": 0,\n    \"7\": 0,\n    \"8\": 0,\n    \"9\": 0,\n    \"10\": 0,\n    \"11\": 0,\n    \"12\": 0,\n    \"13\": 0,\n    \"14\": 0,\n    \"15\": 0,\n    \"16\": 0,\n    \"17\": 0,\n    \"18\": 0,\n    \"19\": 0,\n    \"20\": 0,\n    \"21\": 0,\n    \"22\": 0,\n    \"23\": 0,\n    \"24\": 0,\n    \"25\": 0,\n    \"26\": 0,\n    \"27\": 0,\n    \"28\": 0,\n    \"29\": 0,\n    \"30\": 0,\n    \"31\": 0,\n    \"32\": 0,\n    \"33\": 0,\n    \"34\": 0,\n    \"35\": 0,\n    \"36\": 0,\n    \"37\": 0,\n    \"38\": 0.00413,\n    \"39\": 0,\n    \"40\": 0.00413,\n    \"41\": 0,\n    \"42\": 0,\n    \"43\": 0.00413,\n    \"44\": 0,\n    \"45\": 0,\n    \"46\": 0,\n    \"47\": 0.00413,\n    \"48\": 0,\n    \"49\": 0.099,\n    \"50\": 0,\n    \"51\": 0,\n    \"52\": 0,\n    \"53\": 0.00825,\n    \"54\": 0,\n    \"55\": 0,\n    \"56\": 0.00413,\n    \"57\": 0,\n    \"58\": 0,\n    \"59\": 0.00413,\n    \"60\": 0,\n    \"61\": 0.00413,\n    \"62\": 0,\n    \"63\": 0.00413,\n    \"64\": 0,\n    \"65\": 0.00825,\n    \"66\": 0.00413,\n    \"67\": 0,\n    \"68\": 0.00413,\n    \"69\": 0.00413,\n    \"70\": 0.00413,\n    \"71\": 0.00413,\n    \"72\": 0,\n    \"73\": 0,\n    \"74\": 0.00413,\n    \"75\": 0.033,\n    \"76\": 0.00825,\n    \"77\": 0.02063,\n    \"78\": 0.00825,\n    \"79\": 0.04125,\n    \"80\": 0.01238,\n    \"81\": 0.0495,\n    \"83\": 0.00825,\n    \"84\": 0.01238,\n    \"85\": 0.0165,\n    \"86\": 0.02888,\n    \"87\": 0.12788,\n    \"88\": 0.04125,\n    \"89\": 0.04125,\n    \"90\": 0.04125,\n    \"91\": 0.54863,\n    \"92\": 10.04438,\n    \"93\": 0.00413,\n    \"94\": 0,\n    \"95\": 0,\n    \"96\": 0\n  },\n  F: {\n    \"9\": 0,\n    \"11\": 0,\n    \"12\": 0,\n    \"15\": 0,\n    \"16\": 0,\n    \"17\": 0,\n    \"18\": 0,\n    \"19\": 0,\n    \"20\": 0,\n    \"21\": 0,\n    \"22\": 0,\n    \"23\": 0,\n    \"24\": 0,\n    \"25\": 0,\n    \"26\": 0,\n    \"27\": 0,\n    \"28\": 0,\n    \"29\": 0,\n    \"30\": 0,\n    \"31\": 0,\n    \"32\": 0.00413,\n    \"33\": 0,\n    \"34\": 0,\n    \"35\": 0,\n    \"36\": 0.00413,\n    \"37\": 0,\n    \"38\": 0,\n    \"39\": 0,\n    \"40\": 0,\n    \"41\": 0,\n    \"42\": 0,\n    \"43\": 0,\n    \"44\": 0,\n    \"45\": 0,\n    \"46\": 0.00413,\n    \"47\": 0,\n    \"48\": 0,\n    \"49\": 0,\n    \"50\": 0,\n    \"51\": 0,\n    \"52\": 0,\n    \"53\": 0,\n    \"54\": 0,\n    \"55\": 0,\n    \"56\": 0,\n    \"57\": 0,\n    \"58\": 0.01238,\n    \"60\": 0,\n    \"62\": 0,\n    \"63\": 0,\n    \"64\": 0,\n    \"65\": 0.00413,\n    \"66\": 0,\n    \"67\": 0,\n    \"68\": 0,\n    \"69\": 0,\n    \"70\": 0,\n    \"71\": 0,\n    \"72\": 0,\n    \"73\": 0,\n    \"74\": 0,\n    \"75\": 0,\n    \"76\": 0.00413,\n    \"77\": 0.38363,\n    \"78\": 0.33,\n    \"9.5-9.6\": 0,\n    \"10.0-10.1\": 0,\n    \"10.5\": 0,\n    \"10.6\": 0,\n    \"11.1\": 0,\n    \"11.5\": 0,\n    \"11.6\": 0,\n    \"12.1\": 0\n  },\n  G: {\n    \"8\": 0.00141,\n    \"3.2\": 0,\n    \"4.0-4.1\": 0,\n    \"4.2-4.3\": 0,\n    \"5.0-5.1\": 0.00987,\n    \"6.0-6.1\": 0,\n    \"7.0-7.1\": 0.00846,\n    \"8.1-8.4\": 0.02116,\n    \"9.0-9.2\": 0.00423,\n    \"9.3\": 0.12272,\n    \"10.0-10.2\": 0.00846,\n    \"10.3\": 0.09874,\n    \"11.0-11.2\": 0.02962,\n    \"11.3-11.4\": 0.04514,\n    \"12.0-12.1\": 0.05924,\n    \"12.2-12.4\": 0.13259,\n    \"13.0-13.1\": 0.03667,\n    \"13.2\": 0.01552,\n    \"13.3\": 0.11708,\n    \"13.4-13.7\": 0.38085,\n    \"14.0-14.4\": 1.65741,\n    \"14.5-14.7\": 10.85144\n  },\n  E: {\n    \"4\": 0,\n    \"5\": 0,\n    \"6\": 0,\n    \"7\": 0,\n    \"8\": 0,\n    \"9\": 0,\n    \"10\": 0,\n    \"11\": 0,\n    \"12\": 0.00413,\n    \"13\": 0.0165,\n    \"14\": 0.12375,\n    \"15\": 0.00825,\n    _: \"0\",\n    \"3.1\": 0,\n    \"3.2\": 0,\n    \"5.1\": 0,\n    \"6.1\": 0,\n    \"7.1\": 0,\n    \"9.1\": 0,\n    \"10.1\": 0.00413,\n    \"11.1\": 0.00825,\n    \"12.1\": 0.01238,\n    \"13.1\": 0.066,\n    \"14.1\": 0.49088\n  },\n  B: {\n    \"12\": 0,\n    \"13\": 0,\n    \"14\": 0.00413,\n    \"15\": 0.00413,\n    \"16\": 0.00825,\n    \"17\": 0.00825,\n    \"18\": 0.00825,\n    \"79\": 0,\n    \"80\": 0,\n    \"81\": 0,\n    \"83\": 0,\n    \"84\": 0,\n    \"85\": 0,\n    \"86\": 0.00413,\n    \"87\": 0,\n    \"88\": 0.01238,\n    \"89\": 0.00825,\n    \"90\": 0,\n    \"91\": 0.02888,\n    \"92\": 1.01475,\n    \"93\": 0\n  },\n  P: {\n    \"4\": 0.13408,\n    \"5.0-5.4\": 0,\n    \"6.2-6.4\": 0,\n    \"7.2-7.4\": 0.02063,\n    \"8.2\": 0.01031,\n    \"9.2\": 0.04126,\n    \"10.1\": 0.03094,\n    \"11.1-11.2\": 0.1444,\n    \"12.0\": 0.0722,\n    \"13.0\": 0.25785,\n    \"14.0\": 4.16692\n  },\n  I: {\n    \"0\": 0,\n    \"3\": 0,\n    \"4\": 0,\n    \"2.1\": 0,\n    \"2.2\": 0,\n    \"2.3\": 0,\n    \"4.1\": 0.00704,\n    \"4.2-4.3\": 0.01548,\n    \"4.4\": 0,\n    \"4.4.3-4.4.4\": 0.0746\n  },\n  K: {\n    _: \"0 10 11 12 11.1 11.5 12.1\"\n  },\n  A: {\n    \"6\": 0,\n    \"7\": 0,\n    \"8\": 0,\n    \"9\": 0,\n    \"10\": 0,\n    \"11\": 0.165,\n    \"5.5\": 0\n  },\n  J: {\n    \"7\": 0,\n    \"10\": 0\n  },\n  N: {\n    \"10\": 0,\n    \"11\": 0\n  },\n  R: {\n    _: \"0\"\n  },\n  M: {\n    \"0\": 0.39363\n  },\n  Q: {\n    \"10.4\": 0\n  },\n  O: {\n    \"0\": 0.06463\n  },\n  H: {\n    \"0\": 0.48946\n  },\n  L: {\n    \"0\": 61.248\n  },\n  S: {\n    \"2.5\": 0\n  }\n};","map":{"version":3,"sources":["C:/xampp/public_html/vamo/interface2/node_modules/caniuse-lite/data/regions/HR.js"],"names":["module","exports","C","D","F","G","E","_","B","P","I","K","A","J","N","R","M","Q","O","H","L","S"],