{"ast":null,"code":"module.exports = {\n  C: {\n    \"4\": 0.01151,\n    \"50\": 0.01151,\n    \"51\": 0.02877,\n    \"52\": 0.02877,\n    \"70\": 0.01726,\n    \"78\": 0.23016,\n    \"87\": 0.02877,\n    \"88\": 0.05179,\n    \"89\": 0.08056,\n    \"90\": 2.18077,\n    \"91\": 1.92759,\n    _: \"2 3 5 6 7 8 9 10 11 12 13 14 15 16 17 18 19 20 21 22 23 24 25 26 27 28 29 30 31 32 33 34 35 36 37 38 39 40 41 42 43 44 45 46 47 48 49 53 54 55 56 57 58 59 60 61 62 63 64 65 66 67 68 69 71 72 73 74 75 76 77 79 80 81 82 83 84 85 86 92 93 3.5 3.6\"\n  },\n  D: {\n    \"38\": 0.03452,\n    \"49\": 0.05179,\n    \"56\": 0.24742,\n    \"57\": 0.01726,\n    \"58\": 0.04603,\n    \"62\": 0.01151,\n    \"67\": 0.02302,\n    \"68\": 0.06329,\n    \"72\": 0.01726,\n    \"74\": 0.09782,\n    \"75\": 0.05754,\n    \"79\": 0.09206,\n    \"80\": 0.1496,\n    \"81\": 0.18988,\n    \"83\": 0.00575,\n    \"84\": 0.00575,\n    \"85\": 0.02302,\n    \"86\": 0.06329,\n    \"87\": 0.11508,\n    \"88\": 0.15536,\n    \"89\": 0.08056,\n    \"90\": 0.52937,\n    \"91\": 1.69743,\n    \"92\": 25.893,\n    _: \"4 5 6 7 8 9 10 11 12 13 14 15 16 17 18 19 20 21 22 23 24 25 26 27 28 29 30 31 32 33 34 35 36 37 39 40 41 42 43 44 45 46 47 48 50 51 52 53 54 55 59 60 61 63 64 65 66 69 70 71 73 76 77 78 93 94 95 96\"\n  },\n  F: {\n    \"44\": 0.01726,\n    \"74\": 0.01151,\n    \"77\": 2.03692,\n    \"78\": 0.39703,\n    _: \"9 11 12 15 16 17 18 19 20 21 22 23 24 25 26 27 28 29 30 31 32 33 34 35 36 37 38 39 40 41 42 43 45 46 47 48 49 50 51 52 53 54 55 56 57 58 60 62 63 64 65 66 67 68 69 70 71 72 73 75 76 9.5-9.6 10.5 10.6 11.1 11.5 11.6 12.1\",\n    \"10.0-10.1\": 0\n  },\n  G: {\n    \"8\": 0.01241,\n    \"3.2\": 0,\n    \"4.0-4.1\": 0,\n    \"4.2-4.3\": 0,\n    \"5.0-5.1\": 0,\n    \"6.0-6.1\": 0,\n    \"7.0-7.1\": 0.00414,\n    \"8.1-8.4\": 0,\n    \"9.0-9.2\": 0.0972,\n    \"9.3\": 0.06411,\n    \"10.0-10.2\": 0.24404,\n    \"10.3\": 0.28747,\n    \"11.0-11.2\": 0,\n    \"11.3-11.4\": 0.00414,\n    \"12.0-12.1\": 0.00414,\n    \"12.2-12.4\": 0.09513,\n    \"13.0-13.1\": 0,\n    \"13.2\": 0.01654,\n    \"13.3\": 0.01241,\n    \"13.4-13.7\": 0.2399,\n    \"14.0-14.4\": 1.81167,\n    \"14.5-14.7\": 17.28743\n  },\n  E: {\n    \"4\": 0,\n    \"10\": 0.04028,\n    \"13\": 0.38552,\n    \"14\": 1.53632,\n    \"15\": 0.03452,\n    _: \"0 5 6 7 8 9 11 12 3.1 3.2 5.1 6.1 7.1 9.1 10.1 11.1\",\n    \"12.1\": 0.24167,\n    \"13.1\": 0.6502,\n    \"14.1\": 5.8921\n  },\n  B: {\n    \"12\": 0.01151,\n    \"14\": 0.01151,\n    \"15\": 0.02302,\n    \"18\": 0.20139,\n    \"84\": 0.01151,\n    \"87\": 0.00575,\n    \"89\": 0.03452,\n    \"90\": 0.01151,\n    \"91\": 0.60992,\n    \"92\": 6.03595,\n    _: \"13 16 17 79 80 81 83 85 86 88 93\"\n  },\n  P: {\n    \"4\": 0.18212,\n    \"5.0-5.4\": 0.01036,\n    \"6.2-6.4\": 0.01036,\n    \"7.2-7.4\": 0.15534,\n    \"8.2\": 0.01026,\n    \"9.2\": 0.7392,\n    \"10.1\": 0.01071,\n    \"11.1-11.2\": 0.04285,\n    \"12.0\": 0.07249,\n    \"13.0\": 0.2464,\n    \"14.0\": 2.91395\n  },\n  I: {\n    \"0\": 0,\n    \"3\": 0,\n    \"4\": 0,\n    \"2.1\": 0,\n    \"2.2\": 0,\n    \"2.3\": 0.00138,\n    \"4.1\": 0.00275,\n    \"4.2-4.3\": 0,\n    \"4.4\": 0,\n    \"4.4.3-4.4.4\": 0.02134\n  },\n  K: {\n    _: \"0 10 11 12 11.1 11.5 12.1\"\n  },\n  A: {\n    \"11\": 3.53296,\n    _: \"6 7 8 9 10 5.5\"\n  },\n  J: {\n    \"7\": 0,\n    \"10\": 0\n  },\n  N: {\n    \"11\": 0.02439,\n    _: \"10\"\n  },\n  R: {\n    _: \"0\"\n  },\n  M: {\n    \"0\": 0.22499\n  },\n  Q: {\n    \"10.4\": 0\n  },\n  O: {\n    \"0\": 0.32687\n  },\n  H: {\n    \"0\": 0.15674\n  },\n  L: {\n    \"0\": 17.75435\n  },\n  S: {\n    \"2.5\": 0.00425\n  }\n};","map":{"version":3,"sources":["C:/xampp/public_html/vamo/interface2/node_modules/caniuse-lite/data/regions/GL.js"],"names":["module","exports","C","_","D","F","G","E","B","P","I","K","A","J","N","R","M","Q","O","H","L","S"],"mappings":"AAAAA,MAAM,CAACC,OAAP,GAAe;AAACC,EAAAA,CAAC,EAAC;AAAC,SAAI,OAAL;AAAa,UAAK,OAAlB;AAA0B,UAAK,OAA/B;AAAuC,UAAK,OAA5C;AAAoD,UAAK,OAAzD;AAAiE,UAAK,OAAtE;AAA8E,UAAK,OAAnF;AAA2F,UAAK,OAAhG;AAAwG,UAAK,OAA7G;AAAqH,UAAK,OAA1H;AAAkI,UAAK,OAAvI;AAA+IC,IAAAA,CAAC,EAAC;AAAjJ,GAAH;AAA2YC,EAAAA,CAAC,EAAC;AAAC,UAAK,OAAN;AAAc,UAAK,OAAnB;AAA2B,UAAK,OAAhC;AAAwC,UAAK,OAA7C;AAAqD,UAAK,OAA1D;AAAkE,UAAK,OAAvE;AAA+E,UAAK,OAApF;AAA4F,UAAK,OAAjG;AAAyG,UAAK,OAA9G;AAAsH,UAAK,OAA3H;AAAmI,UAAK,OAAxI;AAAgJ,UAAK,OAArJ;AAA6J,UAAK,MAAlK;AAAyK,UAAK,OAA9K;AAAsL,UAAK,OAA3L;AAAmM,UAAK,OAAxM;AAAgN,UAAK,OAArN;AAA6N,UAAK,OAAlO;AAA0O,UAAK,OAA/O;AAAuP,UAAK,OAA5P;AAAoQ,UAAK,OAAzQ;AAAiR,UAAK,OAAtR;AAA8R,UAAK,OAAnS;AAA2S,UAAK,MAAhT;AAAuTD,IAAAA,CAAC,EAAC;AAAzT,GAA7Y;AAA+4BE,EAAAA,CAAC,EAAC;AAAC,UAAK,OAAN;AAAc,UAAK,OAAnB;AAA2B,UAAK,OAAhC;AAAwC,UAAK,OAA7C;AAAqDF,IAAAA,CAAC,EAAC,6NAAvD;AAAqR,iBAAY;AAAjS,GAAj5B;AAAqrCG,EAAAA,CAAC,EAAC;AAAC,SAAI,OAAL;AAAa,WAAM,CAAnB;AAAqB,eAAU,CAA/B;AAAiC,eAAU,CAA3C;AAA6C,eAAU,CAAvD;AAAyD,eAAU,CAAnE;AAAqE,eAAU,OAA/E;AAAuF,eAAU,CAAjG;AAAmG,eAAU,MAA7G;AAAoH,WAAM,OAA1H;AAAkI,iBAAY,OAA9I;AAAsJ,YAAO,OAA7J;AAAqK,iBAAY,CAAjL;AAAmL,iBAAY,OAA/L;AAAuM,iBAAY,OAAnN;AAA2N,iBAAY,OAAvO;AAA+O,iBAAY,CAA3P;AAA6P,YAAO,OAApQ;AAA4Q,YAAO,OAAnR;AAA2R,iBAAY,MAAvS;AAA8S,iBAAY,OAA1T;AAAkU,iBAAY;AAA9U,GAAvrC;AAA+gDC,EAAAA,CAAC,EAAC;AAAC,SAAI,CAAL;AAAO,UAAK,OAAZ;AAAoB,UAAK,OAAzB;AAAiC,UAAK,OAAtC;AAA8C,UAAK,OAAnD;AAA2DJ,IAAAA,CAAC,EAAC,qDAA7D;AAAmH,YAAO,OAA1H;AAAkI,YAAO,MAAzI;AAAgJ,YAAO;AAAvJ,GAAjhD;AAAgrDK,EAAAA,CAAC,EAAC;AAAC,UAAK,OAAN;AAAc,UAAK,OAAnB;AAA2B,UAAK,OAAhC;AAAwC,UAAK,OAA7C;AAAqD,UAAK,OAA1D;AAAkE,UAAK,OAAvE;AAA+E,UAAK,OAApF;AAA4F,UAAK,OAAjG;AAAyG,UAAK,OAA9G;AAAsH,UAAK,OAA3H;AAAmIL,IAAAA,CAAC,EAAC;AAArI,GAAlrD;AAA21DM,EAAAA,CAAC,EAAC;AAAC,SAAI,OAAL;AAAa,eAAU,OAAvB;AAA+B,eAAU,OAAzC;AAAiD,eAAU,OAA3D;AAAmE,WAAM,OAAzE;AAAiF,WAAM,MAAvF;AAA8F,YAAO,OAArG;AAA6G,iBAAY,OAAzH;AAAiI,YAAO,OAAxI;AAAgJ,YAAO,MAAvJ;AAA8J,YAAO;AAArK,GAA71D;AAA2gEC,EAAAA,CAAC,EAAC;AAAC,SAAI,CAAL;AAAO,SAAI,CAAX;AAAa,SAAI,CAAjB;AAAmB,WAAM,CAAzB;AAA2B,WAAM,CAAjC;AAAmC,WAAM,OAAzC;AAAiD,WAAM,OAAvD;AAA+D,eAAU,CAAzE;AAA2E,WAAM,CAAjF;AAAmF,mBAAc;AAAjG,GAA7gE;AAAunEC,EAAAA,CAAC,EAAC;AAACR,IAAAA,CAAC,EAAC;AAAH,GAAznE;AAAypES,EAAAA,CAAC,EAAC;AAAC,UAAK,OAAN;AAAcT,IAAAA,CAAC,EAAC;AAAhB,GAA3pE;AAA6rEU,EAAAA,CAAC,EAAC;AAAC,SAAI,CAAL;AAAO,UAAK;AAAZ,GAA/rE;AAA8sEC,EAAAA,CAAC,EAAC;AAAC,UAAK,OAAN;AAAcX,IAAAA,CAAC,EAAC;AAAhB,GAAhtE;AAAsuEY,EAAAA,CAAC,EAAC;AAACZ,IAAAA,CAAC,EAAC;AAAH,GAAxuE;AAAgvEa,EAAAA,CAAC,EAAC;AAAC,SAAI;AAAL,GAAlvE;AAAgwEC,EAAAA,CAAC,EAAC;AAAC,YAAO;AAAR,GAAlwE;AAA6wEC,EAAAA,CAAC,EAAC;AAAC,SAAI;AAAL,GAA/wE;AAA6xEC,EAAAA,CAAC,EAAC;AAAC,SAAI;AAAL,GAA/xE;AAA6yEC,EAAAA,CAAC,EAAC;AAAC,SAAI;AAAL,GAA/yE;AAA8zEC,EAAAA,CAAC,EAAC;AAAC,WAAM;AAAP;AAAh0E,CAAf",