{"ast":null,"code":"module.exports = {\n  C: {\n    \"2\": 0,\n    \"3\": 0,\n    \"4\": 0,\n    \"5\": 0,\n    \"6\": 0,\n    \"7\": 0,\n    \"8\": 0,\n    \"9\": 0,\n    \"10\": 0,\n    \"11\": 0,\n    \"12\": 0,\n    \"13\": 0,\n    \"14\": 0,\n    \"15\": 0,\n    \"16\": 0,\n    \"17\": 0,\n    \"18\": 0,\n    \"19\": 0,\n    \"20\": 0,\n    \"21\": 0,\n    \"22\": 0,\n    \"23\": 0,\n    \"24\": 0,\n    \"25\": 0,\n    \"26\": 0.00238,\n    \"27\": 0,\n    \"28\": 0,\n    \"29\": 0,\n    \"30\": 0,\n    \"31\": 0,\n    \"32\": 0,\n    \"33\": 0,\n    \"34\": 0,\n    \"35\": 0,\n    \"36\": 0,\n    \"37\": 0,\n    \"38\": 0,\n    \"39\": 0,\n    \"40\": 0,\n    \"41\": 0,\n    \"42\": 0,\n    \"43\": 0,\n    \"44\": 0,\n    \"45\": 0,\n    \"46\": 0,\n    \"47\": 0.00475,\n    \"48\": 0,\n    \"49\": 0,\n    \"50\": 0,\n    \"51\": 0,\n    \"52\": 0.00238,\n    \"53\": 0,\n    \"54\": 0,\n    \"55\": 0,\n    \"56\": 0,\n    \"57\": 0,\n    \"58\": 0,\n    \"59\": 0,\n    \"60\": 0,\n    \"61\": 0,\n    \"62\": 0,\n    \"63\": 0,\n    \"64\": 0,\n    \"65\": 0,\n    \"66\": 0,\n    \"67\": 0,\n    \"68\": 0,\n    \"69\": 0,\n    \"70\": 0,\n    \"71\": 0,\n    \"72\": 0.01188,\n    \"73\": 0,\n    \"74\": 0,\n    \"75\": 0,\n    \"76\": 0,\n    \"77\": 0,\n    \"78\": 0,\n    \"79\": 0,\n    \"80\": 0,\n    \"81\": 0,\n    \"82\": 0,\n    \"83\": 0,\n    \"84\": 0.00475,\n    \"85\": 0.01188,\n    \"86\": 0,\n    \"87\": 0,\n    \"88\": 0.00713,\n    \"89\": 0.03563,\n    \"90\": 0.29688,\n    \"91\": 0.21375,\n    \"92\": 0,\n    \"93\": 0,\n    \"3.5\": 0,\n    \"3.6\": 0\n  },\n  D: {\n    \"4\": 0,\n    \"5\": 0,\n    \"6\": 0,\n    \"7\": 0,\n    \"8\": 0,\n    \"9\": 0,\n    \"10\": 0,\n    \"11\": 0,\n    \"12\": 0,\n    \"13\": 0,\n    \"14\": 0,\n    \"15\": 0,\n    \"16\": 0,\n    \"17\": 0,\n    \"18\": 0,\n    \"19\": 0,\n    \"20\": 0,\n    \"21\": 0,\n    \"22\": 0,\n    \"23\": 0,\n    \"24\": 0,\n    \"25\": 0,\n    \"26\": 0,\n    \"27\": 0,\n    \"28\": 0,\n    \"29\": 0,\n    \"30\": 0,\n    \"31\": 0,\n    \"32\": 0,\n    \"33\": 0,\n    \"34\": 0.00238,\n    \"35\": 0.00475,\n    \"36\": 0,\n    \"37\": 0,\n    \"38\": 0.00238,\n    \"39\": 0,\n    \"40\": 0,\n    \"41\": 0,\n    \"42\": 0,\n    \"43\": 0,\n    \"44\": 0,\n    \"45\": 0,\n    \"46\": 0,\n    \"47\": 0,\n    \"48\": 0,\n    \"49\": 0,\n    \"50\": 0,\n    \"51\": 0,\n    \"52\": 0,\n    \"53\": 0.00238,\n    \"54\": 0,\n    \"55\": 0.00238,\n    \"56\": 0.00713,\n    \"57\": 0,\n    \"58\": 0.00713,\n    \"59\": 0.00238,\n    \"60\": 0,\n    \"61\": 0,\n    \"62\": 0,\n    \"63\": 0,\n    \"64\": 0.00475,\n    \"65\": 0.00238,\n    \"66\": 0,\n    \"67\": 0.00238,\n    \"68\": 0,\n    \"69\": 0.00475,\n    \"70\": 0.00238,\n    \"71\": 0.02375,\n    \"72\": 0.00475,\n    \"73\": 0,\n    \"74\": 0.01663,\n    \"75\": 0,\n    \"76\": 0,\n    \"77\": 0.00713,\n    \"78\": 0,\n    \"79\": 0.00238,\n    \"80\": 0.00713,\n    \"81\": 0.03088,\n    \"83\": 0.00713,\n    \"84\": 0.00238,\n    \"85\": 0.00475,\n    \"86\": 0.00475,\n    \"87\": 0.21613,\n    \"88\": 0.0095,\n    \"89\": 0.019,\n    \"90\": 0.01188,\n    \"91\": 0.18288,\n    \"92\": 2.02588,\n    \"93\": 0.00238,\n    \"94\": 0,\n    \"95\": 0,\n    \"96\": 0\n  },\n  F: {\n    \"9\": 0,\n    \"11\": 0,\n    \"12\": 0,\n    \"15\": 0,\n    \"16\": 0,\n    \"17\": 0,\n    \"18\": 0.00238,\n    \"19\": 0,\n    \"20\": 0,\n    \"21\": 0,\n    \"22\": 0,\n    \"23\": 0,\n    \"24\": 0,\n    \"25\": 0,\n    \"26\": 0,\n    \"27\": 0,\n    \"28\": 0,\n    \"29\": 0,\n    \"30\": 0,\n    \"31\": 0,\n    \"32\": 0,\n    \"33\": 0,\n    \"34\": 0,\n    \"35\": 0,\n    \"36\": 0,\n    \"37\": 0.00238,\n    \"38\": 0,\n    \"39\": 0,\n    \"40\": 0,\n    \"41\": 0,\n    \"42\": 0.00713,\n    \"43\": 0,\n    \"44\": 0,\n    \"45\": 0,\n    \"46\": 0,\n    \"47\": 0,\n    \"48\": 0,\n    \"49\": 0,\n    \"50\": 0,\n    \"51\": 0,\n    \"52\": 0,\n    \"53\": 0,\n    \"54\": 0,\n    \"55\": 0,\n    \"56\": 0,\n    \"57\": 0,\n    \"58\": 0.00238,\n    \"60\": 0,\n    \"62\": 0,\n    \"63\": 0,\n    \"64\": 0,\n    \"65\": 0,\n    \"66\": 0,\n    \"67\": 0,\n    \"68\": 0,\n    \"69\": 0,\n    \"70\": 0,\n    \"71\": 0,\n    \"72\": 0,\n    \"73\": 0,\n    \"74\": 0,\n    \"75\": 0.00238,\n    \"76\": 0,\n    \"77\": 0.07363,\n    \"78\": 0.02138,\n    \"9.5-9.6\": 0,\n    \"10.0-10.1\": 0,\n    \"10.5\": 0,\n    \"10.6\": 0,\n    \"11.1\": 0,\n    \"11.5\": 0,\n    \"11.6\": 0,\n    \"12.1\": 0\n  },\n  G: {\n    \"8\": 0,\n    \"3.2\": 0,\n    \"4.0-4.1\": 0,\n    \"4.2-4.3\": 0,\n    \"5.0-5.1\": 0.00962,\n    \"6.0-6.1\": 0,\n    \"7.0-7.1\": 0.05532,\n    \"8.1-8.4\": 0.00481,\n    \"9.0-9.2\": 0.01924,\n    \"9.3\": 0.15794,\n    \"10.0-10.2\": 0.01203,\n    \"10.3\": 0.09541,\n    \"11.0-11.2\": 0.20604,\n    \"11.3-11.4\": 0.17718,\n    \"12.0-12.1\": 0.00722,\n    \"12.2-12.4\": 0.18921,\n    \"13.0-13.1\": 0.81856,\n    \"13.2\": 0.00241,\n    \"13.3\": 0.08578,\n    \"13.4-13.7\": 0.16836,\n    \"14.0-14.4\": 1.1152,\n    \"14.5-14.7\": 4.42554\n  },\n  E: {\n    \"4\": 0,\n    \"5\": 0,\n    \"6\": 0,\n    \"7\": 0,\n    \"8\": 0,\n    \"9\": 0,\n    \"10\": 0.00238,\n    \"11\": 0,\n    \"12\": 0,\n    \"13\": 0.00238,\n    \"14\": 0.01663,\n    \"15\": 0,\n    _: \"0\",\n    \"3.1\": 0,\n    \"3.2\": 0,\n    \"5.1\": 0,\n    \"6.1\": 0,\n    \"7.1\": 0,\n    \"9.1\": 0,\n    \"10.1\": 0,\n    \"11.1\": 0,\n    \"12.1\": 0.00238,\n    \"13.1\": 0,\n    \"14.1\": 0.0285\n  },\n  B: {\n    \"12\": 0.00713,\n    \"13\": 0.00475,\n    \"14\": 0.00713,\n    \"15\": 0.00475,\n    \"16\": 0,\n    \"17\": 0,\n    \"18\": 0.00713,\n    \"79\": 0,\n    \"80\": 0,\n    \"81\": 0,\n    \"83\": 0,\n    \"84\": 0.0095,\n    \"85\": 0.00238,\n    \"86\": 0,\n    \"87\": 0,\n    \"88\": 0,\n    \"89\": 0.00713,\n    \"90\": 0,\n    \"91\": 0.02613,\n    \"92\": 0.52725,\n    \"93\": 0\n  },\n  P: {\n    \"4\": 0.56334,\n    \"5.0-5.4\": 0.05121,\n    \"6.2-6.4\": 0.02049,\n    \"7.2-7.4\": 0.51213,\n    \"8.2\": 0,\n    \"9.2\": 0.10243,\n    \"10.1\": 0.04097,\n    \"11.1-11.2\": 0.70674,\n    \"12.0\": 0.02049,\n    \"13.0\": 0.11267,\n    \"14.0\": 0.61455\n  },\n  I: {\n    \"0\": 0,\n    \"3\": 0,\n    \"4\": 0,\n    \"2.1\": 0,\n    \"2.2\": 0,\n    \"2.3\": 0,\n    \"4.1\": 0.03684,\n    \"4.2-4.3\": 0.06068,\n    \"4.4\": 0,\n    \"4.4.3-4.4.4\": 0.5071\n  },\n  K: {\n    _: \"0 10 11 12 11.1 11.5 12.1\"\n  },\n  A: {\n    \"6\": 0,\n    \"7\": 0,\n    \"8\": 0,\n    \"9\": 0,\n    \"10\": 0,\n    \"11\": 0.01425,\n    \"5.5\": 0\n  },\n  J: {\n    \"7\": 0,\n    \"10\": 0\n  },\n  N: {\n    \"10\": 0,\n    \"11\": 0.01525\n  },\n  R: {\n    _: \"0\"\n  },\n  M: {\n    \"0\": 0.13725\n  },\n  Q: {\n    \"10.4\": 0\n  },\n  O: {\n    \"0\": 0.25925\n  },\n  H: {\n    \"0\": 0.54863\n  },\n  L: {\n    \"0\": 83.08875\n  },\n  S: {\n    \"2.5\": 0\n  }\n};","map":{"version":3,"sources":["C:/xampp/public_html/vamo/interface2/node_modules/caniuse-lite/data/regions/KM.js"],"names":["module","exports","C","D","F","G","E","_","B","P","I","K","A","J","N","R","M","Q","O","H","L","S"],