{"ast":null,"code":"module.exports = {\n  C: {\n    \"34\": 0.00654,\n    \"36\": 0.00327,\n    \"43\": 0.08499,\n    \"47\": 0.00654,\n    \"48\": 0.00327,\n    \"52\": 0.0523,\n    \"56\": 0.01308,\n    \"60\": 0.00327,\n    \"66\": 0.00327,\n    \"68\": 0.00327,\n    \"72\": 0.00981,\n    \"78\": 0.03269,\n    \"79\": 0.00327,\n    \"80\": 0.00327,\n    \"81\": 0.00327,\n    \"82\": 0.00327,\n    \"83\": 0.00327,\n    \"84\": 0.00981,\n    \"85\": 0.00654,\n    \"86\": 0.00654,\n    \"87\": 0.00981,\n    \"88\": 0.02288,\n    \"89\": 0.0523,\n    \"90\": 0.55246,\n    \"91\": 0.81398,\n    \"92\": 0.03269,\n    _: \"2 3 4 5 6 7 8 9 10 11 12 13 14 15 16 17 18 19 20 21 22 23 24 25 26 27 28 29 30 31 32 33 35 37 38 39 40 41 42 44 45 46 49 50 51 53 54 55 57 58 59 61 62 63 64 65 67 69 70 71 73 74 75 76 77 93 3.5 3.6\"\n  },\n  D: {\n    \"11\": 0.00327,\n    \"22\": 0.01308,\n    \"25\": 0.00327,\n    \"26\": 0.00654,\n    \"34\": 0.01308,\n    \"35\": 0.00654,\n    \"38\": 0.03596,\n    \"42\": 0.00654,\n    \"43\": 0.00327,\n    \"47\": 0.01308,\n    \"48\": 0.00654,\n    \"49\": 0.12422,\n    \"50\": 0.00327,\n    \"51\": 0.00327,\n    \"53\": 0.02615,\n    \"55\": 0.01308,\n    \"56\": 0.00981,\n    \"57\": 0.00981,\n    \"58\": 0.00654,\n    \"59\": 0.00654,\n    \"60\": 0.00327,\n    \"61\": 0.02942,\n    \"62\": 0.01308,\n    \"63\": 0.01961,\n    \"64\": 0.00654,\n    \"65\": 0.01308,\n    \"66\": 0.00654,\n    \"67\": 0.01308,\n    \"68\": 0.01308,\n    \"69\": 0.07846,\n    \"70\": 0.05884,\n    \"71\": 0.02615,\n    \"72\": 0.03923,\n    \"73\": 0.01961,\n    \"74\": 0.10134,\n    \"75\": 0.03596,\n    \"76\": 0.01961,\n    \"77\": 0.01961,\n    \"78\": 0.03596,\n    \"79\": 0.15037,\n    \"80\": 0.04904,\n    \"81\": 0.03923,\n    \"83\": 0.05557,\n    \"84\": 0.04904,\n    \"85\": 0.04577,\n    \"86\": 0.07519,\n    \"87\": 0.1798,\n    \"88\": 0.07846,\n    \"89\": 0.10134,\n    \"90\": 0.15364,\n    \"91\": 0.77148,\n    \"92\": 20.45413,\n    \"93\": 0.02942,\n    \"94\": 0.01961,\n    _: \"4 5 6 7 8 9 10 12 13 14 15 16 17 18 19 20 21 23 24 27 28 29 30 31 32 33 36 37 39 40 41 44 45 46 52 54 95 96\"\n  },\n  F: {\n    \"28\": 0.00327,\n    \"36\": 0.00981,\n    \"40\": 0.00654,\n    \"46\": 0.01635,\n    \"77\": 0.22556,\n    \"78\": 0.19614,\n    _: \"9 11 12 15 16 17 18 19 20 21 22 23 24 25 26 27 29 30 31 32 33 34 35 37 38 39 41 42 43 44 45 47 48 49 50 51 52 53 54 55 56 57 58 60 62 63 64 65 66 67 68 69 70 71 72 73 74 75 76 9.5-9.6 10.5 10.6 11.1 11.5 11.6 12.1\",\n    \"10.0-10.1\": 0\n  },\n  G: {\n    \"8\": 0.00098,\n    \"3.2\": 0,\n    \"4.0-4.1\": 0,\n    \"4.2-4.3\": 0.00491,\n    \"5.0-5.1\": 0.00785,\n    \"6.0-6.1\": 0.00981,\n    \"7.0-7.1\": 0.03435,\n    \"8.1-8.4\": 0.0157,\n    \"9.0-9.2\": 0.02355,\n    \"9.3\": 0.10206,\n    \"10.0-10.2\": 0.03729,\n    \"10.3\": 0.11384,\n    \"11.0-11.2\": 0.09519,\n    \"11.3-11.4\": 0.05005,\n    \"12.0-12.1\": 0.06575,\n    \"12.2-12.4\": 0.16978,\n    \"13.0-13.1\": 0.05594,\n    \"13.2\": 0.02355,\n    \"13.3\": 0.12267,\n    \"13.4-13.7\": 0.38765,\n    \"14.0-14.4\": 1.58787,\n    \"14.5-14.7\": 6.40154\n  },\n  E: {\n    \"4\": 0,\n    \"8\": 0.00327,\n    \"11\": 0.00327,\n    \"12\": 0.00654,\n    \"13\": 0.04577,\n    \"14\": 0.27787,\n    \"15\": 0.00981,\n    _: \"0 5 6 7 9 10 3.1 3.2 6.1 7.1 9.1\",\n    \"5.1\": 0.02288,\n    \"10.1\": 0.00654,\n    \"11.1\": 0.01635,\n    \"12.1\": 0.02942,\n    \"13.1\": 0.14711,\n    \"14.1\": 1.27164\n  },\n  B: {\n    \"12\": 0.00327,\n    \"14\": 0.00327,\n    \"15\": 0.00327,\n    \"16\": 0.00654,\n    \"17\": 0.00981,\n    \"18\": 0.03596,\n    \"84\": 0.00654,\n    \"85\": 0.00654,\n    \"86\": 0.00327,\n    \"87\": 0.00327,\n    \"89\": 0.01635,\n    \"90\": 0.00981,\n    \"91\": 0.04904,\n    \"92\": 2.06601,\n    _: \"13 79 80 81 83 88 93\"\n  },\n  P: {\n    \"4\": 0.40114,\n    \"5.0-5.4\": 0,\n    \"6.2-6.4\": 0.01029,\n    \"7.2-7.4\": 0.10286,\n    \"8.2\": 0,\n    \"9.2\": 0.072,\n    \"10.1\": 0.03086,\n    \"11.1-11.2\": 0.144,\n    \"12.0\": 0.08228,\n    \"13.0\": 0.24685,\n    \"14.0\": 1.95427\n  },\n  I: {\n    \"0\": 0,\n    \"3\": 0.03483,\n    \"4\": 0,\n    \"2.1\": 0,\n    \"2.2\": 0,\n    \"2.3\": 0,\n    \"4.1\": 0.02322,\n    \"4.2-4.3\": 0.09289,\n    \"4.4\": 0,\n    \"4.4.3-4.4.4\": 0.48186\n  },\n  K: {\n    _: \"0 10 11 12 11.1 11.5 12.1\"\n  },\n  A: {\n    \"8\": 0.02275,\n    \"9\": 0.01516,\n    \"10\": 0.00758,\n    \"11\": 1.04635,\n    _: \"6 7 5.5\"\n  },\n  J: {\n    \"7\": 0,\n    \"10\": 0\n  },\n  N: {\n    \"10\": 0,\n    \"11\": 0\n  },\n  R: {\n    _: \"0\"\n  },\n  M: {\n    \"0\": 0.17503\n  },\n  Q: {\n    \"10.4\": 0.37699\n  },\n  O: {\n    \"0\": 2.1879\n  },\n  H: {\n    \"0\": 1.2938\n  },\n  L: {\n    \"0\": 50.71161\n  },\n  S: {\n    \"2.5\": 0.24235\n  }\n};","map":{"version":3,"sources":["C:/xampp/public_html/vamo/interface2/node_modules/caniuse-lite/data/regions/alt-as.js"],"names":["module","exports","C","_","D","F","G","E","B","P","I","K","A","J","N","R","M","Q","O","H","L","S"],