{"ast":null,"code":"module.exports = {\n  C: {\n    \"38\": 0.00345,\n    \"52\": 0.01036,\n    \"83\": 0.00345,\n    \"85\": 0.0069,\n    \"87\": 0.00345,\n    \"88\": 0.00345,\n    \"89\": 0.03107,\n    \"90\": 0.5109,\n    \"91\": 0.80777,\n    _: \"2 3 4 5 6 7 8 9 10 11 12 13 14 15 16 17 18 19 20 21 22 23 24 25 26 27 28 29 30 31 32 33 34 35 36 37 39 40 41 42 43 44 45 46 47 48 49 50 51 53 54 55 56 57 58 59 60 61 62 63 64 65 66 67 68 69 70 71 72 73 74 75 76 77 78 79 80 81 82 84 86 92 93 3.5 3.6\"\n  },\n  D: {\n    \"11\": 0.04488,\n    \"34\": 0.0069,\n    \"47\": 0.06214,\n    \"49\": 0.0069,\n    \"50\": 0.00345,\n    \"58\": 0.0069,\n    \"59\": 0.02071,\n    \"60\": 0.0069,\n    \"63\": 0.01036,\n    \"64\": 0.0069,\n    \"65\": 0.0069,\n    \"67\": 0.0069,\n    \"68\": 0.02416,\n    \"69\": 0.01036,\n    \"70\": 0.01726,\n    \"71\": 0.02071,\n    \"73\": 0.0069,\n    \"74\": 0.07594,\n    \"75\": 0.04142,\n    \"76\": 0.04142,\n    \"77\": 0.11046,\n    \"78\": 0.0069,\n    \"79\": 0.11046,\n    \"80\": 0.02071,\n    \"81\": 0.04142,\n    \"83\": 0.02762,\n    \"84\": 0.02071,\n    \"85\": 0.01036,\n    \"86\": 0.03452,\n    \"87\": 0.14844,\n    \"88\": 0.01381,\n    \"89\": 0.03452,\n    \"90\": 0.15534,\n    \"91\": 1.09428,\n    \"92\": 18.0298,\n    \"93\": 0.04833,\n    \"94\": 0.01036,\n    _: \"4 5 6 7 8 9 10 12 13 14 15 16 17 18 19 20 21 22 23 24 25 26 27 28 29 30 31 32 33 35 36 37 38 39 40 41 42 43 44 45 46 48 51 52 53 54 55 56 57 61 62 66 72 95 96\"\n  },\n  F: {\n    \"28\": 0.04833,\n    \"75\": 0.02416,\n    \"77\": 0.35556,\n    \"78\": 0.26926,\n    _: \"9 11 12 15 16 17 18 19 20 21 22 23 24 25 26 27 29 30 31 32 33 34 35 36 37 38 39 40 41 42 43 44 45 46 47 48 49 50 51 52 53 54 55 56 57 58 60 62 63 64 65 66 67 68 69 70 71 72 73 74 76 9.5-9.6 10.5 10.6 11.1 11.5 11.6 12.1\",\n    \"10.0-10.1\": 0\n  },\n  G: {\n    \"8\": 0,\n    \"3.2\": 0,\n    \"4.0-4.1\": 0,\n    \"4.2-4.3\": 0,\n    \"5.0-5.1\": 0.08386,\n    \"6.0-6.1\": 0,\n    \"7.0-7.1\": 0.47716,\n    \"8.1-8.4\": 0.00289,\n    \"9.0-9.2\": 0.00096,\n    \"9.3\": 0.12242,\n    \"10.0-10.2\": 0.00193,\n    \"10.3\": 0.10025,\n    \"11.0-11.2\": 0.03663,\n    \"11.3-11.4\": 0.02603,\n    \"12.0-12.1\": 0.01253,\n    \"12.2-12.4\": 0.06169,\n    \"13.0-13.1\": 0.00578,\n    \"13.2\": 0.00578,\n    \"13.3\": 0.08676,\n    \"13.4-13.7\": 0.38847,\n    \"14.0-14.4\": 0.71525,\n    \"14.5-14.7\": 6.88164\n  },\n  E: {\n    \"4\": 0,\n    \"13\": 0.02071,\n    \"14\": 0.12082,\n    _: \"0 5 6 7 8 9 10 11 12 15 3.1 3.2 6.1 7.1 9.1\",\n    \"5.1\": 0.01381,\n    \"10.1\": 0.01726,\n    \"11.1\": 0.00345,\n    \"12.1\": 0.01036,\n    \"13.1\": 0.70421,\n    \"14.1\": 1.15642\n  },\n  B: {\n    \"12\": 0.00345,\n    \"13\": 0.0069,\n    \"14\": 0.00345,\n    \"15\": 0.01036,\n    \"16\": 0.01381,\n    \"17\": 0.02071,\n    \"18\": 0.24164,\n    \"80\": 0.01036,\n    \"81\": 0.03797,\n    \"84\": 0.01381,\n    \"85\": 0.0069,\n    \"86\": 0.01036,\n    \"87\": 0.04488,\n    \"88\": 0.00345,\n    \"89\": 0.03797,\n    \"90\": 0.03107,\n    \"91\": 0.11046,\n    \"92\": 4.60842,\n    _: \"79 83 93\"\n  },\n  P: {\n    \"4\": 0.44477,\n    \"5.0-5.4\": 0.01036,\n    \"6.2-6.4\": 0.01036,\n    \"7.2-7.4\": 0.26035,\n    \"8.2\": 0.01026,\n    \"9.2\": 0.17357,\n    \"10.1\": 0.15187,\n    \"11.1-11.2\": 0.49901,\n    \"12.0\": 0.07594,\n    \"13.0\": 0.21696,\n    \"14.0\": 4.78398\n  },\n  I: {\n    \"0\": 0,\n    \"3\": 0,\n    \"4\": 0.01749,\n    \"2.1\": 0,\n    \"2.2\": 0,\n    \"2.3\": 0,\n    \"4.1\": 0,\n    \"4.2-4.3\": 0.00875,\n    \"4.4\": 0,\n    \"4.4.3-4.4.4\": 0.13746\n  },\n  K: {\n    _: \"0 10 11 12 11.1 11.5 12.1\"\n  },\n  A: {\n    \"9\": 0.07578,\n    \"10\": 0.03789,\n    \"11\": 0.40414,\n    _: \"6 7 8 5.5\"\n  },\n  J: {\n    \"7\": 0,\n    \"10\": 0.01964\n  },\n  N: {\n    \"11\": 0.02439,\n    _: \"10\"\n  },\n  R: {\n    _: \"0\"\n  },\n  M: {\n    \"0\": 0.13096\n  },\n  Q: {\n    \"10.4\": 0.1506\n  },\n  O: {\n    \"0\": 1.159\n  },\n  H: {\n    \"0\": 0.29136\n  },\n  L: {\n    \"0\": 51.48757\n  },\n  S: {\n    \"2.5\": 0\n  }\n};","map":{"version":3,"sources":["C:/xampp/public_html/vamo/interface2/node_modules/caniuse-lite/data/regions/GY.js"],"names":["module","exports","C","_","D","F","G","E","B","P","I","K","A","J","N","R","M","Q","O","H","L","S"],"mappings":"AAAAA,MAAM,CAACC,OAAP,GAAe;AAACC,EAAAA,CAAC,EAAC;AAAC,UAAK,OAAN;AAAc,UAAK,OAAnB;AAA2B,UAAK,OAAhC;AAAwC,UAAK,MAA7C;AAAoD,UAAK,OAAzD;AAAiE,UAAK,OAAtE;AAA8E,UAAK,OAAnF;AAA2F,UAAK,MAAhG;AAAuG,UAAK,OAA5G;AAAoHC,IAAAA,CAAC,EAAC;AAAtH,GAAH;AAAqXC,EAAAA,CAAC,EAAC;AAAC,UAAK,OAAN;AAAc,UAAK,MAAnB;AAA0B,UAAK,OAA/B;AAAuC,UAAK,MAA5C;AAAmD,UAAK,OAAxD;AAAgE,UAAK,MAArE;AAA4E,UAAK,OAAjF;AAAyF,UAAK,MAA9F;AAAqG,UAAK,OAA1G;AAAkH,UAAK,MAAvH;AAA8H,UAAK,MAAnI;AAA0I,UAAK,MAA/I;AAAsJ,UAAK,OAA3J;AAAmK,UAAK,OAAxK;AAAgL,UAAK,OAArL;AAA6L,UAAK,OAAlM;AAA0M,UAAK,MAA/M;AAAsN,UAAK,OAA3N;AAAmO,UAAK,OAAxO;AAAgP,UAAK,OAArP;AAA6P,UAAK,OAAlQ;AAA0Q,UAAK,MAA/Q;AAAsR,UAAK,OAA3R;AAAmS,UAAK,OAAxS;AAAgT,UAAK,OAArT;AAA6T,UAAK,OAAlU;AAA0U,UAAK,OAA/U;AAAuV,UAAK,OAA5V;AAAoW,UAAK,OAAzW;AAAiX,UAAK,OAAtX;AAA8X,UAAK,OAAnY;AAA2Y,UAAK,OAAhZ;AAAwZ,UAAK,OAA7Z;AAAqa,UAAK,OAA1a;AAAkb,UAAK,OAAvb;AAA+b,UAAK,OAApc;AAA4c,UAAK,OAAjd;AAAydD,IAAAA,CAAC,EAAC;AAA3d,GAAvX;AAAo/BE,EAAAA,CAAC,EAAC;AAAC,UAAK,OAAN;AAAc,UAAK,OAAnB;AAA2B,UAAK,OAAhC;AAAwC,UAAK,OAA7C;AAAqDF,IAAAA,CAAC,EAAC,6NAAvD;AAAqR,iBAAY;AAAjS,GAAt/B;AAA0xCG,EAAAA,CAAC,EAAC;AAAC,SAAI,CAAL;AAAO,WAAM,CAAb;AAAe,eAAU,CAAzB;AAA2B,eAAU,CAArC;AAAuC,eAAU,OAAjD;AAAyD,eAAU,CAAnE;AAAqE,eAAU,OAA/E;AAAuF,eAAU,OAAjG;AAAyG,eAAU,OAAnH;AAA2H,WAAM,OAAjI;AAAyI,iBAAY,OAArJ;AAA6J,YAAO,OAApK;AAA4K,iBAAY,OAAxL;AAAgM,iBAAY,OAA5M;AAAoN,iBAAY,OAAhO;AAAwO,iBAAY,OAApP;AAA4P,iBAAY,OAAxQ;AAAgR,YAAO,OAAvR;AAA+R,YAAO,OAAtS;AAA8S,iBAAY,OAA1T;AAAkU,iBAAY,OAA9U;AAAsV,iBAAY;AAAlW,GAA5xC;AAAuoDC,EAAAA,CAAC,EAAC;AAAC,SAAI,CAAL;AAAO,UAAK,OAAZ;AAAoB,UAAK,OAAzB;AAAiCJ,IAAAA,CAAC,EAAC,6CAAnC;AAAiF,WAAM,OAAvF;AAA+F,YAAO,OAAtG;AAA8G,YAAO,OAArH;AAA6H,YAAO,OAApI;AAA4I,YAAO,OAAnJ;AAA2J,YAAO;AAAlK,GAAzoD;AAAozDK,EAAAA,CAAC,EAAC;AAAC,UAAK,OAAN;AAAc,UAAK,MAAnB;AAA0B,UAAK,OAA/B;AAAuC,UAAK,OAA5C;AAAoD,UAAK,OAAzD;AAAiE,UAAK,OAAtE;AAA8E,UAAK,OAAnF;AAA2F,UAAK,OAAhG;AAAwG,UAAK,OAA7G;AAAqH,UAAK,OAA1H;AAAkI,UAAK,MAAvI;AAA8I,UAAK,OAAnJ;AAA2J,UAAK,OAAhK;AAAwK,UAAK,OAA7K;AAAqL,UAAK,OAA1L;AAAkM,UAAK,OAAvM;AAA+M,UAAK,OAApN;AAA4N,UAAK,OAAjO;AAAyOL,IAAAA,CAAC,EAAC;AAA3O,GAAtzD;AAA6iEM,EAAAA,CAAC,EAAC;AAAC,SAAI,OAAL;AAAa,eAAU,OAAvB;AAA+B,eAAU,OAAzC;AAAiD,eAAU,OAA3D;AAAmE,WAAM,OAAzE;AAAiF,WAAM,OAAvF;AAA+F,YAAO,OAAtG;AAA8G,iBAAY,OAA1H;AAAkI,YAAO,OAAzI;AAAiJ,YAAO,OAAxJ;AAAgK,YAAO;AAAvK,GAA/iE;AAA+tEC,EAAAA,CAAC,EAAC;AAAC,SAAI,CAAL;AAAO,SAAI,CAAX;AAAa,SAAI,OAAjB;AAAyB,WAAM,CAA/B;AAAiC,WAAM,CAAvC;AAAyC,WAAM,CAA/C;AAAiD,WAAM,CAAvD;AAAyD,eAAU,OAAnE;AAA2E,WAAM,CAAjF;AAAmF,mBAAc;AAAjG,GAAjuE;AAA20EC,EAAAA,CAAC,EAAC;AAACR,IAAAA,CAAC,EAAC;AAAH,GAA70E;AAA62ES,EAAAA,CAAC,EAAC;AAAC,SAAI,OAAL;AAAa,UAAK,OAAlB;AAA0B,UAAK,OAA/B;AAAuCT,IAAAA,CAAC,EAAC;AAAzC,GAA/2E;AAAq6EU,EAAAA,CAAC,EAAC;AAAC,SAAI,CAAL;AAAO,UAAK;AAAZ,GAAv6E;AAA47EC,EAAAA,CAAC,EAAC;AAAC,UAAK,OAAN;AAAcX,IAAAA,CAAC,EAAC;AAAhB,GAA97E;AAAo9EY,EAAAA,CAAC,EAAC;AAACZ,IAAAA,CAAC,EAAC;AAAH,GAAt9E;AAA89Ea,EAAAA,CAAC,EAAC;AAAC,SAAI;AAAL,GAAh+E;AAA8+EC,EAAAA,CAAC,EAAC;AAAC,YAAO;AAAR,GAAh/E;AAAggFC,EAAAA,CAAC,EAAC;AAAC,SAAI;AAAL,GAAlgF;AAA8gFC,EAAAA,CAAC,EAAC;AAAC,SAAI;AAAL,GAAhhF;AAA8hFC,EAAAA,CAAC,EAAC;AAAC,SAAI;AAAL,GAAhiF;AAA+iFC,EAAAA,CAAC,EAAC;AAAC,WAAM;AAAP;AAAjjF,CAAf",