{"ast":null,"code":"module.exports = {\n  C: {\n    \"29\": 0.01195,\n    \"32\": 0.00796,\n    \"43\": 0.00796,\n    \"45\": 0.01195,\n    \"47\": 0.00796,\n    \"48\": 0.01195,\n    \"52\": 0.03982,\n    \"66\": 0.01195,\n    \"68\": 0.00796,\n    \"72\": 0.00398,\n    \"73\": 0.02389,\n    \"78\": 0.03186,\n    \"80\": 0.00796,\n    \"81\": 0.01195,\n    \"82\": 0.00398,\n    \"83\": 0.00796,\n    \"84\": 0.00796,\n    \"86\": 0.01593,\n    \"88\": 0.05177,\n    \"89\": 0.06769,\n    \"90\": 0.87604,\n    \"91\": 1.36184,\n    \"92\": 0.03584,\n    _: \"2 3 4 5 6 7 8 9 10 11 12 13 14 15 16 17 18 19 20 21 22 23 24 25 26 27 28 30 31 33 34 35 36 37 38 39 40 41 42 44 46 49 50 51 53 54 55 56 57 58 59 60 61 62 63 64 65 67 69 70 71 74 75 76 77 79 85 87 93 3.5 3.6\"\n  },\n  D: {\n    \"26\": 0.00796,\n    \"34\": 0.00398,\n    \"38\": 0.06371,\n    \"47\": 0.12344,\n    \"49\": 0.32652,\n    \"50\": 0.00398,\n    \"53\": 0.01593,\n    \"55\": 0.07566,\n    \"56\": 0.02389,\n    \"60\": 0.01195,\n    \"62\": 0.02389,\n    \"63\": 0.00796,\n    \"64\": 0.03186,\n    \"65\": 0.01593,\n    \"66\": 0.00796,\n    \"67\": 0.03584,\n    \"68\": 0.00398,\n    \"70\": 0.0438,\n    \"71\": 0.00796,\n    \"72\": 0.03186,\n    \"73\": 0.01991,\n    \"74\": 0.02787,\n    \"75\": 0.04778,\n    \"78\": 0.00796,\n    \"79\": 0.21503,\n    \"80\": 0.03186,\n    \"81\": 0.09955,\n    \"83\": 0.02389,\n    \"84\": 0.03186,\n    \"85\": 0.01593,\n    \"86\": 0.03186,\n    \"87\": 0.11548,\n    \"88\": 0.19512,\n    \"89\": 0.05177,\n    \"90\": 0.15132,\n    \"91\": 0.884,\n    \"92\": 25.36932,\n    \"93\": 0.10751,\n    \"94\": 0.03186,\n    \"95\": 0.00398,\n    _: \"4 5 6 7 8 9 10 11 12 13 14 15 16 17 18 19 20 21 22 23 24 25 27 28 29 30 31 32 33 35 36 37 39 40 41 42 43 44 45 46 48 51 52 54 57 58 59 61 69 76 77 96\"\n  },\n  F: {\n    \"28\": 0.01195,\n    \"36\": 0.01195,\n    \"46\": 0.01593,\n    \"77\": 0.37033,\n    \"78\": 0.38227,\n    _: \"9 11 12 15 16 17 18 19 20 21 22 23 24 25 26 27 29 30 31 32 33 34 35 37 38 39 40 41 42 43 44 45 47 48 49 50 51 52 53 54 55 56 57 58 60 62 63 64 65 66 67 68 69 70 71 72 73 74 75 76 9.5-9.6 10.5 10.6 11.1 11.5 11.6 12.1\",\n    \"10.0-10.1\": 0\n  },\n  G: {\n    \"8\": 0,\n    \"3.2\": 0,\n    \"4.0-4.1\": 0,\n    \"4.2-4.3\": 0.00149,\n    \"5.0-5.1\": 0,\n    \"6.0-6.1\": 0.0134,\n    \"7.0-7.1\": 0.15777,\n    \"8.1-8.4\": 0.02233,\n    \"9.0-9.2\": 0.01935,\n    \"9.3\": 0.53286,\n    \"10.0-10.2\": 0.01637,\n    \"10.3\": 0.29173,\n    \"11.0-11.2\": 0.06251,\n    \"11.3-11.4\": 0.05805,\n    \"12.0-12.1\": 0.08335,\n    \"12.2-12.4\": 0.1801,\n    \"13.0-13.1\": 0.03572,\n    \"13.2\": 0.02828,\n    \"13.3\": 0.24857,\n    \"13.4-13.7\": 0.41527,\n    \"14.0-14.4\": 1.75635,\n    \"14.5-14.7\": 9.73734\n  },\n  E: {\n    \"4\": 0,\n    \"10\": 0.01195,\n    \"11\": 0.00398,\n    \"12\": 0.01991,\n    \"13\": 0.15928,\n    \"14\": 0.7526,\n    \"15\": 0.01195,\n    _: \"0 5 6 7 8 9 3.1 3.2 5.1 6.1 7.1\",\n    \"9.1\": 0.12742,\n    \"10.1\": 0.03982,\n    \"11.1\": 0.07566,\n    \"12.1\": 0.0876,\n    \"13.1\": 0.39422,\n    \"14.1\": 3.0741\n  },\n  B: {\n    \"14\": 0.01195,\n    \"17\": 0.01593,\n    \"18\": 0.05575,\n    \"89\": 0.00796,\n    \"90\": 0.01195,\n    \"91\": 0.03982,\n    \"92\": 2.13037,\n    _: \"12 13 15 16 79 80 81 83 84 85 86 87 88 93\"\n  },\n  P: {\n    \"4\": 0.56993,\n    \"5.0-5.4\": 0.01016,\n    \"6.2-6.4\": 0.02058,\n    \"7.2-7.4\": 0.04222,\n    \"8.2\": 0.02077,\n    \"9.2\": 0.02111,\n    \"10.1\": 0.02111,\n    \"11.1-11.2\": 0.09499,\n    \"12.0\": 0.04222,\n    \"13.0\": 0.21109,\n    \"14.0\": 1.69924\n  },\n  I: {\n    \"0\": 0,\n    \"3\": 0,\n    \"4\": 0,\n    \"2.1\": 0,\n    \"2.2\": 0,\n    \"2.3\": 0,\n    \"4.1\": 0.00174,\n    \"4.2-4.3\": 0.01215,\n    \"4.4\": 0,\n    \"4.4.3-4.4.4\": 0.04629\n  },\n  K: {\n    _: \"0 10 11 12 11.1 11.5 12.1\"\n  },\n  A: {\n    \"9\": 0.00398,\n    \"11\": 0.11946,\n    _: \"6 7 8 10 5.5\"\n  },\n  J: {\n    \"7\": 0,\n    \"10\": 0\n  },\n  N: {\n    _: \"10 11\"\n  },\n  R: {\n    _: \"0\"\n  },\n  M: {\n    \"0\": 0.22868\n  },\n  Q: {\n    \"10.4\": 0\n  },\n  O: {\n    \"0\": 2.25675\n  },\n  H: {\n    \"0\": 2.29607\n  },\n  L: {\n    \"0\": 39.03996\n  },\n  S: {\n    \"2.5\": 0\n  }\n};","map":{"version":3,"sources":["C:/xampp/public_html/vamo/interface2/node_modules/caniuse-lite/data/regions/BN.js"],"names":["module","exports","C","_","D","F","G","E","B","P","I","K","A","J","N","R","M","Q","O","H","L","S"],"mappings":"AAAAA,MAAM,CAACC,OAAP,GAAe;AAACC,EAAAA,CAAC,EAAC;AAAC,UAAK,OAAN;AAAc,UAAK,OAAnB;AAA2B,UAAK,OAAhC;AAAwC,UAAK,OAA7C;AAAqD,UAAK,OAA1D;AAAkE,UAAK,OAAvE;AAA+E,UAAK,OAApF;AAA4F,UAAK,OAAjG;AAAyG,UAAK,OAA9G;AAAsH,UAAK,OAA3H;AAAmI,UAAK,OAAxI;AAAgJ,UAAK,OAArJ;AAA6J,UAAK,OAAlK;AAA0K,UAAK,OAA/K;AAAuL,UAAK,OAA5L;AAAoM,UAAK,OAAzM;AAAiN,UAAK,OAAtN;AAA8N,UAAK,OAAnO;AAA2O,UAAK,OAAhP;AAAwP,UAAK,OAA7P;AAAqQ,UAAK,OAA1Q;AAAkR,UAAK,OAAvR;AAA+R,UAAK,OAApS;AAA4SC,IAAAA,CAAC,EAAC;AAA9S,GAAH;AAAmgBC,EAAAA,CAAC,EAAC;AAAC,UAAK,OAAN;AAAc,UAAK,OAAnB;AAA2B,UAAK,OAAhC;AAAwC,UAAK,OAA7C;AAAqD,UAAK,OAA1D;AAAkE,UAAK,OAAvE;AAA+E,UAAK,OAApF;AAA4F,UAAK,OAAjG;AAAyG,UAAK,OAA9G;AAAsH,UAAK,OAA3H;AAAmI,UAAK,OAAxI;AAAgJ,UAAK,OAArJ;AAA6J,UAAK,OAAlK;AAA0K,UAAK,OAA/K;AAAuL,UAAK,OAA5L;AAAoM,UAAK,OAAzM;AAAiN,UAAK,OAAtN;AAA8N,UAAK,MAAnO;AAA0O,UAAK,OAA/O;AAAuP,UAAK,OAA5P;AAAoQ,UAAK,OAAzQ;AAAiR,UAAK,OAAtR;AAA8R,UAAK,OAAnS;AAA2S,UAAK,OAAhT;AAAwT,UAAK,OAA7T;AAAqU,UAAK,OAA1U;AAAkV,UAAK,OAAvV;AAA+V,UAAK,OAApW;AAA4W,UAAK,OAAjX;AAAyX,UAAK,OAA9X;AAAsY,UAAK,OAA3Y;AAAmZ,UAAK,OAAxZ;AAAga,UAAK,OAAra;AAA6a,UAAK,OAAlb;AAA0b,UAAK,OAA/b;AAAuc,UAAK,KAA5c;AAAkd,UAAK,QAAvd;AAAge,UAAK,OAAre;AAA6e,UAAK,OAAlf;AAA0f,UAAK,OAA/f;AAAugBD,IAAAA,CAAC,EAAC;AAAzgB,GAArgB;AAAuqCE,EAAAA,CAAC,EAAC;AAAC,UAAK,OAAN;AAAc,UAAK,OAAnB;AAA2B,UAAK,OAAhC;AAAwC,UAAK,OAA7C;AAAqD,UAAK,OAA1D;AAAkEF,IAAAA,CAAC,EAAC,0NAApE;AAA+R,iBAAY;AAA3S,GAAzqC;AAAu9CG,EAAAA,CAAC,EAAC;AAAC,SAAI,CAAL;AAAO,WAAM,CAAb;AAAe,eAAU,CAAzB;AAA2B,eAAU,OAArC;AAA6C,eAAU,CAAvD;AAAyD,eAAU,MAAnE;AAA0E,eAAU,OAApF;AAA4F,eAAU,OAAtG;AAA8G,eAAU,OAAxH;AAAgI,WAAM,OAAtI;AAA8I,iBAAY,OAA1J;AAAkK,YAAO,OAAzK;AAAiL,iBAAY,OAA7L;AAAqM,iBAAY,OAAjN;AAAyN,iBAAY,OAArO;AAA6O,iBAAY,MAAzP;AAAgQ,iBAAY,OAA5Q;AAAoR,YAAO,OAA3R;AAAmS,YAAO,OAA1S;AAAkT,iBAAY,OAA9T;AAAsU,iBAAY,OAAlV;AAA0V,iBAAY;AAAtW,GAAz9C;AAAw0DC,EAAAA,CAAC,EAAC;AAAC,SAAI,CAAL;AAAO,UAAK,OAAZ;AAAoB,UAAK,OAAzB;AAAiC,UAAK,OAAtC;AAA8C,UAAK,OAAnD;AAA2D,UAAK,MAAhE;AAAuE,UAAK,OAA5E;AAAoFJ,IAAAA,CAAC,EAAC,iCAAtF;AAAwH,WAAM,OAA9H;AAAsI,YAAO,OAA7I;AAAqJ,YAAO,OAA5J;AAAoK,YAAO,MAA3K;AAAkL,YAAO,OAAzL;AAAiM,YAAO;AAAxM,GAA10D;AAA0hEK,EAAAA,CAAC,EAAC;AAAC,UAAK,OAAN;AAAc,UAAK,OAAnB;AAA2B,UAAK,OAAhC;AAAwC,UAAK,OAA7C;AAAqD,UAAK,OAA1D;AAAkE,UAAK,OAAvE;AAA+E,UAAK,OAApF;AAA4FL,IAAAA,CAAC,EAAC;AAA9F,GAA5hE;AAAuqEM,EAAAA,CAAC,EAAC;AAAC,SAAI,OAAL;AAAa,eAAU,OAAvB;AAA+B,eAAU,OAAzC;AAAiD,eAAU,OAA3D;AAAmE,WAAM,OAAzE;AAAiF,WAAM,OAAvF;AAA+F,YAAO,OAAtG;AAA8G,iBAAY,OAA1H;AAAkI,YAAO,OAAzI;AAAiJ,YAAO,OAAxJ;AAAgK,YAAO;AAAvK,GAAzqE;AAAy1EC,EAAAA,CAAC,EAAC;AAAC,SAAI,CAAL;AAAO,SAAI,CAAX;AAAa,SAAI,CAAjB;AAAmB,WAAM,CAAzB;AAA2B,WAAM,CAAjC;AAAmC,WAAM,CAAzC;AAA2C,WAAM,OAAjD;AAAyD,eAAU,OAAnE;AAA2E,WAAM,CAAjF;AAAmF,mBAAc;AAAjG,GAA31E;AAAq8EC,EAAAA,CAAC,EAAC;AAACR,IAAAA,CAAC,EAAC;AAAH,GAAv8E;AAAu+ES,EAAAA,CAAC,EAAC;AAAC,SAAI,OAAL;AAAa,UAAK,OAAlB;AAA0BT,IAAAA,CAAC,EAAC;AAA5B,GAAz+E;AAAqhFU,EAAAA,CAAC,EAAC;AAAC,SAAI,CAAL;AAAO,UAAK;AAAZ,GAAvhF;AAAsiFC,EAAAA,CAAC,EAAC;AAACX,IAAAA,CAAC,EAAC;AAAH,GAAxiF;AAAojFY,EAAAA,CAAC,EAAC;AAACZ,IAAAA,CAAC,EAAC;AAAH,GAAtjF;AAA8jFa,EAAAA,CAAC,EAAC;AAAC,SAAI;AAAL,GAAhkF;AAA8kFC,EAAAA,CAAC,EAAC;AAAC,YAAO;AAAR,GAAhlF;AAA2lFC,EAAAA,CAAC,EAAC;AAAC,SAAI;AAAL,GAA7lF;AAA2mFC,EAAAA,CAAC,EAAC;AAAC,SAAI;AAAL,GAA7mF;AAA2nFC,EAAAA,CAAC,EAAC;AAAC,SAAI;AAAL,GAA7nF;AAA4oFC,EAAAA,CAAC,EAAC;AAAC,WAAM;AAAP;AAA9oF,CAAf",