{"ast":null,"code":"module.exports = {\n  C: {\n    \"68\": 0.02864,\n    \"71\": 0.01432,\n    \"78\": 0.04296,\n    \"89\": 0.05728,\n    \"90\": 0.76845,\n    \"91\": 0.4248,\n    \"92\": 0.00477,\n    _: \"2 3 4 5 6 7 8 9 10 11 12 13 14 15 16 17 18 19 20 21 22 23 24 25 26 27 28 29 30 31 32 33 34 35 36 37 38 39 40 41 42 43 44 45 46 47 48 49 50 51 52 53 54 55 56 57 58 59 60 61 62 63 64 65 66 67 69 70 72 73 74 75 76 77 79 80 81 82 83 84 85 86 87 88 93 3.5 3.6\"\n  },\n  D: {\n    \"41\": 0.03341,\n    \"51\": 0.01909,\n    \"72\": 0.00477,\n    \"73\": 0.46298,\n    \"75\": 0.02864,\n    \"76\": 0.10978,\n    \"80\": 0.01432,\n    \"81\": 0.00477,\n    \"84\": 0.01432,\n    \"86\": 0.00477,\n    \"87\": 0.08114,\n    \"88\": 0.05728,\n    \"89\": 0.07637,\n    \"90\": 0.22433,\n    \"91\": 0.778,\n    \"92\": 32.1032,\n    \"93\": 0.01909,\n    _: \"4 5 6 7 8 9 10 11 12 13 14 15 16 17 18 19 20 21 22 23 24 25 26 27 28 29 30 31 32 33 34 35 36 37 38 39 40 42 43 44 45 46 47 48 49 50 52 53 54 55 56 57 58 59 60 61 62 63 64 65 66 67 68 69 70 71 74 77 78 79 83 85 94 95 96\"\n  },\n  F: {\n    \"77\": 0.04773,\n    \"78\": 0.09069,\n    _: \"9 11 12 15 16 17 18 19 20 21 22 23 24 25 26 27 28 29 30 31 32 33 34 35 36 37 38 39 40 41 42 43 44 45 46 47 48 49 50 51 52 53 54 55 56 57 58 60 62 63 64 65 66 67 68 69 70 71 72 73 74 75 76 9.5-9.6 10.5 10.6 11.1 11.5 11.6 12.1\",\n    \"10.0-10.1\": 0\n  },\n  G: {\n    \"8\": 0,\n    \"3.2\": 0,\n    \"4.0-4.1\": 0,\n    \"4.2-4.3\": 0,\n    \"5.0-5.1\": 0,\n    \"6.0-6.1\": 0,\n    \"7.0-7.1\": 0.0373,\n    \"8.1-8.4\": 0,\n    \"9.0-9.2\": 0,\n    \"9.3\": 0.07461,\n    \"10.0-10.2\": 0,\n    \"10.3\": 1.96469,\n    \"11.0-11.2\": 0.67325,\n    \"11.3-11.4\": 0.00533,\n    \"12.0-12.1\": 0.04263,\n    \"12.2-12.4\": 0.59154,\n    \"13.0-13.1\": 0.01243,\n    \"13.2\": 0.01776,\n    \"13.3\": 0.14744,\n    \"13.4-13.7\": 0.66792,\n    \"14.0-14.4\": 4.75185,\n    \"14.5-14.7\": 8.45385\n  },\n  E: {\n    \"4\": 0,\n    \"8\": 0.00477,\n    \"13\": 0.01909,\n    \"14\": 1.75646,\n    _: \"0 5 6 7 9 10 11 12 15 3.1 3.2 5.1 6.1 7.1 9.1\",\n    \"10.1\": 0.02864,\n    \"11.1\": 0.00477,\n    \"12.1\": 0.72072,\n    \"13.1\": 0.18615,\n    \"14.1\": 0.85437\n  },\n  B: {\n    \"17\": 0.00477,\n    \"18\": 0.00477,\n    \"89\": 0.01432,\n    \"90\": 0.03341,\n    \"91\": 0.04296,\n    \"92\": 5.89466,\n    _: \"12 13 14 15 16 79 80 81 83 84 85 86 87 88 93\"\n  },\n  P: {\n    \"4\": 0.09547,\n    \"5.0-5.4\": 0.06114,\n    \"6.2-6.4\": 0.02038,\n    \"7.2-7.4\": 0.1273,\n    \"8.2\": 0.03044,\n    \"9.2\": 0.01061,\n    \"10.1\": 0.02052,\n    \"11.1-11.2\": 0.03182,\n    \"12.0\": 0.04104,\n    \"13.0\": 0.05304,\n    \"14.0\": 1.36843\n  },\n  I: {\n    \"0\": 0,\n    \"3\": 0,\n    \"4\": 0,\n    \"2.1\": 0,\n    \"2.2\": 0,\n    \"2.3\": 0,\n    \"4.1\": 0.00105,\n    \"4.2-4.3\": 0.00784,\n    \"4.4\": 0,\n    \"4.4.3-4.4.4\": 0.02248\n  },\n  K: {\n    _: \"0 10 11 12 11.1 11.5 12.1\"\n  },\n  A: {\n    \"8\": 0.02304,\n    \"11\": 0.14401,\n    _: \"6 7 9 10 5.5\"\n  },\n  J: {\n    \"7\": 0,\n    \"10\": 0\n  },\n  N: {\n    \"11\": 0.02439,\n    _: \"10\"\n  },\n  R: {\n    _: \"0\"\n  },\n  M: {\n    \"0\": 0.1673\n  },\n  Q: {\n    \"10.4\": 0\n  },\n  O: {\n    \"0\": 0.08888\n  },\n  H: {\n    \"0\": 0.0297\n  },\n  L: {\n    \"0\": 34.86103\n  },\n  S: {\n    \"2.5\": 0\n  }\n};","map":{"version":3,"sources":["C:/xampp/public_html/vamo/interface2/node_modules/caniuse-lite/data/regions/MH.js"],"names":["module","exports","C","_","D","F","G","E","B","P","I","K","A","J","N","R","M","Q","O","H","L","S"],"mappings":"AAAAA,MAAM,CAACC,OAAP,GAAe;AAACC,EAAAA,CAAC,EAAC;AAAC,UAAK,OAAN;AAAc,UAAK,OAAnB;AAA2B,UAAK,OAAhC;AAAwC,UAAK,OAA7C;AAAqD,UAAK,OAA1D;AAAkE,UAAK,MAAvE;AAA8E,UAAK,OAAnF;AAA2FC,IAAAA,CAAC,EAAC;AAA7F,GAAH;AAAkWC,EAAAA,CAAC,EAAC;AAAC,UAAK,OAAN;AAAc,UAAK,OAAnB;AAA2B,UAAK,OAAhC;AAAwC,UAAK,OAA7C;AAAqD,UAAK,OAA1D;AAAkE,UAAK,OAAvE;AAA+E,UAAK,OAApF;AAA4F,UAAK,OAAjG;AAAyG,UAAK,OAA9G;AAAsH,UAAK,OAA3H;AAAmI,UAAK,OAAxI;AAAgJ,UAAK,OAArJ;AAA6J,UAAK,OAAlK;AAA0K,UAAK,OAA/K;AAAuL,UAAK,KAA5L;AAAkM,UAAK,OAAvM;AAA+M,UAAK,OAApN;AAA4ND,IAAAA,CAAC,EAAC;AAA9N,GAApW;AAAgyBE,EAAAA,CAAC,EAAC;AAAC,UAAK,OAAN;AAAc,UAAK,OAAnB;AAA2BF,IAAAA,CAAC,EAAC,mOAA7B;AAAiQ,iBAAY;AAA7Q,GAAlyB;AAAkjCG,EAAAA,CAAC,EAAC;AAAC,SAAI,CAAL;AAAO,WAAM,CAAb;AAAe,eAAU,CAAzB;AAA2B,eAAU,CAArC;AAAuC,eAAU,CAAjD;AAAmD,eAAU,CAA7D;AAA+D,eAAU,MAAzE;AAAgF,eAAU,CAA1F;AAA4F,eAAU,CAAtG;AAAwG,WAAM,OAA9G;AAAsH,iBAAY,CAAlI;AAAoI,YAAO,OAA3I;AAAmJ,iBAAY,OAA/J;AAAuK,iBAAY,OAAnL;AAA2L,iBAAY,OAAvM;AAA+M,iBAAY,OAA3N;AAAmO,iBAAY,OAA/O;AAAuP,YAAO,OAA9P;AAAsQ,YAAO,OAA7Q;AAAqR,iBAAY,OAAjS;AAAyS,iBAAY,OAArT;AAA6T,iBAAY;AAAzU,GAApjC;AAAs4CC,EAAAA,CAAC,EAAC;AAAC,SAAI,CAAL;AAAO,SAAI,OAAX;AAAmB,UAAK,OAAxB;AAAgC,UAAK,OAArC;AAA6CJ,IAAAA,CAAC,EAAC,+CAA/C;AAA+F,YAAO,OAAtG;AAA8G,YAAO,OAArH;AAA6H,YAAO,OAApI;AAA4I,YAAO,OAAnJ;AAA2J,YAAO;AAAlK,GAAx4C;AAAmjDK,EAAAA,CAAC,EAAC;AAAC,UAAK,OAAN;AAAc,UAAK,OAAnB;AAA2B,UAAK,OAAhC;AAAwC,UAAK,OAA7C;AAAqD,UAAK,OAA1D;AAAkE,UAAK,OAAvE;AAA+EL,IAAAA,CAAC,EAAC;AAAjF,GAArjD;AAAsrDM,EAAAA,CAAC,EAAC;AAAC,SAAI,OAAL;AAAa,eAAU,OAAvB;AAA+B,eAAU,OAAzC;AAAiD,eAAU,MAA3D;AAAkE,WAAM,OAAxE;AAAgF,WAAM,OAAtF;AAA8F,YAAO,OAArG;AAA6G,iBAAY,OAAzH;AAAiI,YAAO,OAAxI;AAAgJ,YAAO,OAAvJ;AAA+J,YAAO;AAAtK,GAAxrD;AAAu2DC,EAAAA,CAAC,EAAC;AAAC,SAAI,CAAL;AAAO,SAAI,CAAX;AAAa,SAAI,CAAjB;AAAmB,WAAM,CAAzB;AAA2B,WAAM,CAAjC;AAAmC,WAAM,CAAzC;AAA2C,WAAM,OAAjD;AAAyD,eAAU,OAAnE;AAA2E,WAAM,CAAjF;AAAmF,mBAAc;AAAjG,GAAz2D;AAAm9DC,EAAAA,CAAC,EAAC;AAACR,IAAAA,CAAC,EAAC;AAAH,GAAr9D;AAAq/DS,EAAAA,CAAC,EAAC;AAAC,SAAI,OAAL;AAAa,UAAK,OAAlB;AAA0BT,IAAAA,CAAC,EAAC;AAA5B,GAAv/D;AAAmiEU,EAAAA,CAAC,EAAC;AAAC,SAAI,CAAL;AAAO,UAAK;AAAZ,GAAriE;AAAojEC,EAAAA,CAAC,EAAC;AAAC,UAAK,OAAN;AAAcX,IAAAA,CAAC,EAAC;AAAhB,GAAtjE;AAA4kEY,EAAAA,CAAC,EAAC;AAACZ,IAAAA,CAAC,EAAC;AAAH,GAA9kE;AAAslEa,EAAAA,CAAC,EAAC;AAAC,SAAI;AAAL,GAAxlE;AAAqmEC,EAAAA,CAAC,EAAC;AAAC,YAAO;AAAR,GAAvmE;AAAknEC,EAAAA,CAAC,EAAC;AAAC,SAAI;AAAL,GAApnE;AAAkoEC,EAAAA,CAAC,EAAC;AAAC,SAAI;AAAL,GAApoE;AAAipEC,EAAAA,CAAC,EAAC;AAAC,SAAI;AAAL,GAAnpE;AAAkqEC,EAAAA,CAAC,EAAC;AAAC,WAAM;AAAP;AAApqE,CAAf",