{"ast":null,"code":"module.exports = {\n  C: {\n    \"5\": 0.00288,\n    \"17\": 0.00288,\n    \"45\": 0.00575,\n    \"49\": 0.00288,\n    \"52\": 0.01439,\n    \"58\": 0.00288,\n    \"72\": 0.00575,\n    \"78\": 0.00863,\n    \"82\": 0.00288,\n    \"84\": 0.01151,\n    \"88\": 0.01726,\n    \"89\": 0.0374,\n    \"90\": 0.89762,\n    \"91\": 0.58979,\n    \"92\": 0.00575,\n    _: \"2 3 4 6 7 8 9 10 11 12 13 14 15 16 18 19 20 21 22 23 24 25 26 27 28 29 30 31 32 33 34 35 36 37 38 39 40 41 42 43 44 46 47 48 50 51 53 54 55 56 57 59 60 61 62 63 64 65 66 67 68 69 70 71 73 74 75 76 77 79 80 81 83 85 86 87 93 3.5 3.6\"\n  },\n  D: {\n    \"38\": 0.02877,\n    \"43\": 0.00288,\n    \"49\": 0.04316,\n    \"53\": 0.00288,\n    \"58\": 0.01151,\n    \"60\": 0.00575,\n    \"63\": 0.01439,\n    \"65\": 0.00288,\n    \"69\": 0.00863,\n    \"71\": 0.00863,\n    \"72\": 0.00575,\n    \"73\": 0.00288,\n    \"74\": 0.01151,\n    \"75\": 0.00288,\n    \"76\": 0.00863,\n    \"77\": 0.16974,\n    \"78\": 0.03452,\n    \"79\": 0.26756,\n    \"80\": 0.03452,\n    \"81\": 0.01726,\n    \"83\": 0.03165,\n    \"84\": 0.02302,\n    \"85\": 0.02589,\n    \"86\": 0.03452,\n    \"87\": 0.06905,\n    \"88\": 0.02589,\n    \"89\": 0.06617,\n    \"90\": 0.14673,\n    \"91\": 0.65308,\n    \"92\": 20.84962,\n    \"93\": 0.01439,\n    \"94\": 0.01439,\n    _: \"4 5 6 7 8 9 10 11 12 13 14 15 16 17 18 19 20 21 22 23 24 25 26 27 28 29 30 31 32 33 34 35 36 37 39 40 41 42 44 45 46 47 48 50 51 52 54 55 56 57 59 61 62 64 66 67 68 70 95 96\"\n  },\n  F: {\n    \"69\": 0.00288,\n    \"76\": 0.00288,\n    \"77\": 0.40853,\n    \"78\": 0.39127,\n    _: \"9 11 12 15 16 17 18 19 20 21 22 23 24 25 26 27 28 29 30 31 32 33 34 35 36 37 38 39 40 41 42 43 44 45 46 47 48 49 50 51 52 53 54 55 56 57 58 60 62 63 64 65 66 67 68 70 71 72 73 74 75 9.5-9.6 10.5 10.6 11.1 11.5 11.6 12.1\",\n    \"10.0-10.1\": 0\n  },\n  G: {\n    \"8\": 0,\n    \"3.2\": 0,\n    \"4.0-4.1\": 0,\n    \"4.2-4.3\": 0,\n    \"5.0-5.1\": 0.00383,\n    \"6.0-6.1\": 0.00077,\n    \"7.0-7.1\": 0.03676,\n    \"8.1-8.4\": 0.00153,\n    \"9.0-9.2\": 0.00077,\n    \"9.3\": 0.03523,\n    \"10.0-10.2\": 0.00689,\n    \"10.3\": 0.02374,\n    \"11.0-11.2\": 0.01838,\n    \"11.3-11.4\": 0.03293,\n    \"12.0-12.1\": 0.02681,\n    \"12.2-12.4\": 0.09727,\n    \"13.0-13.1\": 0.01532,\n    \"13.2\": 0.0046,\n    \"13.3\": 0.04978,\n    \"13.4-13.7\": 0.229,\n    \"14.0-14.4\": 0.98188,\n    \"14.5-14.7\": 5.67147\n  },\n  E: {\n    \"4\": 0,\n    \"12\": 0.00288,\n    \"13\": 0.01726,\n    \"14\": 0.12083,\n    \"15\": 0.00575,\n    _: \"0 5 6 7 8 9 10 11 3.1 3.2 5.1 6.1 7.1 9.1\",\n    \"10.1\": 0.00288,\n    \"11.1\": 0.01439,\n    \"12.1\": 0.00863,\n    \"13.1\": 0.05754,\n    \"14.1\": 0.51786\n  },\n  B: {\n    \"12\": 0.00288,\n    \"14\": 0.00288,\n    \"15\": 0.00575,\n    \"16\": 0.00575,\n    \"17\": 0.00575,\n    \"18\": 0.03452,\n    \"84\": 0.00575,\n    \"85\": 0.00575,\n    \"86\": 0.00288,\n    \"89\": 0.01151,\n    \"90\": 0.00288,\n    \"91\": 0.0374,\n    \"92\": 1.48741,\n    \"93\": 0.00575,\n    _: \"13 79 80 81 83 87 88\"\n  },\n  P: {\n    \"4\": 0.08244,\n    \"5.0-5.4\": 0.06114,\n    \"6.2-6.4\": 0.02137,\n    \"7.2-7.4\": 0.10304,\n    \"8.2\": 0.10189,\n    \"9.2\": 0.05152,\n    \"10.1\": 0.04122,\n    \"11.1-11.2\": 0.14426,\n    \"12.0\": 0.09274,\n    \"13.0\": 0.21639,\n    \"14.0\": 1.80327\n  },\n  I: {\n    \"0\": 0,\n    \"3\": 0,\n    \"4\": 0,\n    \"2.1\": 0,\n    \"2.2\": 0,\n    \"2.3\": 0,\n    \"4.1\": 0.00354,\n    \"4.2-4.3\": 0.01592,\n    \"4.4\": 0,\n    \"4.4.3-4.4.4\": 0.24409\n  },\n  K: {\n    _: \"0 10 11 12 11.1 11.5 12.1\"\n  },\n  A: {\n    \"8\": 0.00888,\n    \"9\": 0.00296,\n    \"11\": 0.18954,\n    _: \"6 7 10 5.5\"\n  },\n  J: {\n    \"7\": 0,\n    \"10\": 0\n  },\n  N: {\n    \"11\": 0.02439,\n    _: \"10\"\n  },\n  R: {\n    _: \"0\"\n  },\n  M: {\n    \"0\": 0.06411\n  },\n  Q: {\n    \"10.4\": 0\n  },\n  O: {\n    \"0\": 0.0926\n  },\n  H: {\n    \"0\": 0.35741\n  },\n  L: {\n    \"0\": 61.16542\n  },\n  S: {\n    \"2.5\": 0\n  }\n};","map":{"version":3,"sources":["C:/xampp/public_html/vamo/interface2/node_modules/caniuse-lite/data/regions/PS.js"],"names":["module","exports","C","_","D","F","G","E","B","P","I","K","A","J","N","R","M","Q","O","H","L","S"],"mappings":"AAAAA,MAAM,CAACC,OAAP,GAAe;AAACC,EAAAA,CAAC,EAAC;AAAC,SAAI,OAAL;AAAa,UAAK,OAAlB;AAA0B,UAAK,OAA/B;AAAuC,UAAK,OAA5C;AAAoD,UAAK,OAAzD;AAAiE,UAAK,OAAtE;AAA8E,UAAK,OAAnF;AAA2F,UAAK,OAAhG;AAAwG,UAAK,OAA7G;AAAqH,UAAK,OAA1H;AAAkI,UAAK,OAAvI;AAA+I,UAAK,MAApJ;AAA2J,UAAK,OAAhK;AAAwK,UAAK,OAA7K;AAAqL,UAAK,OAA1L;AAAkMC,IAAAA,CAAC,EAAC;AAApM,GAAH;AAAkbC,EAAAA,CAAC,EAAC;AAAC,UAAK,OAAN;AAAc,UAAK,OAAnB;AAA2B,UAAK,OAAhC;AAAwC,UAAK,OAA7C;AAAqD,UAAK,OAA1D;AAAkE,UAAK,OAAvE;AAA+E,UAAK,OAApF;AAA4F,UAAK,OAAjG;AAAyG,UAAK,OAA9G;AAAsH,UAAK,OAA3H;AAAmI,UAAK,OAAxI;AAAgJ,UAAK,OAArJ;AAA6J,UAAK,OAAlK;AAA0K,UAAK,OAA/K;AAAuL,UAAK,OAA5L;AAAoM,UAAK,OAAzM;AAAiN,UAAK,OAAtN;AAA8N,UAAK,OAAnO;AAA2O,UAAK,OAAhP;AAAwP,UAAK,OAA7P;AAAqQ,UAAK,OAA1Q;AAAkR,UAAK,OAAvR;AAA+R,UAAK,OAApS;AAA4S,UAAK,OAAjT;AAAyT,UAAK,OAA9T;AAAsU,UAAK,OAA3U;AAAmV,UAAK,OAAxV;AAAgW,UAAK,OAArW;AAA6W,UAAK,OAAlX;AAA0X,UAAK,QAA/X;AAAwY,UAAK,OAA7Y;AAAqZ,UAAK,OAA1Z;AAAkaD,IAAAA,CAAC,EAAC;AAApa,GAApb;AAAygCE,EAAAA,CAAC,EAAC;AAAC,UAAK,OAAN;AAAc,UAAK,OAAnB;AAA2B,UAAK,OAAhC;AAAwC,UAAK,OAA7C;AAAqDF,IAAAA,CAAC,EAAC,6NAAvD;AAAqR,iBAAY;AAAjS,GAA3gC;AAA+yCG,EAAAA,CAAC,EAAC;AAAC,SAAI,CAAL;AAAO,WAAM,CAAb;AAAe,eAAU,CAAzB;AAA2B,eAAU,CAArC;AAAuC,eAAU,OAAjD;AAAyD,eAAU,OAAnE;AAA2E,eAAU,OAArF;AAA6F,eAAU,OAAvG;AAA+G,eAAU,OAAzH;AAAiI,WAAM,OAAvI;AAA+I,iBAAY,OAA3J;AAAmK,YAAO,OAA1K;AAAkL,iBAAY,OAA9L;AAAsM,iBAAY,OAAlN;AAA0N,iBAAY,OAAtO;AAA8O,iBAAY,OAA1P;AAAkQ,iBAAY,OAA9Q;AAAsR,YAAO,MAA7R;AAAoS,YAAO,OAA3S;AAAmT,iBAAY,KAA/T;AAAqU,iBAAY,OAAjV;AAAyV,iBAAY;AAArW,GAAjzC;AAA+pDC,EAAAA,CAAC,EAAC;AAAC,SAAI,CAAL;AAAO,UAAK,OAAZ;AAAoB,UAAK,OAAzB;AAAiC,UAAK,OAAtC;AAA8C,UAAK,OAAnD;AAA2DJ,IAAAA,CAAC,EAAC,2CAA7D;AAAyG,YAAO,OAAhH;AAAwH,YAAO,OAA/H;AAAuI,YAAO,OAA9I;AAAsJ,YAAO,OAA7J;AAAqK,YAAO;AAA5K,GAAjqD;AAAs1DK,EAAAA,CAAC,EAAC;AAAC,UAAK,OAAN;AAAc,UAAK,OAAnB;AAA2B,UAAK,OAAhC;AAAwC,UAAK,OAA7C;AAAqD,UAAK,OAA1D;AAAkE,UAAK,OAAvE;AAA+E,UAAK,OAApF;AAA4F,UAAK,OAAjG;AAAyG,UAAK,OAA9G;AAAsH,UAAK,OAA3H;AAAmI,UAAK,OAAxI;AAAgJ,UAAK,MAArJ;AAA4J,UAAK,OAAjK;AAAyK,UAAK,OAA9K;AAAsLL,IAAAA,CAAC,EAAC;AAAxL,GAAx1D;AAAwiEM,EAAAA,CAAC,EAAC;AAAC,SAAI,OAAL;AAAa,eAAU,OAAvB;AAA+B,eAAU,OAAzC;AAAiD,eAAU,OAA3D;AAAmE,WAAM,OAAzE;AAAiF,WAAM,OAAvF;AAA+F,YAAO,OAAtG;AAA8G,iBAAY,OAA1H;AAAkI,YAAO,OAAzI;AAAiJ,YAAO,OAAxJ;AAAgK,YAAO;AAAvK,GAA1iE;AAA0tEC,EAAAA,CAAC,EAAC;AAAC,SAAI,CAAL;AAAO,SAAI,CAAX;AAAa,SAAI,CAAjB;AAAmB,WAAM,CAAzB;AAA2B,WAAM,CAAjC;AAAmC,WAAM,CAAzC;AAA2C,WAAM,OAAjD;AAAyD,eAAU,OAAnE;AAA2E,WAAM,CAAjF;AAAmF,mBAAc;AAAjG,GAA5tE;AAAs0EC,EAAAA,CAAC,EAAC;AAACR,IAAAA,CAAC,EAAC;AAAH,GAAx0E;AAAw2ES,EAAAA,CAAC,EAAC;AAAC,SAAI,OAAL;AAAa,SAAI,OAAjB;AAAyB,UAAK,OAA9B;AAAsCT,IAAAA,CAAC,EAAC;AAAxC,GAA12E;AAAg6EU,EAAAA,CAAC,EAAC;AAAC,SAAI,CAAL;AAAO,UAAK;AAAZ,GAAl6E;AAAi7EC,EAAAA,CAAC,EAAC;AAAC,UAAK,OAAN;AAAcX,IAAAA,CAAC,EAAC;AAAhB,GAAn7E;AAAy8EY,EAAAA,CAAC,EAAC;AAACZ,IAAAA,CAAC,EAAC;AAAH,GAA38E;AAAm9Ea,EAAAA,CAAC,EAAC;AAAC,SAAI;AAAL,GAAr9E;AAAm+EC,EAAAA,CAAC,EAAC;AAAC,YAAO;AAAR,GAAr+E;AAAg/EC,EAAAA,CAAC,EAAC;AAAC,SAAI;AAAL,GAAl/E;AAA+/EC,EAAAA,CAAC,EAAC;AAAC,SAAI;AAAL,GAAjgF;AAA+gFC,EAAAA,CAAC,EAAC;AAAC,SAAI;AAAL,GAAjhF;AAAgiFC,EAAAA,CAAC,EAAC;AAAC,WAAM;AAAP;AAAliF,CAAf",