{"ast":null,"code":"module.exports = {\n  C: {\n    \"2\": 0,\n    \"3\": 0,\n    \"4\": 0,\n    \"5\": 0,\n    \"6\": 0,\n    \"7\": 0,\n    \"8\": 0,\n    \"9\": 0,\n    \"10\": 0,\n    \"11\": 0,\n    \"12\": 0,\n    \"13\": 0,\n    \"14\": 0,\n    \"15\": 0,\n    \"16\": 0,\n    \"17\": 0,\n    \"18\": 0,\n    \"19\": 0,\n    \"20\": 0,\n    \"21\": 0,\n    \"22\": 0,\n    \"23\": 0,\n    \"24\": 0,\n    \"25\": 0,\n    \"26\": 0,\n    \"27\": 0,\n    \"28\": 0,\n    \"29\": 0,\n    \"30\": 0,\n    \"31\": 0,\n    \"32\": 0,\n    \"33\": 0,\n    \"34\": 0.00467,\n    \"35\": 0,\n    \"36\": 0,\n    \"37\": 0,\n    \"38\": 0,\n    \"39\": 0,\n    \"40\": 0.00467,\n    \"41\": 0.00467,\n    \"42\": 0,\n    \"43\": 0.00467,\n    \"44\": 0.00467,\n    \"45\": 0,\n    \"46\": 0,\n    \"47\": 0.07946,\n    \"48\": 0,\n    \"49\": 0,\n    \"50\": 0,\n    \"51\": 0,\n    \"52\": 0.0187,\n    \"53\": 0,\n    \"54\": 0,\n    \"55\": 0,\n    \"56\": 0,\n    \"57\": 0,\n    \"58\": 0,\n    \"59\": 0,\n    \"60\": 0.00467,\n    \"61\": 0,\n    \"62\": 0,\n    \"63\": 0,\n    \"64\": 0.00467,\n    \"65\": 0.00467,\n    \"66\": 0,\n    \"67\": 0,\n    \"68\": 0.00935,\n    \"69\": 0,\n    \"70\": 0,\n    \"71\": 0,\n    \"72\": 0.00467,\n    \"73\": 0,\n    \"74\": 0,\n    \"75\": 0,\n    \"76\": 0,\n    \"77\": 0,\n    \"78\": 0.02337,\n    \"79\": 0,\n    \"80\": 0,\n    \"81\": 0,\n    \"82\": 0,\n    \"83\": 0,\n    \"84\": 0.0187,\n    \"85\": 0.00467,\n    \"86\": 0,\n    \"87\": 0.00467,\n    \"88\": 0.00467,\n    \"89\": 0.04207,\n    \"90\": 0.25707,\n    \"91\": 0.38794,\n    \"92\": 0.00467,\n    \"93\": 0,\n    \"3.5\": 0,\n    \"3.6\": 0\n  },\n  D: {\n    \"4\": 0,\n    \"5\": 0,\n    \"6\": 0,\n    \"7\": 0,\n    \"8\": 0,\n    \"9\": 0,\n    \"10\": 0,\n    \"11\": 0.00467,\n    \"12\": 0,\n    \"13\": 0,\n    \"14\": 0,\n    \"15\": 0,\n    \"16\": 0,\n    \"17\": 0,\n    \"18\": 0,\n    \"19\": 0,\n    \"20\": 0,\n    \"21\": 0,\n    \"22\": 0,\n    \"23\": 0,\n    \"24\": 0,\n    \"25\": 0.00467,\n    \"26\": 0.00467,\n    \"27\": 0,\n    \"28\": 0,\n    \"29\": 0,\n    \"30\": 0,\n    \"31\": 0,\n    \"32\": 0,\n    \"33\": 0.00935,\n    \"34\": 0,\n    \"35\": 0.0187,\n    \"36\": 0,\n    \"37\": 0,\n    \"38\": 0,\n    \"39\": 0,\n    \"40\": 0.05609,\n    \"41\": 0,\n    \"42\": 0.00935,\n    \"43\": 0.02337,\n    \"44\": 0,\n    \"45\": 0,\n    \"46\": 0.00935,\n    \"47\": 0.00467,\n    \"48\": 0.02804,\n    \"49\": 0.04207,\n    \"50\": 0.0187,\n    \"51\": 0,\n    \"52\": 0,\n    \"53\": 0,\n    \"54\": 0,\n    \"55\": 0.02337,\n    \"56\": 0.0187,\n    \"57\": 0.00467,\n    \"58\": 0.00467,\n    \"59\": 0.00467,\n    \"60\": 0.00467,\n    \"61\": 0,\n    \"62\": 0.00467,\n    \"63\": 0.03739,\n    \"64\": 0.05141,\n    \"65\": 0.03272,\n    \"66\": 0,\n    \"67\": 0.00467,\n    \"68\": 0.00467,\n    \"69\": 0.07946,\n    \"70\": 0.00467,\n    \"71\": 0.00467,\n    \"72\": 0.00467,\n    \"73\": 0.00467,\n    \"74\": 0.00935,\n    \"75\": 0.01402,\n    \"76\": 0.00935,\n    \"77\": 0.00467,\n    \"78\": 0.02337,\n    \"79\": 0.04674,\n    \"80\": 0.00935,\n    \"81\": 0.06076,\n    \"83\": 0.0187,\n    \"84\": 0.01402,\n    \"85\": 0.01402,\n    \"86\": 0.05141,\n    \"87\": 0.1262,\n    \"88\": 0.04207,\n    \"89\": 0.07946,\n    \"90\": 0.10283,\n    \"91\": 0.41131,\n    \"92\": 10.58194,\n    \"93\": 0.02337,\n    \"94\": 0.00467,\n    \"95\": 0,\n    \"96\": 0\n  },\n  F: {\n    \"9\": 0,\n    \"11\": 0,\n    \"12\": 0,\n    \"15\": 0,\n    \"16\": 0,\n    \"17\": 0,\n    \"18\": 0,\n    \"19\": 0,\n    \"20\": 0,\n    \"21\": 0,\n    \"22\": 0,\n    \"23\": 0,\n    \"24\": 0,\n    \"25\": 0,\n    \"26\": 0,\n    \"27\": 0,\n    \"28\": 0.0187,\n    \"29\": 0,\n    \"30\": 0,\n    \"31\": 0,\n    \"32\": 0,\n    \"33\": 0,\n    \"34\": 0.00467,\n    \"35\": 0,\n    \"36\": 0.00467,\n    \"37\": 0,\n    \"38\": 0,\n    \"39\": 0,\n    \"40\": 0,\n    \"41\": 0,\n    \"42\": 0.00467,\n    \"43\": 0,\n    \"44\": 0,\n    \"45\": 0,\n    \"46\": 0,\n    \"47\": 0,\n    \"48\": 0,\n    \"49\": 0,\n    \"50\": 0.00467,\n    \"51\": 0,\n    \"52\": 0,\n    \"53\": 0,\n    \"54\": 0,\n    \"55\": 0,\n    \"56\": 0.00467,\n    \"57\": 0.00467,\n    \"58\": 0.03272,\n    \"60\": 0,\n    \"62\": 0,\n    \"63\": 0,\n    \"64\": 0.00467,\n    \"65\": 0.00467,\n    \"66\": 0,\n    \"67\": 0,\n    \"68\": 0,\n    \"69\": 0,\n    \"70\": 0,\n    \"71\": 0.00467,\n    \"72\": 0,\n    \"73\": 0,\n    \"74\": 0,\n    \"75\": 0,\n    \"76\": 0,\n    \"77\": 0.50947,\n    \"78\": 0.50012,\n    \"9.5-9.6\": 0,\n    \"10.0-10.1\": 0,\n    \"10.5\": 0,\n    \"10.6\": 0,\n    \"11.1\": 0,\n    \"11.5\": 0,\n    \"11.6\": 0,\n    \"12.1\": 0.00467\n  },\n  G: {\n    \"8\": 0,\n    \"3.2\": 0,\n    \"4.0-4.1\": 0,\n    \"4.2-4.3\": 0.00288,\n    \"5.0-5.1\": 0.06039,\n    \"6.0-6.1\": 0.01869,\n    \"7.0-7.1\": 0.23004,\n    \"8.1-8.4\": 0.1409,\n    \"9.0-9.2\": 0.00431,\n    \"9.3\": 1.23072,\n    \"10.0-10.2\": 0.04457,\n    \"10.3\": 0.73757,\n    \"11.0-11.2\": 0.33356,\n    \"11.3-11.4\": 0.32493,\n    \"12.0-12.1\": 0.06326,\n    \"12.2-12.4\": 0.73182,\n    \"13.0-13.1\": 0.03307,\n    \"13.2\": 0.02157,\n    \"13.3\": 0.14809,\n    \"13.4-13.7\": 0.35513,\n    \"14.0-14.4\": 1.9266,\n    \"14.5-14.7\": 5.65327\n  },\n  E: {\n    \"4\": 0,\n    \"5\": 0,\n    \"6\": 0,\n    \"7\": 0,\n    \"8\": 0.00467,\n    \"9\": 0,\n    \"10\": 0,\n    \"11\": 0.00467,\n    \"12\": 0.00935,\n    \"13\": 0.00467,\n    \"14\": 0.22903,\n    \"15\": 0.01402,\n    _: \"0\",\n    \"3.1\": 0,\n    \"3.2\": 0,\n    \"5.1\": 0,\n    \"6.1\": 0,\n    \"7.1\": 0,\n    \"9.1\": 0,\n    \"10.1\": 0.04674,\n    \"11.1\": 0.00467,\n    \"12.1\": 0.02804,\n    \"13.1\": 0.03739,\n    \"14.1\": 0.13555\n  },\n  B: {\n    \"12\": 0.02337,\n    \"13\": 0.03739,\n    \"14\": 0.01402,\n    \"15\": 0.07946,\n    \"16\": 0.00935,\n    \"17\": 0.03272,\n    \"18\": 0.19163,\n    \"79\": 0,\n    \"80\": 0,\n    \"81\": 0,\n    \"83\": 0,\n    \"84\": 0.03739,\n    \"85\": 0.00935,\n    \"86\": 0.01402,\n    \"87\": 0.00467,\n    \"88\": 0,\n    \"89\": 0.02804,\n    \"90\": 0.02337,\n    \"91\": 0.08881,\n    \"92\": 1.72003,\n    \"93\": 0\n  },\n  P: {\n    \"4\": 0.76133,\n    \"5.0-5.4\": 0.04172,\n    \"6.2-6.4\": 0.04172,\n    \"7.2-7.4\": 0.13558,\n    \"8.2\": 0.01043,\n    \"9.2\": 0.04172,\n    \"10.1\": 0.03129,\n    \"11.1-11.2\": 0.12515,\n    \"12.0\": 0.09386,\n    \"13.0\": 0.20858,\n    \"14.0\": 0.98034\n  },\n  I: {\n    \"0\": 0,\n    \"3\": 0,\n    \"4\": 0.00833,\n    \"2.1\": 0,\n    \"2.2\": 0,\n    \"2.3\": 0,\n    \"4.1\": 0.09224,\n    \"4.2-4.3\": 0.25352,\n    \"4.4\": 0,\n    \"4.4.3-4.4.4\": 0.57786\n  },\n  K: {\n    _: \"0 10 11 12 11.1 11.5 12.1\"\n  },\n  A: {\n    \"6\": 0,\n    \"7\": 0,\n    \"8\": 0,\n    \"9\": 0.00779,\n    \"10\": 0,\n    \"11\": 0.43624,\n    \"5.5\": 0\n  },\n  J: {\n    \"7\": 0,\n    \"10\": 0.0213\n  },\n  N: {\n    \"10\": 0,\n    \"11\": 0\n  },\n  R: {\n    _: \"0\"\n  },\n  M: {\n    \"0\": 0.1225\n  },\n  Q: {\n    \"10.4\": 0.04793\n  },\n  O: {\n    \"0\": 0.39412\n  },\n  H: {\n    \"0\": 2.42535\n  },\n  L: {\n    \"0\": 60.78107\n  },\n  S: {\n    \"2.5\": 0\n  }\n};","map":{"version":3,"sources":["C:/xampp/public_html/vamo/interface2/node_modules/caniuse-lite/data/regions/AO.js"],"names":["module","exports","C","D","F","G","E","_","B","P","I","K","A","J","N","R","M","Q","O","H","L","S"],