{"ast":null,"code":"module.exports = {\n  C: {\n    \"2\": 0,\n    \"3\": 0,\n    \"4\": 0,\n    \"5\": 0,\n    \"6\": 0,\n    \"7\": 0,\n    \"8\": 0,\n    \"9\": 0,\n    \"10\": 0,\n    \"11\": 0,\n    \"12\": 0,\n    \"13\": 0,\n    \"14\": 0,\n    \"15\": 0,\n    \"16\": 0,\n    \"17\": 0.00489,\n    \"18\": 0,\n    \"19\": 0,\n    \"20\": 0,\n    \"21\": 0,\n    \"22\": 0,\n    \"23\": 0,\n    \"24\": 0,\n    \"25\": 0,\n    \"26\": 0,\n    \"27\": 0,\n    \"28\": 0,\n    \"29\": 0,\n    \"30\": 0,\n    \"31\": 0,\n    \"32\": 0,\n    \"33\": 0,\n    \"34\": 0,\n    \"35\": 0.00489,\n    \"36\": 0.00489,\n    \"37\": 0,\n    \"38\": 0,\n    \"39\": 0,\n    \"40\": 0,\n    \"41\": 0,\n    \"42\": 0,\n    \"43\": 0,\n    \"44\": 0,\n    \"45\": 0,\n    \"46\": 0,\n    \"47\": 0,\n    \"48\": 0,\n    \"49\": 0,\n    \"50\": 0,\n    \"51\": 0,\n    \"52\": 0.01466,\n    \"53\": 0,\n    \"54\": 0,\n    \"55\": 0,\n    \"56\": 0.00489,\n    \"57\": 0,\n    \"58\": 0,\n    \"59\": 0,\n    \"60\": 0.00489,\n    \"61\": 0,\n    \"62\": 0,\n    \"63\": 0,\n    \"64\": 0,\n    \"65\": 0,\n    \"66\": 0.00489,\n    \"67\": 0.00489,\n    \"68\": 0.00977,\n    \"69\": 0,\n    \"70\": 0,\n    \"71\": 0,\n    \"72\": 0.00489,\n    \"73\": 0,\n    \"74\": 0,\n    \"75\": 0,\n    \"76\": 0,\n    \"77\": 0,\n    \"78\": 0.0342,\n    \"79\": 0.00489,\n    \"80\": 0.00489,\n    \"81\": 0.00489,\n    \"82\": 0.00489,\n    \"83\": 0.00489,\n    \"84\": 0.00489,\n    \"85\": 0.00489,\n    \"86\": 0.00489,\n    \"87\": 0.00489,\n    \"88\": 0.01954,\n    \"89\": 0.02932,\n    \"90\": 0.40065,\n    \"91\": 0.58632,\n    \"92\": 0.00489,\n    \"93\": 0,\n    \"3.5\": 0,\n    \"3.6\": 0\n  },\n  D: {\n    \"4\": 0,\n    \"5\": 0,\n    \"6\": 0,\n    \"7\": 0,\n    \"8\": 0,\n    \"9\": 0,\n    \"10\": 0,\n    \"11\": 0,\n    \"12\": 0,\n    \"13\": 0,\n    \"14\": 0,\n    \"15\": 0,\n    \"16\": 0,\n    \"17\": 0,\n    \"18\": 0,\n    \"19\": 0,\n    \"20\": 0,\n    \"21\": 0,\n    \"22\": 0,\n    \"23\": 0,\n    \"24\": 0.00489,\n    \"25\": 0,\n    \"26\": 0,\n    \"27\": 0,\n    \"28\": 0,\n    \"29\": 0,\n    \"30\": 0,\n    \"31\": 0,\n    \"32\": 0,\n    \"33\": 0,\n    \"34\": 0,\n    \"35\": 0,\n    \"36\": 0,\n    \"37\": 0,\n    \"38\": 0.00489,\n    \"39\": 0,\n    \"40\": 0,\n    \"41\": 0,\n    \"42\": 0,\n    \"43\": 0.00489,\n    \"44\": 0,\n    \"45\": 0,\n    \"46\": 0,\n    \"47\": 0.00489,\n    \"48\": 0,\n    \"49\": 0.04886,\n    \"50\": 0,\n    \"51\": 0.00489,\n    \"52\": 0,\n    \"53\": 0.00489,\n    \"54\": 0,\n    \"55\": 0.00489,\n    \"56\": 0,\n    \"57\": 0,\n    \"58\": 0.00489,\n    \"59\": 0,\n    \"60\": 0,\n    \"61\": 0.05863,\n    \"62\": 0,\n    \"63\": 0.00977,\n    \"64\": 0,\n    \"65\": 0.00489,\n    \"66\": 0,\n    \"67\": 0.00489,\n    \"68\": 0.00489,\n    \"69\": 0.00489,\n    \"70\": 0.00489,\n    \"71\": 0.00489,\n    \"72\": 0.00489,\n    \"73\": 0.00489,\n    \"74\": 0.01466,\n    \"75\": 0.02443,\n    \"76\": 0.00977,\n    \"77\": 0.00489,\n    \"78\": 0.01466,\n    \"79\": 0.07818,\n    \"80\": 0.01954,\n    \"81\": 0.02932,\n    \"83\": 0.02932,\n    \"84\": 0.03909,\n    \"85\": 0.03909,\n    \"86\": 0.04886,\n    \"87\": 0.20521,\n    \"88\": 0.02932,\n    \"89\": 0.05375,\n    \"90\": 0.09283,\n    \"91\": 1.02117,\n    \"92\": 16.91045,\n    \"93\": 0.04886,\n    \"94\": 0.01466,\n    \"95\": 0.00489,\n    \"96\": 0\n  },\n  F: {\n    \"9\": 0,\n    \"11\": 0,\n    \"12\": 0,\n    \"15\": 0,\n    \"16\": 0,\n    \"17\": 0,\n    \"18\": 0,\n    \"19\": 0,\n    \"20\": 0,\n    \"21\": 0,\n    \"22\": 0,\n    \"23\": 0,\n    \"24\": 0,\n    \"25\": 0,\n    \"26\": 0,\n    \"27\": 0,\n    \"28\": 0,\n    \"29\": 0,\n    \"30\": 0,\n    \"31\": 0,\n    \"32\": 0,\n    \"33\": 0,\n    \"34\": 0,\n    \"35\": 0,\n    \"36\": 0.00489,\n    \"37\": 0,\n    \"38\": 0,\n    \"39\": 0,\n    \"40\": 0,\n    \"41\": 0,\n    \"42\": 0,\n    \"43\": 0,\n    \"44\": 0,\n    \"45\": 0,\n    \"46\": 0,\n    \"47\": 0,\n    \"48\": 0,\n    \"49\": 0,\n    \"50\": 0,\n    \"51\": 0,\n    \"52\": 0,\n    \"53\": 0,\n    \"54\": 0,\n    \"55\": 0,\n    \"56\": 0,\n    \"57\": 0,\n    \"58\": 0.01466,\n    \"60\": 0,\n    \"62\": 0,\n    \"63\": 0,\n    \"64\": 0,\n    \"65\": 0,\n    \"66\": 0,\n    \"67\": 0,\n    \"68\": 0,\n    \"69\": 0,\n    \"70\": 0,\n    \"71\": 0,\n    \"72\": 0,\n    \"73\": 0,\n    \"74\": 0,\n    \"75\": 0.00489,\n    \"76\": 0,\n    \"77\": 0.67915,\n    \"78\": 0.60586,\n    \"9.5-9.6\": 0,\n    \"10.0-10.1\": 0,\n    \"10.5\": 0,\n    \"10.6\": 0,\n    \"11.1\": 0,\n    \"11.5\": 0,\n    \"11.6\": 0,\n    \"12.1\": 0\n  },\n  G: {\n    \"8\": 0.00096,\n    \"3.2\": 0.00192,\n    \"4.0-4.1\": 0,\n    \"4.2-4.3\": 0,\n    \"5.0-5.1\": 0.01249,\n    \"6.0-6.1\": 0.00577,\n    \"7.0-7.1\": 0.00577,\n    \"8.1-8.4\": 0.00192,\n    \"9.0-9.2\": 0.00192,\n    \"9.3\": 0.05573,\n    \"10.0-10.2\": 0.0048,\n    \"10.3\": 0.06342,\n    \"11.0-11.2\": 0.01441,\n    \"11.3-11.4\": 0.02594,\n    \"12.0-12.1\": 0.01633,\n    \"12.2-12.4\": 0.06342,\n    \"13.0-13.1\": 0.02018,\n    \"13.2\": 0.00673,\n    \"13.3\": 0.07014,\n    \"13.4-13.7\": 0.26712,\n    \"14.0-14.4\": 0.96855,\n    \"14.5-14.7\": 7.55048\n  },\n  E: {\n    \"4\": 0,\n    \"5\": 0,\n    \"6\": 0,\n    \"7\": 0,\n    \"8\": 0,\n    \"9\": 0,\n    \"10\": 0,\n    \"11\": 0,\n    \"12\": 0,\n    \"13\": 0.00977,\n    \"14\": 0.04397,\n    \"15\": 0.00489,\n    _: \"0\",\n    \"3.1\": 0,\n    \"3.2\": 0,\n    \"5.1\": 0,\n    \"6.1\": 0,\n    \"7.1\": 0,\n    \"9.1\": 0,\n    \"10.1\": 0,\n    \"11.1\": 0.00489,\n    \"12.1\": 0.00977,\n    \"13.1\": 0.04397,\n    \"14.1\": 0.22476\n  },\n  B: {\n    \"12\": 0,\n    \"13\": 0,\n    \"14\": 0,\n    \"15\": 0.00489,\n    \"16\": 0.00489,\n    \"17\": 0.00489,\n    \"18\": 0.0342,\n    \"79\": 0,\n    \"80\": 0,\n    \"81\": 0,\n    \"83\": 0,\n    \"84\": 0.00489,\n    \"85\": 0.00489,\n    \"86\": 0,\n    \"87\": 0,\n    \"88\": 0,\n    \"89\": 0.00977,\n    \"90\": 0.00489,\n    \"91\": 0.02932,\n    \"92\": 1.47557,\n    \"93\": 0.00489\n  },\n  P: {\n    \"4\": 0.18037,\n    \"5.0-5.4\": 0,\n    \"6.2-6.4\": 0,\n    \"7.2-7.4\": 0.19039,\n    \"8.2\": 0,\n    \"9.2\": 0.03006,\n    \"10.1\": 0.02004,\n    \"11.1-11.2\": 0.15031,\n    \"12.0\": 0.04008,\n    \"13.0\": 0.15031,\n    \"14.0\": 1.85378\n  },\n  I: {\n    \"0\": 0,\n    \"3\": 0,\n    \"4\": 0,\n    \"2.1\": 0,\n    \"2.2\": 0,\n    \"2.3\": 0,\n    \"4.1\": 0.012,\n    \"4.2-4.3\": 0.0264,\n    \"4.4\": 0,\n    \"4.4.3-4.4.4\": 0.12\n  },\n  K: {\n    _: \"0 10 11 12 11.1 11.5 12.1\"\n  },\n  A: {\n    \"6\": 0,\n    \"7\": 0,\n    \"8\": 0.01024,\n    \"9\": 0,\n    \"10\": 0.00512,\n    \"11\": 0.09214,\n    \"5.5\": 0\n  },\n  J: {\n    \"7\": 0,\n    \"10\": 0\n  },\n  N: {\n    \"10\": 0,\n    \"11\": 0\n  },\n  R: {\n    _: \"0\"\n  },\n  M: {\n    \"0\": 0.13808\n  },\n  Q: {\n    \"10.4\": 0.00511\n  },\n  O: {\n    \"0\": 0.12785\n  },\n  H: {\n    \"0\": 0.1743\n  },\n  L: {\n    \"0\": 62.18704\n  },\n  S: {\n    \"2.5\": 0\n  }\n};","map":{"version":3,"sources":["C:/xampp/public_html/vamo/interface2/node_modules/caniuse-lite/data/regions/BR.js"],"names":["module","exports","C","D","F","G","E","_","B","P","I","K","A","J","N","R","M","Q","O","H","L","S"],