{"ast":null,"code":"module.exports = {\n  C: {\n    \"2\": 0,\n    \"3\": 0,\n    \"4\": 0,\n    \"5\": 0,\n    \"6\": 0,\n    \"7\": 0,\n    \"8\": 0,\n    \"9\": 0,\n    \"10\": 0,\n    \"11\": 0,\n    \"12\": 0,\n    \"13\": 0,\n    \"14\": 0,\n    \"15\": 0,\n    \"16\": 0,\n    \"17\": 0,\n    \"18\": 0,\n    \"19\": 0,\n    \"20\": 0,\n    \"21\": 0,\n    \"22\": 0,\n    \"23\": 0,\n    \"24\": 0,\n    \"25\": 0,\n    \"26\": 0,\n    \"27\": 0,\n    \"28\": 0,\n    \"29\": 0,\n    \"30\": 0,\n    \"31\": 0,\n    \"32\": 0,\n    \"33\": 0,\n    \"34\": 0,\n    \"35\": 0.01447,\n    \"36\": 0.00964,\n    \"37\": 0,\n    \"38\": 0,\n    \"39\": 0,\n    \"40\": 0,\n    \"41\": 0,\n    \"42\": 0,\n    \"43\": 0,\n    \"44\": 0,\n    \"45\": 0,\n    \"46\": 0,\n    \"47\": 0,\n    \"48\": 0.00482,\n    \"49\": 0,\n    \"50\": 0,\n    \"51\": 0,\n    \"52\": 0.01929,\n    \"53\": 0,\n    \"54\": 0,\n    \"55\": 0,\n    \"56\": 0.00482,\n    \"57\": 0,\n    \"58\": 0,\n    \"59\": 0.00964,\n    \"60\": 0,\n    \"61\": 0,\n    \"62\": 0,\n    \"63\": 0,\n    \"64\": 0,\n    \"65\": 0.00482,\n    \"66\": 0,\n    \"67\": 0,\n    \"68\": 0.00964,\n    \"69\": 0,\n    \"70\": 0,\n    \"71\": 0,\n    \"72\": 0,\n    \"73\": 0,\n    \"74\": 0,\n    \"75\": 0,\n    \"76\": 0,\n    \"77\": 0,\n    \"78\": 0.04822,\n    \"79\": 0,\n    \"80\": 0.00482,\n    \"81\": 0.00482,\n    \"82\": 0.00964,\n    \"83\": 0,\n    \"84\": 0.01447,\n    \"85\": 0.00482,\n    \"86\": 0.00482,\n    \"87\": 0.00482,\n    \"88\": 0.01929,\n    \"89\": 0.03858,\n    \"90\": 0.58828,\n    \"91\": 0.77634,\n    \"92\": 0.00482,\n    \"93\": 0,\n    \"3.5\": 0,\n    \"3.6\": 0\n  },\n  D: {\n    \"4\": 0,\n    \"5\": 0,\n    \"6\": 0,\n    \"7\": 0,\n    \"8\": 0,\n    \"9\": 0,\n    \"10\": 0,\n    \"11\": 0,\n    \"12\": 0,\n    \"13\": 0,\n    \"14\": 0,\n    \"15\": 0,\n    \"16\": 0,\n    \"17\": 0,\n    \"18\": 0,\n    \"19\": 0,\n    \"20\": 0,\n    \"21\": 0,\n    \"22\": 0,\n    \"23\": 0,\n    \"24\": 0,\n    \"25\": 0,\n    \"26\": 0,\n    \"27\": 0,\n    \"28\": 0,\n    \"29\": 0,\n    \"30\": 0,\n    \"31\": 0,\n    \"32\": 0,\n    \"33\": 0.00482,\n    \"34\": 0,\n    \"35\": 0,\n    \"36\": 0.00482,\n    \"37\": 0,\n    \"38\": 0.00964,\n    \"39\": 0,\n    \"40\": 0.11091,\n    \"41\": 0.00482,\n    \"42\": 0,\n    \"43\": 0.00482,\n    \"44\": 0,\n    \"45\": 0,\n    \"46\": 0,\n    \"47\": 0,\n    \"48\": 0,\n    \"49\": 0.10126,\n    \"50\": 0,\n    \"51\": 0,\n    \"52\": 0.00482,\n    \"53\": 0,\n    \"54\": 0,\n    \"55\": 0,\n    \"56\": 0.00482,\n    \"57\": 0,\n    \"58\": 0.00482,\n    \"59\": 0.00482,\n    \"60\": 0.01447,\n    \"61\": 0.01929,\n    \"62\": 0,\n    \"63\": 0.00482,\n    \"64\": 0.00482,\n    \"65\": 0.00964,\n    \"66\": 0.03375,\n    \"67\": 0.00964,\n    \"68\": 0.00482,\n    \"69\": 0.03375,\n    \"70\": 0.00964,\n    \"71\": 0.02893,\n    \"72\": 0.01447,\n    \"73\": 0.00482,\n    \"74\": 0.01447,\n    \"75\": 0.01929,\n    \"76\": 0.02411,\n    \"77\": 0.00964,\n    \"78\": 0.01447,\n    \"79\": 0.03858,\n    \"80\": 0.03375,\n    \"81\": 0.02411,\n    \"83\": 0.05304,\n    \"84\": 0.02411,\n    \"85\": 0.02411,\n    \"86\": 0.02893,\n    \"87\": 0.12055,\n    \"88\": 0.04822,\n    \"89\": 0.6799,\n    \"90\": 0.11573,\n    \"91\": 0.73294,\n    \"92\": 9.96225,\n    \"93\": 0.00964,\n    \"94\": 0.00482,\n    \"95\": 0,\n    \"96\": 0\n  },\n  F: {\n    \"9\": 0,\n    \"11\": 0,\n    \"12\": 0,\n    \"15\": 0,\n    \"16\": 0,\n    \"17\": 0,\n    \"18\": 0,\n    \"19\": 0,\n    \"20\": 0,\n    \"21\": 0,\n    \"22\": 0,\n    \"23\": 0,\n    \"24\": 0,\n    \"25\": 0,\n    \"26\": 0,\n    \"27\": 0,\n    \"28\": 0,\n    \"29\": 0,\n    \"30\": 0,\n    \"31\": 0,\n    \"32\": 0,\n    \"33\": 0,\n    \"34\": 0,\n    \"35\": 0,\n    \"36\": 0.00482,\n    \"37\": 0,\n    \"38\": 0,\n    \"39\": 0,\n    \"40\": 0.00482,\n    \"41\": 0,\n    \"42\": 0,\n    \"43\": 0,\n    \"44\": 0,\n    \"45\": 0,\n    \"46\": 0.00482,\n    \"47\": 0,\n    \"48\": 0,\n    \"49\": 0,\n    \"50\": 0,\n    \"51\": 0,\n    \"52\": 0,\n    \"53\": 0,\n    \"54\": 0,\n    \"55\": 0,\n    \"56\": 0,\n    \"57\": 0,\n    \"58\": 0.01447,\n    \"60\": 0,\n    \"62\": 0,\n    \"63\": 0,\n    \"64\": 0,\n    \"65\": 0,\n    \"66\": 0,\n    \"67\": 0,\n    \"68\": 0,\n    \"69\": 0,\n    \"70\": 0,\n    \"71\": 0,\n    \"72\": 0,\n    \"73\": 0,\n    \"74\": 0,\n    \"75\": 0,\n    \"76\": 0,\n    \"77\": 0.17841,\n    \"78\": 0.1543,\n    \"9.5-9.6\": 0,\n    \"10.0-10.1\": 0,\n    \"10.5\": 0,\n    \"10.6\": 0,\n    \"11.1\": 0,\n    \"11.5\": 0,\n    \"11.6\": 0,\n    \"12.1\": 0.00482\n  },\n  G: {\n    \"8\": 0,\n    \"3.2\": 0,\n    \"4.0-4.1\": 0,\n    \"4.2-4.3\": 0,\n    \"5.0-5.1\": 0.01181,\n    \"6.0-6.1\": 0.01575,\n    \"7.0-7.1\": 0.03151,\n    \"8.1-8.4\": 0.03544,\n    \"9.0-9.2\": 0.02757,\n    \"9.3\": 0.59073,\n    \"10.0-10.2\": 0.03151,\n    \"10.3\": 0.57498,\n    \"11.0-11.2\": 0.07876,\n    \"11.3-11.4\": 0.12602,\n    \"12.0-12.1\": 0.0827,\n    \"12.2-12.4\": 0.2993,\n    \"13.0-13.1\": 0.06695,\n    \"13.2\": 0.02363,\n    \"13.3\": 0.22448,\n    \"13.4-13.7\": 0.84671,\n    \"14.0-14.4\": 3.64284,\n    \"14.5-14.7\": 30.29662\n  },\n  E: {\n    \"4\": 0,\n    \"5\": 0,\n    \"6\": 0,\n    \"7\": 0,\n    \"8\": 0,\n    \"9\": 0,\n    \"10\": 0,\n    \"11\": 0.00482,\n    \"12\": 0.00482,\n    \"13\": 0.06751,\n    \"14\": 0.46773,\n    \"15\": 0.01447,\n    _: \"0\",\n    \"3.1\": 0,\n    \"3.2\": 0,\n    \"5.1\": 0,\n    \"6.1\": 0,\n    \"7.1\": 0,\n    \"9.1\": 0.00482,\n    \"10.1\": 0.01447,\n    \"11.1\": 0.0434,\n    \"12.1\": 0.06269,\n    \"13.1\": 0.27485,\n    \"14.1\": 2.67621\n  },\n  B: {\n    \"12\": 0,\n    \"13\": 0,\n    \"14\": 0.00482,\n    \"15\": 0.00482,\n    \"16\": 0.00482,\n    \"17\": 0.00964,\n    \"18\": 0.10608,\n    \"79\": 0,\n    \"80\": 0,\n    \"81\": 0,\n    \"83\": 0,\n    \"84\": 0.00482,\n    \"85\": 0.00482,\n    \"86\": 0.00482,\n    \"87\": 0.00482,\n    \"88\": 0.00482,\n    \"89\": 0.00964,\n    \"90\": 0.01447,\n    \"91\": 0.08197,\n    \"92\": 2.88838,\n    \"93\": 0.00482\n  },\n  P: {\n    \"4\": 0.08649,\n    \"5.0-5.4\": 0,\n    \"6.2-6.4\": 0,\n    \"7.2-7.4\": 0.02162,\n    \"8.2\": 0,\n    \"9.2\": 0.01081,\n    \"10.1\": 0.02162,\n    \"11.1-11.2\": 0.0973,\n    \"12.0\": 0.05405,\n    \"13.0\": 0.18378,\n    \"14.0\": 3.72968\n  },\n  I: {\n    \"0\": 0,\n    \"3\": 0,\n    \"4\": 0.15523,\n    \"2.1\": 0,\n    \"2.2\": 0.00913,\n    \"2.3\": 0,\n    \"4.1\": 0.01826,\n    \"4.2-4.3\": 0.07305,\n    \"4.4\": 0,\n    \"4.4.3-4.4.4\": 0.37134\n  },\n  K: {\n    _: \"0 10 11 12 11.1 11.5 12.1\"\n  },\n  A: {\n    \"6\": 0,\n    \"7\": 0,\n    \"8\": 0.00532,\n    \"9\": 0,\n    \"10\": 0,\n    \"11\": 0.30329,\n    \"5.5\": 0\n  },\n  J: {\n    \"7\": 0,\n    \"10\": 0.00518\n  },\n  N: {\n    \"10\": 0,\n    \"11\": 0\n  },\n  R: {\n    _: \"0\"\n  },\n  M: {\n    \"0\": 0.33657\n  },\n  Q: {\n    \"10.4\": 0.01036\n  },\n  O: {\n    \"0\": 0.18641\n  },\n  H: {\n    \"0\": 0.2157\n  },\n  L: {\n    \"0\": 32.87571\n  },\n  S: {\n    \"2.5\": 0\n  }\n};","map":{"version":3,"sources":["C:/xampp/public_html/vamo/interface2/node_modules/caniuse-lite/data/regions/GB.js"],"names":["module","exports","C","D","F","G","E","_","B","P","I","K","A","J","N","R","M","Q","O","H","L","S"],