{"ast":null,"code":"module.exports = {\n  C: {\n    \"2\": 0,\n    \"3\": 0,\n    \"4\": 0,\n    \"5\": 0,\n    \"6\": 0,\n    \"7\": 0,\n    \"8\": 0,\n    \"9\": 0,\n    \"10\": 0,\n    \"11\": 0,\n    \"12\": 0,\n    \"13\": 0,\n    \"14\": 0,\n    \"15\": 0,\n    \"16\": 0,\n    \"17\": 0,\n    \"18\": 0,\n    \"19\": 0,\n    \"20\": 0,\n    \"21\": 0,\n    \"22\": 0,\n    \"23\": 0,\n    \"24\": 0,\n    \"25\": 0,\n    \"26\": 0,\n    \"27\": 0,\n    \"28\": 0,\n    \"29\": 0,\n    \"30\": 0,\n    \"31\": 0,\n    \"32\": 0,\n    \"33\": 0,\n    \"34\": 0,\n    \"35\": 0,\n    \"36\": 0.00579,\n    \"37\": 0,\n    \"38\": 0,\n    \"39\": 0,\n    \"40\": 0,\n    \"41\": 0,\n    \"42\": 0.0029,\n    \"43\": 0,\n    \"44\": 0,\n    \"45\": 0,\n    \"46\": 0,\n    \"47\": 0,\n    \"48\": 0,\n    \"49\": 0,\n    \"50\": 0,\n    \"51\": 0,\n    \"52\": 0.00869,\n    \"53\": 0,\n    \"54\": 0.0029,\n    \"55\": 0,\n    \"56\": 0,\n    \"57\": 0,\n    \"58\": 0,\n    \"59\": 0,\n    \"60\": 0,\n    \"61\": 0,\n    \"62\": 0,\n    \"63\": 0,\n    \"64\": 0,\n    \"65\": 0,\n    \"66\": 0,\n    \"67\": 0,\n    \"68\": 0,\n    \"69\": 0,\n    \"70\": 0.0029,\n    \"71\": 0,\n    \"72\": 0.0029,\n    \"73\": 0,\n    \"74\": 0,\n    \"75\": 0,\n    \"76\": 0,\n    \"77\": 0.0029,\n    \"78\": 0.01738,\n    \"79\": 0.0029,\n    \"80\": 0,\n    \"81\": 0,\n    \"82\": 0,\n    \"83\": 0,\n    \"84\": 0,\n    \"85\": 0,\n    \"86\": 0.01158,\n    \"87\": 0.0029,\n    \"88\": 0,\n    \"89\": 0.01448,\n    \"90\": 0.50101,\n    \"91\": 0.62843,\n    \"92\": 0,\n    \"93\": 0,\n    \"3.5\": 0,\n    \"3.6\": 0\n  },\n  D: {\n    \"4\": 0,\n    \"5\": 0,\n    \"6\": 0,\n    \"7\": 0,\n    \"8\": 0,\n    \"9\": 0,\n    \"10\": 0,\n    \"11\": 0,\n    \"12\": 0,\n    \"13\": 0,\n    \"14\": 0,\n    \"15\": 0,\n    \"16\": 0,\n    \"17\": 0,\n    \"18\": 0,\n    \"19\": 0,\n    \"20\": 0,\n    \"21\": 0,\n    \"22\": 0,\n    \"23\": 0,\n    \"24\": 0,\n    \"25\": 0,\n    \"26\": 0,\n    \"27\": 0,\n    \"28\": 0,\n    \"29\": 0,\n    \"30\": 0,\n    \"31\": 0,\n    \"32\": 0,\n    \"33\": 0,\n    \"34\": 0,\n    \"35\": 0,\n    \"36\": 0,\n    \"37\": 0,\n    \"38\": 0.0029,\n    \"39\": 0,\n    \"40\": 0,\n    \"41\": 0,\n    \"42\": 0,\n    \"43\": 0,\n    \"44\": 0,\n    \"45\": 0,\n    \"46\": 0.00869,\n    \"47\": 0,\n    \"48\": 0,\n    \"49\": 0.03475,\n    \"50\": 0,\n    \"51\": 0,\n    \"52\": 0,\n    \"53\": 0,\n    \"54\": 0,\n    \"55\": 0,\n    \"56\": 0,\n    \"57\": 0,\n    \"58\": 0.00579,\n    \"59\": 0.08109,\n    \"60\": 0.01738,\n    \"61\": 0,\n    \"62\": 0,\n    \"63\": 0.00869,\n    \"64\": 0,\n    \"65\": 0,\n    \"66\": 0,\n    \"67\": 0,\n    \"68\": 0,\n    \"69\": 0,\n    \"70\": 0.03475,\n    \"71\": 0,\n    \"72\": 0.0029,\n    \"73\": 0,\n    \"74\": 0,\n    \"75\": 0.0029,\n    \"76\": 0,\n    \"77\": 0.0029,\n    \"78\": 0.0029,\n    \"79\": 0.00579,\n    \"80\": 0.0029,\n    \"81\": 0.01738,\n    \"83\": 0,\n    \"84\": 0.0029,\n    \"85\": 0.00579,\n    \"86\": 0.02606,\n    \"87\": 0.10715,\n    \"88\": 0.01158,\n    \"89\": 0.00869,\n    \"90\": 0.05213,\n    \"91\": 0.19982,\n    \"92\": 4.74075,\n    \"93\": 0,\n    \"94\": 0.00869,\n    \"95\": 0.0029,\n    \"96\": 0\n  },\n  F: {\n    \"9\": 0,\n    \"11\": 0,\n    \"12\": 0,\n    \"15\": 0,\n    \"16\": 0,\n    \"17\": 0,\n    \"18\": 0,\n    \"19\": 0,\n    \"20\": 0,\n    \"21\": 0,\n    \"22\": 0,\n    \"23\": 0,\n    \"24\": 0,\n    \"25\": 0,\n    \"26\": 0,\n    \"27\": 0,\n    \"28\": 0,\n    \"29\": 0,\n    \"30\": 0,\n    \"31\": 0,\n    \"32\": 0,\n    \"33\": 0,\n    \"34\": 0,\n    \"35\": 0,\n    \"36\": 0,\n    \"37\": 0,\n    \"38\": 0,\n    \"39\": 0,\n    \"40\": 0,\n    \"41\": 0,\n    \"42\": 0.05502,\n    \"43\": 0,\n    \"44\": 0,\n    \"45\": 0,\n    \"46\": 0,\n    \"47\": 0,\n    \"48\": 0,\n    \"49\": 0,\n    \"50\": 0,\n    \"51\": 0,\n    \"52\": 0,\n    \"53\": 0,\n    \"54\": 0,\n    \"55\": 0,\n    \"56\": 0,\n    \"57\": 0,\n    \"58\": 0.08688,\n    \"60\": 0,\n    \"62\": 0,\n    \"63\": 0,\n    \"64\": 0,\n    \"65\": 0.0029,\n    \"66\": 0,\n    \"67\": 0,\n    \"68\": 0,\n    \"69\": 0,\n    \"70\": 0,\n    \"71\": 0,\n    \"72\": 0,\n    \"73\": 0,\n    \"74\": 0,\n    \"75\": 0,\n    \"76\": 0.00579,\n    \"77\": 0.1419,\n    \"78\": 0.02896,\n    \"9.5-9.6\": 0,\n    \"10.0-10.1\": 0,\n    \"10.5\": 0,\n    \"10.6\": 0,\n    \"11.1\": 0,\n    \"11.5\": 0,\n    \"11.6\": 0,\n    \"12.1\": 0.00869\n  },\n  G: {\n    \"8\": 0,\n    \"3.2\": 0,\n    \"4.0-4.1\": 0,\n    \"4.2-4.3\": 0,\n    \"5.0-5.1\": 0.00343,\n    \"6.0-6.1\": 0.00343,\n    \"7.0-7.1\": 0.00086,\n    \"8.1-8.4\": 0,\n    \"9.0-9.2\": 0,\n    \"9.3\": 0,\n    \"10.0-10.2\": 0.72978,\n    \"10.3\": 0.02313,\n    \"11.0-11.2\": 0.1105,\n    \"11.3-11.4\": 0.01713,\n    \"12.0-12.1\": 0.01713,\n    \"12.2-12.4\": 0.19101,\n    \"13.0-13.1\": 0.10279,\n    \"13.2\": 0.01627,\n    \"13.3\": 0.12591,\n    \"13.4-13.7\": 0.55076,\n    \"14.0-14.4\": 1.26256,\n    \"14.5-14.7\": 4.85322\n  },\n  E: {\n    \"4\": 0,\n    \"5\": 0,\n    \"6\": 0,\n    \"7\": 0,\n    \"8\": 0,\n    \"9\": 0,\n    \"10\": 0,\n    \"11\": 0,\n    \"12\": 0,\n    \"13\": 0.01448,\n    \"14\": 0.02896,\n    \"15\": 0,\n    _: \"0\",\n    \"3.1\": 0,\n    \"3.2\": 0,\n    \"5.1\": 0,\n    \"6.1\": 0,\n    \"7.1\": 0,\n    \"9.1\": 0,\n    \"10.1\": 0,\n    \"11.1\": 0,\n    \"12.1\": 0.01158,\n    \"13.1\": 0.04923,\n    \"14.1\": 0.12453\n  },\n  B: {\n    \"12\": 0.02027,\n    \"13\": 0.00579,\n    \"14\": 0,\n    \"15\": 0.00579,\n    \"16\": 0.00579,\n    \"17\": 0.0029,\n    \"18\": 0.01738,\n    \"79\": 0,\n    \"80\": 0,\n    \"81\": 0,\n    \"83\": 0.0029,\n    \"84\": 0.00579,\n    \"85\": 0.01158,\n    \"86\": 0,\n    \"87\": 0,\n    \"88\": 0.0029,\n    \"89\": 0.0029,\n    \"90\": 0.00579,\n    \"91\": 0.01738,\n    \"92\": 0.58499,\n    \"93\": 0\n  },\n  P: {\n    \"4\": 0.58231,\n    \"5.0-5.4\": 0.04016,\n    \"6.2-6.4\": 0.14056,\n    \"7.2-7.4\": 1.14454,\n    \"8.2\": 0,\n    \"9.2\": 0.0502,\n    \"10.1\": 0.02008,\n    \"11.1-11.2\": 1.16462,\n    \"12.0\": 0.14056,\n    \"13.0\": 1.05418,\n    \"14.0\": 2.66054\n  },\n  I: {\n    \"0\": 0,\n    \"3\": 0,\n    \"4\": 0,\n    \"2.1\": 0,\n    \"2.2\": 0,\n    \"2.3\": 0,\n    \"4.1\": 0.0036,\n    \"4.2-4.3\": 0.01081,\n    \"4.4\": 0,\n    \"4.4.3-4.4.4\": 0.15007\n  },\n  K: {\n    _: \"0 10 11 12 11.1 11.5 12.1\"\n  },\n  A: {\n    \"6\": 0,\n    \"7\": 0,\n    \"8\": 0,\n    \"9\": 0,\n    \"10\": 0,\n    \"11\": 0.15638,\n    \"5.5\": 0\n  },\n  J: {\n    \"7\": 0,\n    \"10\": 0\n  },\n  N: {\n    \"10\": 0,\n    \"11\": 0\n  },\n  R: {\n    _: \"0\"\n  },\n  M: {\n    \"0\": 0.09946\n  },\n  Q: {\n    \"10.4\": 1.52736\n  },\n  O: {\n    \"0\": 3.81485\n  },\n  H: {\n    \"0\": 0.92141\n  },\n  L: {\n    \"0\": 66.42882\n  },\n  S: {\n    \"2.5\": 0\n  }\n};","map":{"version":3,"sources":["C:/xampp/public_html/vamo/interface2/node_modules/caniuse-lite/data/regions/DJ.js"],"names":["module","exports","C","D","F","G","E","_","B","P","I","K","A","J","N","R","M","Q","O","H","L","S"],