{"ast":null,"code":"module.exports = {\n  C: {\n    \"7\": 0.01474,\n    \"21\": 0.00983,\n    \"34\": 0.00491,\n    \"37\": 0.01965,\n    \"41\": 0.01965,\n    \"43\": 0.00983,\n    \"44\": 0.00983,\n    \"47\": 0.05896,\n    \"49\": 0.00983,\n    \"50\": 0.03439,\n    \"52\": 0.09335,\n    \"56\": 0.02457,\n    \"57\": 0.0737,\n    \"62\": 0.01965,\n    \"63\": 0.01474,\n    \"64\": 0.00983,\n    \"71\": 0.02948,\n    \"72\": 0.02948,\n    \"75\": 0.05404,\n    \"78\": 0.04913,\n    \"81\": 0.65343,\n    \"82\": 0.01474,\n    \"83\": 0.01474,\n    \"84\": 0.02457,\n    \"85\": 0.24565,\n    \"87\": 0.15722,\n    \"88\": 0.02457,\n    \"89\": 0.13265,\n    \"90\": 3.78792,\n    \"91\": 3.78792,\n    \"92\": 0.03439,\n    _: \"2 3 4 5 6 8 9 10 11 12 13 14 15 16 17 18 19 20 22 23 24 25 26 27 28 29 30 31 32 33 35 36 38 39 40 42 45 46 48 51 53 54 55 58 59 60 61 65 66 67 68 69 70 73 74 76 77 79 80 86 93 3.5 3.6\"\n  },\n  D: {\n    \"18\": 0.16213,\n    \"26\": 0.00491,\n    \"28\": 0.01474,\n    \"38\": 0.00983,\n    \"46\": 0.01474,\n    \"47\": 0.00983,\n    \"48\": 0.00491,\n    \"49\": 0.09335,\n    \"50\": 0.00491,\n    \"53\": 0.02948,\n    \"57\": 0.00983,\n    \"58\": 0.00983,\n    \"60\": 0.02457,\n    \"62\": 0.04422,\n    \"63\": 0.04422,\n    \"69\": 0.00983,\n    \"70\": 0.00983,\n    \"71\": 0.00491,\n    \"72\": 0.00983,\n    \"73\": 0.01474,\n    \"74\": 0.06878,\n    \"75\": 0.00491,\n    \"76\": 0.02948,\n    \"77\": 0.06387,\n    \"78\": 0.0393,\n    \"79\": 0.02948,\n    \"80\": 0.01965,\n    \"81\": 0.04422,\n    \"83\": 0.12283,\n    \"84\": 0.01474,\n    \"85\": 0.04913,\n    \"86\": 0.08352,\n    \"87\": 0.1523,\n    \"88\": 0.02948,\n    \"89\": 0.113,\n    \"90\": 0.18178,\n    \"91\": 0.65343,\n    \"92\": 26.55968,\n    \"94\": 0.02948,\n    _: \"4 5 6 7 8 9 10 11 12 13 14 15 16 17 19 20 21 22 23 24 25 27 29 30 31 32 33 34 35 36 37 39 40 41 42 43 44 45 51 52 54 55 56 59 61 64 65 66 67 68 93 95 96\"\n  },\n  F: {\n    \"35\": 0.00491,\n    \"50\": 0.00983,\n    \"51\": 0.0393,\n    \"68\": 0.00491,\n    \"71\": 0.00983,\n    \"76\": 0.01474,\n    \"77\": 0.226,\n    \"78\": 0.01474,\n    _: \"9 11 12 15 16 17 18 19 20 21 22 23 24 25 26 27 28 29 30 31 32 33 34 36 37 38 39 40 41 42 43 44 45 46 47 48 49 52 53 54 55 56 57 58 60 62 63 64 65 66 67 69 70 72 73 74 75 9.5-9.6 10.5 10.6 11.1 11.5 11.6 12.1\",\n    \"10.0-10.1\": 0\n  },\n  G: {\n    \"8\": 0,\n    \"3.2\": 0,\n    \"4.0-4.1\": 0.00529,\n    \"4.2-4.3\": 0.00151,\n    \"5.0-5.1\": 0.02343,\n    \"6.0-6.1\": 0.00756,\n    \"7.0-7.1\": 0.01587,\n    \"8.1-8.4\": 0.00227,\n    \"9.0-9.2\": 0.01663,\n    \"9.3\": 0.08238,\n    \"10.0-10.2\": 0.01209,\n    \"10.3\": 0.15418,\n    \"11.0-11.2\": 0.14511,\n    \"11.3-11.4\": 0.01134,\n    \"12.0-12.1\": 0.06046,\n    \"12.2-12.4\": 0.12773,\n    \"13.0-13.1\": 0.01436,\n    \"13.2\": 0.02872,\n    \"13.3\": 0.08918,\n    \"13.4-13.7\": 0.37865,\n    \"14.0-14.4\": 1.75644,\n    \"14.5-14.7\": 3.67612\n  },\n  E: {\n    \"4\": 0,\n    \"13\": 0.01474,\n    \"14\": 0.24074,\n    \"15\": 0.00983,\n    _: \"0 5 6 7 8 9 10 11 12 3.1 3.2 6.1 7.1 12.1\",\n    \"5.1\": 0.09335,\n    \"9.1\": 0.03439,\n    \"10.1\": 0.04913,\n    \"11.1\": 0.00983,\n    \"13.1\": 0.0393,\n    \"14.1\": 0.26039\n  },\n  B: {\n    \"12\": 0.58465,\n    \"13\": 0.02457,\n    \"14\": 0.05404,\n    \"15\": 0.02457,\n    \"16\": 0.0737,\n    \"17\": 0.08352,\n    \"18\": 0.10317,\n    \"80\": 0.00491,\n    \"83\": 0.02948,\n    \"84\": 0.01965,\n    \"85\": 0.02457,\n    \"86\": 0.01474,\n    \"87\": 0.00491,\n    \"88\": 0.01474,\n    \"89\": 0.18178,\n    \"90\": 0.02457,\n    \"91\": 0.61413,\n    \"92\": 4.44627,\n    _: \"79 81 93\"\n  },\n  P: {\n    \"4\": 0.6247,\n    \"5.0-5.4\": 0.05206,\n    \"6.2-6.4\": 0.01041,\n    \"7.2-7.4\": 0.08329,\n    \"8.2\": 0.01026,\n    \"9.2\": 0.02082,\n    \"10.1\": 0.05132,\n    \"11.1-11.2\": 0.04165,\n    \"12.0\": 0.03124,\n    \"13.0\": 0.12494,\n    \"14.0\": 2.79033\n  },\n  I: {\n    \"0\": 0,\n    \"3\": 0,\n    \"4\": 0,\n    \"2.1\": 0,\n    \"2.2\": 0,\n    \"2.3\": 0,\n    \"4.1\": 0.00392,\n    \"4.2-4.3\": 0.04054,\n    \"4.4\": 0,\n    \"4.4.3-4.4.4\": 0.15397\n  },\n  K: {\n    _: \"0 10 11 12 11.1 11.5 12.1\"\n  },\n  A: {\n    \"8\": 0.01104,\n    \"10\": 0.00552,\n    \"11\": 0.51895,\n    _: \"6 7 9 5.5\"\n  },\n  J: {\n    \"7\": 0,\n    \"10\": 0\n  },\n  N: {\n    \"11\": 0.02439,\n    _: \"10\"\n  },\n  R: {\n    _: \"0\"\n  },\n  M: {\n    \"0\": 0.09667\n  },\n  Q: {\n    \"10.4\": 0.05088\n  },\n  O: {\n    \"0\": 0.55459\n  },\n  H: {\n    \"0\": 0.32756\n  },\n  L: {\n    \"0\": 41.72078\n  },\n  S: {\n    \"2.5\": 0\n  }\n};","map":{"version":3,"sources":["C:/xampp/public_html/vamo/interface2/node_modules/caniuse-lite/data/regions/GQ.js"],"names":["module","exports","C","_","D","F","G","E","B","P","I","K","A","J","N","R","M","Q","O","H","L","S"],