{"ast":null,"code":"module.exports = {\n  C: {\n    \"2\": 0,\n    \"3\": 0,\n    \"4\": 0,\n    \"5\": 0,\n    \"6\": 0,\n    \"7\": 0,\n    \"8\": 0,\n    \"9\": 0,\n    \"10\": 0,\n    \"11\": 0,\n    \"12\": 0,\n    \"13\": 0,\n    \"14\": 0,\n    \"15\": 0,\n    \"16\": 0,\n    \"17\": 0,\n    \"18\": 0,\n    \"19\": 0,\n    \"20\": 0,\n    \"21\": 0,\n    \"22\": 0,\n    \"23\": 0,\n    \"24\": 0,\n    \"25\": 0,\n    \"26\": 0,\n    \"27\": 0,\n    \"28\": 0,\n    \"29\": 0,\n    \"30\": 0,\n    \"31\": 0,\n    \"32\": 0,\n    \"33\": 0,\n    \"34\": 0,\n    \"35\": 0,\n    \"36\": 0.00433,\n    \"37\": 0,\n    \"38\": 0,\n    \"39\": 0,\n    \"40\": 0,\n    \"41\": 0,\n    \"42\": 0,\n    \"43\": 0,\n    \"44\": 0,\n    \"45\": 0,\n    \"46\": 0,\n    \"47\": 0,\n    \"48\": 0,\n    \"49\": 0,\n    \"50\": 0,\n    \"51\": 0,\n    \"52\": 0.00865,\n    \"53\": 0,\n    \"54\": 0,\n    \"55\": 0,\n    \"56\": 0,\n    \"57\": 0,\n    \"58\": 0,\n    \"59\": 0,\n    \"60\": 0,\n    \"61\": 0,\n    \"62\": 0,\n    \"63\": 0,\n    \"64\": 0,\n    \"65\": 0,\n    \"66\": 0,\n    \"67\": 0,\n    \"68\": 0.00433,\n    \"69\": 0,\n    \"70\": 0,\n    \"71\": 0,\n    \"72\": 0.00433,\n    \"73\": 0,\n    \"74\": 0,\n    \"75\": 0.00865,\n    \"76\": 0,\n    \"77\": 0,\n    \"78\": 0.01298,\n    \"79\": 0,\n    \"80\": 0,\n    \"81\": 0,\n    \"82\": 0,\n    \"83\": 0,\n    \"84\": 0.00433,\n    \"85\": 0.00865,\n    \"86\": 0.00433,\n    \"87\": 0.00865,\n    \"88\": 0.01298,\n    \"89\": 0.03893,\n    \"90\": 0.33735,\n    \"91\": 0.519,\n    \"92\": 0.00433,\n    \"93\": 0,\n    \"3.5\": 0,\n    \"3.6\": 0\n  },\n  D: {\n    \"4\": 0,\n    \"5\": 0,\n    \"6\": 0,\n    \"7\": 0,\n    \"8\": 0,\n    \"9\": 0,\n    \"10\": 0,\n    \"11\": 0.00433,\n    \"12\": 0,\n    \"13\": 0,\n    \"14\": 0,\n    \"15\": 0,\n    \"16\": 0,\n    \"17\": 0,\n    \"18\": 0,\n    \"19\": 0,\n    \"20\": 0,\n    \"21\": 0,\n    \"22\": 0,\n    \"23\": 0,\n    \"24\": 0.00433,\n    \"25\": 0,\n    \"26\": 0,\n    \"27\": 0,\n    \"28\": 0,\n    \"29\": 0,\n    \"30\": 0,\n    \"31\": 0,\n    \"32\": 0,\n    \"33\": 0,\n    \"34\": 0,\n    \"35\": 0,\n    \"36\": 0,\n    \"37\": 0,\n    \"38\": 0.00433,\n    \"39\": 0,\n    \"40\": 0.00865,\n    \"41\": 0,\n    \"42\": 0,\n    \"43\": 0,\n    \"44\": 0,\n    \"45\": 0,\n    \"46\": 0,\n    \"47\": 0,\n    \"48\": 0,\n    \"49\": 0.03028,\n    \"50\": 0,\n    \"51\": 0,\n    \"52\": 0,\n    \"53\": 0.00433,\n    \"54\": 0,\n    \"55\": 0,\n    \"56\": 0.00433,\n    \"57\": 0,\n    \"58\": 0.00433,\n    \"59\": 0,\n    \"60\": 0.00433,\n    \"61\": 0,\n    \"62\": 0,\n    \"63\": 0.00433,\n    \"64\": 0.00433,\n    \"65\": 0.00433,\n    \"66\": 0.00433,\n    \"67\": 0,\n    \"68\": 0.00433,\n    \"69\": 0.00433,\n    \"70\": 0.02163,\n    \"71\": 0.00433,\n    \"72\": 0.00433,\n    \"73\": 0.00433,\n    \"74\": 0.00433,\n    \"75\": 0.0173,\n    \"76\": 0.01298,\n    \"77\": 0.01298,\n    \"78\": 0.04758,\n    \"79\": 0.02163,\n    \"80\": 0.02163,\n    \"81\": 0.03028,\n    \"83\": 0.00865,\n    \"84\": 0.00865,\n    \"85\": 0.01298,\n    \"86\": 0.0173,\n    \"87\": 0.0865,\n    \"88\": 0.03028,\n    \"89\": 1.27155,\n    \"90\": 0.09083,\n    \"91\": 0.35465,\n    \"92\": 11.67318,\n    \"93\": 0.00433,\n    \"94\": 0.00433,\n    \"95\": 0,\n    \"96\": 0\n  },\n  F: {\n    \"9\": 0,\n    \"11\": 0,\n    \"12\": 0,\n    \"15\": 0,\n    \"16\": 0,\n    \"17\": 0,\n    \"18\": 0,\n    \"19\": 0,\n    \"20\": 0,\n    \"21\": 0,\n    \"22\": 0,\n    \"23\": 0,\n    \"24\": 0,\n    \"25\": 0,\n    \"26\": 0,\n    \"27\": 0,\n    \"28\": 0,\n    \"29\": 0.00865,\n    \"30\": 0,\n    \"31\": 0,\n    \"32\": 0,\n    \"33\": 0,\n    \"34\": 0,\n    \"35\": 0,\n    \"36\": 0,\n    \"37\": 0,\n    \"38\": 0,\n    \"39\": 0,\n    \"40\": 0,\n    \"41\": 0,\n    \"42\": 0,\n    \"43\": 0,\n    \"44\": 0,\n    \"45\": 0,\n    \"46\": 0.00433,\n    \"47\": 0,\n    \"48\": 0,\n    \"49\": 0,\n    \"50\": 0,\n    \"51\": 0,\n    \"52\": 0,\n    \"53\": 0,\n    \"54\": 0,\n    \"55\": 0,\n    \"56\": 0,\n    \"57\": 0,\n    \"58\": 0.04758,\n    \"60\": 0,\n    \"62\": 0,\n    \"63\": 0,\n    \"64\": 0,\n    \"65\": 0,\n    \"66\": 0,\n    \"67\": 0,\n    \"68\": 0,\n    \"69\": 0,\n    \"70\": 0,\n    \"71\": 0,\n    \"72\": 0,\n    \"73\": 0,\n    \"74\": 0,\n    \"75\": 0,\n    \"76\": 0.00865,\n    \"77\": 0.2768,\n    \"78\": 0.26815,\n    \"9.5-9.6\": 0,\n    \"10.0-10.1\": 0,\n    \"10.5\": 0,\n    \"10.6\": 0,\n    \"11.1\": 0,\n    \"11.5\": 0,\n    \"11.6\": 0,\n    \"12.1\": 0\n  },\n  G: {\n    \"8\": 0,\n    \"3.2\": 0,\n    \"4.0-4.1\": 0,\n    \"4.2-4.3\": 0,\n    \"5.0-5.1\": 0.0167,\n    \"6.0-6.1\": 0.00218,\n    \"7.0-7.1\": 0.04502,\n    \"8.1-8.4\": 0,\n    \"9.0-9.2\": 0,\n    \"9.3\": 0.08568,\n    \"10.0-10.2\": 0.0029,\n    \"10.3\": 0.04357,\n    \"11.0-11.2\": 0.02905,\n    \"11.3-11.4\": 0.01234,\n    \"12.0-12.1\": 0.01452,\n    \"12.2-12.4\": 0.114,\n    \"13.0-13.1\": 0.01307,\n    \"13.2\": 0.00799,\n    \"13.3\": 0.10456,\n    \"13.4-13.7\": 0.19751,\n    \"14.0-14.4\": 0.85394,\n    \"14.5-14.7\": 5.27976\n  },\n  E: {\n    \"4\": 0,\n    \"5\": 0,\n    \"6\": 0,\n    \"7\": 0,\n    \"8\": 0,\n    \"9\": 0,\n    \"10\": 0,\n    \"11\": 0,\n    \"12\": 0,\n    \"13\": 0.0173,\n    \"14\": 0.05623,\n    \"15\": 0,\n    _: \"0\",\n    \"3.1\": 0,\n    \"3.2\": 0,\n    \"5.1\": 0.16868,\n    \"6.1\": 0,\n    \"7.1\": 0,\n    \"9.1\": 0,\n    \"10.1\": 0,\n    \"11.1\": 0.00865,\n    \"12.1\": 0.00865,\n    \"13.1\": 0.0346,\n    \"14.1\": 0.30275\n  },\n  B: {\n    \"12\": 0.00433,\n    \"13\": 0,\n    \"14\": 0,\n    \"15\": 0.00433,\n    \"16\": 0.00433,\n    \"17\": 0.00433,\n    \"18\": 0.04325,\n    \"79\": 0,\n    \"80\": 0,\n    \"81\": 0,\n    \"83\": 0.00433,\n    \"84\": 0.00433,\n    \"85\": 0.00433,\n    \"86\": 0,\n    \"87\": 0,\n    \"88\": 0.00433,\n    \"89\": 0.01298,\n    \"90\": 0.0173,\n    \"91\": 0.04325,\n    \"92\": 1.00773,\n    \"93\": 0.00433\n  },\n  P: {\n    \"4\": 0.42859,\n    \"5.0-5.4\": 0.02041,\n    \"6.2-6.4\": 0.06123,\n    \"7.2-7.4\": 0.34696,\n    \"8.2\": 0.0102,\n    \"9.2\": 0.13266,\n    \"10.1\": 0.04082,\n    \"11.1-11.2\": 0.4388,\n    \"12.0\": 0.09184,\n    \"13.0\": 0.36737,\n    \"14.0\": 2.42869\n  },\n  I: {\n    \"0\": 0,\n    \"3\": 0,\n    \"4\": 0.00381,\n    \"2.1\": 0,\n    \"2.2\": 0,\n    \"2.3\": 0,\n    \"4.1\": 0.00572,\n    \"4.2-4.3\": 0.02667,\n    \"4.4\": 0,\n    \"4.4.3-4.4.4\": 0.27815\n  },\n  K: {\n    _: \"0 10 11 12 11.1 11.5 12.1\"\n  },\n  A: {\n    \"6\": 0,\n    \"7\": 0,\n    \"8\": 0,\n    \"9\": 0,\n    \"10\": 0,\n    \"11\": 0.06055,\n    \"5.5\": 0\n  },\n  J: {\n    \"7\": 0,\n    \"10\": 0\n  },\n  N: {\n    \"10\": 0,\n    \"11\": 0\n  },\n  R: {\n    _: \"0\"\n  },\n  M: {\n    \"0\": 0.14188\n  },\n  Q: {\n    \"10.4\": 0\n  },\n  O: {\n    \"0\": 0.2043\n  },\n  H: {\n    \"0\": 0.33848\n  },\n  L: {\n    \"0\": 68.06015\n  },\n  S: {\n    \"2.5\": 0.01703\n  }\n};","map":{"version":3,"sources":["C:/xampp/public_html/vamo/interface2/node_modules/caniuse-lite/data/regions/NI.js"],"names":["module","exports","C","D","F","G","E","_","B","P","I","K","A","J","N","R","M","Q","O","H","L","S"],