{"ast":null,"code":"module.exports = {\n  C: {\n    \"4\": 0.01017,\n    \"6\": 0.00339,\n    \"17\": 0.00339,\n    \"21\": 0.00678,\n    \"35\": 0.01017,\n    \"50\": 0.00678,\n    \"52\": 0.08136,\n    \"54\": 0.00339,\n    \"65\": 0.00678,\n    \"75\": 0.00678,\n    \"78\": 0.04407,\n    \"79\": 0.00678,\n    \"80\": 0.01356,\n    \"83\": 0.00678,\n    \"85\": 0.02034,\n    \"86\": 0.00339,\n    \"88\": 0.11187,\n    \"89\": 0.02712,\n    \"90\": 0.86445,\n    \"91\": 0.90852,\n    \"92\": 0.01356,\n    _: \"2 3 5 7 8 9 10 11 12 13 14 15 16 18 19 20 22 23 24 25 26 27 28 29 30 31 32 33 34 36 37 38 39 40 41 42 43 44 45 46 47 48 49 51 53 55 56 57 58 59 60 61 62 63 64 66 67 68 69 70 71 72 73 74 76 77 81 82 84 87 93 3.5 3.6\"\n  },\n  D: {\n    \"11\": 0.01356,\n    \"25\": 0.01017,\n    \"28\": 0.00678,\n    \"34\": 0.05424,\n    \"39\": 0.01017,\n    \"40\": 0.00678,\n    \"44\": 0.01017,\n    \"46\": 0.00339,\n    \"49\": 0.34578,\n    \"54\": 0.01017,\n    \"57\": 0.00339,\n    \"58\": 0.01356,\n    \"62\": 0.01017,\n    \"63\": 0.00678,\n    \"64\": 0.00339,\n    \"67\": 0.00678,\n    \"68\": 0.03051,\n    \"69\": 0.11526,\n    \"70\": 0.01695,\n    \"71\": 0.09153,\n    \"72\": 0.00678,\n    \"73\": 0.00678,\n    \"74\": 0.00678,\n    \"76\": 0.02712,\n    \"78\": 0.01356,\n    \"79\": 0.25764,\n    \"80\": 0.0339,\n    \"81\": 0.02373,\n    \"83\": 0.05424,\n    \"84\": 0.23052,\n    \"85\": 0.21357,\n    \"86\": 0.39324,\n    \"87\": 0.37968,\n    \"88\": 0.03051,\n    \"89\": 0.05085,\n    \"90\": 0.35595,\n    \"91\": 0.72207,\n    \"92\": 17.71614,\n    \"93\": 0.00678,\n    \"94\": 0.01017,\n    _: \"4 5 6 7 8 9 10 12 13 14 15 16 17 18 19 20 21 22 23 24 26 27 29 30 31 32 33 35 36 37 38 41 42 43 45 47 48 50 51 52 53 55 56 59 60 61 65 66 75 77 95 96\"\n  },\n  F: {\n    \"28\": 0.01017,\n    \"36\": 0.01695,\n    \"57\": 0.00678,\n    \"68\": 0.10848,\n    \"69\": 0.00678,\n    \"73\": 0.13221,\n    \"75\": 0.00678,\n    \"77\": 0.83394,\n    \"78\": 0.85428,\n    _: \"9 11 12 15 16 17 18 19 20 21 22 23 24 25 26 27 29 30 31 32 33 34 35 37 38 39 40 41 42 43 44 45 46 47 48 49 50 51 52 53 54 55 56 58 60 62 63 64 65 66 67 70 71 72 74 76 9.5-9.6 10.5 10.6 11.1 11.5 11.6\",\n    \"10.0-10.1\": 0,\n    \"12.1\": 0.00678\n  },\n  G: {\n    \"8\": 0,\n    \"3.2\": 0,\n    \"4.0-4.1\": 0,\n    \"4.2-4.3\": 0,\n    \"5.0-5.1\": 0.00264,\n    \"6.0-6.1\": 0.0033,\n    \"7.0-7.1\": 0.09509,\n    \"8.1-8.4\": 0.0066,\n    \"9.0-9.2\": 0.00462,\n    \"9.3\": 0.21263,\n    \"10.0-10.2\": 0.01519,\n    \"10.3\": 0.07462,\n    \"11.0-11.2\": 0.02773,\n    \"11.3-11.4\": 0.05745,\n    \"12.0-12.1\": 0.25753,\n    \"12.2-12.4\": 0.3579,\n    \"13.0-13.1\": 0.02641,\n    \"13.2\": 0.01453,\n    \"13.3\": 0.09773,\n    \"13.4-13.7\": 0.72307,\n    \"14.0-14.4\": 1.4633,\n    \"14.5-14.7\": 2.74568\n  },\n  E: {\n    \"4\": 0,\n    \"13\": 0.00678,\n    \"14\": 0.14238,\n    \"15\": 0.28137,\n    _: \"0 5 6 7 8 9 10 11 12 3.1 3.2 6.1 9.1 10.1 12.1\",\n    \"5.1\": 1.51533,\n    \"7.1\": 0.00678,\n    \"11.1\": 0.01356,\n    \"13.1\": 0.09153,\n    \"14.1\": 0.70173\n  },\n  B: {\n    \"12\": 0.00339,\n    \"14\": 0.00339,\n    \"15\": 0.08136,\n    \"16\": 0.00678,\n    \"17\": 0.00678,\n    \"18\": 0.07458,\n    \"85\": 0.01017,\n    \"87\": 0.00678,\n    \"89\": 0.00678,\n    \"91\": 0.03051,\n    \"92\": 1.35939,\n    _: \"13 79 80 81 83 84 86 88 90 93\"\n  },\n  P: {\n    \"4\": 1.19946,\n    \"5.0-5.4\": 0.14111,\n    \"6.2-6.4\": 0.10079,\n    \"7.2-7.4\": 0.38302,\n    \"8.2\": 0.03024,\n    \"9.2\": 0.38302,\n    \"10.1\": 0.10079,\n    \"11.1-11.2\": 0.32254,\n    \"12.0\": 0.16127,\n    \"13.0\": 0.42334,\n    \"14.0\": 1.14906\n  },\n  I: {\n    \"0\": 0,\n    \"3\": 0,\n    \"4\": 0,\n    \"2.1\": 0,\n    \"2.2\": 0,\n    \"2.3\": 0,\n    \"4.1\": 0.00254,\n    \"4.2-4.3\": 0.00854,\n    \"4.4\": 0,\n    \"4.4.3-4.4.4\": 0.04179\n  },\n  K: {\n    _: \"0 10 11 12 11.1 11.5 12.1\"\n  },\n  A: {\n    \"8\": 0.02498,\n    \"11\": 0.21232,\n    _: \"6 7 9 10 5.5\"\n  },\n  J: {\n    \"7\": 0,\n    \"10\": 0\n  },\n  N: {\n    \"11\": 0.01983,\n    _: \"10\"\n  },\n  R: {\n    _: \"0\"\n  },\n  M: {\n    \"0\": 0.03305\n  },\n  Q: {\n    \"10.4\": 0.19166\n  },\n  O: {\n    \"0\": 4.3355\n  },\n  H: {\n    \"0\": 2.68424\n  },\n  L: {\n    \"0\": 48.15692\n  },\n  S: {\n    \"2.5\": 0\n  }\n};","map":{"version":3,"sources":["C:/xampp/public_html/vamo/interface2/node_modules/caniuse-lite/data/regions/TJ.js"],"names":["module","exports","C","_","D","F","G","E","B","P","I","K","A","J","N","R","M","Q","O","H","L","S"],"mappings":"AAAAA,MAAM,CAACC,OAAP,GAAe;AAACC,EAAAA,CAAC,EAAC;AAAC,SAAI,OAAL;AAAa,SAAI,OAAjB;AAAyB,UAAK,OAA9B;AAAsC,UAAK,OAA3C;AAAmD,UAAK,OAAxD;AAAgE,UAAK,OAArE;AAA6E,UAAK,OAAlF;AAA0F,UAAK,OAA/F;AAAuG,UAAK,OAA5G;AAAoH,UAAK,OAAzH;AAAiI,UAAK,OAAtI;AAA8I,UAAK,OAAnJ;AAA2J,UAAK,OAAhK;AAAwK,UAAK,OAA7K;AAAqL,UAAK,OAA1L;AAAkM,UAAK,OAAvM;AAA+M,UAAK,OAApN;AAA4N,UAAK,OAAjO;AAAyO,UAAK,OAA9O;AAAsP,UAAK,OAA3P;AAAmQ,UAAK,OAAxQ;AAAgRC,IAAAA,CAAC,EAAC;AAAlR,GAAH;AAA+eC,EAAAA,CAAC,EAAC;AAAC,UAAK,OAAN;AAAc,UAAK,OAAnB;AAA2B,UAAK,OAAhC;AAAwC,UAAK,OAA7C;AAAqD,UAAK,OAA1D;AAAkE,UAAK,OAAvE;AAA+E,UAAK,OAApF;AAA4F,UAAK,OAAjG;AAAyG,UAAK,OAA9G;AAAsH,UAAK,OAA3H;AAAmI,UAAK,OAAxI;AAAgJ,UAAK,OAArJ;AAA6J,UAAK,OAAlK;AAA0K,UAAK,OAA/K;AAAuL,UAAK,OAA5L;AAAoM,UAAK,OAAzM;AAAiN,UAAK,OAAtN;AAA8N,UAAK,OAAnO;AAA2O,UAAK,OAAhP;AAAwP,UAAK,OAA7P;AAAqQ,UAAK,OAA1Q;AAAkR,UAAK,OAAvR;AAA+R,UAAK,OAApS;AAA4S,UAAK,OAAjT;AAAyT,UAAK,OAA9T;AAAsU,UAAK,OAA3U;AAAmV,UAAK,MAAxV;AAA+V,UAAK,OAApW;AAA4W,UAAK,OAAjX;AAAyX,UAAK,OAA9X;AAAsY,UAAK,OAA3Y;AAAmZ,UAAK,OAAxZ;AAAga,UAAK,OAAra;AAA6a,UAAK,OAAlb;AAA0b,UAAK,OAA/b;AAAuc,UAAK,OAA5c;AAAod,UAAK,OAAzd;AAAie,UAAK,QAAte;AAA+e,UAAK,OAApf;AAA4f,UAAK,OAAjgB;AAAygBD,IAAAA,CAAC,EAAC;AAA3gB,GAAjf;AAAqpCE,EAAAA,CAAC,EAAC;AAAC,UAAK,OAAN;AAAc,UAAK,OAAnB;AAA2B,UAAK,OAAhC;AAAwC,UAAK,OAA7C;AAAqD,UAAK,OAA1D;AAAkE,UAAK,OAAvE;AAA+E,UAAK,OAApF;AAA4F,UAAK,OAAjG;AAAyG,UAAK,OAA9G;AAAsHF,IAAAA,CAAC,EAAC,yMAAxH;AAAkU,iBAAY,CAA9U;AAAgV,YAAO;AAAvV,GAAvpC;AAAu/CG,EAAAA,CAAC,EAAC;AAAC,SAAI,CAAL;AAAO,WAAM,CAAb;AAAe,eAAU,CAAzB;AAA2B,eAAU,CAArC;AAAuC,eAAU,OAAjD;AAAyD,eAAU,MAAnE;AAA0E,eAAU,OAApF;AAA4F,eAAU,MAAtG;AAA6G,eAAU,OAAvH;AAA+H,WAAM,OAArI;AAA6I,iBAAY,OAAzJ;AAAiK,YAAO,OAAxK;AAAgL,iBAAY,OAA5L;AAAoM,iBAAY,OAAhN;AAAwN,iBAAY,OAApO;AAA4O,iBAAY,MAAxP;AAA+P,iBAAY,OAA3Q;AAAmR,YAAO,OAA1R;AAAkS,YAAO,OAAzS;AAAiT,iBAAY,OAA7T;AAAqU,iBAAY,MAAjV;AAAwV,iBAAY;AAApW,GAAz/C;AAAs2DC,EAAAA,CAAC,EAAC;AAAC,SAAI,CAAL;AAAO,UAAK,OAAZ;AAAoB,UAAK,OAAzB;AAAiC,UAAK,OAAtC;AAA8CJ,IAAAA,CAAC,EAAC,gDAAhD;AAAiG,WAAM,OAAvG;AAA+G,WAAM,OAArH;AAA6H,YAAO,OAApI;AAA4I,YAAO,OAAnJ;AAA2J,YAAO;AAAlK,GAAx2D;AAAmhEK,EAAAA,CAAC,EAAC;AAAC,UAAK,OAAN;AAAc,UAAK,OAAnB;AAA2B,UAAK,OAAhC;AAAwC,UAAK,OAA7C;AAAqD,UAAK,OAA1D;AAAkE,UAAK,OAAvE;AAA+E,UAAK,OAApF;AAA4F,UAAK,OAAjG;AAAyG,UAAK,OAA9G;AAAsH,UAAK,OAA3H;AAAmI,UAAK,OAAxI;AAAgJL,IAAAA,CAAC,EAAC;AAAlJ,GAArhE;AAAwsEM,EAAAA,CAAC,EAAC;AAAC,SAAI,OAAL;AAAa,eAAU,OAAvB;AAA+B,eAAU,OAAzC;AAAiD,eAAU,OAA3D;AAAmE,WAAM,OAAzE;AAAiF,WAAM,OAAvF;AAA+F,YAAO,OAAtG;AAA8G,iBAAY,OAA1H;AAAkI,YAAO,OAAzI;AAAiJ,YAAO,OAAxJ;AAAgK,YAAO;AAAvK,GAA1sE;AAA03EC,EAAAA,CAAC,EAAC;AAAC,SAAI,CAAL;AAAO,SAAI,CAAX;AAAa,SAAI,CAAjB;AAAmB,WAAM,CAAzB;AAA2B,WAAM,CAAjC;AAAmC,WAAM,CAAzC;AAA2C,WAAM,OAAjD;AAAyD,eAAU,OAAnE;AAA2E,WAAM,CAAjF;AAAmF,mBAAc;AAAjG,GAA53E;AAAs+EC,EAAAA,CAAC,EAAC;AAACR,IAAAA,CAAC,EAAC;AAAH,GAAx+E;AAAwgFS,EAAAA,CAAC,EAAC;AAAC,SAAI,OAAL;AAAa,UAAK,OAAlB;AAA0BT,IAAAA,CAAC,EAAC;AAA5B,GAA1gF;AAAsjFU,EAAAA,CAAC,EAAC;AAAC,SAAI,CAAL;AAAO,UAAK;AAAZ,GAAxjF;AAAukFC,EAAAA,CAAC,EAAC;AAAC,UAAK,OAAN;AAAcX,IAAAA,CAAC,EAAC;AAAhB,GAAzkF;AAA+lFY,EAAAA,CAAC,EAAC;AAACZ,IAAAA,CAAC,EAAC;AAAH,GAAjmF;AAAymFa,EAAAA,CAAC,EAAC;AAAC,SAAI;AAAL,GAA3mF;AAAynFC,EAAAA,CAAC,EAAC;AAAC,YAAO;AAAR,GAA3nF;AAA4oFC,EAAAA,CAAC,EAAC;AAAC,SAAI;AAAL,GAA9oF;AAA2pFC,EAAAA,CAAC,EAAC;AAAC,SAAI;AAAL,GAA7pF;AAA2qFC,EAAAA,CAAC,EAAC;AAAC,SAAI;AAAL,GAA7qF;AAA4rFC,EAAAA,CAAC,EAAC;AAAC,WAAM;AAAP;AAA9rF,CAAf",