{"ast":null,"code":"module.exports = {\n  C: {\n    \"2\": 0,\n    \"3\": 0,\n    \"4\": 0,\n    \"5\": 0,\n    \"6\": 0,\n    \"7\": 0,\n    \"8\": 0,\n    \"9\": 0,\n    \"10\": 0,\n    \"11\": 0,\n    \"12\": 0,\n    \"13\": 0,\n    \"14\": 0,\n    \"15\": 0,\n    \"16\": 0,\n    \"17\": 0,\n    \"18\": 0,\n    \"19\": 0,\n    \"20\": 0,\n    \"21\": 0,\n    \"22\": 0,\n    \"23\": 0,\n    \"24\": 0,\n    \"25\": 0,\n    \"26\": 0,\n    \"27\": 0,\n    \"28\": 0,\n    \"29\": 0,\n    \"30\": 0,\n    \"31\": 0,\n    \"32\": 0,\n    \"33\": 0,\n    \"34\": 0,\n    \"35\": 0,\n    \"36\": 0.0029,\n    \"37\": 0,\n    \"38\": 0,\n    \"39\": 0,\n    \"40\": 0,\n    \"41\": 0,\n    \"42\": 0,\n    \"43\": 0,\n    \"44\": 0,\n    \"45\": 0,\n    \"46\": 0,\n    \"47\": 0,\n    \"48\": 0.0029,\n    \"49\": 0,\n    \"50\": 0,\n    \"51\": 0,\n    \"52\": 0.01739,\n    \"53\": 0,\n    \"54\": 0,\n    \"55\": 0,\n    \"56\": 0,\n    \"57\": 0,\n    \"58\": 0,\n    \"59\": 0,\n    \"60\": 0,\n    \"61\": 0,\n    \"62\": 0,\n    \"63\": 0,\n    \"64\": 0,\n    \"65\": 0,\n    \"66\": 0,\n    \"67\": 0,\n    \"68\": 0.0029,\n    \"69\": 0,\n    \"70\": 0,\n    \"71\": 0,\n    \"72\": 0,\n    \"73\": 0,\n    \"74\": 0.0029,\n    \"75\": 0,\n    \"76\": 0,\n    \"77\": 0,\n    \"78\": 0.01159,\n    \"79\": 0,\n    \"80\": 0,\n    \"81\": 0.0029,\n    \"82\": 0,\n    \"83\": 0,\n    \"84\": 0.0029,\n    \"85\": 0,\n    \"86\": 0.0029,\n    \"87\": 0,\n    \"88\": 0.0058,\n    \"89\": 0.02898,\n    \"90\": 0.25792,\n    \"91\": 0.36515,\n    \"92\": 0.0029,\n    \"93\": 0,\n    \"3.5\": 0,\n    \"3.6\": 0\n  },\n  D: {\n    \"4\": 0,\n    \"5\": 0,\n    \"6\": 0,\n    \"7\": 0,\n    \"8\": 0,\n    \"9\": 0,\n    \"10\": 0,\n    \"11\": 0,\n    \"12\": 0,\n    \"13\": 0,\n    \"14\": 0,\n    \"15\": 0,\n    \"16\": 0,\n    \"17\": 0,\n    \"18\": 0,\n    \"19\": 0,\n    \"20\": 0,\n    \"21\": 0,\n    \"22\": 0,\n    \"23\": 0,\n    \"24\": 0,\n    \"25\": 0,\n    \"26\": 0,\n    \"27\": 0,\n    \"28\": 0,\n    \"29\": 0,\n    \"30\": 0,\n    \"31\": 0.0029,\n    \"32\": 0,\n    \"33\": 0,\n    \"34\": 0.0029,\n    \"35\": 0,\n    \"36\": 0,\n    \"37\": 0,\n    \"38\": 0.0029,\n    \"39\": 0,\n    \"40\": 0,\n    \"41\": 0,\n    \"42\": 0.0029,\n    \"43\": 0,\n    \"44\": 0,\n    \"45\": 0,\n    \"46\": 0,\n    \"47\": 0,\n    \"48\": 0,\n    \"49\": 0.01449,\n    \"50\": 0,\n    \"51\": 0,\n    \"52\": 0,\n    \"53\": 0,\n    \"54\": 0,\n    \"55\": 0,\n    \"56\": 0,\n    \"57\": 0,\n    \"58\": 0,\n    \"59\": 0,\n    \"60\": 0,\n    \"61\": 0.0029,\n    \"62\": 0,\n    \"63\": 0.0029,\n    \"64\": 0.0029,\n    \"65\": 0.01739,\n    \"66\": 0.0029,\n    \"67\": 0.0029,\n    \"68\": 0.0029,\n    \"69\": 0.0029,\n    \"70\": 0.0029,\n    \"71\": 0,\n    \"72\": 0.0029,\n    \"73\": 0.0029,\n    \"74\": 0.0029,\n    \"75\": 0.0029,\n    \"76\": 0.0029,\n    \"77\": 0,\n    \"78\": 0.0029,\n    \"79\": 0.01159,\n    \"80\": 0.01739,\n    \"81\": 0.02318,\n    \"83\": 0.0058,\n    \"84\": 0.0058,\n    \"85\": 0.01159,\n    \"86\": 0.01159,\n    \"87\": 0.03478,\n    \"88\": 0.01449,\n    \"89\": 0.02029,\n    \"90\": 0.02608,\n    \"91\": 0.2927,\n    \"92\": 5.16713,\n    \"93\": 0.0058,\n    \"94\": 0.0029,\n    \"95\": 0,\n    \"96\": 0\n  },\n  F: {\n    \"9\": 0,\n    \"11\": 0,\n    \"12\": 0,\n    \"15\": 0,\n    \"16\": 0,\n    \"17\": 0,\n    \"18\": 0,\n    \"19\": 0,\n    \"20\": 0,\n    \"21\": 0,\n    \"22\": 0,\n    \"23\": 0,\n    \"24\": 0,\n    \"25\": 0,\n    \"26\": 0,\n    \"27\": 0,\n    \"28\": 0,\n    \"29\": 0,\n    \"30\": 0,\n    \"31\": 0,\n    \"32\": 0,\n    \"33\": 0,\n    \"34\": 0,\n    \"35\": 0,\n    \"36\": 0,\n    \"37\": 0,\n    \"38\": 0,\n    \"39\": 0,\n    \"40\": 0,\n    \"41\": 0,\n    \"42\": 0,\n    \"43\": 0,\n    \"44\": 0,\n    \"45\": 0,\n    \"46\": 0,\n    \"47\": 0,\n    \"48\": 0,\n    \"49\": 0,\n    \"50\": 0,\n    \"51\": 0,\n    \"52\": 0,\n    \"53\": 0,\n    \"54\": 0,\n    \"55\": 0,\n    \"56\": 0,\n    \"57\": 0,\n    \"58\": 0.03188,\n    \"60\": 0,\n    \"62\": 0,\n    \"63\": 0,\n    \"64\": 0,\n    \"65\": 0.0029,\n    \"66\": 0,\n    \"67\": 0,\n    \"68\": 0,\n    \"69\": 0,\n    \"70\": 0,\n    \"71\": 0,\n    \"72\": 0,\n    \"73\": 0,\n    \"74\": 0,\n    \"75\": 0,\n    \"76\": 0.0029,\n    \"77\": 0.10433,\n    \"78\": 0.07245,\n    \"9.5-9.6\": 0,\n    \"10.0-10.1\": 0,\n    \"10.5\": 0,\n    \"10.6\": 0,\n    \"11.1\": 0,\n    \"11.5\": 0,\n    \"11.6\": 0,\n    \"12.1\": 0\n  },\n  G: {\n    \"8\": 0,\n    \"3.2\": 0,\n    \"4.0-4.1\": 0,\n    \"4.2-4.3\": 0,\n    \"5.0-5.1\": 0.00632,\n    \"6.0-6.1\": 0.00211,\n    \"7.0-7.1\": 0.06737,\n    \"8.1-8.4\": 0.10526,\n    \"9.0-9.2\": 0.01474,\n    \"9.3\": 0.19368,\n    \"10.0-10.2\": 0.02947,\n    \"10.3\": 0.22947,\n    \"11.0-11.2\": 0.10526,\n    \"11.3-11.4\": 0.14526,\n    \"12.0-12.1\": 0.11158,\n    \"12.2-12.4\": 0.38947,\n    \"13.0-13.1\": 0.05474,\n    \"13.2\": 0.01895,\n    \"13.3\": 0.23789,\n    \"13.4-13.7\": 0.63368,\n    \"14.0-14.4\": 2.63366,\n    \"14.5-14.7\": 14.30512\n  },\n  E: {\n    \"4\": 0,\n    \"5\": 0,\n    \"6\": 0,\n    \"7\": 0.0029,\n    \"8\": 0,\n    \"9\": 0,\n    \"10\": 0,\n    \"11\": 0,\n    \"12\": 0.0029,\n    \"13\": 0.01159,\n    \"14\": 0.11882,\n    \"15\": 0.0029,\n    _: \"0\",\n    \"3.1\": 0,\n    \"3.2\": 0,\n    \"5.1\": 0.02029,\n    \"6.1\": 0,\n    \"7.1\": 0,\n    \"9.1\": 0,\n    \"10.1\": 0.0029,\n    \"11.1\": 0.01449,\n    \"12.1\": 0.02318,\n    \"13.1\": 0.06376,\n    \"14.1\": 0.37964\n  },\n  B: {\n    \"12\": 0,\n    \"13\": 0.0029,\n    \"14\": 0.0029,\n    \"15\": 0.0029,\n    \"16\": 0.0029,\n    \"17\": 0.0029,\n    \"18\": 0.01739,\n    \"79\": 0,\n    \"80\": 0,\n    \"81\": 0,\n    \"83\": 0,\n    \"84\": 0.0029,\n    \"85\": 0.0029,\n    \"86\": 0,\n    \"87\": 0,\n    \"88\": 0,\n    \"89\": 0.0058,\n    \"90\": 0.0029,\n    \"91\": 0.02318,\n    \"92\": 0.56801,\n    \"93\": 0\n  },\n  P: {\n    \"4\": 0.30707,\n    \"5.0-5.4\": 0.02047,\n    \"6.2-6.4\": 0.01024,\n    \"7.2-7.4\": 0.33777,\n    \"8.2\": 0.01024,\n    \"9.2\": 0.11259,\n    \"10.1\": 0.05118,\n    \"11.1-11.2\": 0.36848,\n    \"12.0\": 0.13306,\n    \"13.0\": 0.49131,\n    \"14.0\": 5.10753\n  },\n  I: {\n    \"0\": 0,\n    \"3\": 0,\n    \"4\": 0,\n    \"2.1\": 0,\n    \"2.2\": 0,\n    \"2.3\": 0,\n    \"4.1\": 0.00217,\n    \"4.2-4.3\": 0.01474,\n    \"4.4\": 0,\n    \"4.4.3-4.4.4\": 0.08497\n  },\n  K: {\n    _: \"0 10 11 12 11.1 11.5 12.1\"\n  },\n  A: {\n    \"6\": 0,\n    \"7\": 0,\n    \"8\": 0,\n    \"9\": 0.00302,\n    \"10\": 0,\n    \"11\": 0.06943,\n    \"5.5\": 0\n  },\n  J: {\n    \"7\": 0,\n    \"10\": 0\n  },\n  N: {\n    \"10\": 0,\n    \"11\": 0\n  },\n  R: {\n    _: \"0\"\n  },\n  M: {\n    \"0\": 0.13494\n  },\n  Q: {\n    \"10.4\": 0\n  },\n  O: {\n    \"0\": 0.348\n  },\n  H: {\n    \"0\": 0.28912\n  },\n  L: {\n    \"0\": 61.87253\n  },\n  S: {\n    \"2.5\": 0\n  }\n};","map":{"version":3,"sources":["C:/xampp/public_html/vamo/interface2/node_modules/caniuse-lite/data/regions/LB.js"],"names":["module","exports","C","D","F","G","E","_","B","P","I","K","A","J","N","R","M","Q","O","H","L","S"],