{"ast":null,"code":"module.exports = {\n  C: {\n    \"90\": 0.23329,\n    \"91\": 0.14174,\n    _: \"2 3 4 5 6 7 8 9 10 11 12 13 14 15 16 17 18 19 20 21 22 23 24 25 26 27 28 29 30 31 32 33 34 35 36 37 38 39 40 41 42 43 44 45 46 47 48 49 50 51 52 53 54 55 56 57 58 59 60 61 62 63 64 65 66 67 68 69 70 71 72 73 74 75 76 77 78 79 80 81 82 83 84 85 86 87 88 89 92 93 3.5 3.6\"\n  },\n  D: {\n    \"68\": 0.18899,\n    \"80\": 0.0945,\n    \"84\": 1.83086,\n    \"90\": 0.0945,\n    \"92\": 8.77927,\n    _: \"4 5 6 7 8 9 10 11 12 13 14 15 16 17 18 19 20 21 22 23 24 25 26 27 28 29 30 31 32 33 34 35 36 37 38 39 40 41 42 43 44 45 46 47 48 49 50 51 52 53 54 55 56 57 58 59 60 61 62 63 64 65 66 67 69 70 71 72 73 74 75 76 77 78 79 81 83 85 86 87 88 89 91 93 94 95 96\"\n  },\n  F: {\n    _: \"9 11 12 15 16 17 18 19 20 21 22 23 24 25 26 27 28 29 30 31 32 33 34 35 36 37 38 39 40 41 42 43 44 45 46 47 48 49 50 51 52 53 54 55 56 57 58 60 62 63 64 65 66 67 68 69 70 71 72 73 74 75 76 77 78 9.5-9.6 10.5 10.6 11.1 11.5 11.6 12.1\",\n    \"10.0-10.1\": 0\n  },\n  G: {\n    \"8\": 0,\n    \"3.2\": 0,\n    \"4.0-4.1\": 0,\n    \"4.2-4.3\": 0,\n    \"5.0-5.1\": 0,\n    \"6.0-6.1\": 0,\n    \"7.0-7.1\": 0,\n    \"8.1-8.4\": 0,\n    \"9.0-9.2\": 0,\n    \"9.3\": 0,\n    \"10.0-10.2\": 0,\n    \"10.3\": 0,\n    \"11.0-11.2\": 0,\n    \"11.3-11.4\": 0,\n    \"12.0-12.1\": 0,\n    \"12.2-12.4\": 0,\n    \"13.0-13.1\": 0,\n    \"13.2\": 0,\n    \"13.3\": 0,\n    \"13.4-13.7\": 0,\n    \"14.0-14.4\": 8.12513,\n    \"14.5-14.7\": 10.9652\n  },\n  E: {\n    \"4\": 0,\n    \"14\": 0.0945,\n    \"15\": 12.86327,\n    _: \"0 5 6 7 8 9 10 11 12 13 3.1 3.2 5.1 6.1 7.1 9.1 10.1 11.1 12.1\",\n    \"13.1\": 0.0945,\n    \"14.1\": 2.25314\n  },\n  B: {\n    \"92\": 0.14174,\n    _: \"12 13 14 15 16 17 18 79 80 81 83 84 85 86 87 88 89 90 91 93\"\n  },\n  P: {\n    \"4\": 0.2913,\n    \"5.0-5.4\": 0.01047,\n    \"6.2-6.4\": 0.21226,\n    \"7.2-7.4\": 0.07283,\n    \"8.2\": 0.04043,\n    \"9.2\": 0.04161,\n    \"10.1\": 0.02081,\n    \"11.1-11.2\": 0.19154,\n    \"12.0\": 0.19154,\n    \"13.0\": 0.10081,\n    \"14.0\": 0.96779\n  },\n  I: {\n    \"0\": 0,\n    \"3\": 0,\n    \"4\": 0,\n    \"2.1\": 0,\n    \"2.2\": 0,\n    \"2.3\": 0,\n    \"4.1\": 0,\n    \"4.2-4.3\": 0,\n    \"4.4\": 0,\n    \"4.4.3-4.4.4\": 0\n  },\n  K: {\n    _: \"0 10 11 12 11.1 11.5 12.1\"\n  },\n  A: {\n    \"11\": 2.20589,\n    _: \"6 7 8 9 10 5.5\"\n  },\n  J: {\n    \"7\": 0,\n    \"10\": 0\n  },\n  N: {\n    \"11\": 0.01983,\n    _: \"10\"\n  },\n  R: {\n    _: \"0\"\n  },\n  M: {\n    \"0\": 1.20504\n  },\n  Q: {\n    \"10.4\": 0\n  },\n  O: {\n    \"0\": 4.25639\n  },\n  H: {\n    \"0\": 1.23425\n  },\n  L: {\n    \"0\": 43.48858\n  },\n  S: {\n    \"2.5\": 0\n  }\n};","map":{"version":3,"sources":["C:/xampp/public_html/vamo/interface2/node_modules/caniuse-lite/data/regions/alt-an.js"],"names":["module","exports","C","_","D","F","G","E","B","P","I","K","A","J","N","R","M","Q","O","H","L","S"],"mappings":"AAAAA,MAAM,CAACC,OAAP,GAAe;AAACC,EAAAA,CAAC,EAAC;AAAC,UAAK,OAAN;AAAc,UAAK,OAAnB;AAA2BC,IAAAA,CAAC,EAAC;AAA7B,GAAH;AAAiTC,EAAAA,CAAC,EAAC;AAAC,UAAK,OAAN;AAAc,UAAK,MAAnB;AAA0B,UAAK,OAA/B;AAAuC,UAAK,MAA5C;AAAmD,UAAK,OAAxD;AAAgED,IAAAA,CAAC,EAAC;AAAlE,GAAnT;AAAunBE,EAAAA,CAAC,EAAC;AAACF,IAAAA,CAAC,EAAC,yOAAH;AAA6O,iBAAY;AAAzP,GAAznB;AAAq3BG,EAAAA,CAAC,EAAC;AAAC,SAAI,CAAL;AAAO,WAAM,CAAb;AAAe,eAAU,CAAzB;AAA2B,eAAU,CAArC;AAAuC,eAAU,CAAjD;AAAmD,eAAU,CAA7D;AAA+D,eAAU,CAAzE;AAA2E,eAAU,CAArF;AAAuF,eAAU,CAAjG;AAAmG,WAAM,CAAzG;AAA2G,iBAAY,CAAvH;AAAyH,YAAO,CAAhI;AAAkI,iBAAY,CAA9I;AAAgJ,iBAAY,CAA5J;AAA8J,iBAAY,CAA1K;AAA4K,iBAAY,CAAxL;AAA0L,iBAAY,CAAtM;AAAwM,YAAO,CAA/M;AAAiN,YAAO,CAAxN;AAA0N,iBAAY,CAAtO;AAAwO,iBAAY,OAApP;AAA4P,iBAAY;AAAxQ,GAAv3B;AAAwoCC,EAAAA,CAAC,EAAC;AAAC,SAAI,CAAL;AAAO,UAAK,MAAZ;AAAmB,UAAK,QAAxB;AAAiCJ,IAAAA,CAAC,EAAC,gEAAnC;AAAoG,YAAO,MAA3G;AAAkH,YAAO;AAAzH,GAA1oC;AAA4wCK,EAAAA,CAAC,EAAC;AAAC,UAAK,OAAN;AAAcL,IAAAA,CAAC,EAAC;AAAhB,GAA9wC;AAA61CM,EAAAA,CAAC,EAAC;AAAC,SAAI,MAAL;AAAY,eAAU,OAAtB;AAA8B,eAAU,OAAxC;AAAgD,eAAU,OAA1D;AAAkE,WAAM,OAAxE;AAAgF,WAAM,OAAtF;AAA8F,YAAO,OAArG;AAA6G,iBAAY,OAAzH;AAAiI,YAAO,OAAxI;AAAgJ,YAAO,OAAvJ;AAA+J,YAAO;AAAtK,GAA/1C;AAA8gDC,EAAAA,CAAC,EAAC;AAAC,SAAI,CAAL;AAAO,SAAI,CAAX;AAAa,SAAI,CAAjB;AAAmB,WAAM,CAAzB;AAA2B,WAAM,CAAjC;AAAmC,WAAM,CAAzC;AAA2C,WAAM,CAAjD;AAAmD,eAAU,CAA7D;AAA+D,WAAM,CAArE;AAAuE,mBAAc;AAArF,GAAhhD;AAAwmDC,EAAAA,CAAC,EAAC;AAACR,IAAAA,CAAC,EAAC;AAAH,GAA1mD;AAA0oDS,EAAAA,CAAC,EAAC;AAAC,UAAK,OAAN;AAAcT,IAAAA,CAAC,EAAC;AAAhB,GAA5oD;AAA8qDU,EAAAA,CAAC,EAAC;AAAC,SAAI,CAAL;AAAO,UAAK;AAAZ,GAAhrD;AAA+rDC,EAAAA,CAAC,EAAC;AAAC,UAAK,OAAN;AAAcX,IAAAA,CAAC,EAAC;AAAhB,GAAjsD;AAAutDY,EAAAA,CAAC,EAAC;AAACZ,IAAAA,CAAC,EAAC;AAAH,GAAztD;AAAiuDa,EAAAA,CAAC,EAAC;AAAC,SAAI;AAAL,GAAnuD;AAAivDC,EAAAA,CAAC,EAAC;AAAC,YAAO;AAAR,GAAnvD;AAA8vDC,EAAAA,CAAC,EAAC;AAAC,SAAI;AAAL,GAAhwD;AAA8wDC,EAAAA,CAAC,EAAC;AAAC,SAAI;AAAL,GAAhxD;AAA8xDC,EAAAA,CAAC,EAAC;AAAC,SAAI;AAAL,GAAhyD;AAA+yDC,EAAAA,CAAC,EAAC;AAAC,WAAM;AAAP;AAAjzD,CAAf","sourcesContent":["module.exports={C:{\"90\":0.23329,\"91\":0.14174,_:\"2 3 4 5 6 7 8 9 10 11 12 13 14 15 16 17 18 19 20 21 22 23 24 25 26 27 28 29 30 31 32 33 34 35 36 37 38 39 40 41 42 43 44 45 46 47 48 49 50 51 52 53 54 55 56 57 58 59 60 61 62 63 64 65 66 67 68 69 70 71 72 73 74 75 76 77 78 79 80 81 82 83 84 85 86 87 88 89 92 93 3.5 3.6\"},D:{\"68\":0.18899,\"80\":0.0945,\"84\":1.83086,\"90\":0.0945,\"92\":8.77927,_:\"4 5 6 7 8 9 10 11 12 13 14 15 16 17 18 19 20 21 22 23 24 25 26 27 28 29 30 31 32 33 34 35 36 37 38 39 40 41 42 43 44 45 46 47 48 49 50 51 52 53 54 55 56 57 58 59 60 61 62 63 64 65 66 67 69 70 71 72 73 74 75 76 77 78 79 81 83 85 86 87 88 89 91 93 94 95 96\"},F:{_:\"9 11 12 15 16 17 18 19 20 21 22 23 24 25 26 27 28 29 30 31 32 33 34 35 36 37 38 39 40 41 42 43 44 45 46 47 48 49 50 51 52 53 54 55 56 57 58 60 62 63 64 65 66 67 68 69 70 71 72 73 74 75 76 77 78 9.5-9.6 10.5 10.6 11.1 11.5 11.6 12.1\",\"10.0-10.1\":0},G:{\"8\":0,\"3.2\":0,\"4.0-4.1\":0,\"4.2-4.3\":0,\"5.0-5.1\":0,\"6.0-6.1\":0,\"7.0-7.1\":0,\"8.1-8.4\":0,\"9.0-9.2\":0,\"9.3\":0,\"10.0-10.2\":0,\"10.3\":0,\"11.0-11.2\":0,\"11.3-11.4\":0,\"12.0-12.1\":0,\"12.2-12.4\":0,\"13.0-13.1\":0,\"13.2\":0,\"13.3\":0,\"13.4-13.7\":0,\"14.0-14.4\":8.12513,\"14.5-14.7\":10.9652},E:{\"4\":0,\"14\":0.0945,\"15\":12.86327,_:\"0 5 6 7 8 9 10 11 12 13 3.1 3.2 5.1 6.1 7.1 9.1 10.1 11.1 12.1\",\"13.1\":0.0945,\"14.1\":2.25314},B:{\"92\":0.14174,_:\"12 13 14 15 16 17 18 79 80 81 83 84 85 86 87 88 89 90 91 93\"},P:{\"4\":0.2913,\"5.0-5.4\":0.01047,\"6.2-6.4\":0.21226,\"7.2-7.4\":0.07283,\"8.2\":0.04043,\"9.2\":0.04161,\"10.1\":0.02081,\"11.1-11.2\":0.19154,\"12.0\":0.19154,\"13.0\":0.10081,\"14.0\":0.96779},I:{\"0\":0,\"3\":0,\"4\":0,\"2.1\":0,\"2.2\":0,\"2.3\":0,\"4.1\":0,\"4.2-4.3\":0,\"4.4\":0,\"4.4.3-4.4.4\":0},K:{_:\"0 10 11 12 11.1 11.5 12.1\"},A:{\"11\":2.20589,_:\"6 7 8 9 10 5.5\"},J:{\"7\":0,\"10\":0},N:{\"11\":0.01983,_:\"10\"},R:{_:\"0\"},M:{\"0\":1.20504},Q:{\"10.4\":0},O:{\"0\":4.25639},H:{\"0\":1.23425},L:{\"0\":43.48858},S:{\"2.5\":0}};\n"]},"metadata":{},"sourceType":"script"}