{"ast":null,"code":"module.exports = {\n  C: {\n    \"2\": 0,\n    \"3\": 0,\n    \"4\": 0,\n    \"5\": 0,\n    \"6\": 0,\n    \"7\": 0,\n    \"8\": 0,\n    \"9\": 0,\n    \"10\": 0,\n    \"11\": 0,\n    \"12\": 0,\n    \"13\": 0,\n    \"14\": 0,\n    \"15\": 0,\n    \"16\": 0,\n    \"17\": 0,\n    \"18\": 0,\n    \"19\": 0,\n    \"20\": 0,\n    \"21\": 0,\n    \"22\": 0,\n    \"23\": 0,\n    \"24\": 0,\n    \"25\": 0,\n    \"26\": 0,\n    \"27\": 0,\n    \"28\": 0,\n    \"29\": 0,\n    \"30\": 0,\n    \"31\": 0,\n    \"32\": 0,\n    \"33\": 0,\n    \"34\": 0,\n    \"35\": 0.01428,\n    \"36\": 0.00952,\n    \"37\": 0,\n    \"38\": 0,\n    \"39\": 0,\n    \"40\": 0,\n    \"41\": 0,\n    \"42\": 0,\n    \"43\": 0,\n    \"44\": 0,\n    \"45\": 0,\n    \"46\": 0,\n    \"47\": 0,\n    \"48\": 0,\n    \"49\": 0,\n    \"50\": 0,\n    \"51\": 0,\n    \"52\": 0.00476,\n    \"53\": 0,\n    \"54\": 0,\n    \"55\": 0,\n    \"56\": 0,\n    \"57\": 0,\n    \"58\": 0,\n    \"59\": 0,\n    \"60\": 0.01428,\n    \"61\": 0,\n    \"62\": 0,\n    \"63\": 0,\n    \"64\": 0,\n    \"65\": 0,\n    \"66\": 0,\n    \"67\": 0,\n    \"68\": 0,\n    \"69\": 0,\n    \"70\": 0,\n    \"71\": 0,\n    \"72\": 0,\n    \"73\": 0,\n    \"74\": 0,\n    \"75\": 0,\n    \"76\": 0,\n    \"77\": 0.00476,\n    \"78\": 0.01428,\n    \"79\": 0,\n    \"80\": 0,\n    \"81\": 0.00476,\n    \"82\": 0,\n    \"83\": 0,\n    \"84\": 0.00476,\n    \"85\": 0,\n    \"86\": 0.0809,\n    \"87\": 0.00476,\n    \"88\": 0,\n    \"89\": 0.01428,\n    \"90\": 0.40452,\n    \"91\": 0.60915,\n    \"92\": 0,\n    \"93\": 0,\n    \"3.5\": 0,\n    \"3.6\": 0\n  },\n  D: {\n    \"4\": 0,\n    \"5\": 0,\n    \"6\": 0,\n    \"7\": 0,\n    \"8\": 0,\n    \"9\": 0,\n    \"10\": 0,\n    \"11\": 0.02855,\n    \"12\": 0,\n    \"13\": 0,\n    \"14\": 0,\n    \"15\": 0,\n    \"16\": 0,\n    \"17\": 0,\n    \"18\": 0,\n    \"19\": 0,\n    \"20\": 0,\n    \"21\": 0,\n    \"22\": 0,\n    \"23\": 0,\n    \"24\": 0,\n    \"25\": 0,\n    \"26\": 0,\n    \"27\": 0,\n    \"28\": 0,\n    \"29\": 0,\n    \"30\": 0,\n    \"31\": 0,\n    \"32\": 0,\n    \"33\": 0,\n    \"34\": 0,\n    \"35\": 0,\n    \"36\": 0,\n    \"37\": 0.00476,\n    \"38\": 0.00476,\n    \"39\": 0,\n    \"40\": 0,\n    \"41\": 0,\n    \"42\": 0,\n    \"43\": 0,\n    \"44\": 0,\n    \"45\": 0,\n    \"46\": 0,\n    \"47\": 0,\n    \"48\": 0,\n    \"49\": 0.01428,\n    \"50\": 0.01428,\n    \"51\": 0,\n    \"52\": 0,\n    \"53\": 0.00476,\n    \"54\": 0,\n    \"55\": 0,\n    \"56\": 0,\n    \"57\": 0.00952,\n    \"58\": 0,\n    \"59\": 0,\n    \"60\": 0,\n    \"61\": 0,\n    \"62\": 0,\n    \"63\": 0,\n    \"64\": 0,\n    \"65\": 0,\n    \"66\": 0,\n    \"67\": 0,\n    \"68\": 0,\n    \"69\": 0,\n    \"70\": 0,\n    \"71\": 0,\n    \"72\": 0,\n    \"73\": 0.00476,\n    \"74\": 0.17132,\n    \"75\": 0,\n    \"76\": 0.01904,\n    \"77\": 0.06187,\n    \"78\": 0.00952,\n    \"79\": 0.01904,\n    \"80\": 0.00476,\n    \"81\": 0.01904,\n    \"83\": 0.04283,\n    \"84\": 0.02855,\n    \"85\": 0.00952,\n    \"86\": 0.07139,\n    \"87\": 0.0238,\n    \"88\": 0.00952,\n    \"89\": 0.0238,\n    \"90\": 0.20464,\n    \"91\": 0.71861,\n    \"92\": 12.12593,\n    \"93\": 0.06663,\n    \"94\": 0.02855,\n    \"95\": 0,\n    \"96\": 0\n  },\n  F: {\n    \"9\": 0,\n    \"11\": 0,\n    \"12\": 0,\n    \"15\": 0,\n    \"16\": 0,\n    \"17\": 0,\n    \"18\": 0,\n    \"19\": 0,\n    \"20\": 0,\n    \"21\": 0,\n    \"22\": 0,\n    \"23\": 0,\n    \"24\": 0,\n    \"25\": 0,\n    \"26\": 0,\n    \"27\": 0,\n    \"28\": 0,\n    \"29\": 0,\n    \"30\": 0,\n    \"31\": 0,\n    \"32\": 0,\n    \"33\": 0,\n    \"34\": 0,\n    \"35\": 0,\n    \"36\": 0,\n    \"37\": 0,\n    \"38\": 0,\n    \"39\": 0,\n    \"40\": 0,\n    \"41\": 0,\n    \"42\": 0,\n    \"43\": 0,\n    \"44\": 0,\n    \"45\": 0,\n    \"46\": 0,\n    \"47\": 0,\n    \"48\": 0,\n    \"49\": 0,\n    \"50\": 0,\n    \"51\": 0,\n    \"52\": 0,\n    \"53\": 0,\n    \"54\": 0,\n    \"55\": 0,\n    \"56\": 0,\n    \"57\": 0,\n    \"58\": 0.00476,\n    \"60\": 0,\n    \"62\": 0,\n    \"63\": 0.0238,\n    \"64\": 0,\n    \"65\": 0,\n    \"66\": 0,\n    \"67\": 0,\n    \"68\": 0,\n    \"69\": 0,\n    \"70\": 0,\n    \"71\": 0,\n    \"72\": 0.15705,\n    \"73\": 0,\n    \"74\": 0,\n    \"75\": 0,\n    \"76\": 0,\n    \"77\": 0.13801,\n    \"78\": 0.11422,\n    \"9.5-9.6\": 0,\n    \"10.0-10.1\": 0,\n    \"10.5\": 0,\n    \"10.6\": 0,\n    \"11.1\": 0,\n    \"11.5\": 0,\n    \"11.6\": 0,\n    \"12.1\": 0\n  },\n  G: {\n    \"8\": 0,\n    \"3.2\": 0,\n    \"4.0-4.1\": 0,\n    \"4.2-4.3\": 0,\n    \"5.0-5.1\": 0.03408,\n    \"6.0-6.1\": 0.00296,\n    \"7.0-7.1\": 0.30227,\n    \"8.1-8.4\": 0,\n    \"9.0-9.2\": 0.04001,\n    \"9.3\": 0.18522,\n    \"10.0-10.2\": 0,\n    \"10.3\": 0.40599,\n    \"11.0-11.2\": 0.01926,\n    \"11.3-11.4\": 0.01778,\n    \"12.0-12.1\": 0,\n    \"12.2-12.4\": 0.05186,\n    \"13.0-13.1\": 0.05334,\n    \"13.2\": 0.00296,\n    \"13.3\": 0.41933,\n    \"13.4-13.7\": 0.45933,\n    \"14.0-14.4\": 1.32318,\n    \"14.5-14.7\": 10.84323\n  },\n  E: {\n    \"4\": 0,\n    \"5\": 0,\n    \"6\": 0,\n    \"7\": 0,\n    \"8\": 0,\n    \"9\": 0,\n    \"10\": 0.07614,\n    \"11\": 0,\n    \"12\": 0,\n    \"13\": 0.00476,\n    \"14\": 0.30458,\n    \"15\": 0.00476,\n    _: \"0\",\n    \"3.1\": 0,\n    \"3.2\": 0,\n    \"5.1\": 0.00476,\n    \"6.1\": 0,\n    \"7.1\": 0,\n    \"9.1\": 0,\n    \"10.1\": 0.01904,\n    \"11.1\": 0.00952,\n    \"12.1\": 0.00476,\n    \"13.1\": 0.17608,\n    \"14.1\": 1.2183\n  },\n  B: {\n    \"12\": 0,\n    \"13\": 0,\n    \"14\": 0.00952,\n    \"15\": 0.00476,\n    \"16\": 0,\n    \"17\": 0.00476,\n    \"18\": 0.02855,\n    \"79\": 0,\n    \"80\": 0,\n    \"81\": 0,\n    \"83\": 0,\n    \"84\": 0,\n    \"85\": 0,\n    \"86\": 0,\n    \"87\": 0,\n    \"88\": 0,\n    \"89\": 0.01428,\n    \"90\": 0,\n    \"91\": 0.07139,\n    \"92\": 3.29323,\n    \"93\": 0.00476\n  },\n  P: {\n    \"4\": 0.15721,\n    \"5.0-5.4\": 0,\n    \"6.2-6.4\": 0.01123,\n    \"7.2-7.4\": 0.17967,\n    \"8.2\": 0,\n    \"9.2\": 0.02246,\n    \"10.1\": 0.01123,\n    \"11.1-11.2\": 0.13475,\n    \"12.0\": 0.12352,\n    \"13.0\": 1.39242,\n    \"14.0\": 3.15541\n  },\n  I: {\n    \"0\": 0,\n    \"3\": 0,\n    \"4\": 0.10761,\n    \"2.1\": 0,\n    \"2.2\": 0,\n    \"2.3\": 0,\n    \"4.1\": 0.03074,\n    \"4.2-4.3\": 0.56878,\n    \"4.4\": 0,\n    \"4.4.3-4.4.4\": 2.04453\n  },\n  K: {\n    _: \"0 10 11 12 11.1 11.5 12.1\"\n  },\n  A: {\n    \"6\": 0,\n    \"7\": 0,\n    \"8\": 0,\n    \"9\": 0.0118,\n    \"10\": 0,\n    \"11\": 0.13573,\n    \"5.5\": 0\n  },\n  J: {\n    \"7\": 0,\n    \"10\": 0\n  },\n  N: {\n    \"10\": 0,\n    \"11\": 0\n  },\n  R: {\n    _: \"0\"\n  },\n  M: {\n    \"0\": 0.53982\n  },\n  Q: {\n    \"10.4\": 0.01048\n  },\n  O: {\n    \"0\": 0.09958\n  },\n  H: {\n    \"0\": 0.19847\n  },\n  L: {\n    \"0\": 52.65869\n  },\n  S: {\n    \"2.5\": 0\n  }\n};","map":{"version":3,"sources":["C:/xampp/public_html/vamo/interface2/node_modules/caniuse-lite/data/regions/GD.js"],"names":["module","exports","C","D","F","G","E","_","B","P","I","K","A","J","N","R","M","Q","O","H","L","S"],