{"ast":null,"code":"module.exports = {\n  C: {\n    \"34\": 0.00278,\n    \"52\": 0.28624,\n    \"62\": 0.00278,\n    \"77\": 0.00834,\n    \"78\": 0.26123,\n    \"80\": 0.00278,\n    \"84\": 0.01945,\n    \"88\": 0.00556,\n    \"89\": 0.03057,\n    \"90\": 0.37239,\n    \"91\": 0.50578,\n    \"92\": 0.00556,\n    _: \"2 3 4 5 6 7 8 9 10 11 12 13 14 15 16 17 18 19 20 21 22 23 24 25 26 27 28 29 30 31 32 33 35 36 37 38 39 40 41 42 43 44 45 46 47 48 49 50 51 53 54 55 56 57 58 59 60 61 63 64 65 66 67 68 69 70 71 72 73 74 75 76 79 81 82 83 85 86 87 93 3.5 3.6\"\n  },\n  D: {\n    \"38\": 0.03613,\n    \"40\": 0.03613,\n    \"47\": 0.00556,\n    \"49\": 0.06392,\n    \"56\": 0.00834,\n    \"57\": 0.00278,\n    \"63\": 0.00834,\n    \"65\": 0.01112,\n    \"67\": 0.00556,\n    \"69\": 0.02501,\n    \"70\": 0.01112,\n    \"71\": 0.01667,\n    \"74\": 0.00834,\n    \"75\": 0.00556,\n    \"76\": 0.01112,\n    \"77\": 0.00556,\n    \"78\": 0.01945,\n    \"79\": 0.02501,\n    \"80\": 0.01667,\n    \"81\": 0.01112,\n    \"83\": 0.02779,\n    \"84\": 0.02501,\n    \"85\": 0.01667,\n    \"86\": 0.02223,\n    \"87\": 0.20565,\n    \"88\": 0.08615,\n    \"89\": 0.05558,\n    \"90\": 0.08615,\n    \"91\": 0.69197,\n    \"92\": 16.15711,\n    \"93\": 0.01667,\n    \"94\": 0.0139,\n    _: \"4 5 6 7 8 9 10 11 12 13 14 15 16 17 18 19 20 21 22 23 24 25 26 27 28 29 30 31 32 33 34 35 36 37 39 41 42 43 44 45 46 48 50 51 52 53 54 55 58 59 60 61 62 64 66 68 72 73 95 96\"\n  },\n  F: {\n    \"28\": 0.00834,\n    \"46\": 0.01112,\n    \"74\": 0.00278,\n    \"75\": 0.00556,\n    \"77\": 0.31959,\n    \"78\": 0.26678,\n    _: \"9 11 12 15 16 17 18 19 20 21 22 23 24 25 26 27 29 30 31 32 33 34 35 36 37 38 39 40 41 42 43 44 45 47 48 49 50 51 52 53 54 55 56 57 58 60 62 63 64 65 66 67 68 69 70 71 72 73 76 9.5-9.6 10.5 10.6 11.1 11.5 11.6 12.1\",\n    \"10.0-10.1\": 0\n  },\n  G: {\n    \"8\": 0,\n    \"3.2\": 0,\n    \"4.0-4.1\": 0,\n    \"4.2-4.3\": 0,\n    \"5.0-5.1\": 0,\n    \"6.0-6.1\": 0.00287,\n    \"7.0-7.1\": 0.04014,\n    \"8.1-8.4\": 0.0086,\n    \"9.0-9.2\": 0.0172,\n    \"9.3\": 0.15197,\n    \"10.0-10.2\": 0.04014,\n    \"10.3\": 0.09176,\n    \"11.0-11.2\": 0.21219,\n    \"11.3-11.4\": 0.08889,\n    \"12.0-12.1\": 0.15197,\n    \"12.2-12.4\": 0.42438,\n    \"13.0-13.1\": 0.13477,\n    \"13.2\": 0.10323,\n    \"13.3\": 0.43585,\n    \"13.4-13.7\": 1.04374,\n    \"14.0-14.4\": 6.01585,\n    \"14.5-14.7\": 18.80456\n  },\n  E: {\n    \"4\": 0,\n    \"12\": 0.01112,\n    \"13\": 0.13339,\n    \"14\": 0.72532,\n    \"15\": 0.03613,\n    _: \"0 5 6 7 8 9 10 11 3.1 3.2 6.1 7.1 9.1\",\n    \"5.1\": 0.00556,\n    \"10.1\": 0.00556,\n    \"11.1\": 0.01945,\n    \"12.1\": 0.14173,\n    \"13.1\": 0.26678,\n    \"14.1\": 2.31491\n  },\n  B: {\n    \"12\": 0.00278,\n    \"13\": 0.00278,\n    \"14\": 0.00556,\n    \"15\": 0.00834,\n    \"16\": 0.00834,\n    \"17\": 0.01112,\n    \"18\": 0.08337,\n    \"80\": 0.0139,\n    \"83\": 0.00556,\n    \"84\": 0.00834,\n    \"85\": 0.00556,\n    \"86\": 0.00556,\n    \"87\": 0.00278,\n    \"89\": 0.01945,\n    \"90\": 0.01112,\n    \"91\": 0.13061,\n    \"92\": 2.42051,\n    _: \"79 81 88 93\"\n  },\n  P: {\n    \"4\": 0.21291,\n    \"5.0-5.4\": 0.01033,\n    \"6.2-6.4\": 0.01036,\n    \"7.2-7.4\": 0.12166,\n    \"8.2\": 0.02028,\n    \"9.2\": 0.11153,\n    \"10.1\": 0.06083,\n    \"11.1-11.2\": 0.29402,\n    \"12.0\": 0.15208,\n    \"13.0\": 0.42583,\n    \"14.0\": 3.22411\n  },\n  I: {\n    \"0\": 0,\n    \"3\": 0,\n    \"4\": 0.00948,\n    \"2.1\": 0,\n    \"2.2\": 0,\n    \"2.3\": 0,\n    \"4.1\": 0.00316,\n    \"4.2-4.3\": 0.01737,\n    \"4.4\": 0,\n    \"4.4.3-4.4.4\": 0.07107\n  },\n  K: {\n    _: \"0 10 11 12 11.1 11.5 12.1\"\n  },\n  A: {\n    \"11\": 0.37239,\n    _: \"6 7 8 9 10 5.5\"\n  },\n  J: {\n    \"7\": 0,\n    \"10\": 0\n  },\n  N: {\n    \"11\": 0.02439,\n    _: \"10\"\n  },\n  R: {\n    _: \"0\"\n  },\n  M: {\n    \"0\": 0.09386\n  },\n  Q: {\n    \"10.4\": 0.01444\n  },\n  O: {\n    \"0\": 2.83024\n  },\n  H: {\n    \"0\": 0.90911\n  },\n  L: {\n    \"0\": 35.94502\n  },\n  S: {\n    \"2.5\": 0\n  }\n};","map":{"version":3,"sources":["C:/xampp/public_html/vamo/interface2/node_modules/caniuse-lite/data/regions/KW.js"],"names":["module","exports","C","_","D","F","G","E","B","P","I","K","A","J","N","R","M","Q","O","H","L","S"],"mappings":"AAAAA,MAAM,CAACC,OAAP,GAAe;AAACC,EAAAA,CAAC,EAAC;AAAC,UAAK,OAAN;AAAc,UAAK,OAAnB;AAA2B,UAAK,OAAhC;AAAwC,UAAK,OAA7C;AAAqD,UAAK,OAA1D;AAAkE,UAAK,OAAvE;AAA+E,UAAK,OAApF;AAA4F,UAAK,OAAjG;AAAyG,UAAK,OAA9G;AAAsH,UAAK,OAA3H;AAAmI,UAAK,OAAxI;AAAgJ,UAAK,OAArJ;AAA6JC,IAAAA,CAAC,EAAC;AAA/J,GAAH;AAAqZC,EAAAA,CAAC,EAAC;AAAC,UAAK,OAAN;AAAc,UAAK,OAAnB;AAA2B,UAAK,OAAhC;AAAwC,UAAK,OAA7C;AAAqD,UAAK,OAA1D;AAAkE,UAAK,OAAvE;AAA+E,UAAK,OAApF;AAA4F,UAAK,OAAjG;AAAyG,UAAK,OAA9G;AAAsH,UAAK,OAA3H;AAAmI,UAAK,OAAxI;AAAgJ,UAAK,OAArJ;AAA6J,UAAK,OAAlK;AAA0K,UAAK,OAA/K;AAAuL,UAAK,OAA5L;AAAoM,UAAK,OAAzM;AAAiN,UAAK,OAAtN;AAA8N,UAAK,OAAnO;AAA2O,UAAK,OAAhP;AAAwP,UAAK,OAA7P;AAAqQ,UAAK,OAA1Q;AAAkR,UAAK,OAAvR;AAA+R,UAAK,OAApS;AAA4S,UAAK,OAAjT;AAAyT,UAAK,OAA9T;AAAsU,UAAK,OAA3U;AAAmV,UAAK,OAAxV;AAAgW,UAAK,OAArW;AAA6W,UAAK,OAAlX;AAA0X,UAAK,QAA/X;AAAwY,UAAK,OAA7Y;AAAqZ,UAAK,MAA1Z;AAAiaD,IAAAA,CAAC,EAAC;AAAna,GAAvZ;AAA2+BE,EAAAA,CAAC,EAAC;AAAC,UAAK,OAAN;AAAc,UAAK,OAAnB;AAA2B,UAAK,OAAhC;AAAwC,UAAK,OAA7C;AAAqD,UAAK,OAA1D;AAAkE,UAAK,OAAvE;AAA+EF,IAAAA,CAAC,EAAC,uNAAjF;AAAyS,iBAAY;AAArT,GAA7+B;AAAqyCG,EAAAA,CAAC,EAAC;AAAC,SAAI,CAAL;AAAO,WAAM,CAAb;AAAe,eAAU,CAAzB;AAA2B,eAAU,CAArC;AAAuC,eAAU,CAAjD;AAAmD,eAAU,OAA7D;AAAqE,eAAU,OAA/E;AAAuF,eAAU,MAAjG;AAAwG,eAAU,MAAlH;AAAyH,WAAM,OAA/H;AAAuI,iBAAY,OAAnJ;AAA2J,YAAO,OAAlK;AAA0K,iBAAY,OAAtL;AAA8L,iBAAY,OAA1M;AAAkN,iBAAY,OAA9N;AAAsO,iBAAY,OAAlP;AAA0P,iBAAY,OAAtQ;AAA8Q,YAAO,OAArR;AAA6R,YAAO,OAApS;AAA4S,iBAAY,OAAxT;AAAgU,iBAAY,OAA5U;AAAoV,iBAAY;AAAhW,GAAvyC;AAAipDC,EAAAA,CAAC,EAAC;AAAC,SAAI,CAAL;AAAO,UAAK,OAAZ;AAAoB,UAAK,OAAzB;AAAiC,UAAK,OAAtC;AAA8C,UAAK,OAAnD;AAA2DJ,IAAAA,CAAC,EAAC,uCAA7D;AAAqG,WAAM,OAA3G;AAAmH,YAAO,OAA1H;AAAkI,YAAO,OAAzI;AAAiJ,YAAO,OAAxJ;AAAgK,YAAO,OAAvK;AAA+K,YAAO;AAAtL,GAAnpD;AAAk1DK,EAAAA,CAAC,EAAC;AAAC,UAAK,OAAN;AAAc,UAAK,OAAnB;AAA2B,UAAK,OAAhC;AAAwC,UAAK,OAA7C;AAAqD,UAAK,OAA1D;AAAkE,UAAK,OAAvE;AAA+E,UAAK,OAApF;AAA4F,UAAK,MAAjG;AAAwG,UAAK,OAA7G;AAAqH,UAAK,OAA1H;AAAkI,UAAK,OAAvI;AAA+I,UAAK,OAApJ;AAA4J,UAAK,OAAjK;AAAyK,UAAK,OAA9K;AAAsL,UAAK,OAA3L;AAAmM,UAAK,OAAxM;AAAgN,UAAK,OAArN;AAA6NL,IAAAA,CAAC,EAAC;AAA/N,GAAp1D;AAAkkEM,EAAAA,CAAC,EAAC;AAAC,SAAI,OAAL;AAAa,eAAU,OAAvB;AAA+B,eAAU,OAAzC;AAAiD,eAAU,OAA3D;AAAmE,WAAM,OAAzE;AAAiF,WAAM,OAAvF;AAA+F,YAAO,OAAtG;AAA8G,iBAAY,OAA1H;AAAkI,YAAO,OAAzI;AAAiJ,YAAO,OAAxJ;AAAgK,YAAO;AAAvK,GAApkE;AAAovEC,EAAAA,CAAC,EAAC;AAAC,SAAI,CAAL;AAAO,SAAI,CAAX;AAAa,SAAI,OAAjB;AAAyB,WAAM,CAA/B;AAAiC,WAAM,CAAvC;AAAyC,WAAM,CAA/C;AAAiD,WAAM,OAAvD;AAA+D,eAAU,OAAzE;AAAiF,WAAM,CAAvF;AAAyF,mBAAc;AAAvG,GAAtvE;AAAs2EC,EAAAA,CAAC,EAAC;AAACR,IAAAA,CAAC,EAAC;AAAH,GAAx2E;AAAw4ES,EAAAA,CAAC,EAAC;AAAC,UAAK,OAAN;AAAcT,IAAAA,CAAC,EAAC;AAAhB,GAA14E;AAA46EU,EAAAA,CAAC,EAAC;AAAC,SAAI,CAAL;AAAO,UAAK;AAAZ,GAA96E;AAA67EC,EAAAA,CAAC,EAAC;AAAC,UAAK,OAAN;AAAcX,IAAAA,CAAC,EAAC;AAAhB,GAA/7E;AAAq9EY,EAAAA,CAAC,EAAC;AAACZ,IAAAA,CAAC,EAAC;AAAH,GAAv9E;AAA+9Ea,EAAAA,CAAC,EAAC;AAAC,SAAI;AAAL,GAAj+E;AAA++EC,EAAAA,CAAC,EAAC;AAAC,YAAO;AAAR,GAAj/E;AAAkgFC,EAAAA,CAAC,EAAC;AAAC,SAAI;AAAL,GAApgF;AAAkhFC,EAAAA,CAAC,EAAC;AAAC,SAAI;AAAL,GAAphF;AAAkiFC,EAAAA,CAAC,EAAC;AAAC,SAAI;AAAL,GAApiF;AAAmjFC,EAAAA,CAAC,EAAC;AAAC,WAAM;AAAP;AAArjF,CAAf",