{"ast":null,"code":"module.exports = {\n  C: {\n    \"30\": 0.0083,\n    \"41\": 0.00415,\n    \"47\": 0.00415,\n    \"52\": 0.05809,\n    \"66\": 0.00415,\n    \"68\": 0.01245,\n    \"72\": 0.00415,\n    \"78\": 0.02489,\n    \"81\": 0.0083,\n    \"84\": 0.02489,\n    \"87\": 0.03734,\n    \"88\": 0.02904,\n    \"89\": 0.14107,\n    \"90\": 0.58086,\n    \"91\": 0.96257,\n    \"92\": 0.01245,\n    _: \"2 3 4 5 6 7 8 9 10 11 12 13 14 15 16 17 18 19 20 21 22 23 24 25 26 27 28 29 31 32 33 34 35 36 37 38 39 40 42 43 44 45 46 48 49 50 51 53 54 55 56 57 58 59 60 61 62 63 64 65 67 69 70 71 73 74 75 76 77 79 80 82 83 85 86 93 3.5 3.6\"\n  },\n  D: {\n    \"30\": 0.0083,\n    \"33\": 0.0166,\n    \"38\": 0.00415,\n    \"40\": 0.02904,\n    \"42\": 0.0083,\n    \"43\": 0.08298,\n    \"49\": 0.04149,\n    \"55\": 0.03734,\n    \"56\": 0.09128,\n    \"60\": 0.06638,\n    \"61\": 0.0083,\n    \"63\": 0.05394,\n    \"65\": 0.00415,\n    \"69\": 0.0083,\n    \"70\": 0.0083,\n    \"71\": 0.0083,\n    \"72\": 0.01245,\n    \"73\": 0.00415,\n    \"74\": 0.04979,\n    \"77\": 0.01245,\n    \"78\": 0.00415,\n    \"79\": 0.07883,\n    \"80\": 0.0166,\n    \"81\": 0.55182,\n    \"83\": 0.02075,\n    \"84\": 0.01245,\n    \"85\": 0.04149,\n    \"86\": 0.04149,\n    \"87\": 0.26554,\n    \"88\": 0.07053,\n    \"89\": 0.07053,\n    \"90\": 0.11617,\n    \"91\": 0.97916,\n    \"92\": 16.62919,\n    \"93\": 0.04564,\n    \"94\": 0.01245,\n    _: \"4 5 6 7 8 9 10 11 12 13 14 15 16 17 18 19 20 21 22 23 24 25 26 27 28 29 31 32 34 35 36 37 39 41 44 45 46 47 48 50 51 52 53 54 57 58 59 62 64 66 67 68 75 76 95 96\"\n  },\n  F: {\n    \"53\": 0.02075,\n    \"64\": 0.0166,\n    \"65\": 0.0083,\n    \"75\": 0.00415,\n    \"76\": 0.01245,\n    \"77\": 1.61396,\n    \"78\": 0.90033,\n    _: \"9 11 12 15 16 17 18 19 20 21 22 23 24 25 26 27 28 29 30 31 32 33 34 35 36 37 38 39 40 41 42 43 44 45 46 47 48 49 50 51 52 54 55 56 57 58 60 62 63 66 67 68 69 70 71 72 73 74 9.5-9.6 10.5 10.6 11.1 11.5 11.6 12.1\",\n    \"10.0-10.1\": 0\n  },\n  G: {\n    \"8\": 0,\n    \"3.2\": 0,\n    \"4.0-4.1\": 0,\n    \"4.2-4.3\": 0,\n    \"5.0-5.1\": 0.00064,\n    \"6.0-6.1\": 0.00257,\n    \"7.0-7.1\": 0.03019,\n    \"8.1-8.4\": 0.00128,\n    \"9.0-9.2\": 0.00128,\n    \"9.3\": 0.03854,\n    \"10.0-10.2\": 0.01285,\n    \"10.3\": 0.25567,\n    \"11.0-11.2\": 0.1015,\n    \"11.3-11.4\": 0.0546,\n    \"12.0-12.1\": 0.05396,\n    \"12.2-12.4\": 0.26145,\n    \"13.0-13.1\": 0.01927,\n    \"13.2\": 0.01734,\n    \"13.3\": 0.15674,\n    \"13.4-13.7\": 0.34175,\n    \"14.0-14.4\": 1.18649,\n    \"14.5-14.7\": 2.72886\n  },\n  E: {\n    \"4\": 0,\n    \"13\": 0.01245,\n    \"14\": 0.05394,\n    _: \"0 5 6 7 8 9 10 11 12 15 3.1 3.2 6.1 9.1 10.1\",\n    \"5.1\": 0.0083,\n    \"7.1\": 0.03319,\n    \"11.1\": 0.0083,\n    \"12.1\": 0.02075,\n    \"13.1\": 0.12032,\n    \"14.1\": 0.29043\n  },\n  B: {\n    \"12\": 0.02904,\n    \"13\": 0.0166,\n    \"14\": 0.0166,\n    \"15\": 0.02075,\n    \"16\": 0.02904,\n    \"17\": 0.01245,\n    \"18\": 0.13692,\n    \"84\": 0.02075,\n    \"85\": 0.01245,\n    \"87\": 0.00415,\n    \"88\": 0.00415,\n    \"89\": 0.07053,\n    \"90\": 0.02904,\n    \"91\": 0.07053,\n    \"92\": 2.22386,\n    _: \"79 80 81 83 86 93\"\n  },\n  P: {\n    \"4\": 2.0253,\n    \"5.0-5.4\": 0.06114,\n    \"6.2-6.4\": 0.02038,\n    \"7.2-7.4\": 0.26461,\n    \"8.2\": 0.07124,\n    \"9.2\": 0.07124,\n    \"10.1\": 0.04071,\n    \"11.1-11.2\": 0.14248,\n    \"12.0\": 0.19337,\n    \"13.0\": 0.10177,\n    \"14.0\": 0.78366\n  },\n  I: {\n    \"0\": 0,\n    \"3\": 0,\n    \"4\": 0.00027,\n    \"2.1\": 0,\n    \"2.2\": 0,\n    \"2.3\": 0,\n    \"4.1\": 0.00231,\n    \"4.2-4.3\": 0.00667,\n    \"4.4\": 0,\n    \"4.4.3-4.4.4\": 0.03755\n  },\n  K: {\n    _: \"0 10 11 12 11.1 11.5 12.1\"\n  },\n  A: {\n    \"11\": 0.56841,\n    _: \"6 7 8 9 10 5.5\"\n  },\n  J: {\n    \"7\": 0,\n    \"10\": 0.0468\n  },\n  N: {\n    \"11\": 0.02439,\n    _: \"10\"\n  },\n  R: {\n    _: \"0\"\n  },\n  M: {\n    \"0\": 0.06435\n  },\n  Q: {\n    \"10.4\": 0.01755\n  },\n  O: {\n    \"0\": 0.54405\n  },\n  H: {\n    \"0\": 6.09224\n  },\n  L: {\n    \"0\": 55.39489\n  },\n  S: {\n    \"2.5\": 0.1287\n  }\n};","map":{"version":3,"sources":["C:/xampp/public_html/vamo/interface2/node_modules/caniuse-lite/data/regions/MZ.js"],"names":["module","exports","C","_","D","F","G","E","B","P","I","K","A","J","N","R","M","Q","O","H","L","S"],"mappings":"AAAAA,MAAM,CAACC,OAAP,GAAe;AAACC,EAAAA,CAAC,EAAC;AAAC,UAAK,MAAN;AAAa,UAAK,OAAlB;AAA0B,UAAK,OAA/B;AAAuC,UAAK,OAA5C;AAAoD,UAAK,OAAzD;AAAiE,UAAK,OAAtE;AAA8E,UAAK,OAAnF;AAA2F,UAAK,OAAhG;AAAwG,UAAK,MAA7G;AAAoH,UAAK,OAAzH;AAAiI,UAAK,OAAtI;AAA8I,UAAK,OAAnJ;AAA2J,UAAK,OAAhK;AAAwK,UAAK,OAA7K;AAAqL,UAAK,OAA1L;AAAkM,UAAK,OAAvM;AAA+MC,IAAAA,CAAC,EAAC;AAAjN,GAAH;AAA2bC,EAAAA,CAAC,EAAC;AAAC,UAAK,MAAN;AAAa,UAAK,MAAlB;AAAyB,UAAK,OAA9B;AAAsC,UAAK,OAA3C;AAAmD,UAAK,MAAxD;AAA+D,UAAK,OAApE;AAA4E,UAAK,OAAjF;AAAyF,UAAK,OAA9F;AAAsG,UAAK,OAA3G;AAAmH,UAAK,OAAxH;AAAgI,UAAK,MAArI;AAA4I,UAAK,OAAjJ;AAAyJ,UAAK,OAA9J;AAAsK,UAAK,MAA3K;AAAkL,UAAK,MAAvL;AAA8L,UAAK,MAAnM;AAA0M,UAAK,OAA/M;AAAuN,UAAK,OAA5N;AAAoO,UAAK,OAAzO;AAAiP,UAAK,OAAtP;AAA8P,UAAK,OAAnQ;AAA2Q,UAAK,OAAhR;AAAwR,UAAK,MAA7R;AAAoS,UAAK,OAAzS;AAAiT,UAAK,OAAtT;AAA8T,UAAK,OAAnU;AAA2U,UAAK,OAAhV;AAAwV,UAAK,OAA7V;AAAqW,UAAK,OAA1W;AAAkX,UAAK,OAAvX;AAA+X,UAAK,OAApY;AAA4Y,UAAK,OAAjZ;AAAyZ,UAAK,OAA9Z;AAAsa,UAAK,QAA3a;AAAob,UAAK,OAAzb;AAAic,UAAK,OAAtc;AAA8cD,IAAAA,CAAC,EAAC;AAAhd,GAA7b;AAAkjCE,EAAAA,CAAC,EAAC;AAAC,UAAK,OAAN;AAAc,UAAK,MAAnB;AAA0B,UAAK,MAA/B;AAAsC,UAAK,OAA3C;AAAmD,UAAK,OAAxD;AAAgE,UAAK,OAArE;AAA6E,UAAK,OAAlF;AAA0FF,IAAAA,CAAC,EAAC,oNAA5F;AAAiT,iBAAY;AAA7T,GAApjC;AAAo3CG,EAAAA,CAAC,EAAC;AAAC,SAAI,CAAL;AAAO,WAAM,CAAb;AAAe,eAAU,CAAzB;AAA2B,eAAU,CAArC;AAAuC,eAAU,OAAjD;AAAyD,eAAU,OAAnE;AAA2E,eAAU,OAArF;AAA6F,eAAU,OAAvG;AAA+G,eAAU,OAAzH;AAAiI,WAAM,OAAvI;AAA+I,iBAAY,OAA3J;AAAmK,YAAO,OAA1K;AAAkL,iBAAY,MAA9L;AAAqM,iBAAY,MAAjN;AAAwN,iBAAY,OAApO;AAA4O,iBAAY,OAAxP;AAAgQ,iBAAY,OAA5Q;AAAoR,YAAO,OAA3R;AAAmS,YAAO,OAA1S;AAAkT,iBAAY,OAA9T;AAAsU,iBAAY,OAAlV;AAA0V,iBAAY;AAAtW,GAAt3C;AAAquDC,EAAAA,CAAC,EAAC;AAAC,SAAI,CAAL;AAAO,UAAK,OAAZ;AAAoB,UAAK,OAAzB;AAAiCJ,IAAAA,CAAC,EAAC,8CAAnC;AAAkF,WAAM,MAAxF;AAA+F,WAAM,OAArG;AAA6G,YAAO,MAApH;AAA2H,YAAO,OAAlI;AAA0I,YAAO,OAAjJ;AAAyJ,YAAO;AAAhK,GAAvuD;AAAg5DK,EAAAA,CAAC,EAAC;AAAC,UAAK,OAAN;AAAc,UAAK,MAAnB;AAA0B,UAAK,MAA/B;AAAsC,UAAK,OAA3C;AAAmD,UAAK,OAAxD;AAAgE,UAAK,OAArE;AAA6E,UAAK,OAAlF;AAA0F,UAAK,OAA/F;AAAuG,UAAK,OAA5G;AAAoH,UAAK,OAAzH;AAAiI,UAAK,OAAtI;AAA8I,UAAK,OAAnJ;AAA2J,UAAK,OAAhK;AAAwK,UAAK,OAA7K;AAAqL,UAAK,OAA1L;AAAkML,IAAAA,CAAC,EAAC;AAApM,GAAl5D;AAA2mEM,EAAAA,CAAC,EAAC;AAAC,SAAI,MAAL;AAAY,eAAU,OAAtB;AAA8B,eAAU,OAAxC;AAAgD,eAAU,OAA1D;AAAkE,WAAM,OAAxE;AAAgF,WAAM,OAAtF;AAA8F,YAAO,OAArG;AAA6G,iBAAY,OAAzH;AAAiI,YAAO,OAAxI;AAAgJ,YAAO,OAAvJ;AAA+J,YAAO;AAAtK,GAA7mE;AAA4xEC,EAAAA,CAAC,EAAC;AAAC,SAAI,CAAL;AAAO,SAAI,CAAX;AAAa,SAAI,OAAjB;AAAyB,WAAM,CAA/B;AAAiC,WAAM,CAAvC;AAAyC,WAAM,CAA/C;AAAiD,WAAM,OAAvD;AAA+D,eAAU,OAAzE;AAAiF,WAAM,CAAvF;AAAyF,mBAAc;AAAvG,GAA9xE;AAA84EC,EAAAA,CAAC,EAAC;AAACR,IAAAA,CAAC,EAAC;AAAH,GAAh5E;AAAg7ES,EAAAA,CAAC,EAAC;AAAC,UAAK,OAAN;AAAcT,IAAAA,CAAC,EAAC;AAAhB,GAAl7E;AAAo9EU,EAAAA,CAAC,EAAC;AAAC,SAAI,CAAL;AAAO,UAAK;AAAZ,GAAt9E;AAA0+EC,EAAAA,CAAC,EAAC;AAAC,UAAK,OAAN;AAAcX,IAAAA,CAAC,EAAC;AAAhB,GAA5+E;AAAkgFY,EAAAA,CAAC,EAAC;AAACZ,IAAAA,CAAC,EAAC;AAAH,GAApgF;AAA4gFa,EAAAA,CAAC,EAAC;AAAC,SAAI;AAAL,GAA9gF;AAA4hFC,EAAAA,CAAC,EAAC;AAAC,YAAO;AAAR,GAA9hF;AAA+iFC,EAAAA,CAAC,EAAC;AAAC,SAAI;AAAL,GAAjjF;AAA+jFC,EAAAA,CAAC,EAAC;AAAC,SAAI;AAAL,GAAjkF;AAA+kFC,EAAAA,CAAC,EAAC;AAAC,SAAI;AAAL,GAAjlF;AAAgmFC,EAAAA,CAAC,EAAC;AAAC,WAAM;AAAP;AAAlmF,CAAf",