{"ast":null,"code":"module.exports = {\n  C: {\n    \"38\": 0.01168,\n    \"43\": 0.01168,\n    \"45\": 0.00584,\n    \"48\": 0.01168,\n    \"50\": 0.01168,\n    \"51\": 0.00584,\n    \"52\": 0.08762,\n    \"54\": 0.02921,\n    \"55\": 0.04089,\n    \"56\": 0.01168,\n    \"59\": 0.02336,\n    \"60\": 0.01752,\n    \"63\": 0.01168,\n    \"65\": 0.00584,\n    \"66\": 0.00584,\n    \"68\": 0.01168,\n    \"76\": 0.01168,\n    \"77\": 0.00584,\n    \"78\": 0.38551,\n    \"79\": 0.02921,\n    \"80\": 0.01752,\n    \"81\": 0.02336,\n    \"82\": 0.02921,\n    \"83\": 0.00584,\n    \"84\": 0.05257,\n    \"85\": 0.01168,\n    \"86\": 0.01168,\n    \"87\": 0.01168,\n    \"88\": 0.08177,\n    \"89\": 0.16355,\n    \"90\": 2.42986,\n    \"91\": 3.72072,\n    \"92\": 0.01752,\n    _: \"2 3 4 5 6 7 8 9 10 11 12 13 14 15 16 17 18 19 20 21 22 23 24 25 26 27 28 29 30 31 32 33 34 35 36 37 39 40 41 42 44 46 47 49 53 57 58 61 62 64 67 69 70 71 72 73 74 75 93 3.5 3.6\"\n  },\n  D: {\n    \"28\": 0.01168,\n    \"38\": 0.01752,\n    \"42\": 0.02921,\n    \"48\": 0.06425,\n    \"49\": 0.21612,\n    \"52\": 0.0993,\n    \"53\": 0.01168,\n    \"56\": 0.04089,\n    \"57\": 0.01168,\n    \"59\": 0.03505,\n    \"60\": 0.23364,\n    \"61\": 0.06425,\n    \"63\": 0.00584,\n    \"64\": 0.4556,\n    \"65\": 0.01168,\n    \"66\": 0.08762,\n    \"67\": 0.02336,\n    \"69\": 0.27453,\n    \"70\": 0.47896,\n    \"71\": 0.00584,\n    \"72\": 0.47312,\n    \"73\": 0.01168,\n    \"74\": 0.01168,\n    \"75\": 0.07009,\n    \"76\": 0.05841,\n    \"77\": 0.01752,\n    \"78\": 0.02336,\n    \"79\": 1.14484,\n    \"80\": 0.51985,\n    \"81\": 0.04673,\n    \"83\": 0.26285,\n    \"84\": 0.32126,\n    \"85\": 0.24532,\n    \"86\": 0.50233,\n    \"87\": 0.83526,\n    \"88\": 0.08177,\n    \"89\": 0.0993,\n    \"90\": 2.73359,\n    \"91\": 1.92753,\n    \"92\": 25.72961,\n    \"93\": 0.01752,\n    \"94\": 0.01168,\n    _: \"4 5 6 7 8 9 10 11 12 13 14 15 16 17 18 19 20 21 22 23 24 25 26 27 29 30 31 32 33 34 35 36 37 39 40 41 43 44 45 46 47 50 51 54 55 58 62 68 95 96\"\n  },\n  F: {\n    \"68\": 0.01752,\n    \"69\": 0.00584,\n    \"71\": 0.01168,\n    \"74\": 0.00584,\n    \"77\": 0.64835,\n    \"78\": 0.57826,\n    _: \"9 11 12 15 16 17 18 19 20 21 22 23 24 25 26 27 28 29 30 31 32 33 34 35 36 37 38 39 40 41 42 43 44 45 46 47 48 49 50 51 52 53 54 55 56 57 58 60 62 63 64 65 66 67 70 72 73 75 76 9.5-9.6 10.5 10.6 11.5 11.6 12.1\",\n    \"10.0-10.1\": 0,\n    \"11.1\": 0.01168\n  },\n  G: {\n    \"8\": 0,\n    \"3.2\": 0,\n    \"4.0-4.1\": 0,\n    \"4.2-4.3\": 0,\n    \"5.0-5.1\": 0.00122,\n    \"6.0-6.1\": 0.00609,\n    \"7.0-7.1\": 0.00609,\n    \"8.1-8.4\": 0.01706,\n    \"9.0-9.2\": 0.09751,\n    \"9.3\": 0.07313,\n    \"10.0-10.2\": 0.02316,\n    \"10.3\": 0.14139,\n    \"11.0-11.2\": 0.0451,\n    \"11.3-11.4\": 0.10239,\n    \"12.0-12.1\": 0.05973,\n    \"12.2-12.4\": 0.15968,\n    \"13.0-13.1\": 0.02438,\n    \"13.2\": 0.01828,\n    \"13.3\": 0.10848,\n    \"13.4-13.7\": 0.43271,\n    \"14.0-14.4\": 1.7857,\n    \"14.5-14.7\": 8.67617\n  },\n  E: {\n    \"4\": 0.01168,\n    \"10\": 0.00584,\n    \"11\": 0.00584,\n    \"12\": 0.01168,\n    \"13\": 0.27453,\n    \"14\": 0.60746,\n    \"15\": 0.01752,\n    _: \"0 5 6 7 8 9 3.1 3.2 5.1 6.1 7.1 9.1\",\n    \"10.1\": 0.03505,\n    \"11.1\": 0.10514,\n    \"12.1\": 0.07009,\n    \"13.1\": 0.44976,\n    \"14.1\": 3.06653\n  },\n  B: {\n    \"14\": 0.01752,\n    \"17\": 0.02336,\n    \"18\": 0.08762,\n    \"81\": 0.02336,\n    \"83\": 0.01168,\n    \"84\": 0.02921,\n    \"85\": 0.01168,\n    \"86\": 0.01752,\n    \"89\": 0.02921,\n    \"90\": 0.02336,\n    \"91\": 0.14603,\n    \"92\": 4.01277,\n    \"93\": 0.00584,\n    _: \"12 13 15 16 79 80 87 88\"\n  },\n  P: {\n    \"4\": 0.06405,\n    \"5.0-5.4\": 0.02135,\n    \"6.2-6.4\": 0.07272,\n    \"7.2-7.4\": 0.32206,\n    \"8.2\": 0.01026,\n    \"9.2\": 0.0427,\n    \"10.1\": 0.01068,\n    \"11.1-11.2\": 0.09608,\n    \"12.0\": 0.07473,\n    \"13.0\": 0.22419,\n    \"14.0\": 2.39137\n  },\n  I: {\n    \"0\": 0,\n    \"3\": 0,\n    \"4\": 0,\n    \"2.1\": 0,\n    \"2.2\": 0,\n    \"2.3\": 0,\n    \"4.1\": 0.00142,\n    \"4.2-4.3\": 0.01522,\n    \"4.4\": 0,\n    \"4.4.3-4.4.4\": 0.01664\n  },\n  K: {\n    _: \"0 10 11 12 11.1 11.5 12.1\"\n  },\n  A: {\n    \"8\": 0.24463,\n    \"9\": 0.03136,\n    \"10\": 0.40145,\n    \"11\": 0.5959,\n    _: \"6 7 5.5\"\n  },\n  J: {\n    \"7\": 0,\n    \"10\": 0\n  },\n  N: {\n    \"11\": 0.02439,\n    _: \"10\"\n  },\n  R: {\n    _: \"0\"\n  },\n  M: {\n    \"0\": 0.72783\n  },\n  Q: {\n    \"10.4\": 0\n  },\n  O: {\n    \"0\": 0.18716\n  },\n  H: {\n    \"0\": 0.46462\n  },\n  L: {\n    \"0\": 25.74651\n  },\n  S: {\n    \"2.5\": 0.00416\n  }\n};","map":{"version":3,"sources":["C:/xampp/public_html/vamo/interface2/node_modules/caniuse-lite/data/regions/FI.js"],"names":["module","exports","C","_","D","F","G","E","B","P","I","K","A","J","N","R","M","Q","O","H","L","S"],