{"ast":null,"code":"module.exports = {\n  C: {\n    \"2\": 0,\n    \"3\": 0,\n    \"4\": 0,\n    \"5\": 0,\n    \"6\": 0,\n    \"7\": 0,\n    \"8\": 0,\n    \"9\": 0,\n    \"10\": 0,\n    \"11\": 0,\n    \"12\": 0,\n    \"13\": 0,\n    \"14\": 0,\n    \"15\": 0,\n    \"16\": 0,\n    \"17\": 0,\n    \"18\": 0,\n    \"19\": 0,\n    \"20\": 0,\n    \"21\": 0,\n    \"22\": 0,\n    \"23\": 0,\n    \"24\": 0,\n    \"25\": 0,\n    \"26\": 0,\n    \"27\": 0,\n    \"28\": 0,\n    \"29\": 0,\n    \"30\": 0,\n    \"31\": 0,\n    \"32\": 0,\n    \"33\": 0,\n    \"34\": 0,\n    \"35\": 0.00327,\n    \"36\": 0.00327,\n    \"37\": 0,\n    \"38\": 0,\n    \"39\": 0,\n    \"40\": 0,\n    \"41\": 0,\n    \"42\": 0,\n    \"43\": 0,\n    \"44\": 0,\n    \"45\": 0,\n    \"46\": 0,\n    \"47\": 0,\n    \"48\": 0,\n    \"49\": 0,\n    \"50\": 0,\n    \"51\": 0,\n    \"52\": 0.00654,\n    \"53\": 0,\n    \"54\": 0,\n    \"55\": 0,\n    \"56\": 0,\n    \"57\": 0,\n    \"58\": 0,\n    \"59\": 0,\n    \"60\": 0,\n    \"61\": 0,\n    \"62\": 0,\n    \"63\": 0,\n    \"64\": 0,\n    \"65\": 0,\n    \"66\": 0,\n    \"67\": 0,\n    \"68\": 0.00654,\n    \"69\": 0,\n    \"70\": 0,\n    \"71\": 0,\n    \"72\": 0,\n    \"73\": 0,\n    \"74\": 0,\n    \"75\": 0,\n    \"76\": 0,\n    \"77\": 0.00327,\n    \"78\": 0.00654,\n    \"79\": 0.00327,\n    \"80\": 0.00327,\n    \"81\": 0.00327,\n    \"82\": 0.00327,\n    \"83\": 0,\n    \"84\": 0,\n    \"85\": 0,\n    \"86\": 0,\n    \"87\": 0,\n    \"88\": 0.00654,\n    \"89\": 0.01961,\n    \"90\": 0.12095,\n    \"91\": 0.1798,\n    \"92\": 0.00327,\n    \"93\": 0,\n    \"3.5\": 0,\n    \"3.6\": 0\n  },\n  D: {\n    \"4\": 0,\n    \"5\": 0,\n    \"6\": 0,\n    \"7\": 0,\n    \"8\": 0,\n    \"9\": 0,\n    \"10\": 0,\n    \"11\": 0,\n    \"12\": 0,\n    \"13\": 0,\n    \"14\": 0,\n    \"15\": 0,\n    \"16\": 0,\n    \"17\": 0,\n    \"18\": 0,\n    \"19\": 0,\n    \"20\": 0,\n    \"21\": 0,\n    \"22\": 0.03923,\n    \"23\": 0,\n    \"24\": 0,\n    \"25\": 0,\n    \"26\": 0.01635,\n    \"27\": 0,\n    \"28\": 0,\n    \"29\": 0,\n    \"30\": 0,\n    \"31\": 0,\n    \"32\": 0,\n    \"33\": 0,\n    \"34\": 0.02288,\n    \"35\": 0,\n    \"36\": 0,\n    \"37\": 0,\n    \"38\": 0.02942,\n    \"39\": 0.00327,\n    \"40\": 0,\n    \"41\": 0,\n    \"42\": 0.00327,\n    \"43\": 0.00327,\n    \"44\": 0,\n    \"45\": 0,\n    \"46\": 0.00327,\n    \"47\": 0.02942,\n    \"48\": 0,\n    \"49\": 0.13403,\n    \"50\": 0,\n    \"51\": 0.00327,\n    \"52\": 0,\n    \"53\": 0.01308,\n    \"54\": 0,\n    \"55\": 0,\n    \"56\": 0.00327,\n    \"57\": 0,\n    \"58\": 0.00327,\n    \"59\": 0.00327,\n    \"60\": 0,\n    \"61\": 0.00654,\n    \"62\": 0.00327,\n    \"63\": 0.00654,\n    \"64\": 0,\n    \"65\": 0.00327,\n    \"66\": 0,\n    \"67\": 0.00327,\n    \"68\": 0.00654,\n    \"69\": 0.00327,\n    \"70\": 0.00327,\n    \"71\": 0.00981,\n    \"72\": 0.00327,\n    \"73\": 0.00327,\n    \"74\": 0.00654,\n    \"75\": 0.00981,\n    \"76\": 0.00981,\n    \"77\": 0.00654,\n    \"78\": 0.00654,\n    \"79\": 0.06538,\n    \"80\": 0.01308,\n    \"81\": 0.01635,\n    \"83\": 0.01961,\n    \"84\": 0.02288,\n    \"85\": 0.02615,\n    \"86\": 0.02942,\n    \"87\": 0.04577,\n    \"88\": 0.03596,\n    \"89\": 0.0425,\n    \"90\": 0.04577,\n    \"91\": 0.23537,\n    \"92\": 7.25391,\n    \"93\": 0.00327,\n    \"94\": 0.00327,\n    \"95\": 0,\n    \"96\": 0\n  },\n  F: {\n    \"9\": 0,\n    \"11\": 0,\n    \"12\": 0,\n    \"15\": 0,\n    \"16\": 0,\n    \"17\": 0,\n    \"18\": 0,\n    \"19\": 0,\n    \"20\": 0,\n    \"21\": 0,\n    \"22\": 0,\n    \"23\": 0,\n    \"24\": 0,\n    \"25\": 0,\n    \"26\": 0,\n    \"27\": 0,\n    \"28\": 0.00327,\n    \"29\": 0,\n    \"30\": 0,\n    \"31\": 0.00327,\n    \"32\": 0.00327,\n    \"33\": 0,\n    \"34\": 0,\n    \"35\": 0,\n    \"36\": 0.00327,\n    \"37\": 0,\n    \"38\": 0,\n    \"39\": 0,\n    \"40\": 0.01308,\n    \"41\": 0,\n    \"42\": 0,\n    \"43\": 0,\n    \"44\": 0,\n    \"45\": 0,\n    \"46\": 0.00981,\n    \"47\": 0,\n    \"48\": 0,\n    \"49\": 0,\n    \"50\": 0,\n    \"51\": 0,\n    \"52\": 0,\n    \"53\": 0,\n    \"54\": 0,\n    \"55\": 0,\n    \"56\": 0,\n    \"57\": 0,\n    \"58\": 0.06538,\n    \"60\": 0,\n    \"62\": 0,\n    \"63\": 0,\n    \"64\": 0,\n    \"65\": 0.00327,\n    \"66\": 0,\n    \"67\": 0,\n    \"68\": 0,\n    \"69\": 0,\n    \"70\": 0,\n    \"71\": 0,\n    \"72\": 0,\n    \"73\": 0,\n    \"74\": 0.00327,\n    \"75\": 0,\n    \"76\": 0.00327,\n    \"77\": 0.16999,\n    \"78\": 0.14384,\n    \"9.5-9.6\": 0,\n    \"10.0-10.1\": 0,\n    \"10.5\": 0,\n    \"10.6\": 0,\n    \"11.1\": 0,\n    \"11.5\": 0,\n    \"11.6\": 0,\n    \"12.1\": 0\n  },\n  G: {\n    \"8\": 0,\n    \"3.2\": 0.00137,\n    \"4.0-4.1\": 0,\n    \"4.2-4.3\": 0,\n    \"5.0-5.1\": 0.00547,\n    \"6.0-6.1\": 0.00821,\n    \"7.0-7.1\": 0.09984,\n    \"8.1-8.4\": 0.01504,\n    \"9.0-9.2\": 0.00957,\n    \"9.3\": 0.21883,\n    \"10.0-10.2\": 0.02735,\n    \"10.3\": 0.19695,\n    \"11.0-11.2\": 0.0848,\n    \"11.3-11.4\": 0.11352,\n    \"12.0-12.1\": 0.06975,\n    \"12.2-12.4\": 0.32141,\n    \"13.0-13.1\": 0.03556,\n    \"13.2\": 0.01368,\n    \"13.3\": 0.14361,\n    \"13.4-13.7\": 0.46775,\n    \"14.0-14.4\": 1.61934,\n    \"14.5-14.7\": 7.97225\n  },\n  E: {\n    \"4\": 0,\n    \"5\": 0,\n    \"6\": 0,\n    \"7\": 0,\n    \"8\": 0,\n    \"9\": 0,\n    \"10\": 0,\n    \"11\": 0,\n    \"12\": 0,\n    \"13\": 0.00327,\n    \"14\": 0.03269,\n    \"15\": 0,\n    _: \"0\",\n    \"3.1\": 0,\n    \"3.2\": 0,\n    \"5.1\": 0.00981,\n    \"6.1\": 0,\n    \"7.1\": 0,\n    \"9.1\": 0,\n    \"10.1\": 0,\n    \"11.1\": 0.00327,\n    \"12.1\": 0.00327,\n    \"13.1\": 0.01961,\n    \"14.1\": 0.12095\n  },\n  B: {\n    \"12\": 0.00327,\n    \"13\": 0,\n    \"14\": 0.00327,\n    \"15\": 0.00327,\n    \"16\": 0,\n    \"17\": 0.00327,\n    \"18\": 0.01308,\n    \"79\": 0,\n    \"80\": 0,\n    \"81\": 0,\n    \"83\": 0,\n    \"84\": 0.00327,\n    \"85\": 0.00327,\n    \"86\": 0.00327,\n    \"87\": 0,\n    \"88\": 0,\n    \"89\": 0.00327,\n    \"90\": 0.00327,\n    \"91\": 0.01308,\n    \"92\": 0.55246,\n    \"93\": 0\n  },\n  P: {\n    \"4\": 0.63897,\n    \"5.0-5.4\": 0.03043,\n    \"6.2-6.4\": 0.03043,\n    \"7.2-7.4\": 0.24342,\n    \"8.2\": 0.02028,\n    \"9.2\": 0.08114,\n    \"10.1\": 0.05071,\n    \"11.1-11.2\": 0.22313,\n    \"12.0\": 0.12171,\n    \"13.0\": 0.47669,\n    \"14.0\": 3.12387\n  },\n  I: {\n    \"0\": 0,\n    \"3\": 0,\n    \"4\": 0.00102,\n    \"2.1\": 0,\n    \"2.2\": 0,\n    \"2.3\": 0,\n    \"4.1\": 0.00534,\n    \"4.2-4.3\": 0.02238,\n    \"4.4\": 0,\n    \"4.4.3-4.4.4\": 0.06741\n  },\n  K: {\n    _: \"0 10 11 12 11.1 11.5 12.1\"\n  },\n  A: {\n    \"6\": 0,\n    \"7\": 0,\n    \"8\": 0,\n    \"9\": 0.00333,\n    \"10\": 0,\n    \"11\": 0.17647,\n    \"5.5\": 0\n  },\n  J: {\n    \"7\": 0,\n    \"10\": 0\n  },\n  N: {\n    \"10\": 0,\n    \"11\": 0\n  },\n  R: {\n    _: \"0\"\n  },\n  M: {\n    \"0\": 0.26251\n  },\n  Q: {\n    \"10.4\": 0\n  },\n  O: {\n    \"0\": 0.13462\n  },\n  H: {\n    \"0\": 0.5799\n  },\n  L: {\n    \"0\": 68.69307\n  },\n  S: {\n    \"2.5\": 0\n  }\n};","map":{"version":3,"sources":["C:/xampp/public_html/vamo/interface2/node_modules/caniuse-lite/data/regions/TR.js"],"names":["module","exports","C","D","F","G","E","_","B","P","I","K","A","J","N","R","M","Q","O","H","L","S"],