{"ast":null,"code":"module.exports = {\n  C: {\n    \"20\": 0.004,\n    \"27\": 0.004,\n    \"28\": 0.004,\n    \"29\": 0.012,\n    \"30\": 0.016,\n    \"31\": 0.02401,\n    \"32\": 0.008,\n    \"33\": 0.008,\n    \"34\": 0.012,\n    \"35\": 0.016,\n    \"36\": 0.008,\n    \"37\": 0.016,\n    \"38\": 0.012,\n    \"39\": 0.012,\n    \"40\": 0.008,\n    \"41\": 0.004,\n    \"42\": 0.012,\n    \"43\": 0.08802,\n    \"44\": 0.02401,\n    \"45\": 0.008,\n    \"46\": 0.004,\n    \"47\": 0.12403,\n    \"48\": 0.016,\n    \"49\": 0.012,\n    \"50\": 0.016,\n    \"52\": 0.4161,\n    \"54\": 0.008,\n    \"56\": 0.02001,\n    \"57\": 0.004,\n    \"58\": 0.008,\n    \"59\": 0.004,\n    \"60\": 0.012,\n    \"61\": 0.016,\n    \"64\": 0.008,\n    \"65\": 0.004,\n    \"66\": 0.02001,\n    \"67\": 0.012,\n    \"68\": 0.02401,\n    \"72\": 0.03601,\n    \"73\": 0.008,\n    \"74\": 0.004,\n    \"76\": 0.004,\n    \"77\": 0.06402,\n    \"78\": 0.13603,\n    \"79\": 0.008,\n    \"80\": 0.004,\n    \"81\": 0.02801,\n    \"82\": 0.008,\n    \"83\": 0.012,\n    \"84\": 0.10003,\n    \"85\": 0.012,\n    \"86\": 0.016,\n    \"87\": 0.02401,\n    \"88\": 0.12003,\n    \"89\": 0.26407,\n    \"90\": 1.32433,\n    \"91\": 2.14054,\n    \"92\": 0.23606,\n    _: \"2 3 4 5 6 7 8 9 10 11 12 13 14 15 16 17 18 19 21 22 23 24 25 26 51 53 55 62 63 69 70 71 75 93 3.5 3.6\"\n  },\n  D: {\n    \"11\": 0.016,\n    \"26\": 0.004,\n    \"31\": 0.008,\n    \"33\": 0.03601,\n    \"34\": 0.008,\n    \"35\": 0.008,\n    \"36\": 0.008,\n    \"37\": 0.016,\n    \"38\": 0.03201,\n    \"39\": 0.004,\n    \"40\": 0.18005,\n    \"42\": 0.004,\n    \"43\": 0.32008,\n    \"45\": 0.004,\n    \"46\": 0.008,\n    \"48\": 0.008,\n    \"49\": 0.06002,\n    \"50\": 0.008,\n    \"51\": 0.008,\n    \"53\": 0.012,\n    \"55\": 0.008,\n    \"56\": 0.008,\n    \"57\": 0.012,\n    \"58\": 0.012,\n    \"59\": 0.004,\n    \"60\": 0.016,\n    \"62\": 0.004,\n    \"63\": 0.04001,\n    \"64\": 0.008,\n    \"65\": 0.02401,\n    \"66\": 0.008,\n    \"67\": 0.02001,\n    \"68\": 0.07602,\n    \"69\": 0.04001,\n    \"70\": 0.02801,\n    \"71\": 0.06002,\n    \"72\": 0.016,\n    \"73\": 0.03601,\n    \"74\": 0.02801,\n    \"75\": 0.02401,\n    \"76\": 0.02001,\n    \"77\": 0.02801,\n    \"78\": 0.02801,\n    \"79\": 0.14804,\n    \"80\": 0.04801,\n    \"81\": 0.03201,\n    \"83\": 0.03601,\n    \"84\": 0.06002,\n    \"85\": 0.06002,\n    \"86\": 0.15604,\n    \"87\": 0.30808,\n    \"88\": 0.06802,\n    \"89\": 0.10403,\n    \"90\": 0.18805,\n    \"91\": 0.91223,\n    \"92\": 20.30508,\n    \"93\": 0.04801,\n    \"94\": 0.07602,\n    \"95\": 0.012,\n    _: \"4 5 6 7 8 9 10 12 13 14 15 16 17 18 19 20 21 22 23 24 25 27 28 29 30 32 41 44 47 52 54 61 96\"\n  },\n  F: {\n    \"25\": 0.012,\n    \"46\": 0.004,\n    \"63\": 0.004,\n    \"73\": 0.004,\n    \"74\": 0.008,\n    \"75\": 0.008,\n    \"76\": 0.03201,\n    \"77\": 1.41235,\n    \"78\": 1.02826,\n    _: \"9 11 12 15 16 17 18 19 20 21 22 23 24 26 27 28 29 30 31 32 33 34 35 36 37 38 39 40 41 42 43 44 45 47 48 49 50 51 52 53 54 55 56 57 58 60 62 64 65 66 67 68 69 70 71 72 9.5-9.6 10.5 10.6 11.1 11.5 11.6 12.1\",\n    \"10.0-10.1\": 0\n  },\n  G: {\n    \"8\": 0.00073,\n    \"3.2\": 0,\n    \"4.0-4.1\": 0,\n    \"4.2-4.3\": 0.00073,\n    \"5.0-5.1\": 0.00402,\n    \"6.0-6.1\": 0.00292,\n    \"7.0-7.1\": 0.28853,\n    \"8.1-8.4\": 0.07195,\n    \"9.0-9.2\": 0.0073,\n    \"9.3\": 0.1344,\n    \"10.0-10.2\": 0.01096,\n    \"10.3\": 0.59203,\n    \"11.0-11.2\": 0.03506,\n    \"11.3-11.4\": 0.02447,\n    \"12.0-12.1\": 0.03798,\n    \"12.2-12.4\": 0.12673,\n    \"13.0-13.1\": 0.01059,\n    \"13.2\": 0.01497,\n    \"13.3\": 0.04675,\n    \"13.4-13.7\": 0.09788,\n    \"14.0-14.4\": 0.55843,\n    \"14.5-14.7\": 1.14901\n  },\n  E: {\n    \"4\": 0,\n    \"8\": 0.09602,\n    \"14\": 0.04801,\n    _: \"0 5 6 7 9 10 11 12 13 15 3.1 3.2 5.1 6.1 7.1 9.1 10.1\",\n    \"11.1\": 0.008,\n    \"12.1\": 0.008,\n    \"13.1\": 0.03601,\n    \"14.1\": 0.10803\n  },\n  B: {\n    \"12\": 0.09202,\n    \"13\": 0.05601,\n    \"14\": 0.03201,\n    \"15\": 0.03201,\n    \"16\": 0.05601,\n    \"17\": 0.06402,\n    \"18\": 0.14004,\n    \"83\": 0.008,\n    \"84\": 0.02001,\n    \"85\": 0.02001,\n    \"87\": 0.004,\n    \"88\": 0.008,\n    \"89\": 0.05201,\n    \"90\": 0.03601,\n    \"91\": 0.10803,\n    \"92\": 3.02076,\n    _: \"79 80 81 86 93\"\n  },\n  P: {\n    \"4\": 0.84151,\n    \"5.0-5.4\": 0.04156,\n    \"6.2-6.4\": 0.07272,\n    \"7.2-7.4\": 0.32206,\n    \"8.2\": 0.01026,\n    \"9.2\": 0.13506,\n    \"10.1\": 0.05132,\n    \"11.1-11.2\": 0.17661,\n    \"12.0\": 0.05195,\n    \"13.0\": 0.14545,\n    \"14.0\": 0.90385\n  },\n  I: {\n    \"0\": 0,\n    \"3\": 0,\n    \"4\": 0.00152,\n    \"2.1\": 0,\n    \"2.2\": 0,\n    \"2.3\": 0,\n    \"4.1\": 0.00941,\n    \"4.2-4.3\": 0.0355,\n    \"4.4\": 0,\n    \"4.4.3-4.4.4\": 0.16354\n  },\n  K: {\n    _: \"0 10 11 12 11.1 11.5 12.1\"\n  },\n  A: {\n    \"8\": 0.00487,\n    \"9\": 0.00487,\n    \"11\": 0.32634,\n    _: \"6 7 10 5.5\"\n  },\n  J: {\n    \"7\": 0,\n    \"10\": 0.006\n  },\n  N: {\n    \"11\": 0.02439,\n    _: \"10\"\n  },\n  R: {\n    _: \"0\"\n  },\n  M: {\n    \"0\": 0.07799\n  },\n  Q: {\n    \"10.4\": 0.04199\n  },\n  O: {\n    \"0\": 1.76971\n  },\n  H: {\n    \"0\": 7.8263\n  },\n  L: {\n    \"0\": 46.31147\n  },\n  S: {\n    \"2.5\": 0\n  }\n};","map":{"version":3,"sources":["C:/xampp/public_html/vamo/interface2/node_modules/caniuse-lite/data/regions/ET.js"],"names":["module","exports","C","_","D","F","G","E","B","P","I","K","A","J","N","R","M","Q","O","H","L","S"],