{"ast":null,"code":"module.exports = {\n  C: {\n    \"2\": 0,\n    \"3\": 0,\n    \"4\": 0,\n    \"5\": 0,\n    \"6\": 0,\n    \"7\": 0,\n    \"8\": 0,\n    \"9\": 0,\n    \"10\": 0,\n    \"11\": 0,\n    \"12\": 0,\n    \"13\": 0,\n    \"14\": 0,\n    \"15\": 0,\n    \"16\": 0,\n    \"17\": 0,\n    \"18\": 0,\n    \"19\": 0,\n    \"20\": 0,\n    \"21\": 0,\n    \"22\": 0,\n    \"23\": 0,\n    \"24\": 0,\n    \"25\": 0,\n    \"26\": 0,\n    \"27\": 0,\n    \"28\": 0,\n    \"29\": 0.00438,\n    \"30\": 0,\n    \"31\": 0,\n    \"32\": 0.00438,\n    \"33\": 0,\n    \"34\": 0.01313,\n    \"35\": 0,\n    \"36\": 0,\n    \"37\": 0,\n    \"38\": 0,\n    \"39\": 0,\n    \"40\": 0.00438,\n    \"41\": 0,\n    \"42\": 0,\n    \"43\": 0.00438,\n    \"44\": 0,\n    \"45\": 0,\n    \"46\": 0,\n    \"47\": 0.00875,\n    \"48\": 0.00438,\n    \"49\": 0.00438,\n    \"50\": 0.00438,\n    \"51\": 0,\n    \"52\": 0.05688,\n    \"53\": 0,\n    \"54\": 0,\n    \"55\": 0,\n    \"56\": 0.00438,\n    \"57\": 0,\n    \"58\": 0,\n    \"59\": 0,\n    \"60\": 0.00438,\n    \"61\": 0.00438,\n    \"62\": 0,\n    \"63\": 0,\n    \"64\": 0,\n    \"65\": 0,\n    \"66\": 0,\n    \"67\": 0,\n    \"68\": 0.00438,\n    \"69\": 0,\n    \"70\": 0.00438,\n    \"71\": 0,\n    \"72\": 0,\n    \"73\": 0,\n    \"74\": 0.00875,\n    \"75\": 0.00438,\n    \"76\": 0,\n    \"77\": 0,\n    \"78\": 0.02625,\n    \"79\": 0,\n    \"80\": 0,\n    \"81\": 0,\n    \"82\": 0,\n    \"83\": 0,\n    \"84\": 0.00438,\n    \"85\": 0,\n    \"86\": 0.00438,\n    \"87\": 0,\n    \"88\": 0.04375,\n    \"89\": 0.07,\n    \"90\": 0.4725,\n    \"91\": 0.63438,\n    \"92\": 0.06125,\n    \"93\": 0,\n    \"3.5\": 0,\n    \"3.6\": 0\n  },\n  D: {\n    \"4\": 0,\n    \"5\": 0,\n    \"6\": 0,\n    \"7\": 0,\n    \"8\": 0,\n    \"9\": 0,\n    \"10\": 0,\n    \"11\": 0,\n    \"12\": 0,\n    \"13\": 0,\n    \"14\": 0,\n    \"15\": 0,\n    \"16\": 0,\n    \"17\": 0,\n    \"18\": 0,\n    \"19\": 0,\n    \"20\": 0,\n    \"21\": 0,\n    \"22\": 0,\n    \"23\": 0,\n    \"24\": 0,\n    \"25\": 0,\n    \"26\": 0,\n    \"27\": 0,\n    \"28\": 0,\n    \"29\": 0,\n    \"30\": 0,\n    \"31\": 0,\n    \"32\": 0,\n    \"33\": 0,\n    \"34\": 0,\n    \"35\": 0,\n    \"36\": 0,\n    \"37\": 0,\n    \"38\": 0,\n    \"39\": 0.00875,\n    \"40\": 0.00875,\n    \"41\": 0,\n    \"42\": 0,\n    \"43\": 0.00438,\n    \"44\": 0,\n    \"45\": 0,\n    \"46\": 0.00875,\n    \"47\": 0,\n    \"48\": 0,\n    \"49\": 0.16188,\n    \"50\": 0,\n    \"51\": 0,\n    \"52\": 0,\n    \"53\": 0.00438,\n    \"54\": 0,\n    \"55\": 0,\n    \"56\": 0,\n    \"57\": 0.0175,\n    \"58\": 0.00438,\n    \"59\": 0,\n    \"60\": 0.00438,\n    \"61\": 0.01313,\n    \"62\": 0,\n    \"63\": 0.01313,\n    \"64\": 0,\n    \"65\": 0,\n    \"66\": 0.00875,\n    \"67\": 0.02625,\n    \"68\": 0.00875,\n    \"69\": 0.01313,\n    \"70\": 0.01313,\n    \"71\": 0.00438,\n    \"72\": 0,\n    \"73\": 0.00438,\n    \"74\": 0.00875,\n    \"75\": 0.00438,\n    \"76\": 0.00875,\n    \"77\": 0.00875,\n    \"78\": 0.00438,\n    \"79\": 0.03063,\n    \"80\": 0.02188,\n    \"81\": 0.2275,\n    \"83\": 0.0175,\n    \"84\": 0.0175,\n    \"85\": 0.02625,\n    \"86\": 0.0525,\n    \"87\": 0.105,\n    \"88\": 0.035,\n    \"89\": 0.06563,\n    \"90\": 0.175,\n    \"91\": 0.82688,\n    \"92\": 9.69063,\n    \"93\": 0.00438,\n    \"94\": 0.00875,\n    \"95\": 0,\n    \"96\": 0\n  },\n  F: {\n    \"9\": 0,\n    \"11\": 0,\n    \"12\": 0,\n    \"15\": 0,\n    \"16\": 0,\n    \"17\": 0,\n    \"18\": 0,\n    \"19\": 0,\n    \"20\": 0,\n    \"21\": 0,\n    \"22\": 0,\n    \"23\": 0,\n    \"24\": 0,\n    \"25\": 0,\n    \"26\": 0.00438,\n    \"27\": 0,\n    \"28\": 0.00438,\n    \"29\": 0,\n    \"30\": 0,\n    \"31\": 0,\n    \"32\": 0,\n    \"33\": 0,\n    \"34\": 0,\n    \"35\": 0,\n    \"36\": 0,\n    \"37\": 0,\n    \"38\": 0,\n    \"39\": 0,\n    \"40\": 0,\n    \"41\": 0,\n    \"42\": 0,\n    \"43\": 0,\n    \"44\": 0,\n    \"45\": 0,\n    \"46\": 0,\n    \"47\": 0,\n    \"48\": 0,\n    \"49\": 0,\n    \"50\": 0,\n    \"51\": 0,\n    \"52\": 0,\n    \"53\": 0,\n    \"54\": 0.00438,\n    \"55\": 0,\n    \"56\": 0,\n    \"57\": 0.0175,\n    \"58\": 0.16188,\n    \"60\": 0,\n    \"62\": 0,\n    \"63\": 0,\n    \"64\": 0,\n    \"65\": 0,\n    \"66\": 0,\n    \"67\": 0,\n    \"68\": 0,\n    \"69\": 0,\n    \"70\": 0,\n    \"71\": 0,\n    \"72\": 0,\n    \"73\": 0,\n    \"74\": 0,\n    \"75\": 0,\n    \"76\": 0.00438,\n    \"77\": 0.25813,\n    \"78\": 0.1575,\n    \"9.5-9.6\": 0,\n    \"10.0-10.1\": 0,\n    \"10.5\": 0,\n    \"10.6\": 0,\n    \"11.1\": 0,\n    \"11.5\": 0,\n    \"11.6\": 0,\n    \"12.1\": 0\n  },\n  G: {\n    \"8\": 0,\n    \"3.2\": 0.00066,\n    \"4.0-4.1\": 0,\n    \"4.2-4.3\": 0,\n    \"5.0-5.1\": 0.06172,\n    \"6.0-6.1\": 0.00664,\n    \"7.0-7.1\": 0.35438,\n    \"8.1-8.4\": 0.00265,\n    \"9.0-9.2\": 0.00066,\n    \"9.3\": 0.13405,\n    \"10.0-10.2\": 0.00199,\n    \"10.3\": 0.10817,\n    \"11.0-11.2\": 0.04513,\n    \"11.3-11.4\": 0.04911,\n    \"12.0-12.1\": 0.10884,\n    \"12.2-12.4\": 0.05774,\n    \"13.0-13.1\": 0.00863,\n    \"13.2\": 0.00265,\n    \"13.3\": 0.03584,\n    \"13.4-13.7\": 0.24422,\n    \"14.0-14.4\": 0.66828,\n    \"14.5-14.7\": 4.20613\n  },\n  E: {\n    \"4\": 0,\n    \"5\": 0,\n    \"6\": 0,\n    \"7\": 0,\n    \"8\": 0,\n    \"9\": 0,\n    \"10\": 0,\n    \"11\": 0,\n    \"12\": 0.00875,\n    \"13\": 0.00438,\n    \"14\": 0.10063,\n    \"15\": 0.00438,\n    _: \"0\",\n    \"3.1\": 0,\n    \"3.2\": 0,\n    \"5.1\": 0.00438,\n    \"6.1\": 0,\n    \"7.1\": 0.00438,\n    \"9.1\": 0,\n    \"10.1\": 0,\n    \"11.1\": 0.00438,\n    \"12.1\": 0.01313,\n    \"13.1\": 0.07,\n    \"14.1\": 0.34563\n  },\n  B: {\n    \"12\": 0.0175,\n    \"13\": 0.01313,\n    \"14\": 0.01313,\n    \"15\": 0.0175,\n    \"16\": 0.02188,\n    \"17\": 0.0175,\n    \"18\": 0.09188,\n    \"79\": 0,\n    \"80\": 0.01313,\n    \"81\": 0.00438,\n    \"83\": 0,\n    \"84\": 0.01313,\n    \"85\": 0.00438,\n    \"86\": 0,\n    \"87\": 0.00438,\n    \"88\": 0.00438,\n    \"89\": 0.07438,\n    \"90\": 0.0175,\n    \"91\": 0.07875,\n    \"92\": 1.82875,\n    \"93\": 0.00438\n  },\n  P: {\n    \"4\": 0.42192,\n    \"5.0-5.4\": 0.01029,\n    \"6.2-6.4\": 0.02058,\n    \"7.2-7.4\": 0.42192,\n    \"8.2\": 0,\n    \"9.2\": 0.09262,\n    \"10.1\": 0.06174,\n    \"11.1-11.2\": 0.2264,\n    \"12.0\": 0.12349,\n    \"13.0\": 0.24698,\n    \"14.0\": 1.87293\n  },\n  I: {\n    \"0\": 0,\n    \"3\": 0,\n    \"4\": 0,\n    \"2.1\": 0,\n    \"2.2\": 0,\n    \"2.3\": 0,\n    \"4.1\": 0.00291,\n    \"4.2-4.3\": 0.00582,\n    \"4.4\": 0,\n    \"4.4.3-4.4.4\": 0.14065\n  },\n  K: {\n    _: \"0 10 11 12 11.1 11.5 12.1\"\n  },\n  A: {\n    \"6\": 0,\n    \"7\": 0,\n    \"8\": 0,\n    \"9\": 0.0057,\n    \"10\": 0.0057,\n    \"11\": 0.64923,\n    \"5.5\": 0\n  },\n  J: {\n    \"7\": 0,\n    \"10\": 0.03375\n  },\n  N: {\n    \"10\": 0,\n    \"11\": 0\n  },\n  R: {\n    _: \"0\"\n  },\n  M: {\n    \"0\": 0.12938\n  },\n  Q: {\n    \"10.4\": 0.0225\n  },\n  O: {\n    \"0\": 1.5525\n  },\n  H: {\n    \"0\": 0.94259\n  },\n  L: {\n    \"0\": 67.45\n  },\n  S: {\n    \"2.5\": 0.0225\n  }\n};","map":{"version":3,"sources":["C:/xampp/public_html/vamo/interface2/node_modules/caniuse-lite/data/regions/BW.js"],"names":["module","exports","C","D","F","G","E","_","B","P","I","K","A","J","N","R","M","Q","O","H","L","S"],