{"ast":null,"code":"module.exports = {\n  C: {\n    \"2\": 0,\n    \"3\": 0,\n    \"4\": 0,\n    \"5\": 0,\n    \"6\": 0,\n    \"7\": 0,\n    \"8\": 0,\n    \"9\": 0,\n    \"10\": 0,\n    \"11\": 0,\n    \"12\": 0,\n    \"13\": 0,\n    \"14\": 0,\n    \"15\": 0,\n    \"16\": 0,\n    \"17\": 0,\n    \"18\": 0,\n    \"19\": 0,\n    \"20\": 0,\n    \"21\": 0,\n    \"22\": 0,\n    \"23\": 0,\n    \"24\": 0,\n    \"25\": 0,\n    \"26\": 0,\n    \"27\": 0,\n    \"28\": 0,\n    \"29\": 0,\n    \"30\": 0,\n    \"31\": 0,\n    \"32\": 0,\n    \"33\": 0,\n    \"34\": 0.00414,\n    \"35\": 0.00828,\n    \"36\": 0.00414,\n    \"37\": 0,\n    \"38\": 0,\n    \"39\": 0,\n    \"40\": 0,\n    \"41\": 0,\n    \"42\": 0,\n    \"43\": 0,\n    \"44\": 0,\n    \"45\": 0.00414,\n    \"46\": 0,\n    \"47\": 0,\n    \"48\": 0.00828,\n    \"49\": 0,\n    \"50\": 0,\n    \"51\": 0,\n    \"52\": 0.03726,\n    \"53\": 0,\n    \"54\": 0,\n    \"55\": 0.00414,\n    \"56\": 0.00828,\n    \"57\": 0,\n    \"58\": 0,\n    \"59\": 0.00828,\n    \"60\": 0.00414,\n    \"61\": 0,\n    \"62\": 0,\n    \"63\": 0,\n    \"64\": 0,\n    \"65\": 0.02484,\n    \"66\": 0.00414,\n    \"67\": 0,\n    \"68\": 0.00828,\n    \"69\": 0,\n    \"70\": 0.00414,\n    \"71\": 0,\n    \"72\": 0.00414,\n    \"73\": 0,\n    \"74\": 0,\n    \"75\": 0,\n    \"76\": 0,\n    \"77\": 0.00414,\n    \"78\": 0.08694,\n    \"79\": 0,\n    \"80\": 0.00414,\n    \"81\": 0.00414,\n    \"82\": 0.01242,\n    \"83\": 0.00414,\n    \"84\": 0.00828,\n    \"85\": 0.00414,\n    \"86\": 0.00828,\n    \"87\": 0.00828,\n    \"88\": 0.03312,\n    \"89\": 0.07038,\n    \"90\": 0.98946,\n    \"91\": 1.19232,\n    \"92\": 0.03312,\n    \"93\": 0.00414,\n    \"3.5\": 0,\n    \"3.6\": 0\n  },\n  D: {\n    \"4\": 0,\n    \"5\": 0,\n    \"6\": 0,\n    \"7\": 0,\n    \"8\": 0,\n    \"9\": 0,\n    \"10\": 0,\n    \"11\": 0,\n    \"12\": 0,\n    \"13\": 0,\n    \"14\": 0,\n    \"15\": 0,\n    \"16\": 0,\n    \"17\": 0,\n    \"18\": 0,\n    \"19\": 0,\n    \"20\": 0,\n    \"21\": 0,\n    \"22\": 0,\n    \"23\": 0,\n    \"24\": 0,\n    \"25\": 0,\n    \"26\": 0.00414,\n    \"27\": 0,\n    \"28\": 0,\n    \"29\": 0.00414,\n    \"30\": 0,\n    \"31\": 0,\n    \"32\": 0,\n    \"33\": 0,\n    \"34\": 0,\n    \"35\": 0,\n    \"36\": 0,\n    \"37\": 0,\n    \"38\": 0.0207,\n    \"39\": 0,\n    \"40\": 0,\n    \"41\": 0,\n    \"42\": 0,\n    \"43\": 0,\n    \"44\": 0,\n    \"45\": 0,\n    \"46\": 0,\n    \"47\": 0,\n    \"48\": 0,\n    \"49\": 0.207,\n    \"50\": 0.00828,\n    \"51\": 0,\n    \"52\": 0.00414,\n    \"53\": 0.02898,\n    \"54\": 0,\n    \"55\": 0.00414,\n    \"56\": 0.00414,\n    \"57\": 0,\n    \"58\": 0,\n    \"59\": 0.00414,\n    \"60\": 0.01242,\n    \"61\": 0.01656,\n    \"62\": 0,\n    \"63\": 0.00828,\n    \"64\": 0,\n    \"65\": 0.00828,\n    \"66\": 0.0414,\n    \"67\": 0.00828,\n    \"68\": 0.00828,\n    \"69\": 0.11178,\n    \"70\": 0.00828,\n    \"71\": 0.00414,\n    \"72\": 0.00414,\n    \"73\": 0.00414,\n    \"74\": 0.0207,\n    \"75\": 0.00828,\n    \"76\": 0.00414,\n    \"77\": 0.00828,\n    \"78\": 0.00828,\n    \"79\": 0.1035,\n    \"80\": 0.01656,\n    \"81\": 0.04554,\n    \"83\": 0.0207,\n    \"84\": 0.0207,\n    \"85\": 0.01656,\n    \"86\": 0.03726,\n    \"87\": 0.07452,\n    \"88\": 0.03726,\n    \"89\": 0.09936,\n    \"90\": 0.07038,\n    \"91\": 0.34776,\n    \"92\": 9.01692,\n    \"93\": 0.00828,\n    \"94\": 0.00414,\n    \"95\": 0,\n    \"96\": 0\n  },\n  F: {\n    \"9\": 0,\n    \"11\": 0,\n    \"12\": 0,\n    \"15\": 0,\n    \"16\": 0,\n    \"17\": 0,\n    \"18\": 0,\n    \"19\": 0,\n    \"20\": 0,\n    \"21\": 0,\n    \"22\": 0,\n    \"23\": 0,\n    \"24\": 0,\n    \"25\": 0,\n    \"26\": 0,\n    \"27\": 0,\n    \"28\": 0,\n    \"29\": 0,\n    \"30\": 0,\n    \"31\": 0,\n    \"32\": 0,\n    \"33\": 0,\n    \"34\": 0,\n    \"35\": 0,\n    \"36\": 0.00414,\n    \"37\": 0,\n    \"38\": 0,\n    \"39\": 0,\n    \"40\": 0,\n    \"41\": 0,\n    \"42\": 0,\n    \"43\": 0,\n    \"44\": 0,\n    \"45\": 0,\n    \"46\": 0.00828,\n    \"47\": 0,\n    \"48\": 0,\n    \"49\": 0,\n    \"50\": 0,\n    \"51\": 0,\n    \"52\": 0,\n    \"53\": 0,\n    \"54\": 0,\n    \"55\": 0,\n    \"56\": 0,\n    \"57\": 0,\n    \"58\": 0.00828,\n    \"60\": 0,\n    \"62\": 0,\n    \"63\": 0,\n    \"64\": 0,\n    \"65\": 0,\n    \"66\": 0,\n    \"67\": 0,\n    \"68\": 0,\n    \"69\": 0,\n    \"70\": 0,\n    \"71\": 0,\n    \"72\": 0,\n    \"73\": 0,\n    \"74\": 0,\n    \"75\": 0,\n    \"76\": 0,\n    \"77\": 0.16146,\n    \"78\": 0.13662,\n    \"9.5-9.6\": 0,\n    \"10.0-10.1\": 0,\n    \"10.5\": 0,\n    \"10.6\": 0,\n    \"11.1\": 0,\n    \"11.5\": 0,\n    \"11.6\": 0,\n    \"12.1\": 0\n  },\n  G: {\n    \"8\": 0.00574,\n    \"3.2\": 0,\n    \"4.0-4.1\": 0,\n    \"4.2-4.3\": 0.00191,\n    \"5.0-5.1\": 0.01148,\n    \"6.0-6.1\": 0.00383,\n    \"7.0-7.1\": 0.03636,\n    \"8.1-8.4\": 0.01914,\n    \"9.0-9.2\": 0.02105,\n    \"9.3\": 0.21627,\n    \"10.0-10.2\": 0.02297,\n    \"10.3\": 0.2067,\n    \"11.0-11.2\": 0.10909,\n    \"11.3-11.4\": 0.09569,\n    \"12.0-12.1\": 0.08421,\n    \"12.2-12.4\": 0.20478,\n    \"13.0-13.1\": 0.05933,\n    \"13.2\": 0.02871,\n    \"13.3\": 0.15311,\n    \"13.4-13.7\": 0.49186,\n    \"14.0-14.4\": 2.27174,\n    \"14.5-14.7\": 14.26587\n  },\n  E: {\n    \"4\": 0,\n    \"5\": 0,\n    \"6\": 0,\n    \"7\": 0,\n    \"8\": 0,\n    \"9\": 0,\n    \"10\": 0,\n    \"11\": 0.00414,\n    \"12\": 0.00414,\n    \"13\": 0.02898,\n    \"14\": 0.24426,\n    \"15\": 0.00828,\n    _: \"0\",\n    \"3.1\": 0,\n    \"3.2\": 0,\n    \"5.1\": 0,\n    \"6.1\": 0,\n    \"7.1\": 0,\n    \"9.1\": 0,\n    \"10.1\": 0.00828,\n    \"11.1\": 0.03726,\n    \"12.1\": 0.03312,\n    \"13.1\": 0.1449,\n    \"14.1\": 0.96048\n  },\n  B: {\n    \"12\": 0,\n    \"13\": 0,\n    \"14\": 0,\n    \"15\": 0.00414,\n    \"16\": 0.00414,\n    \"17\": 0.00414,\n    \"18\": 0.06624,\n    \"79\": 0,\n    \"80\": 0,\n    \"81\": 0,\n    \"83\": 0,\n    \"84\": 0.00414,\n    \"85\": 0.00414,\n    \"86\": 0.00414,\n    \"87\": 0.00414,\n    \"88\": 0.00414,\n    \"89\": 0.00828,\n    \"90\": 0.00828,\n    \"91\": 0.0414,\n    \"92\": 1.1178,\n    \"93\": 0.0207\n  },\n  P: {\n    \"4\": 0.56849,\n    \"5.0-5.4\": 0,\n    \"6.2-6.4\": 0,\n    \"7.2-7.4\": 0.03101,\n    \"8.2\": 0.02067,\n    \"9.2\": 0.07235,\n    \"10.1\": 0.04134,\n    \"11.1-11.2\": 0.2274,\n    \"12.0\": 0.10336,\n    \"13.0\": 0.25841,\n    \"14.0\": 3.53499\n  },\n  I: {\n    \"0\": 0,\n    \"3\": 0,\n    \"4\": 0,\n    \"2.1\": 0,\n    \"2.2\": 0,\n    \"2.3\": 0,\n    \"4.1\": 0.0102,\n    \"4.2-4.3\": 0.02549,\n    \"4.4\": 0,\n    \"4.4.3-4.4.4\": 0.15297\n  },\n  K: {\n    _: \"0 10 11 12 11.1 11.5 12.1\"\n  },\n  A: {\n    \"6\": 0,\n    \"7\": 0,\n    \"8\": 0.00472,\n    \"9\": 0.00472,\n    \"10\": 0,\n    \"11\": 0.22654,\n    \"5.5\": 0\n  },\n  J: {\n    \"7\": 0,\n    \"10\": 0\n  },\n  N: {\n    \"10\": 0,\n    \"11\": 0\n  },\n  R: {\n    _: \"0\"\n  },\n  M: {\n    \"0\": 0.36918\n  },\n  Q: {\n    \"10.4\": 0.04102\n  },\n  O: {\n    \"0\": 0.21096\n  },\n  H: {\n    \"0\": 0.24411\n  },\n  L: {\n    \"0\": 56.30348\n  },\n  S: {\n    \"2.5\": 0\n  }\n};","map":{"version":3,"sources":["C:/xampp/public_html/vamo/interface2/node_modules/caniuse-lite/data/regions/IT.js"],"names":["module","exports","C","D","F","G","E","_","B","P","I","K","A","J","N","R","M","Q","O","H","L","S"],