{"ast":null,"code":"module.exports = {\n  C: {\n    \"2\": 0,\n    \"3\": 0,\n    \"4\": 0,\n    \"5\": 0,\n    \"6\": 0,\n    \"7\": 0,\n    \"8\": 0,\n    \"9\": 0,\n    \"10\": 0,\n    \"11\": 0,\n    \"12\": 0,\n    \"13\": 0,\n    \"14\": 0,\n    \"15\": 0,\n    \"16\": 0,\n    \"17\": 0,\n    \"18\": 0,\n    \"19\": 0,\n    \"20\": 0,\n    \"21\": 0,\n    \"22\": 0,\n    \"23\": 0,\n    \"24\": 0,\n    \"25\": 0,\n    \"26\": 0,\n    \"27\": 0,\n    \"28\": 0,\n    \"29\": 0,\n    \"30\": 0,\n    \"31\": 0,\n    \"32\": 0,\n    \"33\": 0,\n    \"34\": 0.0054,\n    \"35\": 0.02161,\n    \"36\": 0.0108,\n    \"37\": 0,\n    \"38\": 0,\n    \"39\": 0,\n    \"40\": 0,\n    \"41\": 0,\n    \"42\": 0,\n    \"43\": 0,\n    \"44\": 0,\n    \"45\": 0.0054,\n    \"46\": 0,\n    \"47\": 0,\n    \"48\": 0.0108,\n    \"49\": 0,\n    \"50\": 0,\n    \"51\": 0,\n    \"52\": 0.05942,\n    \"53\": 0,\n    \"54\": 0,\n    \"55\": 0,\n    \"56\": 0.0054,\n    \"57\": 0.0054,\n    \"58\": 0,\n    \"59\": 0,\n    \"60\": 0.07023,\n    \"61\": 0.0108,\n    \"62\": 0.0108,\n    \"63\": 0.0054,\n    \"64\": 0,\n    \"65\": 0,\n    \"66\": 0.02701,\n    \"67\": 0,\n    \"68\": 0.02161,\n    \"69\": 0,\n    \"70\": 0,\n    \"71\": 0,\n    \"72\": 0.0108,\n    \"73\": 0.0054,\n    \"74\": 0.0054,\n    \"75\": 0,\n    \"76\": 0.0054,\n    \"77\": 0.0054,\n    \"78\": 0.29171,\n    \"79\": 0.0054,\n    \"80\": 0.0054,\n    \"81\": 0.0108,\n    \"82\": 0.0054,\n    \"83\": 0.0108,\n    \"84\": 0.02701,\n    \"85\": 0.0108,\n    \"86\": 0.0108,\n    \"87\": 0.02701,\n    \"88\": 0.09183,\n    \"89\": 0.13505,\n    \"90\": 1.80427,\n    \"91\": 2.66319,\n    \"92\": 0.0108,\n    \"93\": 0,\n    \"3.5\": 0,\n    \"3.6\": 0\n  },\n  D: {\n    \"4\": 0,\n    \"5\": 0,\n    \"6\": 0,\n    \"7\": 0,\n    \"8\": 0,\n    \"9\": 0,\n    \"10\": 0,\n    \"11\": 0,\n    \"12\": 0,\n    \"13\": 0,\n    \"14\": 0,\n    \"15\": 0,\n    \"16\": 0,\n    \"17\": 0,\n    \"18\": 0,\n    \"19\": 0,\n    \"20\": 0,\n    \"21\": 0,\n    \"22\": 0,\n    \"23\": 0,\n    \"24\": 0,\n    \"25\": 0,\n    \"26\": 0,\n    \"27\": 0,\n    \"28\": 0,\n    \"29\": 0,\n    \"30\": 0,\n    \"31\": 0,\n    \"32\": 0,\n    \"33\": 0,\n    \"34\": 0.0054,\n    \"35\": 0,\n    \"36\": 0.03241,\n    \"37\": 0,\n    \"38\": 0.02701,\n    \"39\": 0,\n    \"40\": 0,\n    \"41\": 0,\n    \"42\": 0,\n    \"43\": 0,\n    \"44\": 0,\n    \"45\": 0,\n    \"46\": 0,\n    \"47\": 0.0054,\n    \"48\": 0,\n    \"49\": 0.11344,\n    \"50\": 0.0108,\n    \"51\": 0.0054,\n    \"52\": 0,\n    \"53\": 0.0108,\n    \"54\": 0,\n    \"55\": 0,\n    \"56\": 0,\n    \"57\": 0,\n    \"58\": 0,\n    \"59\": 0.0054,\n    \"60\": 0,\n    \"61\": 0.14045,\n    \"62\": 0.0054,\n    \"63\": 0.0054,\n    \"64\": 0.10264,\n    \"65\": 0.0054,\n    \"66\": 0,\n    \"67\": 0.0054,\n    \"68\": 0.0054,\n    \"69\": 0.0108,\n    \"70\": 0.11344,\n    \"71\": 0.0108,\n    \"72\": 0.14585,\n    \"73\": 0,\n    \"74\": 0.0054,\n    \"75\": 0.03241,\n    \"76\": 0.0054,\n    \"77\": 0.0108,\n    \"78\": 0.0108,\n    \"79\": 0.2809,\n    \"80\": 0.11344,\n    \"81\": 0.02701,\n    \"83\": 0.01621,\n    \"84\": 0.03241,\n    \"85\": 0.04862,\n    \"86\": 0.03241,\n    \"87\": 0.21068,\n    \"88\": 0.03781,\n    \"89\": 0.05942,\n    \"90\": 0.11344,\n    \"91\": 1.96093,\n    \"92\": 10.60413,\n    \"93\": 0.0108,\n    \"94\": 0.01621,\n    \"95\": 0.0108,\n    \"96\": 0\n  },\n  F: {\n    \"9\": 0,\n    \"11\": 0,\n    \"12\": 0,\n    \"15\": 0,\n    \"16\": 0,\n    \"17\": 0,\n    \"18\": 0,\n    \"19\": 0,\n    \"20\": 0,\n    \"21\": 0,\n    \"22\": 0,\n    \"23\": 0,\n    \"24\": 0,\n    \"25\": 0,\n    \"26\": 0,\n    \"27\": 0,\n    \"28\": 0,\n    \"29\": 0,\n    \"30\": 0,\n    \"31\": 0,\n    \"32\": 0,\n    \"33\": 0,\n    \"34\": 0,\n    \"35\": 0,\n    \"36\": 0,\n    \"37\": 0,\n    \"38\": 0,\n    \"39\": 0,\n    \"40\": 0,\n    \"41\": 0,\n    \"42\": 0,\n    \"43\": 0,\n    \"44\": 0,\n    \"45\": 0,\n    \"46\": 0.0054,\n    \"47\": 0,\n    \"48\": 0,\n    \"49\": 0,\n    \"50\": 0,\n    \"51\": 0,\n    \"52\": 0,\n    \"53\": 0,\n    \"54\": 0,\n    \"55\": 0,\n    \"56\": 0,\n    \"57\": 0,\n    \"58\": 0.0108,\n    \"60\": 0,\n    \"62\": 0,\n    \"63\": 0,\n    \"64\": 0,\n    \"65\": 0.0054,\n    \"66\": 0,\n    \"67\": 0,\n    \"68\": 0.0054,\n    \"69\": 0,\n    \"70\": 0,\n    \"71\": 0,\n    \"72\": 0,\n    \"73\": 0,\n    \"74\": 0,\n    \"75\": 0.0054,\n    \"76\": 0.0054,\n    \"77\": 0.5456,\n    \"78\": 0.55641,\n    \"9.5-9.6\": 0,\n    \"10.0-10.1\": 0,\n    \"10.5\": 0,\n    \"10.6\": 0,\n    \"11.1\": 0,\n    \"11.5\": 0,\n    \"11.6\": 0,\n    \"12.1\": 0\n  },\n  G: {\n    \"8\": 0,\n    \"3.2\": 0,\n    \"4.0-4.1\": 0,\n    \"4.2-4.3\": 0,\n    \"5.0-5.1\": 0.0049,\n    \"6.0-6.1\": 0.00979,\n    \"7.0-7.1\": 0.01714,\n    \"8.1-8.4\": 0.05141,\n    \"9.0-9.2\": 0.00734,\n    \"9.3\": 0.21545,\n    \"10.0-10.2\": 0.0049,\n    \"10.3\": 0.22035,\n    \"11.0-11.2\": 0.0759,\n    \"11.3-11.4\": 0.07835,\n    \"12.0-12.1\": 0.05386,\n    \"12.2-12.4\": 0.27421,\n    \"13.0-13.1\": 0.07835,\n    \"13.2\": 0.03917,\n    \"13.3\": 0.20811,\n    \"13.4-13.7\": 0.65125,\n    \"14.0-14.4\": 2.71763,\n    \"14.5-14.7\": 18.98914\n  },\n  E: {\n    \"4\": 0.0054,\n    \"5\": 0,\n    \"6\": 0,\n    \"7\": 0,\n    \"8\": 0.0054,\n    \"9\": 0,\n    \"10\": 0,\n    \"11\": 0,\n    \"12\": 0.0054,\n    \"13\": 0.04862,\n    \"14\": 0.43756,\n    \"15\": 0.01621,\n    _: \"0\",\n    \"3.1\": 0,\n    \"3.2\": 0,\n    \"5.1\": 0,\n    \"6.1\": 0,\n    \"7.1\": 0,\n    \"9.1\": 0.0054,\n    \"10.1\": 0.11344,\n    \"11.1\": 0.06482,\n    \"12.1\": 0.05942,\n    \"13.1\": 0.2593,\n    \"14.1\": 1.96633\n  },\n  B: {\n    \"12\": 0,\n    \"13\": 0,\n    \"14\": 0.0054,\n    \"15\": 0.0054,\n    \"16\": 0.0054,\n    \"17\": 0.0054,\n    \"18\": 0.03781,\n    \"79\": 0,\n    \"80\": 0,\n    \"81\": 0,\n    \"83\": 0.0054,\n    \"84\": 0.0054,\n    \"85\": 0.0054,\n    \"86\": 0.0108,\n    \"87\": 0.0054,\n    \"88\": 0.0054,\n    \"89\": 0.02701,\n    \"90\": 0.01621,\n    \"91\": 0.14585,\n    \"92\": 3.40326,\n    \"93\": 0\n  },\n  P: {\n    \"4\": 0.24791,\n    \"5.0-5.4\": 0.02066,\n    \"6.2-6.4\": 0,\n    \"7.2-7.4\": 0.02066,\n    \"8.2\": 0.01033,\n    \"9.2\": 0.03099,\n    \"10.1\": 0.02066,\n    \"11.1-11.2\": 0.09297,\n    \"12.0\": 0.07231,\n    \"13.0\": 0.20659,\n    \"14.0\": 4.24543\n  },\n  I: {\n    \"0\": 0,\n    \"3\": 0,\n    \"4\": 0,\n    \"2.1\": 0,\n    \"2.2\": 0,\n    \"2.3\": 0,\n    \"4.1\": 0.01306,\n    \"4.2-4.3\": 0.01143,\n    \"4.4\": 0,\n    \"4.4.3-4.4.4\": 0.16815\n  },\n  K: {\n    _: \"0 10 11 12 11.1 11.5 12.1\"\n  },\n  A: {\n    \"6\": 0,\n    \"7\": 0,\n    \"8\": 0.01171,\n    \"9\": 0.00586,\n    \"10\": 0.00586,\n    \"11\": 0.53298,\n    \"5.5\": 0\n  },\n  J: {\n    \"7\": 0,\n    \"10\": 0.0046\n  },\n  N: {\n    \"10\": 0,\n    \"11\": 0\n  },\n  R: {\n    _: \"0\"\n  },\n  M: {\n    \"0\": 0.74947\n  },\n  Q: {\n    \"10.4\": 0.0046\n  },\n  O: {\n    \"0\": 0.06437\n  },\n  H: {\n    \"0\": 0.26554\n  },\n  L: {\n    \"0\": 38.14327\n  },\n  S: {\n    \"2.5\": 0\n  }\n};","map":{"version":3,"sources":["C:/xampp/public_html/vamo/interface2/node_modules/caniuse-lite/data/regions/AT.js"],"names":["module","exports","C","D","F","G","E","_","B","P","I","K","A","J","N","R","M","Q","O","H","L","S"],