{"ast":null,"code":"module.exports = {\n  C: {\n    \"4\": 0.00329,\n    \"30\": 0.00658,\n    \"31\": 0.00987,\n    \"34\": 0.00329,\n    \"36\": 0.00329,\n    \"40\": 0.00987,\n    \"41\": 0.00329,\n    \"42\": 0.00329,\n    \"43\": 0.01316,\n    \"44\": 0.00658,\n    \"45\": 0.00329,\n    \"47\": 0.01975,\n    \"48\": 0.00987,\n    \"49\": 0.00658,\n    \"50\": 0.01316,\n    \"51\": 0.01316,\n    \"52\": 0.30606,\n    \"54\": 0.00329,\n    \"56\": 0.02962,\n    \"57\": 0.00658,\n    \"58\": 0.00329,\n    \"59\": 0.00329,\n    \"60\": 0.00987,\n    \"64\": 0.01316,\n    \"65\": 0.00658,\n    \"66\": 0.00987,\n    \"68\": 0.03291,\n    \"69\": 0.00987,\n    \"70\": 0.00329,\n    \"71\": 0.00658,\n    \"72\": 0.03291,\n    \"74\": 0.00329,\n    \"78\": 0.11848,\n    \"79\": 0.01975,\n    \"80\": 0.00987,\n    \"81\": 0.01975,\n    \"82\": 0.00329,\n    \"83\": 0.00658,\n    \"84\": 0.00987,\n    \"85\": 0.00987,\n    \"86\": 0.02633,\n    \"87\": 0.00987,\n    \"88\": 0.04937,\n    \"89\": 0.2567,\n    \"90\": 1.43488,\n    \"91\": 1.72778,\n    \"92\": 0.19746,\n    _: \"2 3 5 6 7 8 9 10 11 12 13 14 15 16 17 18 19 20 21 22 23 24 25 26 27 28 29 32 33 35 37 38 39 46 53 55 61 62 63 67 73 75 76 77 93 3.5 3.6\"\n  },\n  D: {\n    \"11\": 0.01316,\n    \"25\": 0.00658,\n    \"28\": 0.00658,\n    \"29\": 0.00329,\n    \"33\": 0.01975,\n    \"38\": 0.00987,\n    \"43\": 0.00987,\n    \"47\": 0.00329,\n    \"48\": 0.00329,\n    \"49\": 0.19746,\n    \"53\": 0.00329,\n    \"55\": 0.00987,\n    \"56\": 0.06253,\n    \"57\": 0.00987,\n    \"58\": 0.00987,\n    \"60\": 0.00658,\n    \"62\": 0.00658,\n    \"63\": 0.02304,\n    \"64\": 0.00658,\n    \"65\": 0.00987,\n    \"68\": 0.08557,\n    \"69\": 0.00987,\n    \"70\": 0.00987,\n    \"71\": 0.00658,\n    \"72\": 0.00329,\n    \"73\": 0.00658,\n    \"74\": 0.0362,\n    \"75\": 0.00987,\n    \"76\": 0.00658,\n    \"77\": 0.00987,\n    \"78\": 0.00658,\n    \"79\": 0.23366,\n    \"80\": 0.02962,\n    \"81\": 0.1448,\n    \"83\": 0.02304,\n    \"84\": 0.01316,\n    \"85\": 0.04937,\n    \"86\": 0.06253,\n    \"87\": 0.27315,\n    \"88\": 0.07898,\n    \"89\": 0.07898,\n    \"90\": 0.41796,\n    \"91\": 0.7306,\n    \"92\": 13.15742,\n    \"93\": 0.02304,\n    \"94\": 0.02633,\n    \"95\": 0.00329,\n    _: \"4 5 6 7 8 9 10 12 13 14 15 16 17 18 19 20 21 22 23 24 26 27 30 31 32 34 35 36 37 39 40 41 42 44 45 46 50 51 52 54 59 61 66 67 96\"\n  },\n  F: {\n    \"30\": 0.00329,\n    \"35\": 0.00329,\n    \"36\": 0.00658,\n    \"42\": 0.00658,\n    \"44\": 0.00658,\n    \"72\": 0.01316,\n    \"73\": 0.05595,\n    \"74\": 0.00329,\n    \"76\": 0.01316,\n    \"77\": 0.7668,\n    \"78\": 0.48707,\n    _: \"9 11 12 15 16 17 18 19 20 21 22 23 24 25 26 27 28 29 31 32 33 34 37 38 39 40 41 43 45 46 47 48 49 50 51 52 53 54 55 56 57 58 60 62 63 64 65 66 67 68 69 70 71 75 9.5-9.6 10.5 10.6 11.1 11.5 11.6 12.1\",\n    \"10.0-10.1\": 0\n  },\n  G: {\n    \"8\": 0,\n    \"3.2\": 0,\n    \"4.0-4.1\": 0,\n    \"4.2-4.3\": 0,\n    \"5.0-5.1\": 0.00267,\n    \"6.0-6.1\": 0,\n    \"7.0-7.1\": 0.04074,\n    \"8.1-8.4\": 0,\n    \"9.0-9.2\": 0.00401,\n    \"9.3\": 0.17433,\n    \"10.0-10.2\": 0.0167,\n    \"10.3\": 0.13358,\n    \"11.0-11.2\": 0.50294,\n    \"11.3-11.4\": 0.0521,\n    \"12.0-12.1\": 0.11755,\n    \"12.2-12.4\": 0.56639,\n    \"13.0-13.1\": 0.06879,\n    \"13.2\": 0.03874,\n    \"13.3\": 0.20839,\n    \"13.4-13.7\": 0.47155,\n    \"14.0-14.4\": 1.75327,\n    \"14.5-14.7\": 1.74459\n  },\n  E: {\n    \"4\": 0,\n    \"8\": 0.00329,\n    \"10\": 0.00987,\n    \"13\": 0.00658,\n    \"14\": 0.15468,\n    _: \"0 5 6 7 9 11 12 15 3.1 3.2 6.1 7.1 9.1\",\n    \"5.1\": 0.02304,\n    \"10.1\": 0.00658,\n    \"11.1\": 0.00329,\n    \"12.1\": 0.01316,\n    \"13.1\": 0.07569,\n    \"14.1\": 0.13164\n  },\n  B: {\n    \"12\": 0.07569,\n    \"13\": 0.02304,\n    \"14\": 0.05266,\n    \"15\": 0.02633,\n    \"16\": 0.0362,\n    \"17\": 0.02633,\n    \"18\": 0.08228,\n    \"84\": 0.01646,\n    \"85\": 0.01975,\n    \"87\": 0.00329,\n    \"88\": 0.00658,\n    \"89\": 0.02633,\n    \"90\": 0.01646,\n    \"91\": 0.17113,\n    \"92\": 1.25387,\n    _: \"79 80 81 83 86 93\"\n  },\n  P: {\n    \"4\": 0.62161,\n    \"5.0-5.4\": 0.0518,\n    \"6.2-6.4\": 0.02058,\n    \"7.2-7.4\": 0.12432,\n    \"8.2\": 0.02077,\n    \"9.2\": 0.1036,\n    \"10.1\": 0.02111,\n    \"11.1-11.2\": 0.11396,\n    \"12.0\": 0.03108,\n    \"13.0\": 0.14504,\n    \"14.0\": 0.66305\n  },\n  I: {\n    \"0\": 0,\n    \"3\": 0,\n    \"4\": 0.00095,\n    \"2.1\": 0,\n    \"2.2\": 0,\n    \"2.3\": 0,\n    \"4.1\": 0.0031,\n    \"4.2-4.3\": 0.0062,\n    \"4.4\": 0,\n    \"4.4.3-4.4.4\": 0.08366\n  },\n  K: {\n    _: \"0 10 11 12 11.1 11.5 12.1\"\n  },\n  A: {\n    \"8\": 0.02705,\n    \"9\": 0.00902,\n    \"11\": 0.65833,\n    _: \"6 7 10 5.5\"\n  },\n  J: {\n    \"7\": 0,\n    \"10\": 0.04696\n  },\n  N: {\n    _: \"10 11\"\n  },\n  R: {\n    _: \"0\"\n  },\n  M: {\n    \"0\": 0.38236\n  },\n  Q: {\n    \"10.4\": 0.03354\n  },\n  O: {\n    \"0\": 1.01962\n  },\n  H: {\n    \"0\": 4.61061\n  },\n  L: {\n    \"0\": 60.33533\n  },\n  S: {\n    \"2.5\": 0.0805\n  }\n};","map":{"version":3,"sources":["C:/xampp/public_html/vamo/interface2/node_modules/caniuse-lite/data/regions/CM.js"],"names":["module","exports","C","_","D","F","G","E","B","P","I","K","A","J","N","R","M","Q","O","H","L","S"],