{"ast":null,"code":"module.exports = {\n  C: {\n    \"2\": 0,\n    \"3\": 0,\n    \"4\": 0,\n    \"5\": 0,\n    \"6\": 0,\n    \"7\": 0,\n    \"8\": 0,\n    \"9\": 0,\n    \"10\": 0,\n    \"11\": 0,\n    \"12\": 0,\n    \"13\": 0,\n    \"14\": 0,\n    \"15\": 0,\n    \"16\": 0,\n    \"17\": 0,\n    \"18\": 0,\n    \"19\": 0,\n    \"20\": 0,\n    \"21\": 0,\n    \"22\": 0,\n    \"23\": 0,\n    \"24\": 0,\n    \"25\": 0,\n    \"26\": 0,\n    \"27\": 0,\n    \"28\": 0,\n    \"29\": 0,\n    \"30\": 0,\n    \"31\": 0,\n    \"32\": 0,\n    \"33\": 0,\n    \"34\": 0,\n    \"35\": 0.01317,\n    \"36\": 0.01317,\n    \"37\": 0,\n    \"38\": 0,\n    \"39\": 0,\n    \"40\": 0,\n    \"41\": 0,\n    \"42\": 0,\n    \"43\": 0,\n    \"44\": 0,\n    \"45\": 0,\n    \"46\": 0,\n    \"47\": 0,\n    \"48\": 0,\n    \"49\": 0,\n    \"50\": 0,\n    \"51\": 0,\n    \"52\": 0.00329,\n    \"53\": 0,\n    \"54\": 0,\n    \"55\": 0,\n    \"56\": 0,\n    \"57\": 0,\n    \"58\": 0,\n    \"59\": 0,\n    \"60\": 0,\n    \"61\": 0.00329,\n    \"62\": 0,\n    \"63\": 0.00329,\n    \"64\": 0,\n    \"65\": 0,\n    \"66\": 0,\n    \"67\": 0,\n    \"68\": 0.00659,\n    \"69\": 0,\n    \"70\": 0.00988,\n    \"71\": 0,\n    \"72\": 0,\n    \"73\": 0,\n    \"74\": 0,\n    \"75\": 0,\n    \"76\": 0,\n    \"77\": 0,\n    \"78\": 0.01647,\n    \"79\": 0,\n    \"80\": 0,\n    \"81\": 0,\n    \"82\": 0.00329,\n    \"83\": 0,\n    \"84\": 0.00329,\n    \"85\": 0,\n    \"86\": 0.00329,\n    \"87\": 0.00329,\n    \"88\": 0.00988,\n    \"89\": 0.01317,\n    \"90\": 0.22722,\n    \"91\": 0.30296,\n    \"92\": 0.00329,\n    \"93\": 0,\n    \"3.5\": 0,\n    \"3.6\": 0\n  },\n  D: {\n    \"4\": 0,\n    \"5\": 0,\n    \"6\": 0,\n    \"7\": 0,\n    \"8\": 0,\n    \"9\": 0,\n    \"10\": 0,\n    \"11\": 0,\n    \"12\": 0,\n    \"13\": 0,\n    \"14\": 0,\n    \"15\": 0,\n    \"16\": 0,\n    \"17\": 0,\n    \"18\": 0,\n    \"19\": 0,\n    \"20\": 0,\n    \"21\": 0,\n    \"22\": 0.00329,\n    \"23\": 0,\n    \"24\": 0,\n    \"25\": 0,\n    \"26\": 0.00329,\n    \"27\": 0,\n    \"28\": 0,\n    \"29\": 0,\n    \"30\": 0,\n    \"31\": 0,\n    \"32\": 0,\n    \"33\": 0,\n    \"34\": 0.01647,\n    \"35\": 0,\n    \"36\": 0,\n    \"37\": 0,\n    \"38\": 0.0461,\n    \"39\": 0,\n    \"40\": 0,\n    \"41\": 0.00329,\n    \"42\": 0,\n    \"43\": 0,\n    \"44\": 0,\n    \"45\": 0,\n    \"46\": 0,\n    \"47\": 0.00988,\n    \"48\": 0,\n    \"49\": 0.05269,\n    \"50\": 0,\n    \"51\": 0,\n    \"52\": 0,\n    \"53\": 0.01317,\n    \"54\": 0,\n    \"55\": 0.00329,\n    \"56\": 0.00329,\n    \"57\": 0.00329,\n    \"58\": 0.00329,\n    \"59\": 0,\n    \"60\": 0,\n    \"61\": 0.00988,\n    \"62\": 0.00329,\n    \"63\": 0,\n    \"64\": 0.01317,\n    \"65\": 0.00988,\n    \"66\": 0.00329,\n    \"67\": 0.00659,\n    \"68\": 0.00329,\n    \"69\": 0.00329,\n    \"70\": 0.01647,\n    \"71\": 0.00329,\n    \"72\": 0.01317,\n    \"73\": 0.00659,\n    \"74\": 0.00329,\n    \"75\": 0.00659,\n    \"76\": 0.00329,\n    \"77\": 0.00659,\n    \"78\": 0.00659,\n    \"79\": 0.12184,\n    \"80\": 0.02305,\n    \"81\": 0.02305,\n    \"83\": 0.01647,\n    \"84\": 0.01976,\n    \"85\": 0.01976,\n    \"86\": 0.02305,\n    \"87\": 0.0922,\n    \"88\": 0.03293,\n    \"89\": 0.02964,\n    \"90\": 0.06586,\n    \"91\": 0.43468,\n    \"92\": 5.94716,\n    \"93\": 0.00659,\n    \"94\": 0.00329,\n    \"95\": 0,\n    \"96\": 0\n  },\n  F: {\n    \"9\": 0,\n    \"11\": 0,\n    \"12\": 0,\n    \"15\": 0,\n    \"16\": 0,\n    \"17\": 0,\n    \"18\": 0,\n    \"19\": 0,\n    \"20\": 0,\n    \"21\": 0,\n    \"22\": 0,\n    \"23\": 0,\n    \"24\": 0,\n    \"25\": 0,\n    \"26\": 0,\n    \"27\": 0,\n    \"28\": 0.00329,\n    \"29\": 0,\n    \"30\": 0,\n    \"31\": 0,\n    \"32\": 0,\n    \"33\": 0,\n    \"34\": 0,\n    \"35\": 0,\n    \"36\": 0.00659,\n    \"37\": 0.00659,\n    \"38\": 0,\n    \"39\": 0,\n    \"40\": 0.00329,\n    \"41\": 0,\n    \"42\": 0,\n    \"43\": 0,\n    \"44\": 0,\n    \"45\": 0,\n    \"46\": 0.00988,\n    \"47\": 0,\n    \"48\": 0,\n    \"49\": 0,\n    \"50\": 0,\n    \"51\": 0,\n    \"52\": 0,\n    \"53\": 0,\n    \"54\": 0,\n    \"55\": 0,\n    \"56\": 0,\n    \"57\": 0,\n    \"58\": 0.0461,\n    \"60\": 0,\n    \"62\": 0,\n    \"63\": 0,\n    \"64\": 0,\n    \"65\": 0,\n    \"66\": 0,\n    \"67\": 0,\n    \"68\": 0,\n    \"69\": 0,\n    \"70\": 0,\n    \"71\": 0,\n    \"72\": 0,\n    \"73\": 0,\n    \"74\": 0,\n    \"75\": 0,\n    \"76\": 0,\n    \"77\": 0.07903,\n    \"78\": 0.0494,\n    \"9.5-9.6\": 0,\n    \"10.0-10.1\": 0,\n    \"10.5\": 0,\n    \"10.6\": 0,\n    \"11.1\": 0,\n    \"11.5\": 0,\n    \"11.6\": 0,\n    \"12.1\": 0\n  },\n  G: {\n    \"8\": 0,\n    \"3.2\": 0,\n    \"4.0-4.1\": 0,\n    \"4.2-4.3\": 0,\n    \"5.0-5.1\": 0.01122,\n    \"6.0-6.1\": 0.02468,\n    \"7.0-7.1\": 0.03591,\n    \"8.1-8.4\": 0.03591,\n    \"9.0-9.2\": 0.01795,\n    \"9.3\": 0.25134,\n    \"10.0-10.2\": 0.03591,\n    \"10.3\": 0.17055,\n    \"11.0-11.2\": 0.07854,\n    \"11.3-11.4\": 0.08303,\n    \"12.0-12.1\": 0.09649,\n    \"12.2-12.4\": 0.25358,\n    \"13.0-13.1\": 0.05835,\n    \"13.2\": 0.02917,\n    \"13.3\": 0.17504,\n    \"13.4-13.7\": 0.56999,\n    \"14.0-14.4\": 2.14308,\n    \"14.5-14.7\": 17.64061\n  },\n  E: {\n    \"4\": 0,\n    \"5\": 0,\n    \"6\": 0,\n    \"7\": 0,\n    \"8\": 0,\n    \"9\": 0,\n    \"10\": 0,\n    \"11\": 0.00329,\n    \"12\": 0.00329,\n    \"13\": 0.02634,\n    \"14\": 0.20417,\n    \"15\": 0.00659,\n    _: \"0\",\n    \"3.1\": 0,\n    \"3.2\": 0,\n    \"5.1\": 0,\n    \"6.1\": 0,\n    \"7.1\": 0,\n    \"9.1\": 0.00329,\n    \"10.1\": 0.00659,\n    \"11.1\": 0.01317,\n    \"12.1\": 0.01647,\n    \"13.1\": 0.11526,\n    \"14.1\": 1.0834\n  },\n  B: {\n    \"12\": 0,\n    \"13\": 0,\n    \"14\": 0,\n    \"15\": 0,\n    \"16\": 0,\n    \"17\": 0.00329,\n    \"18\": 0.01317,\n    \"79\": 0,\n    \"80\": 0,\n    \"81\": 0,\n    \"83\": 0,\n    \"84\": 0.00329,\n    \"85\": 0,\n    \"86\": 0.00329,\n    \"87\": 0,\n    \"88\": 0,\n    \"89\": 0.00329,\n    \"90\": 0.00329,\n    \"91\": 0.01976,\n    \"92\": 0.69482,\n    \"93\": 0\n  },\n  P: {\n    \"4\": 0.57405,\n    \"5.0-5.4\": 0,\n    \"6.2-6.4\": 0,\n    \"7.2-7.4\": 0,\n    \"8.2\": 0,\n    \"9.2\": 0.01044,\n    \"10.1\": 0.01044,\n    \"11.1-11.2\": 0.04175,\n    \"12.0\": 0.04175,\n    \"13.0\": 0.10437,\n    \"14.0\": 2.75545\n  },\n  I: {\n    \"0\": 0,\n    \"3\": 0,\n    \"4\": 0,\n    \"2.1\": 0,\n    \"2.2\": 0,\n    \"2.3\": 0,\n    \"4.1\": 0,\n    \"4.2-4.3\": 4.66691,\n    \"4.4\": 0,\n    \"4.4.3-4.4.4\": 23.33456\n  },\n  K: {\n    _: \"0 10 11 12 11.1 11.5 12.1\"\n  },\n  A: {\n    \"6\": 0,\n    \"7\": 0,\n    \"8\": 0,\n    \"9\": 0.00545,\n    \"10\": 0,\n    \"11\": 0.15261,\n    \"5.5\": 0\n  },\n  J: {\n    \"7\": 0,\n    \"10\": 0\n  },\n  N: {\n    \"10\": 0,\n    \"11\": 0\n  },\n  R: {\n    _: \"0\"\n  },\n  M: {\n    \"0\": 0.36218\n  },\n  Q: {\n    \"10.4\": 0.05366\n  },\n  O: {\n    \"0\": 0.6707\n  },\n  H: {\n    \"0\": 0.59688\n  },\n  L: {\n    \"0\": 27.89169\n  },\n  S: {\n    \"2.5\": 0\n  }\n};","map":{"version":3,"sources":["C:/xampp/public_html/vamo/interface2/node_modules/caniuse-lite/data/regions/SG.js"],"names":["module","exports","C","D","F","G","E","_","B","P","I","K","A","J","N","R","M","Q","O","H","L","S"],