{"ast":null,"code":"module.exports = {\n  C: {\n    \"2\": 0,\n    \"3\": 0,\n    \"4\": 0,\n    \"5\": 0,\n    \"6\": 0,\n    \"7\": 0,\n    \"8\": 0,\n    \"9\": 0,\n    \"10\": 0,\n    \"11\": 0,\n    \"12\": 0,\n    \"13\": 0,\n    \"14\": 0,\n    \"15\": 0,\n    \"16\": 0,\n    \"17\": 0,\n    \"18\": 0,\n    \"19\": 0,\n    \"20\": 0,\n    \"21\": 0,\n    \"22\": 0,\n    \"23\": 0,\n    \"24\": 0,\n    \"25\": 0,\n    \"26\": 0,\n    \"27\": 0,\n    \"28\": 0,\n    \"29\": 0,\n    \"30\": 0,\n    \"31\": 0,\n    \"32\": 0,\n    \"33\": 0,\n    \"34\": 0.00385,\n    \"35\": 0.00385,\n    \"36\": 0,\n    \"37\": 0,\n    \"38\": 0,\n    \"39\": 0,\n    \"40\": 0,\n    \"41\": 0,\n    \"42\": 0,\n    \"43\": 0.00385,\n    \"44\": 0,\n    \"45\": 0,\n    \"46\": 0,\n    \"47\": 0,\n    \"48\": 0,\n    \"49\": 0,\n    \"50\": 0,\n    \"51\": 0,\n    \"52\": 0.00385,\n    \"53\": 0.00385,\n    \"54\": 0,\n    \"55\": 0.00385,\n    \"56\": 0,\n    \"57\": 0,\n    \"58\": 0,\n    \"59\": 0,\n    \"60\": 0,\n    \"61\": 0,\n    \"62\": 0,\n    \"63\": 0,\n    \"64\": 0,\n    \"65\": 0,\n    \"66\": 0,\n    \"67\": 0,\n    \"68\": 0,\n    \"69\": 0,\n    \"70\": 0,\n    \"71\": 0,\n    \"72\": 0,\n    \"73\": 0,\n    \"74\": 0,\n    \"75\": 0,\n    \"76\": 0,\n    \"77\": 0,\n    \"78\": 0.00769,\n    \"79\": 0,\n    \"80\": 0,\n    \"81\": 0,\n    \"82\": 0.00769,\n    \"83\": 0,\n    \"84\": 0,\n    \"85\": 0,\n    \"86\": 0.00769,\n    \"87\": 0,\n    \"88\": 0.00385,\n    \"89\": 0.01154,\n    \"90\": 0.24993,\n    \"91\": 0.32298,\n    \"92\": 0.00385,\n    \"93\": 0,\n    \"3.5\": 0,\n    \"3.6\": 0\n  },\n  D: {\n    \"4\": 0,\n    \"5\": 0,\n    \"6\": 0,\n    \"7\": 0,\n    \"8\": 0,\n    \"9\": 0,\n    \"10\": 0,\n    \"11\": 0,\n    \"12\": 0,\n    \"13\": 0,\n    \"14\": 0,\n    \"15\": 0,\n    \"16\": 0,\n    \"17\": 0,\n    \"18\": 0,\n    \"19\": 0,\n    \"20\": 0,\n    \"21\": 0,\n    \"22\": 0,\n    \"23\": 0,\n    \"24\": 0,\n    \"25\": 0,\n    \"26\": 0,\n    \"27\": 0,\n    \"28\": 0,\n    \"29\": 0,\n    \"30\": 0,\n    \"31\": 0,\n    \"32\": 0,\n    \"33\": 0,\n    \"34\": 0,\n    \"35\": 0,\n    \"36\": 0,\n    \"37\": 0,\n    \"38\": 0.00385,\n    \"39\": 0,\n    \"40\": 0,\n    \"41\": 0,\n    \"42\": 0,\n    \"43\": 0,\n    \"44\": 0,\n    \"45\": 0,\n    \"46\": 0,\n    \"47\": 0,\n    \"48\": 0,\n    \"49\": 0.01154,\n    \"50\": 0,\n    \"51\": 0,\n    \"52\": 0,\n    \"53\": 0.00385,\n    \"54\": 0,\n    \"55\": 0,\n    \"56\": 0,\n    \"57\": 0,\n    \"58\": 0.00769,\n    \"59\": 0,\n    \"60\": 0,\n    \"61\": 0,\n    \"62\": 0,\n    \"63\": 0,\n    \"64\": 0,\n    \"65\": 0.00769,\n    \"66\": 0,\n    \"67\": 0.00385,\n    \"68\": 0,\n    \"69\": 0,\n    \"70\": 0,\n    \"71\": 0.00385,\n    \"72\": 0,\n    \"73\": 0,\n    \"74\": 0.2307,\n    \"75\": 0.02307,\n    \"76\": 0.05383,\n    \"77\": 0.00385,\n    \"78\": 0.02692,\n    \"79\": 0.00769,\n    \"80\": 0.01538,\n    \"81\": 0.01923,\n    \"83\": 0.00385,\n    \"84\": 0.0423,\n    \"85\": 0.00769,\n    \"86\": 0.00385,\n    \"87\": 0.03845,\n    \"88\": 0.00385,\n    \"89\": 0.02307,\n    \"90\": 0.08459,\n    \"91\": 0.51523,\n    \"92\": 7.67847,\n    \"93\": 0.04999,\n    \"94\": 0.00769,\n    \"95\": 0,\n    \"96\": 0\n  },\n  F: {\n    \"9\": 0,\n    \"11\": 0,\n    \"12\": 0,\n    \"15\": 0,\n    \"16\": 0,\n    \"17\": 0,\n    \"18\": 0,\n    \"19\": 0,\n    \"20\": 0,\n    \"21\": 0,\n    \"22\": 0,\n    \"23\": 0,\n    \"24\": 0,\n    \"25\": 0,\n    \"26\": 0,\n    \"27\": 0,\n    \"28\": 0,\n    \"29\": 0,\n    \"30\": 0,\n    \"31\": 0,\n    \"32\": 0,\n    \"33\": 0,\n    \"34\": 0,\n    \"35\": 0,\n    \"36\": 0,\n    \"37\": 0,\n    \"38\": 0,\n    \"39\": 0,\n    \"40\": 0,\n    \"41\": 0,\n    \"42\": 0,\n    \"43\": 0,\n    \"44\": 0,\n    \"45\": 0,\n    \"46\": 0,\n    \"47\": 0,\n    \"48\": 0,\n    \"49\": 0,\n    \"50\": 0,\n    \"51\": 0,\n    \"52\": 0,\n    \"53\": 0,\n    \"54\": 0,\n    \"55\": 0,\n    \"56\": 0,\n    \"57\": 0,\n    \"58\": 0.00385,\n    \"60\": 0,\n    \"62\": 0,\n    \"63\": 0,\n    \"64\": 0.00769,\n    \"65\": 0,\n    \"66\": 0,\n    \"67\": 0,\n    \"68\": 0,\n    \"69\": 0,\n    \"70\": 0,\n    \"71\": 0,\n    \"72\": 0,\n    \"73\": 0,\n    \"74\": 0,\n    \"75\": 0,\n    \"76\": 0,\n    \"77\": 0.06921,\n    \"78\": 0.09228,\n    \"9.5-9.6\": 0,\n    \"10.0-10.1\": 0,\n    \"10.5\": 0,\n    \"10.6\": 0,\n    \"11.1\": 0,\n    \"11.5\": 0,\n    \"11.6\": 0,\n    \"12.1\": 0\n  },\n  G: {\n    \"8\": 0,\n    \"3.2\": 0,\n    \"4.0-4.1\": 0,\n    \"4.2-4.3\": 0,\n    \"5.0-5.1\": 0.00776,\n    \"6.0-6.1\": 0,\n    \"7.0-7.1\": 0.03685,\n    \"8.1-8.4\": 0.02521,\n    \"9.0-9.2\": 0,\n    \"9.3\": 0.04073,\n    \"10.0-10.2\": 0.00582,\n    \"10.3\": 0.26376,\n    \"11.0-11.2\": 0.00582,\n    \"11.3-11.4\": 0.0543,\n    \"12.0-12.1\": 0.08533,\n    \"12.2-12.4\": 0.09503,\n    \"13.0-13.1\": 0.01164,\n    \"13.2\": 0.00582,\n    \"13.3\": 0.11249,\n    \"13.4-13.7\": 0.57213,\n    \"14.0-14.4\": 1.95494,\n    \"14.5-14.7\": 15.11778\n  },\n  E: {\n    \"4\": 0,\n    \"5\": 0,\n    \"6\": 0,\n    \"7\": 0,\n    \"8\": 0,\n    \"9\": 0,\n    \"10\": 0,\n    \"11\": 0,\n    \"12\": 0.00385,\n    \"13\": 0.02307,\n    \"14\": 0.10382,\n    \"15\": 0.02307,\n    _: \"0\",\n    \"3.1\": 0,\n    \"3.2\": 0,\n    \"5.1\": 0.00385,\n    \"6.1\": 0,\n    \"7.1\": 0,\n    \"9.1\": 0.18841,\n    \"10.1\": 0,\n    \"11.1\": 0.00385,\n    \"12.1\": 0.00769,\n    \"13.1\": 0.07306,\n    \"14.1\": 0.85744\n  },\n  B: {\n    \"12\": 0,\n    \"13\": 0.00385,\n    \"14\": 0.01538,\n    \"15\": 0.00385,\n    \"16\": 0.00769,\n    \"17\": 0.00385,\n    \"18\": 0.03845,\n    \"79\": 0,\n    \"80\": 0,\n    \"81\": 0,\n    \"83\": 0,\n    \"84\": 0.01538,\n    \"85\": 0,\n    \"86\": 0,\n    \"87\": 0,\n    \"88\": 0,\n    \"89\": 0.00769,\n    \"90\": 0,\n    \"91\": 0.04999,\n    \"92\": 1.66104,\n    \"93\": 0.00385\n  },\n  P: {\n    \"4\": 0.31306,\n    \"5.0-5.4\": 0.0108,\n    \"6.2-6.4\": 0,\n    \"7.2-7.4\": 0.20511,\n    \"8.2\": 0,\n    \"9.2\": 0.06477,\n    \"10.1\": 0,\n    \"11.1-11.2\": 0.42101,\n    \"12.0\": 0.04318,\n    \"13.0\": 0.23749,\n    \"14.0\": 4.77143\n  },\n  I: {\n    \"0\": 0,\n    \"3\": 0,\n    \"4\": 0.03709,\n    \"2.1\": 0,\n    \"2.2\": 0,\n    \"2.3\": 0,\n    \"4.1\": 0,\n    \"4.2-4.3\": 0.07417,\n    \"4.4\": 0,\n    \"4.4.3-4.4.4\": 2.03975\n  },\n  K: {\n    _: \"0 10 11 12 11.1 11.5 12.1\"\n  },\n  A: {\n    \"6\": 0,\n    \"7\": 0,\n    \"8\": 0,\n    \"9\": 0,\n    \"10\": 0,\n    \"11\": 0.05383,\n    \"5.5\": 0\n  },\n  J: {\n    \"7\": 0,\n    \"10\": 0\n  },\n  N: {\n    \"10\": 0,\n    \"11\": 0\n  },\n  R: {\n    _: \"0\"\n  },\n  M: {\n    \"0\": 0.30775\n  },\n  Q: {\n    \"10.4\": 0.00616\n  },\n  O: {\n    \"0\": 0.11695\n  },\n  H: {\n    \"0\": 0.15151\n  },\n  L: {\n    \"0\": 57.08461\n  },\n  S: {\n    \"2.5\": 0\n  }\n};","map":{"version":3,"sources":["C:/xampp/public_html/vamo/interface2/node_modules/caniuse-lite/data/regions/AG.js"],"names":["module","exports","C","D","F","G","E","_","B","P","I","K","A","J","N","R","M","Q","O","H","L","S"],