{"ast":null,"code":"module.exports = {\n  C: {\n    \"52\": 0.03616,\n    \"68\": 0.01033,\n    \"78\": 0.05165,\n    \"88\": 0.0155,\n    \"89\": 0.02066,\n    \"90\": 1.00201,\n    \"91\": 1.11564,\n    \"92\": 0.00517,\n    _: \"2 3 4 5 6 7 8 9 10 11 12 13 14 15 16 17 18 19 20 21 22 23 24 25 26 27 28 29 30 31 32 33 34 35 36 37 38 39 40 41 42 43 44 45 46 47 48 49 50 51 53 54 55 56 57 58 59 60 61 62 63 64 65 66 67 69 70 71 72 73 74 75 76 77 79 80 81 82 83 84 85 86 87 93 3.5 3.6\"\n  },\n  D: {\n    \"38\": 0.00517,\n    \"49\": 0.05682,\n    \"65\": 0.0155,\n    \"66\": 0.01033,\n    \"67\": 0.02066,\n    \"74\": 0.01033,\n    \"76\": 0.01033,\n    \"79\": 0.01033,\n    \"81\": 0.01033,\n    \"85\": 0.03099,\n    \"86\": 0.03616,\n    \"87\": 0.07748,\n    \"88\": 0.04132,\n    \"89\": 0.13946,\n    \"90\": 0.6353,\n    \"91\": 1.80259,\n    \"92\": 19.96789,\n    \"93\": 0.0155,\n    _: \"4 5 6 7 8 9 10 11 12 13 14 15 16 17 18 19 20 21 22 23 24 25 26 27 28 29 30 31 32 33 34 35 36 37 39 40 41 42 43 44 45 46 47 48 50 51 52 53 54 55 56 57 58 59 60 61 62 63 64 68 69 70 71 72 73 75 77 78 80 83 84 94 95 96\"\n  },\n  F: {\n    \"77\": 0.17561,\n    \"78\": 0.14979,\n    _: \"9 11 12 15 16 17 18 19 20 21 22 23 24 25 26 27 28 29 30 31 32 33 34 35 36 37 38 39 40 41 42 43 44 45 46 47 48 49 50 51 52 53 54 55 56 57 58 60 62 63 64 65 66 67 68 69 70 71 72 73 74 75 76 9.5-9.6 10.5 10.6 11.1 11.5 11.6 12.1\",\n    \"10.0-10.1\": 0\n  },\n  G: {\n    \"8\": 0.05854,\n    \"3.2\": 0,\n    \"4.0-4.1\": 0,\n    \"4.2-4.3\": 0,\n    \"5.0-5.1\": 0.03805,\n    \"6.0-6.1\": 0,\n    \"7.0-7.1\": 0,\n    \"8.1-8.4\": 0.4156,\n    \"9.0-9.2\": 0,\n    \"9.3\": 1.24388,\n    \"10.0-10.2\": 0.00585,\n    \"10.3\": 1.35802,\n    \"11.0-11.2\": 0.07317,\n    \"11.3-11.4\": 0.05268,\n    \"12.0-12.1\": 0.05854,\n    \"12.2-12.4\": 0.22243,\n    \"13.0-13.1\": 0.02049,\n    \"13.2\": 0,\n    \"13.3\": 0.16975,\n    \"13.4-13.7\": 0.55316,\n    \"14.0-14.4\": 3.07604,\n    \"14.5-14.7\": 20.10693\n  },\n  E: {\n    \"4\": 0,\n    \"11\": 0.25309,\n    \"12\": 0.00517,\n    \"13\": 0.14979,\n    \"14\": 1.59599,\n    \"15\": 0.00517,\n    _: \"0 5 6 7 8 9 10 3.1 3.2 5.1 6.1 7.1\",\n    \"9.1\": 0.00517,\n    \"10.1\": 0.02066,\n    \"11.1\": 0.21693,\n    \"12.1\": 0.16012,\n    \"13.1\": 1.12597,\n    \"14.1\": 13.22757\n  },\n  B: {\n    \"17\": 0.03099,\n    \"18\": 0.08264,\n    \"85\": 0.01033,\n    \"87\": 0.00517,\n    \"90\": 0.0155,\n    \"91\": 0.40804,\n    \"92\": 6.20317,\n    \"93\": 0.00517,\n    _: \"12 13 14 15 16 79 80 81 83 84 86 88 89\"\n  },\n  P: {\n    \"4\": 0.18892,\n    \"5.0-5.4\": 0.01036,\n    \"6.2-6.4\": 0.01036,\n    \"7.2-7.4\": 0.02065,\n    \"8.2\": 0.01026,\n    \"9.2\": 0.05163,\n    \"10.1\": 0.01071,\n    \"11.1-11.2\": 0.02361,\n    \"12.0\": 0.03542,\n    \"13.0\": 0.14169,\n    \"14.0\": 3.84918\n  },\n  I: {\n    \"0\": 0,\n    \"3\": 0,\n    \"4\": 0.00419,\n    \"2.1\": 0,\n    \"2.2\": 0,\n    \"2.3\": 0,\n    \"4.1\": 0,\n    \"4.2-4.3\": 0,\n    \"4.4\": 0,\n    \"4.4.3-4.4.4\": 0.00065\n  },\n  K: {\n    _: \"0 10 11 12 11.1 11.5 12.1\"\n  },\n  A: {\n    \"11\": 1.57533,\n    _: \"6 7 8 9 10 5.5\"\n  },\n  J: {\n    \"7\": 0,\n    \"10\": 0\n  },\n  N: {\n    \"11\": 0.02439,\n    _: \"10\"\n  },\n  R: {\n    _: \"0\"\n  },\n  M: {\n    \"0\": 0.469\n  },\n  Q: {\n    \"10.4\": 0\n  },\n  O: {\n    \"0\": 0\n  },\n  H: {\n    \"0\": 0.04577\n  },\n  L: {\n    \"0\": 15.89464\n  },\n  S: {\n    \"2.5\": 0\n  }\n};","map":{"version":3,"sources":["C:/xampp/public_html/vamo/interface2/node_modules/caniuse-lite/data/regions/GG.js"],"names":["module","exports","C","_","D","F","G","E","B","P","I","K","A","J","N","R","M","Q","O","H","L","S"],"mappings":"AAAAA,MAAM,CAACC,OAAP,GAAe;AAACC,EAAAA,CAAC,EAAC;AAAC,UAAK,OAAN;AAAc,UAAK,OAAnB;AAA2B,UAAK,OAAhC;AAAwC,UAAK,MAA7C;AAAoD,UAAK,OAAzD;AAAiE,UAAK,OAAtE;AAA8E,UAAK,OAAnF;AAA2F,UAAK,OAAhG;AAAwGC,IAAAA,CAAC,EAAC;AAA1G,GAAH;AAA4WC,EAAAA,CAAC,EAAC;AAAC,UAAK,OAAN;AAAc,UAAK,OAAnB;AAA2B,UAAK,MAAhC;AAAuC,UAAK,OAA5C;AAAoD,UAAK,OAAzD;AAAiE,UAAK,OAAtE;AAA8E,UAAK,OAAnF;AAA2F,UAAK,OAAhG;AAAwG,UAAK,OAA7G;AAAqH,UAAK,OAA1H;AAAkI,UAAK,OAAvI;AAA+I,UAAK,OAApJ;AAA4J,UAAK,OAAjK;AAAyK,UAAK,OAA9K;AAAsL,UAAK,MAA3L;AAAkM,UAAK,OAAvM;AAA+M,UAAK,QAApN;AAA6N,UAAK,MAAlO;AAAyOD,IAAAA,CAAC,EAAC;AAA3O,GAA9W;AAAozBE,EAAAA,CAAC,EAAC;AAAC,UAAK,OAAN;AAAc,UAAK,OAAnB;AAA2BF,IAAAA,CAAC,EAAC,mOAA7B;AAAiQ,iBAAY;AAA7Q,GAAtzB;AAAskCG,EAAAA,CAAC,EAAC;AAAC,SAAI,OAAL;AAAa,WAAM,CAAnB;AAAqB,eAAU,CAA/B;AAAiC,eAAU,CAA3C;AAA6C,eAAU,OAAvD;AAA+D,eAAU,CAAzE;AAA2E,eAAU,CAArF;AAAuF,eAAU,MAAjG;AAAwG,eAAU,CAAlH;AAAoH,WAAM,OAA1H;AAAkI,iBAAY,OAA9I;AAAsJ,YAAO,OAA7J;AAAqK,iBAAY,OAAjL;AAAyL,iBAAY,OAArM;AAA6M,iBAAY,OAAzN;AAAiO,iBAAY,OAA7O;AAAqP,iBAAY,OAAjQ;AAAyQ,YAAO,CAAhR;AAAkR,YAAO,OAAzR;AAAiS,iBAAY,OAA7S;AAAqT,iBAAY,OAAjU;AAAyU,iBAAY;AAArV,GAAxkC;AAAu6CC,EAAAA,CAAC,EAAC;AAAC,SAAI,CAAL;AAAO,UAAK,OAAZ;AAAoB,UAAK,OAAzB;AAAiC,UAAK,OAAtC;AAA8C,UAAK,OAAnD;AAA2D,UAAK,OAAhE;AAAwEJ,IAAAA,CAAC,EAAC,oCAA1E;AAA+G,WAAM,OAArH;AAA6H,YAAO,OAApI;AAA4I,YAAO,OAAnJ;AAA2J,YAAO,OAAlK;AAA0K,YAAO,OAAjL;AAAyL,YAAO;AAAhM,GAAz6C;AAAmnDK,EAAAA,CAAC,EAAC;AAAC,UAAK,OAAN;AAAc,UAAK,OAAnB;AAA2B,UAAK,OAAhC;AAAwC,UAAK,OAA7C;AAAqD,UAAK,MAA1D;AAAiE,UAAK,OAAtE;AAA8E,UAAK,OAAnF;AAA2F,UAAK,OAAhG;AAAwGL,IAAAA,CAAC,EAAC;AAA1G,GAArnD;AAAywDM,EAAAA,CAAC,EAAC;AAAC,SAAI,OAAL;AAAa,eAAU,OAAvB;AAA+B,eAAU,OAAzC;AAAiD,eAAU,OAA3D;AAAmE,WAAM,OAAzE;AAAiF,WAAM,OAAvF;AAA+F,YAAO,OAAtG;AAA8G,iBAAY,OAA1H;AAAkI,YAAO,OAAzI;AAAiJ,YAAO,OAAxJ;AAAgK,YAAO;AAAvK,GAA3wD;AAA27DC,EAAAA,CAAC,EAAC;AAAC,SAAI,CAAL;AAAO,SAAI,CAAX;AAAa,SAAI,OAAjB;AAAyB,WAAM,CAA/B;AAAiC,WAAM,CAAvC;AAAyC,WAAM,CAA/C;AAAiD,WAAM,CAAvD;AAAyD,eAAU,CAAnE;AAAqE,WAAM,CAA3E;AAA6E,mBAAc;AAA3F,GAA77D;AAAiiEC,EAAAA,CAAC,EAAC;AAACR,IAAAA,CAAC,EAAC;AAAH,GAAniE;AAAmkES,EAAAA,CAAC,EAAC;AAAC,UAAK,OAAN;AAAcT,IAAAA,CAAC,EAAC;AAAhB,GAArkE;AAAumEU,EAAAA,CAAC,EAAC;AAAC,SAAI,CAAL;AAAO,UAAK;AAAZ,GAAzmE;AAAwnEC,EAAAA,CAAC,EAAC;AAAC,UAAK,OAAN;AAAcX,IAAAA,CAAC,EAAC;AAAhB,GAA1nE;AAAgpEY,EAAAA,CAAC,EAAC;AAACZ,IAAAA,CAAC,EAAC;AAAH,GAAlpE;AAA0pEa,EAAAA,CAAC,EAAC;AAAC,SAAI;AAAL,GAA5pE;AAAwqEC,EAAAA,CAAC,EAAC;AAAC,YAAO;AAAR,GAA1qE;AAAqrEC,EAAAA,CAAC,EAAC;AAAC,SAAI;AAAL,GAAvrE;AAA+rEC,EAAAA,CAAC,EAAC;AAAC,SAAI;AAAL,GAAjsE;AAA+sEC,EAAAA,CAAC,EAAC;AAAC,SAAI;AAAL,GAAjtE;AAAguEC,EAAAA,CAAC,EAAC;AAAC,WAAM;AAAP;AAAluE,CAAf",