{"ast":null,"code":"module.exports = {\n  C: {\n    \"52\": 0.0444,\n    \"78\": 0.02664,\n    \"83\": 0.30192,\n    \"89\": 0.07992,\n    \"90\": 0.8658,\n    \"91\": 0.92796,\n    _: \"2 3 4 5 6 7 8 9 10 11 12 13 14 15 16 17 18 19 20 21 22 23 24 25 26 27 28 29 30 31 32 33 34 35 36 37 38 39 40 41 42 43 44 45 46 47 48 49 50 51 53 54 55 56 57 58 59 60 61 62 63 64 65 66 67 68 69 70 71 72 73 74 75 76 77 79 80 81 82 84 85 86 87 88 92 93 3.5 3.6\"\n  },\n  D: {\n    \"49\": 0.1332,\n    \"53\": 0.00444,\n    \"65\": 0.01776,\n    \"67\": 0.0444,\n    \"69\": 0.00444,\n    \"74\": 0.19536,\n    \"78\": 0.0444,\n    \"79\": 0.07548,\n    \"80\": 0.00888,\n    \"81\": 0.01776,\n    \"83\": 0.00444,\n    \"84\": 0.4218,\n    \"85\": 0.95904,\n    \"86\": 0.07992,\n    \"87\": 0.11988,\n    \"88\": 0.01332,\n    \"89\": 0.13764,\n    \"90\": 0.03996,\n    \"91\": 1.80708,\n    \"92\": 24.01152,\n    \"93\": 0.0444,\n    \"94\": 0.00888,\n    _: \"4 5 6 7 8 9 10 11 12 13 14 15 16 17 18 19 20 21 22 23 24 25 26 27 28 29 30 31 32 33 34 35 36 37 38 39 40 41 42 43 44 45 46 47 48 50 51 52 54 55 56 57 58 59 60 61 62 63 64 66 68 70 71 72 73 75 76 77 95 96\"\n  },\n  F: {\n    \"70\": 0.02664,\n    \"77\": 0.30192,\n    \"78\": 0.26196,\n    _: \"9 11 12 15 16 17 18 19 20 21 22 23 24 25 26 27 28 29 30 31 32 33 34 35 36 37 38 39 40 41 42 43 44 45 46 47 48 49 50 51 52 53 54 55 56 57 58 60 62 63 64 65 66 67 68 69 71 72 73 74 75 76 9.5-9.6 10.5 10.6 11.1 11.5 11.6 12.1\",\n    \"10.0-10.1\": 0\n  },\n  G: {\n    \"8\": 0,\n    \"3.2\": 0,\n    \"4.0-4.1\": 0,\n    \"4.2-4.3\": 0,\n    \"5.0-5.1\": 0,\n    \"6.0-6.1\": 0.03215,\n    \"7.0-7.1\": 0,\n    \"8.1-8.4\": 0,\n    \"9.0-9.2\": 0.00268,\n    \"9.3\": 0.13932,\n    \"10.0-10.2\": 0.00804,\n    \"10.3\": 1.19495,\n    \"11.0-11.2\": 0.02411,\n    \"11.3-11.4\": 0.4528,\n    \"12.0-12.1\": 0.05894,\n    \"12.2-12.4\": 0.05626,\n    \"13.0-13.1\": 0.0134,\n    \"13.2\": 0.02411,\n    \"13.3\": 0.2331,\n    \"13.4-13.7\": 0.40993,\n    \"14.0-14.4\": 1.61292,\n    \"14.5-14.7\": 21.76365\n  },\n  E: {\n    \"4\": 0,\n    \"12\": 0.03108,\n    \"13\": 0.0444,\n    \"14\": 0.73704,\n    \"15\": 0.01332,\n    _: \"0 5 6 7 8 9 10 11 3.1 3.2 6.1 7.1 9.1\",\n    \"5.1\": 0.00444,\n    \"10.1\": 0.02664,\n    \"11.1\": 0.06216,\n    \"12.1\": 0.1554,\n    \"13.1\": 0.51504,\n    \"14.1\": 4.16472\n  },\n  B: {\n    \"16\": 0.03552,\n    \"18\": 0.07548,\n    \"84\": 0.00888,\n    \"89\": 0.00888,\n    \"91\": 0.3108,\n    \"92\": 5.7942,\n    _: \"12 13 14 15 17 79 80 81 83 85 86 87 88 90 93\"\n  },\n  P: {\n    \"4\": 0.18701,\n    \"5.0-5.4\": 0.03117,\n    \"6.2-6.4\": 0.02058,\n    \"7.2-7.4\": 0.06234,\n    \"8.2\": 0.02077,\n    \"9.2\": 0.01039,\n    \"10.1\": 0.02111,\n    \"11.1-11.2\": 0.27012,\n    \"12.0\": 0.02078,\n    \"13.0\": 0.42596,\n    \"14.0\": 7.0128\n  },\n  I: {\n    \"0\": 0,\n    \"3\": 0,\n    \"4\": 0,\n    \"2.1\": 0,\n    \"2.2\": 0,\n    \"2.3\": 0,\n    \"4.1\": 0,\n    \"4.2-4.3\": 0,\n    \"4.4\": 0,\n    \"4.4.3-4.4.4\": 0\n  },\n  K: {\n    _: \"0 10 11 12 11.1 11.5 12.1\"\n  },\n  A: {\n    \"11\": 0.60828,\n    _: \"6 7 8 9 10 5.5\"\n  },\n  J: {\n    \"7\": 0,\n    \"10\": 0\n  },\n  N: {\n    _: \"10 11\"\n  },\n  R: {\n    _: \"0\"\n  },\n  M: {\n    \"0\": 0.42812\n  },\n  Q: {\n    \"10.4\": 0\n  },\n  O: {\n    \"0\": 0.63384\n  },\n  H: {\n    \"0\": 0.03158\n  },\n  L: {\n    \"0\": 20.3424\n  },\n  S: {\n    \"2.5\": 0\n  }\n};","map":{"version":3,"sources":["C:/xampp/public_html/vamo/interface2/node_modules/caniuse-lite/data/regions/KY.js"],"names":["module","exports","C","_","D","F","G","E","B","P","I","K","A","J","N","R","M","Q","O","H","L","S"],"mappings":"AAAAA,MAAM,CAACC,OAAP,GAAe;AAACC,EAAAA,CAAC,EAAC;AAAC,UAAK,MAAN;AAAa,UAAK,OAAlB;AAA0B,UAAK,OAA/B;AAAuC,UAAK,OAA5C;AAAoD,UAAK,MAAzD;AAAgE,UAAK,OAArE;AAA6EC,IAAAA,CAAC,EAAC;AAA/E,GAAH;AAAuVC,EAAAA,CAAC,EAAC;AAAC,UAAK,MAAN;AAAa,UAAK,OAAlB;AAA0B,UAAK,OAA/B;AAAuC,UAAK,MAA5C;AAAmD,UAAK,OAAxD;AAAgE,UAAK,OAArE;AAA6E,UAAK,MAAlF;AAAyF,UAAK,OAA9F;AAAsG,UAAK,OAA3G;AAAmH,UAAK,OAAxH;AAAgI,UAAK,OAArI;AAA6I,UAAK,MAAlJ;AAAyJ,UAAK,OAA9J;AAAsK,UAAK,OAA3K;AAAmL,UAAK,OAAxL;AAAgM,UAAK,OAArM;AAA6M,UAAK,OAAlN;AAA0N,UAAK,OAA/N;AAAuO,UAAK,OAA5O;AAAoP,UAAK,QAAzP;AAAkQ,UAAK,MAAvQ;AAA8Q,UAAK,OAAnR;AAA2RD,IAAAA,CAAC,EAAC;AAA7R,GAAzV;AAAq0BE,EAAAA,CAAC,EAAC;AAAC,UAAK,OAAN;AAAc,UAAK,OAAnB;AAA2B,UAAK,OAAhC;AAAwCF,IAAAA,CAAC,EAAC,gOAA1C;AAA2Q,iBAAY;AAAvR,GAAv0B;AAAimCG,EAAAA,CAAC,EAAC;AAAC,SAAI,CAAL;AAAO,WAAM,CAAb;AAAe,eAAU,CAAzB;AAA2B,eAAU,CAArC;AAAuC,eAAU,CAAjD;AAAmD,eAAU,OAA7D;AAAqE,eAAU,CAA/E;AAAiF,eAAU,CAA3F;AAA6F,eAAU,OAAvG;AAA+G,WAAM,OAArH;AAA6H,iBAAY,OAAzI;AAAiJ,YAAO,OAAxJ;AAAgK,iBAAY,OAA5K;AAAoL,iBAAY,MAAhM;AAAuM,iBAAY,OAAnN;AAA2N,iBAAY,OAAvO;AAA+O,iBAAY,MAA3P;AAAkQ,YAAO,OAAzQ;AAAiR,YAAO,MAAxR;AAA+R,iBAAY,OAA3S;AAAmT,iBAAY,OAA/T;AAAuU,iBAAY;AAAnV,GAAnmC;AAAg8CC,EAAAA,CAAC,EAAC;AAAC,SAAI,CAAL;AAAO,UAAK,OAAZ;AAAoB,UAAK,MAAzB;AAAgC,UAAK,OAArC;AAA6C,UAAK,OAAlD;AAA0DJ,IAAAA,CAAC,EAAC,uCAA5D;AAAoG,WAAM,OAA1G;AAAkH,YAAO,OAAzH;AAAiI,YAAO,OAAxI;AAAgJ,YAAO,MAAvJ;AAA8J,YAAO,OAArK;AAA6K,YAAO;AAApL,GAAl8C;AAA+nDK,EAAAA,CAAC,EAAC;AAAC,UAAK,OAAN;AAAc,UAAK,OAAnB;AAA2B,UAAK,OAAhC;AAAwC,UAAK,OAA7C;AAAqD,UAAK,MAA1D;AAAiE,UAAK,MAAtE;AAA6EL,IAAAA,CAAC,EAAC;AAA/E,GAAjoD;AAAgwDM,EAAAA,CAAC,EAAC;AAAC,SAAI,OAAL;AAAa,eAAU,OAAvB;AAA+B,eAAU,OAAzC;AAAiD,eAAU,OAA3D;AAAmE,WAAM,OAAzE;AAAiF,WAAM,OAAvF;AAA+F,YAAO,OAAtG;AAA8G,iBAAY,OAA1H;AAAkI,YAAO,OAAzI;AAAiJ,YAAO,OAAxJ;AAAgK,YAAO;AAAvK,GAAlwD;AAAi7DC,EAAAA,CAAC,EAAC;AAAC,SAAI,CAAL;AAAO,SAAI,CAAX;AAAa,SAAI,CAAjB;AAAmB,WAAM,CAAzB;AAA2B,WAAM,CAAjC;AAAmC,WAAM,CAAzC;AAA2C,WAAM,CAAjD;AAAmD,eAAU,CAA7D;AAA+D,WAAM,CAArE;AAAuE,mBAAc;AAArF,GAAn7D;AAA2gEC,EAAAA,CAAC,EAAC;AAACR,IAAAA,CAAC,EAAC;AAAH,GAA7gE;AAA6iES,EAAAA,CAAC,EAAC;AAAC,UAAK,OAAN;AAAcT,IAAAA,CAAC,EAAC;AAAhB,GAA/iE;AAAilEU,EAAAA,CAAC,EAAC;AAAC,SAAI,CAAL;AAAO,UAAK;AAAZ,GAAnlE;AAAkmEC,EAAAA,CAAC,EAAC;AAACX,IAAAA,CAAC,EAAC;AAAH,GAApmE;AAAgnEY,EAAAA,CAAC,EAAC;AAACZ,IAAAA,CAAC,EAAC;AAAH,GAAlnE;AAA0nEa,EAAAA,CAAC,EAAC;AAAC,SAAI;AAAL,GAA5nE;AAA0oEC,EAAAA,CAAC,EAAC;AAAC,YAAO;AAAR,GAA5oE;AAAupEC,EAAAA,CAAC,EAAC;AAAC,SAAI;AAAL,GAAzpE;AAAuqEC,EAAAA,CAAC,EAAC;AAAC,SAAI;AAAL,GAAzqE;AAAurEC,EAAAA,CAAC,EAAC;AAAC,SAAI;AAAL,GAAzrE;AAAusEC,EAAAA,CAAC,EAAC;AAAC,WAAM;AAAP;AAAzsE,CAAf",