{"ast":null,"code":"module.exports = {\n  C: {\n    \"2\": 0,\n    \"3\": 0,\n    \"4\": 0,\n    \"5\": 0,\n    \"6\": 0,\n    \"7\": 0,\n    \"8\": 0,\n    \"9\": 0,\n    \"10\": 0,\n    \"11\": 0,\n    \"12\": 0,\n    \"13\": 0,\n    \"14\": 0,\n    \"15\": 0,\n    \"16\": 0,\n    \"17\": 0,\n    \"18\": 0,\n    \"19\": 0,\n    \"20\": 0,\n    \"21\": 0,\n    \"22\": 0,\n    \"23\": 0,\n    \"24\": 0,\n    \"25\": 0,\n    \"26\": 0,\n    \"27\": 0,\n    \"28\": 0,\n    \"29\": 0,\n    \"30\": 0,\n    \"31\": 0,\n    \"32\": 0,\n    \"33\": 0,\n    \"34\": 0,\n    \"35\": 0.02629,\n    \"36\": 0.01972,\n    \"37\": 0,\n    \"38\": 0,\n    \"39\": 0,\n    \"40\": 0,\n    \"41\": 0,\n    \"42\": 0,\n    \"43\": 0,\n    \"44\": 0,\n    \"45\": 0,\n    \"46\": 0,\n    \"47\": 0.00657,\n    \"48\": 0.00657,\n    \"49\": 0,\n    \"50\": 0,\n    \"51\": 0,\n    \"52\": 0.05915,\n    \"53\": 0,\n    \"54\": 0,\n    \"55\": 0,\n    \"56\": 0,\n    \"57\": 0,\n    \"58\": 0,\n    \"59\": 0,\n    \"60\": 0,\n    \"61\": 0,\n    \"62\": 0,\n    \"63\": 0,\n    \"64\": 0.00657,\n    \"65\": 0,\n    \"66\": 0,\n    \"67\": 0,\n    \"68\": 0.00657,\n    \"69\": 0,\n    \"70\": 0,\n    \"71\": 0,\n    \"72\": 0,\n    \"73\": 0,\n    \"74\": 0,\n    \"75\": 0,\n    \"76\": 0,\n    \"77\": 0,\n    \"78\": 0.05915,\n    \"79\": 0,\n    \"80\": 0,\n    \"81\": 0.00657,\n    \"82\": 0.03943,\n    \"83\": 0.00657,\n    \"84\": 0.01972,\n    \"85\": 0.00657,\n    \"86\": 0,\n    \"87\": 0.03286,\n    \"88\": 0.07886,\n    \"89\": 0.08544,\n    \"90\": 0.79521,\n    \"91\": 1.16982,\n    \"92\": 0.00657,\n    \"93\": 0,\n    \"3.5\": 0,\n    \"3.6\": 0\n  },\n  D: {\n    \"4\": 0,\n    \"5\": 0,\n    \"6\": 0,\n    \"7\": 0,\n    \"8\": 0,\n    \"9\": 0,\n    \"10\": 0,\n    \"11\": 0,\n    \"12\": 0,\n    \"13\": 0,\n    \"14\": 0,\n    \"15\": 0,\n    \"16\": 0,\n    \"17\": 0,\n    \"18\": 0,\n    \"19\": 0,\n    \"20\": 0,\n    \"21\": 0,\n    \"22\": 0,\n    \"23\": 0,\n    \"24\": 0,\n    \"25\": 0,\n    \"26\": 0,\n    \"27\": 0,\n    \"28\": 0,\n    \"29\": 0,\n    \"30\": 0,\n    \"31\": 0,\n    \"32\": 0,\n    \"33\": 0,\n    \"34\": 0,\n    \"35\": 0,\n    \"36\": 0,\n    \"37\": 0,\n    \"38\": 0.01972,\n    \"39\": 0,\n    \"40\": 0,\n    \"41\": 0,\n    \"42\": 0,\n    \"43\": 0,\n    \"44\": 0,\n    \"45\": 0,\n    \"46\": 0,\n    \"47\": 0,\n    \"48\": 0,\n    \"49\": 0.09858,\n    \"50\": 0,\n    \"51\": 0,\n    \"52\": 0.01972,\n    \"53\": 0.00657,\n    \"54\": 0,\n    \"55\": 0,\n    \"56\": 0,\n    \"57\": 0,\n    \"58\": 0.00657,\n    \"59\": 0.01314,\n    \"60\": 0,\n    \"61\": 0.00657,\n    \"62\": 0,\n    \"63\": 0.00657,\n    \"64\": 0,\n    \"65\": 0.00657,\n    \"66\": 0.01314,\n    \"67\": 0.01972,\n    \"68\": 0.00657,\n    \"69\": 0.2826,\n    \"70\": 0.01314,\n    \"71\": 0.00657,\n    \"72\": 0.00657,\n    \"73\": 0.00657,\n    \"74\": 0.00657,\n    \"75\": 0.02629,\n    \"76\": 0.03943,\n    \"77\": 0.00657,\n    \"78\": 0.01972,\n    \"79\": 0.05915,\n    \"80\": 0.03943,\n    \"81\": 0.03286,\n    \"83\": 0.03286,\n    \"84\": 0.03943,\n    \"85\": 0.02629,\n    \"86\": 0.06572,\n    \"87\": 0.28917,\n    \"88\": 0.06572,\n    \"89\": 0.15773,\n    \"90\": 0.46661,\n    \"91\": 2.31334,\n    \"92\": 23.89579,\n    \"93\": 0.01314,\n    \"94\": 0.00657,\n    \"95\": 0,\n    \"96\": 0\n  },\n  F: {\n    \"9\": 0,\n    \"11\": 0,\n    \"12\": 0,\n    \"15\": 0,\n    \"16\": 0,\n    \"17\": 0,\n    \"18\": 0,\n    \"19\": 0,\n    \"20\": 0,\n    \"21\": 0,\n    \"22\": 0,\n    \"23\": 0,\n    \"24\": 0,\n    \"25\": 0,\n    \"26\": 0,\n    \"27\": 0,\n    \"28\": 0,\n    \"29\": 0,\n    \"30\": 0,\n    \"31\": 0,\n    \"32\": 0,\n    \"33\": 0,\n    \"34\": 0,\n    \"35\": 0,\n    \"36\": 0,\n    \"37\": 0,\n    \"38\": 0,\n    \"39\": 0,\n    \"40\": 0,\n    \"41\": 0,\n    \"42\": 0,\n    \"43\": 0,\n    \"44\": 0,\n    \"45\": 0,\n    \"46\": 0.00657,\n    \"47\": 0,\n    \"48\": 0,\n    \"49\": 0,\n    \"50\": 0,\n    \"51\": 0,\n    \"52\": 0,\n    \"53\": 0,\n    \"54\": 0,\n    \"55\": 0,\n    \"56\": 0,\n    \"57\": 0,\n    \"58\": 0,\n    \"60\": 0,\n    \"62\": 0,\n    \"63\": 0,\n    \"64\": 0,\n    \"65\": 0,\n    \"66\": 0,\n    \"67\": 0,\n    \"68\": 0,\n    \"69\": 0,\n    \"70\": 0,\n    \"71\": 0,\n    \"72\": 0,\n    \"73\": 0,\n    \"74\": 0,\n    \"75\": 0,\n    \"76\": 0.00657,\n    \"77\": 0.34174,\n    \"78\": 0.28917,\n    \"9.5-9.6\": 0,\n    \"10.0-10.1\": 0,\n    \"10.5\": 0,\n    \"10.6\": 0,\n    \"11.1\": 0,\n    \"11.5\": 0,\n    \"11.6\": 0,\n    \"12.1\": 0\n  },\n  G: {\n    \"8\": 0,\n    \"3.2\": 0,\n    \"4.0-4.1\": 0,\n    \"4.2-4.3\": 0,\n    \"5.0-5.1\": 0.00336,\n    \"6.0-6.1\": 0.00336,\n    \"7.0-7.1\": 0.01009,\n    \"8.1-8.4\": 0.00673,\n    \"9.0-9.2\": 0.10431,\n    \"9.3\": 0.22545,\n    \"10.0-10.2\": 0.02355,\n    \"10.3\": 0.36005,\n    \"11.0-11.2\": 0.09085,\n    \"11.3-11.4\": 0.09085,\n    \"12.0-12.1\": 0.06057,\n    \"12.2-12.4\": 0.30621,\n    \"13.0-13.1\": 0.04711,\n    \"13.2\": 0.02692,\n    \"13.3\": 0.20526,\n    \"13.4-13.7\": 0.56532,\n    \"14.0-14.4\": 3.02175,\n    \"14.5-14.7\": 27.07465\n  },\n  E: {\n    \"4\": 0,\n    \"5\": 0.00657,\n    \"6\": 0,\n    \"7\": 0,\n    \"8\": 0,\n    \"9\": 0,\n    \"10\": 0,\n    \"11\": 0.00657,\n    \"12\": 0.01314,\n    \"13\": 0.09201,\n    \"14\": 1.06466,\n    \"15\": 0.02629,\n    _: \"0\",\n    \"3.1\": 0,\n    \"3.2\": 0,\n    \"5.1\": 0,\n    \"6.1\": 0,\n    \"7.1\": 0,\n    \"9.1\": 0,\n    \"10.1\": 0.01972,\n    \"11.1\": 0.08544,\n    \"12.1\": 0.12487,\n    \"13.1\": 0.55205,\n    \"14.1\": 4.25866\n  },\n  B: {\n    \"12\": 0,\n    \"13\": 0,\n    \"14\": 0,\n    \"15\": 0.00657,\n    \"16\": 0.01314,\n    \"17\": 0.00657,\n    \"18\": 0.02629,\n    \"79\": 0,\n    \"80\": 0.00657,\n    \"81\": 0,\n    \"83\": 0,\n    \"84\": 0.01314,\n    \"85\": 0.01314,\n    \"86\": 0.00657,\n    \"87\": 0.01314,\n    \"88\": 0.01314,\n    \"89\": 0.03286,\n    \"90\": 0.01972,\n    \"91\": 0.1183,\n    \"92\": 3.55545,\n    \"93\": 0.00657\n  },\n  P: {\n    \"4\": 0.05268,\n    \"5.0-5.4\": 0,\n    \"6.2-6.4\": 0,\n    \"7.2-7.4\": 0,\n    \"8.2\": 0,\n    \"9.2\": 0.01054,\n    \"10.1\": 0,\n    \"11.1-11.2\": 0.02107,\n    \"12.0\": 0.01054,\n    \"13.0\": 0.09483,\n    \"14.0\": 1.728\n  },\n  I: {\n    \"0\": 0,\n    \"3\": 0,\n    \"4\": 0,\n    \"2.1\": 0,\n    \"2.2\": 0,\n    \"2.3\": 0,\n    \"4.1\": 0.00753,\n    \"4.2-4.3\": 0.01004,\n    \"4.4\": 0,\n    \"4.4.3-4.4.4\": 0.123\n  },\n  K: {\n    _: \"0 10 11 12 11.1 11.5 12.1\"\n  },\n  A: {\n    \"6\": 0,\n    \"7\": 0.00676,\n    \"8\": 0.00676,\n    \"9\": 0.00676,\n    \"10\": 0.04734,\n    \"11\": 0.39899,\n    \"5.5\": 0\n  },\n  J: {\n    \"7\": 0,\n    \"10\": 0\n  },\n  N: {\n    \"10\": 0,\n    \"11\": 0\n  },\n  R: {\n    _: \"0\"\n  },\n  M: {\n    \"0\": 0.33252\n  },\n  Q: {\n    \"10.4\": 0.00686\n  },\n  O: {\n    \"0\": 0.02742\n  },\n  H: {\n    \"0\": 0.10385\n  },\n  L: {\n    \"0\": 21.45507\n  },\n  S: {\n    \"2.5\": 0\n  }\n};","map":{"version":3,"sources":["C:/xampp/public_html/vamo/interface2/node_modules/caniuse-lite/data/regions/DK.js"],"names":["module","exports","C","D","F","G","E","_","B","P","I","K","A","J","N","R","M","Q","O","H","L","S"],