{"ast":null,"code":"module.exports = {\n  C: {\n    \"8\": 0.00594,\n    \"27\": 0.07122,\n    \"38\": 0.00594,\n    \"40\": 0.01187,\n    \"43\": 0.01187,\n    \"45\": 0.01187,\n    \"47\": 0.02374,\n    \"48\": 0.02374,\n    \"51\": 0.00594,\n    \"52\": 0.50448,\n    \"54\": 0.00594,\n    \"56\": 0.01187,\n    \"57\": 0.00594,\n    \"58\": 0.00594,\n    \"59\": 0.01781,\n    \"60\": 0.02968,\n    \"61\": 0.01187,\n    \"62\": 0.00594,\n    \"63\": 0.00594,\n    \"65\": 0.01781,\n    \"66\": 0.01781,\n    \"67\": 0.00594,\n    \"68\": 0.02968,\n    \"69\": 0.01187,\n    \"70\": 0.01781,\n    \"71\": 0.01781,\n    \"72\": 0.04155,\n    \"74\": 0.00594,\n    \"77\": 0.00594,\n    \"78\": 0.12464,\n    \"79\": 0.00594,\n    \"80\": 0.00594,\n    \"81\": 0.01187,\n    \"82\": 0.01187,\n    \"83\": 0.01187,\n    \"84\": 0.01781,\n    \"85\": 0.01781,\n    \"86\": 0.01781,\n    \"87\": 0.02374,\n    \"88\": 0.05935,\n    \"89\": 0.11277,\n    \"90\": 1.34131,\n    \"91\": 1.88733,\n    \"92\": 0.01781,\n    _: \"2 3 4 5 6 7 9 10 11 12 13 14 15 16 17 18 19 20 21 22 23 24 25 26 28 29 30 31 32 33 34 35 36 37 39 41 42 44 46 49 50 53 55 64 73 75 76 93 3.5 3.6\"\n  },\n  D: {\n    \"22\": 0.01187,\n    \"37\": 0.01187,\n    \"42\": 0.01187,\n    \"45\": 0.00594,\n    \"46\": 0.00594,\n    \"47\": 0.01187,\n    \"48\": 0.01187,\n    \"49\": 0.74188,\n    \"51\": 0.00594,\n    \"53\": 0.00594,\n    \"55\": 0.01781,\n    \"56\": 0.00594,\n    \"57\": 0.00594,\n    \"58\": 0.01781,\n    \"59\": 0.00594,\n    \"60\": 0.00594,\n    \"61\": 0.01781,\n    \"62\": 0.00594,\n    \"63\": 0.03561,\n    \"64\": 0.01781,\n    \"65\": 0.04748,\n    \"66\": 0.01781,\n    \"67\": 0.04155,\n    \"68\": 0.01781,\n    \"69\": 0.07122,\n    \"70\": 0.04748,\n    \"71\": 0.05935,\n    \"72\": 0.05342,\n    \"73\": 0.02374,\n    \"74\": 0.03561,\n    \"75\": 0.08903,\n    \"76\": 0.07122,\n    \"77\": 0.02968,\n    \"78\": 0.03561,\n    \"79\": 0.13651,\n    \"80\": 0.06529,\n    \"81\": 0.07122,\n    \"83\": 0.08903,\n    \"84\": 0.06529,\n    \"85\": 0.09496,\n    \"86\": 0.14244,\n    \"87\": 0.88432,\n    \"88\": 0.19586,\n    \"89\": 0.19586,\n    \"90\": 0.5935,\n    \"91\": 1.82205,\n    \"92\": 36.43497,\n    \"93\": 0.02968,\n    \"94\": 0.01187,\n    _: \"4 5 6 7 8 9 10 11 12 13 14 15 16 17 18 19 20 21 23 24 25 26 27 28 29 30 31 32 33 34 35 36 38 39 40 41 43 44 50 52 54 95 96\"\n  },\n  F: {\n    \"57\": 0.01187,\n    \"68\": 0.01187,\n    \"70\": 0.00594,\n    \"71\": 0.00594,\n    \"74\": 0.00594,\n    \"76\": 0.00594,\n    \"77\": 1.31164,\n    \"78\": 1.17513,\n    _: \"9 11 12 15 16 17 18 19 20 21 22 23 24 25 26 27 28 29 30 31 32 33 34 35 36 37 38 39 40 41 42 43 44 45 46 47 48 49 50 51 52 53 54 55 56 58 60 62 63 64 65 66 67 69 72 73 75 9.5-9.6 10.5 10.6 11.1 11.5 11.6 12.1\",\n    \"10.0-10.1\": 0\n  },\n  G: {\n    \"8\": 0.00026,\n    \"3.2\": 0.00026,\n    \"4.0-4.1\": 0,\n    \"4.2-4.3\": 0,\n    \"5.0-5.1\": 0.00958,\n    \"6.0-6.1\": 0.00648,\n    \"7.0-7.1\": 0.02409,\n    \"8.1-8.4\": 0.00207,\n    \"9.0-9.2\": 0.0013,\n    \"9.3\": 0.14168,\n    \"10.0-10.2\": 0.00907,\n    \"10.3\": 0.09143,\n    \"11.0-11.2\": 0.01062,\n    \"11.3-11.4\": 0.0114,\n    \"12.0-12.1\": 0.01399,\n    \"12.2-12.4\": 0.06061,\n    \"13.0-13.1\": 0.00932,\n    \"13.2\": 0.00285,\n    \"13.3\": 0.04533,\n    \"13.4-13.7\": 0.08962,\n    \"14.0-14.4\": 0.28984,\n    \"14.5-14.7\": 1.45255\n  },\n  E: {\n    \"4\": 0,\n    \"13\": 0.01187,\n    \"14\": 0.05935,\n    _: \"0 5 6 7 8 9 10 11 12 15 3.1 3.2 6.1 7.1 9.1 10.1\",\n    \"5.1\": 0.08903,\n    \"11.1\": 0.01187,\n    \"12.1\": 0.01187,\n    \"13.1\": 0.04748,\n    \"14.1\": 0.2374\n  },\n  B: {\n    \"12\": 0.00594,\n    \"18\": 0.02374,\n    \"79\": 0.00594,\n    \"83\": 0.00594,\n    \"84\": 0.01187,\n    \"89\": 0.01187,\n    \"90\": 0.01187,\n    \"91\": 0.05342,\n    \"92\": 1.70928,\n    _: \"13 14 15 16 17 80 81 85 86 87 88 93\"\n  },\n  P: {\n    \"4\": 0.11906,\n    \"5.0-5.4\": 0.10107,\n    \"6.2-6.4\": 0.21226,\n    \"7.2-7.4\": 0.14071,\n    \"8.2\": 0.04043,\n    \"9.2\": 0.02165,\n    \"10.1\": 0.06064,\n    \"11.1-11.2\": 0.09742,\n    \"12.0\": 0.0433,\n    \"13.0\": 0.15154,\n    \"14.0\": 1.20146\n  },\n  I: {\n    \"0\": 0,\n    \"3\": 0,\n    \"4\": 0.00041,\n    \"2.1\": 0,\n    \"2.2\": 0,\n    \"2.3\": 0,\n    \"4.1\": 0.00421,\n    \"4.2-4.3\": 0.00535,\n    \"4.4\": 0,\n    \"4.4.3-4.4.4\": 0.03475\n  },\n  K: {\n    _: \"0 10 11 12 11.1 11.5 12.1\"\n  },\n  A: {\n    \"8\": 0.01352,\n    \"9\": 0.01352,\n    \"10\": 0.00676,\n    \"11\": 0.20954,\n    _: \"6 7 5.5\"\n  },\n  J: {\n    \"7\": 0,\n    \"10\": 0.02033\n  },\n  N: {\n    \"11\": 0.01983,\n    _: \"10\"\n  },\n  R: {\n    _: \"0\"\n  },\n  M: {\n    \"0\": 0.16667\n  },\n  Q: {\n    \"10.4\": 0\n  },\n  O: {\n    \"0\": 0.05691\n  },\n  H: {\n    \"0\": 0.45797\n  },\n  L: {\n    \"0\": 42.31319\n  },\n  S: {\n    \"2.5\": 0.00813\n  }\n};","map":{"version":3,"sources":["C:/xampp/public_html/vamo/interface2/node_modules/caniuse-lite/data/regions/VE.js"],"names":["module","exports","C","_","D","F","G","E","B","P","I","K","A","J","N","R","M","Q","O","H","L","S"],