{"ast":null,"code":"module.exports = {\n  C: {\n    \"2\": 0,\n    \"3\": 0,\n    \"4\": 0,\n    \"5\": 0,\n    \"6\": 0,\n    \"7\": 0,\n    \"8\": 0,\n    \"9\": 0,\n    \"10\": 0,\n    \"11\": 0,\n    \"12\": 0,\n    \"13\": 0,\n    \"14\": 0,\n    \"15\": 0,\n    \"16\": 0,\n    \"17\": 0,\n    \"18\": 0,\n    \"19\": 0,\n    \"20\": 0,\n    \"21\": 0,\n    \"22\": 0,\n    \"23\": 0,\n    \"24\": 0,\n    \"25\": 0,\n    \"26\": 0,\n    \"27\": 0,\n    \"28\": 0,\n    \"29\": 0,\n    \"30\": 0,\n    \"31\": 0,\n    \"32\": 0,\n    \"33\": 0,\n    \"34\": 0,\n    \"35\": 0,\n    \"36\": 0,\n    \"37\": 0,\n    \"38\": 0,\n    \"39\": 0,\n    \"40\": 0,\n    \"41\": 0,\n    \"42\": 0,\n    \"43\": 0,\n    \"44\": 0,\n    \"45\": 0,\n    \"46\": 0,\n    \"47\": 0,\n    \"48\": 0,\n    \"49\": 0,\n    \"50\": 0,\n    \"51\": 0,\n    \"52\": 0.00466,\n    \"53\": 0,\n    \"54\": 0.00466,\n    \"55\": 0,\n    \"56\": 0.00466,\n    \"57\": 0,\n    \"58\": 0,\n    \"59\": 0,\n    \"60\": 0,\n    \"61\": 0,\n    \"62\": 0,\n    \"63\": 0,\n    \"64\": 0,\n    \"65\": 0,\n    \"66\": 0,\n    \"67\": 0,\n    \"68\": 0,\n    \"69\": 0,\n    \"70\": 0,\n    \"71\": 0,\n    \"72\": 0.00931,\n    \"73\": 0,\n    \"74\": 0,\n    \"75\": 0,\n    \"76\": 0,\n    \"77\": 0,\n    \"78\": 0.05588,\n    \"79\": 0,\n    \"80\": 0,\n    \"81\": 0.30736,\n    \"82\": 0.17231,\n    \"83\": 0.00466,\n    \"84\": 0,\n    \"85\": 0.00466,\n    \"86\": 0.00931,\n    \"87\": 0.00931,\n    \"88\": 0.00466,\n    \"89\": 0.0326,\n    \"90\": 0.40982,\n    \"91\": 0.6287,\n    \"92\": 0.01397,\n    \"93\": 0,\n    \"3.5\": 0,\n    \"3.6\": 0\n  },\n  D: {\n    \"4\": 0,\n    \"5\": 0,\n    \"6\": 0,\n    \"7\": 0,\n    \"8\": 0,\n    \"9\": 0,\n    \"10\": 0,\n    \"11\": 0,\n    \"12\": 0,\n    \"13\": 0,\n    \"14\": 0,\n    \"15\": 0,\n    \"16\": 0,\n    \"17\": 0,\n    \"18\": 0,\n    \"19\": 0,\n    \"20\": 0,\n    \"21\": 0,\n    \"22\": 0,\n    \"23\": 0,\n    \"24\": 0,\n    \"25\": 0,\n    \"26\": 0,\n    \"27\": 0,\n    \"28\": 0,\n    \"29\": 0,\n    \"30\": 0,\n    \"31\": 0,\n    \"32\": 0,\n    \"33\": 0,\n    \"34\": 0.00466,\n    \"35\": 0,\n    \"36\": 0,\n    \"37\": 0,\n    \"38\": 0,\n    \"39\": 0,\n    \"40\": 0,\n    \"41\": 0,\n    \"42\": 0,\n    \"43\": 0.00466,\n    \"44\": 0,\n    \"45\": 0,\n    \"46\": 0,\n    \"47\": 0,\n    \"48\": 0,\n    \"49\": 0.12574,\n    \"50\": 0,\n    \"51\": 0,\n    \"52\": 0,\n    \"53\": 0.00931,\n    \"54\": 0,\n    \"55\": 0,\n    \"56\": 0,\n    \"57\": 0.00466,\n    \"58\": 0,\n    \"59\": 0.00466,\n    \"60\": 0,\n    \"61\": 0,\n    \"62\": 0,\n    \"63\": 0,\n    \"64\": 0,\n    \"65\": 0.00931,\n    \"66\": 0,\n    \"67\": 0,\n    \"68\": 0,\n    \"69\": 0.00466,\n    \"70\": 0.00466,\n    \"71\": 0,\n    \"72\": 0,\n    \"73\": 0,\n    \"74\": 0.15368,\n    \"75\": 0.02329,\n    \"76\": 0.05588,\n    \"77\": 0.00466,\n    \"78\": 0,\n    \"79\": 0.02329,\n    \"80\": 0.01397,\n    \"81\": 0.02794,\n    \"83\": 0.00931,\n    \"84\": 0.01863,\n    \"85\": 0.01397,\n    \"86\": 0.04657,\n    \"87\": 0.05123,\n    \"88\": 0.18628,\n    \"89\": 0.07451,\n    \"90\": 0.04657,\n    \"91\": 0.77772,\n    \"92\": 9.92872,\n    \"93\": 0.02329,\n    \"94\": 0.00466,\n    \"95\": 0.00466,\n    \"96\": 0\n  },\n  F: {\n    \"9\": 0,\n    \"11\": 0,\n    \"12\": 0,\n    \"15\": 0,\n    \"16\": 0,\n    \"17\": 0,\n    \"18\": 0,\n    \"19\": 0,\n    \"20\": 0,\n    \"21\": 0,\n    \"22\": 0,\n    \"23\": 0,\n    \"24\": 0,\n    \"25\": 0,\n    \"26\": 0,\n    \"27\": 0,\n    \"28\": 0,\n    \"29\": 0,\n    \"30\": 0,\n    \"31\": 0,\n    \"32\": 0,\n    \"33\": 0,\n    \"34\": 0,\n    \"35\": 0,\n    \"36\": 0,\n    \"37\": 0,\n    \"38\": 0,\n    \"39\": 0,\n    \"40\": 0,\n    \"41\": 0,\n    \"42\": 0,\n    \"43\": 0,\n    \"44\": 0,\n    \"45\": 0,\n    \"46\": 0,\n    \"47\": 0,\n    \"48\": 0,\n    \"49\": 0,\n    \"50\": 0,\n    \"51\": 0,\n    \"52\": 0,\n    \"53\": 0,\n    \"54\": 0,\n    \"55\": 0,\n    \"56\": 0,\n    \"57\": 0,\n    \"58\": 0.0978,\n    \"60\": 0,\n    \"62\": 0,\n    \"63\": 0,\n    \"64\": 0,\n    \"65\": 0,\n    \"66\": 0,\n    \"67\": 0,\n    \"68\": 0,\n    \"69\": 0,\n    \"70\": 0,\n    \"71\": 0,\n    \"72\": 0,\n    \"73\": 0,\n    \"74\": 0,\n    \"75\": 0,\n    \"76\": 0,\n    \"77\": 0.22819,\n    \"78\": 0.82429,\n    \"9.5-9.6\": 0,\n    \"10.0-10.1\": 0,\n    \"10.5\": 0,\n    \"10.6\": 0,\n    \"11.1\": 0,\n    \"11.5\": 0,\n    \"11.6\": 0,\n    \"12.1\": 0\n  },\n  G: {\n    \"8\": 0,\n    \"3.2\": 0,\n    \"4.0-4.1\": 0,\n    \"4.2-4.3\": 0,\n    \"5.0-5.1\": 0.04573,\n    \"6.0-6.1\": 0,\n    \"7.0-7.1\": 0.09146,\n    \"8.1-8.4\": 0.27058,\n    \"9.0-9.2\": 0.08194,\n    \"9.3\": 0.40396,\n    \"10.0-10.2\": 0.00381,\n    \"10.3\": 0.40968,\n    \"11.0-11.2\": 0.15625,\n    \"11.3-11.4\": 0.28963,\n    \"12.0-12.1\": 0.02668,\n    \"12.2-12.4\": 0.10671,\n    \"13.0-13.1\": 0.04573,\n    \"13.2\": 0.00191,\n    \"13.3\": 0.08194,\n    \"13.4-13.7\": 0.3811,\n    \"14.0-14.4\": 2.05601,\n    \"14.5-14.7\": 13.4527\n  },\n  E: {\n    \"4\": 0,\n    \"5\": 0,\n    \"6\": 0,\n    \"7\": 0,\n    \"8\": 0,\n    \"9\": 0,\n    \"10\": 0,\n    \"11\": 0.00466,\n    \"12\": 0.01397,\n    \"13\": 0.00931,\n    \"14\": 0.26545,\n    \"15\": 0.00466,\n    _: \"0\",\n    \"3.1\": 0,\n    \"3.2\": 0,\n    \"5.1\": 0.00466,\n    \"6.1\": 0,\n    \"7.1\": 0,\n    \"9.1\": 0,\n    \"10.1\": 0.00466,\n    \"11.1\": 0.06054,\n    \"12.1\": 0.00466,\n    \"13.1\": 0.06986,\n    \"14.1\": 0.97797\n  },\n  B: {\n    \"12\": 0.00931,\n    \"13\": 0,\n    \"14\": 0,\n    \"15\": 0.00466,\n    \"16\": 0,\n    \"17\": 0.00466,\n    \"18\": 0.12108,\n    \"79\": 0,\n    \"80\": 0.00466,\n    \"81\": 0,\n    \"83\": 0.00466,\n    \"84\": 0.00466,\n    \"85\": 0,\n    \"86\": 0,\n    \"87\": 0,\n    \"88\": 0.00931,\n    \"89\": 0.01397,\n    \"90\": 0.00466,\n    \"91\": 0.23751,\n    \"92\": 2.2633,\n    \"93\": 0\n  },\n  P: {\n    \"4\": 0.30766,\n    \"5.0-5.4\": 0,\n    \"6.2-6.4\": 0,\n    \"7.2-7.4\": 0.10988,\n    \"8.2\": 0,\n    \"9.2\": 0.03296,\n    \"10.1\": 0.02198,\n    \"11.1-11.2\": 0.24173,\n    \"12.0\": 0.02198,\n    \"13.0\": 0.20877,\n    \"14.0\": 2.75795\n  },\n  I: {\n    \"0\": 0,\n    \"3\": 0,\n    \"4\": 0,\n    \"2.1\": 0,\n    \"2.2\": 0,\n    \"2.3\": 0,\n    \"4.1\": 0.02238,\n    \"4.2-4.3\": 0.35803,\n    \"4.4\": 0,\n    \"4.4.3-4.4.4\": 1.8573\n  },\n  K: {\n    _: \"0 10 11 12 11.1 11.5 12.1\"\n  },\n  A: {\n    \"6\": 0,\n    \"7\": 0,\n    \"8\": 0,\n    \"9\": 0,\n    \"10\": 0,\n    \"11\": 0.08383,\n    \"5.5\": 0\n  },\n  J: {\n    \"7\": 0,\n    \"10\": 0\n  },\n  N: {\n    \"10\": 0,\n    \"11\": 0\n  },\n  R: {\n    _: \"0\"\n  },\n  M: {\n    \"0\": 0.0748\n  },\n  Q: {\n    \"10.4\": 0.15495\n  },\n  O: {\n    \"0\": 0.20303\n  },\n  H: {\n    \"0\": 0.35409\n  },\n  L: {\n    \"0\": 54.15854\n  },\n  S: {\n    \"2.5\": 0.00534\n  }\n};","map":{"version":3,"sources":["C:/xampp/public_html/vamo/interface2/node_modules/caniuse-lite/data/regions/BZ.js"],"names":["module","exports","C","D","F","G","E","_","B","P","I","K","A","J","N","R","M","Q","O","H","L","S"],