{"ast":null,"code":"module.exports = {\n  C: {\n    \"2\": 0,\n    \"3\": 0,\n    \"4\": 0,\n    \"5\": 0,\n    \"6\": 0,\n    \"7\": 0,\n    \"8\": 0,\n    \"9\": 0,\n    \"10\": 0,\n    \"11\": 0,\n    \"12\": 0,\n    \"13\": 0,\n    \"14\": 0,\n    \"15\": 0,\n    \"16\": 0,\n    \"17\": 0,\n    \"18\": 0,\n    \"19\": 0,\n    \"20\": 0,\n    \"21\": 0,\n    \"22\": 0,\n    \"23\": 0,\n    \"24\": 0,\n    \"25\": 0,\n    \"26\": 0,\n    \"27\": 0,\n    \"28\": 0,\n    \"29\": 0,\n    \"30\": 0,\n    \"31\": 0,\n    \"32\": 0,\n    \"33\": 0,\n    \"34\": 0,\n    \"35\": 0,\n    \"36\": 0,\n    \"37\": 0,\n    \"38\": 0,\n    \"39\": 0,\n    \"40\": 0.00417,\n    \"41\": 0,\n    \"42\": 0,\n    \"43\": 0,\n    \"44\": 0,\n    \"45\": 0,\n    \"46\": 0,\n    \"47\": 0.00417,\n    \"48\": 0.00417,\n    \"49\": 0,\n    \"50\": 0,\n    \"51\": 0,\n    \"52\": 0.0125,\n    \"53\": 0.00417,\n    \"54\": 0,\n    \"55\": 0,\n    \"56\": 0,\n    \"57\": 0.00833,\n    \"58\": 0,\n    \"59\": 0,\n    \"60\": 0,\n    \"61\": 0,\n    \"62\": 0,\n    \"63\": 0,\n    \"64\": 0.00833,\n    \"65\": 0,\n    \"66\": 0,\n    \"67\": 0,\n    \"68\": 0.00833,\n    \"69\": 0,\n    \"70\": 0,\n    \"71\": 0,\n    \"72\": 0.01666,\n    \"73\": 0,\n    \"74\": 0,\n    \"75\": 0,\n    \"76\": 0,\n    \"77\": 0,\n    \"78\": 0.02916,\n    \"79\": 0,\n    \"80\": 0,\n    \"81\": 0.0125,\n    \"82\": 0,\n    \"83\": 0.00833,\n    \"84\": 0.00417,\n    \"85\": 0.00417,\n    \"86\": 0.00417,\n    \"87\": 0.0125,\n    \"88\": 0.03333,\n    \"89\": 0.09998,\n    \"90\": 0.43326,\n    \"91\": 0.6499,\n    \"92\": 0.05416,\n    \"93\": 0,\n    \"3.5\": 0,\n    \"3.6\": 0\n  },\n  D: {\n    \"4\": 0,\n    \"5\": 0,\n    \"6\": 0,\n    \"7\": 0,\n    \"8\": 0,\n    \"9\": 0,\n    \"10\": 0,\n    \"11\": 0.01666,\n    \"12\": 0,\n    \"13\": 0,\n    \"14\": 0,\n    \"15\": 0,\n    \"16\": 0,\n    \"17\": 0,\n    \"18\": 0,\n    \"19\": 0,\n    \"20\": 0,\n    \"21\": 0,\n    \"22\": 0,\n    \"23\": 0,\n    \"24\": 0,\n    \"25\": 0,\n    \"26\": 0,\n    \"27\": 0,\n    \"28\": 0,\n    \"29\": 0,\n    \"30\": 0,\n    \"31\": 0,\n    \"32\": 0,\n    \"33\": 0,\n    \"34\": 0,\n    \"35\": 0,\n    \"36\": 0,\n    \"37\": 0.0125,\n    \"38\": 0,\n    \"39\": 0,\n    \"40\": 0.02083,\n    \"41\": 0,\n    \"42\": 0.00417,\n    \"43\": 0,\n    \"44\": 0,\n    \"45\": 0,\n    \"46\": 0.0125,\n    \"47\": 0.00417,\n    \"48\": 0,\n    \"49\": 0.01666,\n    \"50\": 0,\n    \"51\": 0,\n    \"52\": 0,\n    \"53\": 0.00417,\n    \"54\": 0,\n    \"55\": 0.0125,\n    \"56\": 0.00417,\n    \"57\": 0.00417,\n    \"58\": 0.01666,\n    \"59\": 0,\n    \"60\": 0.00417,\n    \"61\": 0.00833,\n    \"62\": 0,\n    \"63\": 0.025,\n    \"64\": 0.00417,\n    \"65\": 0.00417,\n    \"66\": 0.00417,\n    \"67\": 0.00833,\n    \"68\": 0.00417,\n    \"69\": 0.00833,\n    \"70\": 0.01666,\n    \"71\": 0.00417,\n    \"72\": 0.00833,\n    \"73\": 0.00417,\n    \"74\": 0.01666,\n    \"75\": 0.00833,\n    \"76\": 0.0125,\n    \"77\": 0.00833,\n    \"78\": 0.0125,\n    \"79\": 0.03749,\n    \"80\": 0.0125,\n    \"81\": 0.07082,\n    \"83\": 0.02083,\n    \"84\": 0.0125,\n    \"85\": 0.01666,\n    \"86\": 0.01666,\n    \"87\": 0.04999,\n    \"88\": 0.025,\n    \"89\": 0.04166,\n    \"90\": 0.07915,\n    \"91\": 0.41243,\n    \"92\": 7.98206,\n    \"93\": 0.0125,\n    \"94\": 0.00833,\n    \"95\": 0,\n    \"96\": 0\n  },\n  F: {\n    \"9\": 0,\n    \"11\": 0,\n    \"12\": 0,\n    \"15\": 0,\n    \"16\": 0,\n    \"17\": 0,\n    \"18\": 0,\n    \"19\": 0.00417,\n    \"20\": 0,\n    \"21\": 0,\n    \"22\": 0,\n    \"23\": 0,\n    \"24\": 0.00417,\n    \"25\": 0.00417,\n    \"26\": 0.04166,\n    \"27\": 0,\n    \"28\": 0.02916,\n    \"29\": 0.00417,\n    \"30\": 0.00833,\n    \"31\": 0.00417,\n    \"32\": 0.03333,\n    \"33\": 0.01666,\n    \"34\": 0.00417,\n    \"35\": 0.05416,\n    \"36\": 0.00417,\n    \"37\": 0.00417,\n    \"38\": 0.01666,\n    \"39\": 0,\n    \"40\": 0,\n    \"41\": 0.00833,\n    \"42\": 0.04583,\n    \"43\": 0,\n    \"44\": 0.00417,\n    \"45\": 0.00833,\n    \"46\": 0.0125,\n    \"47\": 0.01666,\n    \"48\": 0,\n    \"49\": 0,\n    \"50\": 0.05416,\n    \"51\": 0.04166,\n    \"52\": 0,\n    \"53\": 0,\n    \"54\": 0.09165,\n    \"55\": 0.04583,\n    \"56\": 0.03749,\n    \"57\": 0.12498,\n    \"58\": 1.11232,\n    \"60\": 0,\n    \"62\": 0,\n    \"63\": 0,\n    \"64\": 0.01666,\n    \"65\": 0.01666,\n    \"66\": 0,\n    \"67\": 0.00833,\n    \"68\": 0,\n    \"69\": 0,\n    \"70\": 0,\n    \"71\": 0,\n    \"72\": 0,\n    \"73\": 0.00417,\n    \"74\": 0.00417,\n    \"75\": 0.00417,\n    \"76\": 0.00833,\n    \"77\": 0.48742,\n    \"78\": 0.66239,\n    \"9.5-9.6\": 0,\n    \"10.0-10.1\": 0,\n    \"10.5\": 0,\n    \"10.6\": 0,\n    \"11.1\": 0,\n    \"11.5\": 0,\n    \"11.6\": 0,\n    \"12.1\": 0.24579\n  },\n  G: {\n    \"8\": 0,\n    \"3.2\": 0,\n    \"4.0-4.1\": 0,\n    \"4.2-4.3\": 0.00095,\n    \"5.0-5.1\": 0.00286,\n    \"6.0-6.1\": 0.00286,\n    \"7.0-7.1\": 0.04001,\n    \"8.1-8.4\": 0.00286,\n    \"9.0-9.2\": 0.00191,\n    \"9.3\": 0.11431,\n    \"10.0-10.2\": 0.00381,\n    \"10.3\": 0.17814,\n    \"11.0-11.2\": 0.27149,\n    \"11.3-11.4\": 0.0362,\n    \"12.0-12.1\": 0.05906,\n    \"12.2-12.4\": 0.17623,\n    \"13.0-13.1\": 0.03525,\n    \"13.2\": 0.01715,\n    \"13.3\": 0.13051,\n    \"13.4-13.7\": 0.34103,\n    \"14.0-14.4\": 1.53751,\n    \"14.5-14.7\": 5.79473\n  },\n  E: {\n    \"4\": 0,\n    \"5\": 0,\n    \"6\": 0,\n    \"7\": 0,\n    \"8\": 0,\n    \"9\": 0,\n    \"10\": 0,\n    \"11\": 0,\n    \"12\": 0.00417,\n    \"13\": 0.03333,\n    \"14\": 0.08332,\n    \"15\": 0.00833,\n    _: \"0\",\n    \"3.1\": 0,\n    \"3.2\": 0,\n    \"5.1\": 0.05832,\n    \"6.1\": 0,\n    \"7.1\": 0,\n    \"9.1\": 0,\n    \"10.1\": 0,\n    \"11.1\": 0.0125,\n    \"12.1\": 0.00833,\n    \"13.1\": 0.04999,\n    \"14.1\": 0.39577\n  },\n  B: {\n    \"12\": 0.03333,\n    \"13\": 0.0125,\n    \"14\": 0.00833,\n    \"15\": 0.03333,\n    \"16\": 0.01666,\n    \"17\": 0.025,\n    \"18\": 0.08749,\n    \"79\": 0,\n    \"80\": 0.00417,\n    \"81\": 0,\n    \"83\": 0,\n    \"84\": 0.0125,\n    \"85\": 0.01666,\n    \"86\": 0.00417,\n    \"87\": 0,\n    \"88\": 0.00417,\n    \"89\": 0.025,\n    \"90\": 0.0125,\n    \"91\": 0.08749,\n    \"92\": 1.35395,\n    \"93\": 0\n  },\n  P: {\n    \"4\": 0.34945,\n    \"5.0-5.4\": 0,\n    \"6.2-6.4\": 0,\n    \"7.2-7.4\": 0.5139,\n    \"8.2\": 0.01028,\n    \"9.2\": 0.03083,\n    \"10.1\": 0.02056,\n    \"11.1-11.2\": 0.10278,\n    \"12.0\": 0.13361,\n    \"13.0\": 0.24667,\n    \"14.0\": 1.37725\n  },\n  I: {\n    \"0\": 0,\n    \"3\": 0,\n    \"4\": 0.00114,\n    \"2.1\": 0,\n    \"2.2\": 0,\n    \"2.3\": 0,\n    \"4.1\": 0.00626,\n    \"4.2-4.3\": 0.02503,\n    \"4.4\": 0,\n    \"4.4.3-4.4.4\": 0.26507\n  },\n  K: {\n    _: \"0 10 11 12 11.1 11.5 12.1\"\n  },\n  A: {\n    \"6\": 0,\n    \"7\": 0,\n    \"8\": 0,\n    \"9\": 0,\n    \"10\": 0.00538,\n    \"11\": 0.12376,\n    \"5.5\": 0\n  },\n  J: {\n    \"7\": 0,\n    \"10\": 0.01167\n  },\n  N: {\n    \"10\": 0,\n    \"11\": 0\n  },\n  R: {\n    _: \"0\"\n  },\n  M: {\n    \"0\": 0.19252\n  },\n  Q: {\n    \"10.4\": 0.04667\n  },\n  O: {\n    \"0\": 2.11191\n  },\n  H: {\n    \"0\": 9.12442\n  },\n  L: {\n    \"0\": 55.3964\n  },\n  S: {\n    \"2.5\": 0.01167\n  }\n};","map":{"version":3,"sources":["C:/xampp/public_html/vamo/interface2/node_modules/caniuse-lite/data/regions/ZW.js"],"names":["module","exports","C","D","F","G","E","_","B","P","I","K","A","J","N","R","M","Q","O","H","L","S"],