{"ast":null,"code":"module.exports = {\n  C: {\n    \"2\": 0,\n    \"3\": 0,\n    \"4\": 0,\n    \"5\": 0,\n    \"6\": 0,\n    \"7\": 0,\n    \"8\": 0,\n    \"9\": 0,\n    \"10\": 0,\n    \"11\": 0,\n    \"12\": 0,\n    \"13\": 0,\n    \"14\": 0,\n    \"15\": 0,\n    \"16\": 0,\n    \"17\": 0,\n    \"18\": 0,\n    \"19\": 0,\n    \"20\": 0,\n    \"21\": 0,\n    \"22\": 0,\n    \"23\": 0,\n    \"24\": 0,\n    \"25\": 0,\n    \"26\": 0,\n    \"27\": 0,\n    \"28\": 0,\n    \"29\": 0,\n    \"30\": 0,\n    \"31\": 0,\n    \"32\": 0,\n    \"33\": 0,\n    \"34\": 0,\n    \"35\": 0.02228,\n    \"36\": 0.01671,\n    \"37\": 0,\n    \"38\": 0,\n    \"39\": 0,\n    \"40\": 0,\n    \"41\": 0,\n    \"42\": 0,\n    \"43\": 0,\n    \"44\": 0,\n    \"45\": 0,\n    \"46\": 0,\n    \"47\": 0,\n    \"48\": 0.00557,\n    \"49\": 0,\n    \"50\": 0,\n    \"51\": 0,\n    \"52\": 0.02786,\n    \"53\": 0.00557,\n    \"54\": 0,\n    \"55\": 0,\n    \"56\": 0.01114,\n    \"57\": 0,\n    \"58\": 0,\n    \"59\": 0,\n    \"60\": 0.00557,\n    \"61\": 0,\n    \"62\": 0,\n    \"63\": 0.00557,\n    \"64\": 0,\n    \"65\": 0,\n    \"66\": 0.00557,\n    \"67\": 0.00557,\n    \"68\": 0.01114,\n    \"69\": 0,\n    \"70\": 0,\n    \"71\": 0,\n    \"72\": 0.00557,\n    \"73\": 0,\n    \"74\": 0,\n    \"75\": 0,\n    \"76\": 0,\n    \"77\": 0,\n    \"78\": 0.05571,\n    \"79\": 0.00557,\n    \"80\": 0.00557,\n    \"81\": 0,\n    \"82\": 0,\n    \"83\": 0,\n    \"84\": 0.01114,\n    \"85\": 0.00557,\n    \"86\": 0.00557,\n    \"87\": 0.00557,\n    \"88\": 0.02228,\n    \"89\": 0.04457,\n    \"90\": 0.72423,\n    \"91\": 1.0752,\n    \"92\": 0.00557,\n    \"93\": 0,\n    \"3.5\": 0,\n    \"3.6\": 0\n  },\n  D: {\n    \"4\": 0,\n    \"5\": 0,\n    \"6\": 0,\n    \"7\": 0,\n    \"8\": 0,\n    \"9\": 0,\n    \"10\": 0,\n    \"11\": 0,\n    \"12\": 0,\n    \"13\": 0,\n    \"14\": 0,\n    \"15\": 0,\n    \"16\": 0,\n    \"17\": 0,\n    \"18\": 0,\n    \"19\": 0,\n    \"20\": 0,\n    \"21\": 0,\n    \"22\": 0,\n    \"23\": 0,\n    \"24\": 0,\n    \"25\": 0,\n    \"26\": 0,\n    \"27\": 0,\n    \"28\": 0,\n    \"29\": 0,\n    \"30\": 0,\n    \"31\": 0,\n    \"32\": 0,\n    \"33\": 0,\n    \"34\": 0,\n    \"35\": 0,\n    \"36\": 0,\n    \"37\": 0,\n    \"38\": 0,\n    \"39\": 0,\n    \"40\": 0,\n    \"41\": 0,\n    \"42\": 0.00557,\n    \"43\": 0.00557,\n    \"44\": 0,\n    \"45\": 0.00557,\n    \"46\": 0,\n    \"47\": 0.00557,\n    \"48\": 0.00557,\n    \"49\": 0.12813,\n    \"50\": 0,\n    \"51\": 0,\n    \"52\": 0.00557,\n    \"53\": 0,\n    \"54\": 0,\n    \"55\": 0.00557,\n    \"56\": 0.00557,\n    \"57\": 0.00557,\n    \"58\": 0.00557,\n    \"59\": 0,\n    \"60\": 0.00557,\n    \"61\": 0.08357,\n    \"62\": 0.01114,\n    \"63\": 0.02228,\n    \"64\": 0.01114,\n    \"65\": 0.01114,\n    \"66\": 0.00557,\n    \"67\": 0.01114,\n    \"68\": 0.00557,\n    \"69\": 0.02786,\n    \"70\": 0.01671,\n    \"71\": 0.01114,\n    \"72\": 0.01114,\n    \"73\": 0.01114,\n    \"74\": 0.01671,\n    \"75\": 0.01671,\n    \"76\": 0.01114,\n    \"77\": 0.01114,\n    \"78\": 0.01671,\n    \"79\": 0.03343,\n    \"80\": 0.039,\n    \"81\": 0.07242,\n    \"83\": 0.03343,\n    \"84\": 0.03343,\n    \"85\": 0.03343,\n    \"86\": 0.04457,\n    \"87\": 0.1337,\n    \"88\": 0.04457,\n    \"89\": 0.08357,\n    \"90\": 0.1337,\n    \"91\": 0.75209,\n    \"92\": 13.18099,\n    \"93\": 0.01114,\n    \"94\": 0.01114,\n    \"95\": 0,\n    \"96\": 0\n  },\n  F: {\n    \"9\": 0,\n    \"11\": 0,\n    \"12\": 0,\n    \"15\": 0,\n    \"16\": 0,\n    \"17\": 0,\n    \"18\": 0,\n    \"19\": 0,\n    \"20\": 0,\n    \"21\": 0,\n    \"22\": 0,\n    \"23\": 0,\n    \"24\": 0,\n    \"25\": 0,\n    \"26\": 0,\n    \"27\": 0,\n    \"28\": 0,\n    \"29\": 0,\n    \"30\": 0,\n    \"31\": 0,\n    \"32\": 0,\n    \"33\": 0,\n    \"34\": 0,\n    \"35\": 0,\n    \"36\": 0,\n    \"37\": 0,\n    \"38\": 0,\n    \"39\": 0,\n    \"40\": 0,\n    \"41\": 0,\n    \"42\": 0,\n    \"43\": 0,\n    \"44\": 0,\n    \"45\": 0,\n    \"46\": 0,\n    \"47\": 0,\n    \"48\": 0,\n    \"49\": 0,\n    \"50\": 0,\n    \"51\": 0,\n    \"52\": 0,\n    \"53\": 0,\n    \"54\": 0,\n    \"55\": 0,\n    \"56\": 0,\n    \"57\": 0,\n    \"58\": 0.01114,\n    \"60\": 0,\n    \"62\": 0,\n    \"63\": 0,\n    \"64\": 0,\n    \"65\": 0,\n    \"66\": 0,\n    \"67\": 0,\n    \"68\": 0,\n    \"69\": 0,\n    \"70\": 0,\n    \"71\": 0,\n    \"72\": 0,\n    \"73\": 0,\n    \"74\": 0,\n    \"75\": 0,\n    \"76\": 0,\n    \"77\": 0.07242,\n    \"78\": 0.06685,\n    \"9.5-9.6\": 0,\n    \"10.0-10.1\": 0,\n    \"10.5\": 0,\n    \"10.6\": 0,\n    \"11.1\": 0,\n    \"11.5\": 0,\n    \"11.6\": 0,\n    \"12.1\": 0\n  },\n  G: {\n    \"8\": 0.00453,\n    \"3.2\": 0,\n    \"4.0-4.1\": 0,\n    \"4.2-4.3\": 0,\n    \"5.0-5.1\": 0.00453,\n    \"6.0-6.1\": 0.01359,\n    \"7.0-7.1\": 0.04077,\n    \"8.1-8.4\": 0.06342,\n    \"9.0-9.2\": 0.2854,\n    \"9.3\": 0.24463,\n    \"10.0-10.2\": 0.07701,\n    \"10.3\": 0.24916,\n    \"11.0-11.2\": 0.20386,\n    \"11.3-11.4\": 0.19027,\n    \"12.0-12.1\": 0.18574,\n    \"12.2-12.4\": 0.39412,\n    \"13.0-13.1\": 0.12231,\n    \"13.2\": 0.04983,\n    \"13.3\": 0.33976,\n    \"13.4-13.7\": 1.30468,\n    \"14.0-14.4\": 4.49391,\n    \"14.5-14.7\": 36.07812\n  },\n  E: {\n    \"4\": 0,\n    \"5\": 0,\n    \"6\": 0,\n    \"7\": 0,\n    \"8\": 0,\n    \"9\": 0,\n    \"10\": 0,\n    \"11\": 0.01114,\n    \"12\": 0.01114,\n    \"13\": 0.04457,\n    \"14\": 0.28969,\n    \"15\": 0.01114,\n    _: \"0\",\n    \"3.1\": 0,\n    \"3.2\": 0,\n    \"5.1\": 0,\n    \"6.1\": 0,\n    \"7.1\": 0,\n    \"9.1\": 0.01114,\n    \"10.1\": 0.01114,\n    \"11.1\": 0.03343,\n    \"12.1\": 0.05014,\n    \"13.1\": 0.18384,\n    \"14.1\": 1.61559\n  },\n  B: {\n    \"12\": 0,\n    \"13\": 0,\n    \"14\": 0.00557,\n    \"15\": 0.00557,\n    \"16\": 0.00557,\n    \"17\": 0.01114,\n    \"18\": 0.03343,\n    \"79\": 0,\n    \"80\": 0,\n    \"81\": 0,\n    \"83\": 0,\n    \"84\": 0.00557,\n    \"85\": 0.00557,\n    \"86\": 0.00557,\n    \"87\": 0.00557,\n    \"88\": 0.00557,\n    \"89\": 0.01114,\n    \"90\": 0.01114,\n    \"91\": 0.07799,\n    \"92\": 4.63507,\n    \"93\": 0\n  },\n  P: {\n    \"4\": 0.01052,\n    \"5.0-5.4\": 0,\n    \"6.2-6.4\": 0,\n    \"7.2-7.4\": 0,\n    \"8.2\": 0,\n    \"9.2\": 0,\n    \"10.1\": 0.01052,\n    \"11.1-11.2\": 0.02105,\n    \"12.0\": 0.01052,\n    \"13.0\": 0.0421,\n    \"14.0\": 0.91562\n  },\n  I: {\n    \"0\": 0,\n    \"3\": 0,\n    \"4\": 0.02032,\n    \"2.1\": 0,\n    \"2.2\": 0.07113,\n    \"2.3\": 0.0254,\n    \"4.1\": 0.04065,\n    \"4.2-4.3\": 0.1321,\n    \"4.4\": 0,\n    \"4.4.3-4.4.4\": 0.37597\n  },\n  K: {\n    _: \"0 10 11 12 11.1 11.5 12.1\"\n  },\n  A: {\n    \"6\": 0,\n    \"7\": 0,\n    \"8\": 0,\n    \"9\": 0.00655,\n    \"10\": 0.00655,\n    \"11\": 1.73619,\n    \"5.5\": 0\n  },\n  J: {\n    \"7\": 0,\n    \"10\": 0\n  },\n  N: {\n    \"10\": 0,\n    \"11\": 0\n  },\n  R: {\n    _: \"0\"\n  },\n  M: {\n    \"0\": 0.29674\n  },\n  Q: {\n    \"10.4\": 0.06201\n  },\n  O: {\n    \"0\": 0.36318\n  },\n  H: {\n    \"0\": 0.11321\n  },\n  L: {\n    \"0\": 25.23829\n  },\n  S: {\n    \"2.5\": 0\n  }\n};","map":{"version":3,"sources":["C:/xampp/public_html/vamo/interface2/node_modules/caniuse-lite/data/regions/JP.js"],"names":["module","exports","C","D","F","G","E","_","B","P","I","K","A","J","N","R","M","Q","O","H","L","S"],