{"ast":null,"code":"module.exports = {\n  C: {\n    \"2\": 0,\n    \"3\": 0,\n    \"4\": 0,\n    \"5\": 0,\n    \"6\": 0,\n    \"7\": 0,\n    \"8\": 0,\n    \"9\": 0,\n    \"10\": 0,\n    \"11\": 0,\n    \"12\": 0,\n    \"13\": 0,\n    \"14\": 0,\n    \"15\": 0.00217,\n    \"16\": 0,\n    \"17\": 0,\n    \"18\": 0,\n    \"19\": 0,\n    \"20\": 0,\n    \"21\": 0,\n    \"22\": 0,\n    \"23\": 0,\n    \"24\": 0,\n    \"25\": 0,\n    \"26\": 0,\n    \"27\": 0,\n    \"28\": 0,\n    \"29\": 0,\n    \"30\": 0,\n    \"31\": 0,\n    \"32\": 0,\n    \"33\": 0.00217,\n    \"34\": 0,\n    \"35\": 0.00217,\n    \"36\": 0,\n    \"37\": 0.00435,\n    \"38\": 0,\n    \"39\": 0,\n    \"40\": 0,\n    \"41\": 0,\n    \"42\": 0,\n    \"43\": 0.00217,\n    \"44\": 0,\n    \"45\": 0,\n    \"46\": 0,\n    \"47\": 0.00435,\n    \"48\": 0.00217,\n    \"49\": 0,\n    \"50\": 0,\n    \"51\": 0,\n    \"52\": 0.00217,\n    \"53\": 0,\n    \"54\": 0,\n    \"55\": 0,\n    \"56\": 0,\n    \"57\": 0,\n    \"58\": 0,\n    \"59\": 0,\n    \"60\": 0,\n    \"61\": 0.00217,\n    \"62\": 0,\n    \"63\": 0,\n    \"64\": 0,\n    \"65\": 0,\n    \"66\": 0,\n    \"67\": 0,\n    \"68\": 0.00652,\n    \"69\": 0,\n    \"70\": 0,\n    \"71\": 0,\n    \"72\": 0.00217,\n    \"73\": 0,\n    \"74\": 0,\n    \"75\": 0,\n    \"76\": 0,\n    \"77\": 0,\n    \"78\": 0.00217,\n    \"79\": 0,\n    \"80\": 0,\n    \"81\": 0,\n    \"82\": 0,\n    \"83\": 0,\n    \"84\": 0.00217,\n    \"85\": 0,\n    \"86\": 0,\n    \"87\": 0.00435,\n    \"88\": 0.00652,\n    \"89\": 0.03478,\n    \"90\": 0.12392,\n    \"91\": 0.20218,\n    \"92\": 0,\n    \"93\": 0,\n    \"3.5\": 0,\n    \"3.6\": 0\n  },\n  D: {\n    \"4\": 0,\n    \"5\": 0,\n    \"6\": 0,\n    \"7\": 0,\n    \"8\": 0,\n    \"9\": 0,\n    \"10\": 0,\n    \"11\": 0.00217,\n    \"12\": 0,\n    \"13\": 0,\n    \"14\": 0,\n    \"15\": 0,\n    \"16\": 0,\n    \"17\": 0,\n    \"18\": 0,\n    \"19\": 0,\n    \"20\": 0,\n    \"21\": 0,\n    \"22\": 0,\n    \"23\": 0,\n    \"24\": 0,\n    \"25\": 0,\n    \"26\": 0,\n    \"27\": 0,\n    \"28\": 0,\n    \"29\": 0,\n    \"30\": 0,\n    \"31\": 0,\n    \"32\": 0,\n    \"33\": 0,\n    \"34\": 0,\n    \"35\": 0,\n    \"36\": 0,\n    \"37\": 0,\n    \"38\": 0,\n    \"39\": 0,\n    \"40\": 0,\n    \"41\": 0,\n    \"42\": 0,\n    \"43\": 0.00217,\n    \"44\": 0,\n    \"45\": 0,\n    \"46\": 0,\n    \"47\": 0,\n    \"48\": 0,\n    \"49\": 0.00652,\n    \"50\": 0,\n    \"51\": 0,\n    \"52\": 0,\n    \"53\": 0,\n    \"54\": 0,\n    \"55\": 0.00435,\n    \"56\": 0,\n    \"57\": 0.00217,\n    \"58\": 0.00435,\n    \"59\": 0.00435,\n    \"60\": 0,\n    \"61\": 0,\n    \"62\": 0,\n    \"63\": 0,\n    \"64\": 0.00435,\n    \"65\": 0.01957,\n    \"66\": 0,\n    \"67\": 0,\n    \"68\": 0,\n    \"69\": 0.00217,\n    \"70\": 0.00217,\n    \"71\": 0,\n    \"72\": 0,\n    \"73\": 0,\n    \"74\": 0,\n    \"75\": 0,\n    \"76\": 0,\n    \"77\": 0,\n    \"78\": 0,\n    \"79\": 0.01087,\n    \"80\": 0.00217,\n    \"81\": 0.00217,\n    \"83\": 0.00217,\n    \"84\": 0.01304,\n    \"85\": 0,\n    \"86\": 0.00652,\n    \"87\": 0.00435,\n    \"88\": 0.05,\n    \"89\": 0.01087,\n    \"90\": 0.01739,\n    \"91\": 0.11522,\n    \"92\": 1.18918,\n    \"93\": 0,\n    \"94\": 0.00217,\n    \"95\": 0,\n    \"96\": 0\n  },\n  F: {\n    \"9\": 0,\n    \"11\": 0,\n    \"12\": 0,\n    \"15\": 0,\n    \"16\": 0,\n    \"17\": 0,\n    \"18\": 0,\n    \"19\": 0,\n    \"20\": 0,\n    \"21\": 0,\n    \"22\": 0,\n    \"23\": 0,\n    \"24\": 0.00652,\n    \"25\": 0,\n    \"26\": 0.02609,\n    \"27\": 0.00435,\n    \"28\": 0.01087,\n    \"29\": 0,\n    \"30\": 0.01522,\n    \"31\": 0.0087,\n    \"32\": 0.00217,\n    \"33\": 0.00435,\n    \"34\": 0,\n    \"35\": 0.00217,\n    \"36\": 0,\n    \"37\": 0,\n    \"38\": 0,\n    \"39\": 0,\n    \"40\": 0,\n    \"41\": 0,\n    \"42\": 0.00435,\n    \"43\": 0,\n    \"44\": 0,\n    \"45\": 0.00217,\n    \"46\": 0.00435,\n    \"47\": 0,\n    \"48\": 0,\n    \"49\": 0,\n    \"50\": 0.00652,\n    \"51\": 0.00435,\n    \"52\": 0,\n    \"53\": 0,\n    \"54\": 0.02391,\n    \"55\": 0.01957,\n    \"56\": 0.00217,\n    \"57\": 0.06305,\n    \"58\": 0.28045,\n    \"60\": 0,\n    \"62\": 0,\n    \"63\": 0,\n    \"64\": 0,\n    \"65\": 0.00217,\n    \"66\": 0,\n    \"67\": 0,\n    \"68\": 0,\n    \"69\": 0,\n    \"70\": 0,\n    \"71\": 0,\n    \"72\": 0,\n    \"73\": 0,\n    \"74\": 0,\n    \"75\": 0,\n    \"76\": 0,\n    \"77\": 0.03261,\n    \"78\": 0.02609,\n    \"9.5-9.6\": 0,\n    \"10.0-10.1\": 0,\n    \"10.5\": 0,\n    \"10.6\": 0,\n    \"11.1\": 0,\n    \"11.5\": 0,\n    \"11.6\": 0,\n    \"12.1\": 0.00652\n  },\n  G: {\n    \"8\": 0,\n    \"3.2\": 0,\n    \"4.0-4.1\": 0,\n    \"4.2-4.3\": 0,\n    \"5.0-5.1\": 0.00527,\n    \"6.0-6.1\": 0,\n    \"7.0-7.1\": 0.01582,\n    \"8.1-8.4\": 0,\n    \"9.0-9.2\": 0,\n    \"9.3\": 0.05591,\n    \"10.0-10.2\": 0.00791,\n    \"10.3\": 0.08017,\n    \"11.0-11.2\": 0.08122,\n    \"11.3-11.4\": 0.01741,\n    \"12.0-12.1\": 0.05854,\n    \"12.2-12.4\": 0.23998,\n    \"13.0-13.1\": 0.09916,\n    \"13.2\": 0.01002,\n    \"13.3\": 0.14188,\n    \"13.4-13.7\": 0.21888,\n    \"14.0-14.4\": 1.38503,\n    \"14.5-14.7\": 2.33757\n  },\n  E: {\n    \"4\": 0,\n    \"5\": 0,\n    \"6\": 0,\n    \"7\": 0,\n    \"8\": 0,\n    \"9\": 0,\n    \"10\": 0,\n    \"11\": 0,\n    \"12\": 0,\n    \"13\": 0.00217,\n    \"14\": 0.00652,\n    \"15\": 0,\n    _: \"0\",\n    \"3.1\": 0,\n    \"3.2\": 0,\n    \"5.1\": 0.0087,\n    \"6.1\": 0,\n    \"7.1\": 0,\n    \"9.1\": 0,\n    \"10.1\": 0.00217,\n    \"11.1\": 0,\n    \"12.1\": 0.00217,\n    \"13.1\": 0,\n    \"14.1\": 0.11087\n  },\n  B: {\n    \"12\": 0.00217,\n    \"13\": 0.00652,\n    \"14\": 0.00217,\n    \"15\": 0,\n    \"16\": 0.00217,\n    \"17\": 0.00652,\n    \"18\": 0.0087,\n    \"79\": 0,\n    \"80\": 0,\n    \"81\": 0,\n    \"83\": 0,\n    \"84\": 0.00217,\n    \"85\": 0.00217,\n    \"86\": 0,\n    \"87\": 0,\n    \"88\": 0,\n    \"89\": 0.0087,\n    \"90\": 0,\n    \"91\": 0.02391,\n    \"92\": 0.47393,\n    \"93\": 0\n  },\n  P: {\n    \"4\": 0.10996,\n    \"5.0-5.4\": 0.01,\n    \"6.2-6.4\": 0.04998,\n    \"7.2-7.4\": 0.05998,\n    \"8.2\": 0,\n    \"9.2\": 0.17994,\n    \"10.1\": 0,\n    \"11.1-11.2\": 0.03999,\n    \"12.0\": 0.02999,\n    \"13.0\": 0.08997,\n    \"14.0\": 0.78974\n  },\n  I: {\n    \"0\": 0,\n    \"3\": 0,\n    \"4\": 0,\n    \"2.1\": 0,\n    \"2.2\": 0,\n    \"2.3\": 0,\n    \"4.1\": 0.00187,\n    \"4.2-4.3\": 0.00467,\n    \"4.4\": 0,\n    \"4.4.3-4.4.4\": 0.43563\n  },\n  K: {\n    _: \"0 10 11 12 11.1 11.5 12.1\"\n  },\n  A: {\n    \"6\": 0,\n    \"7\": 0,\n    \"8\": 0,\n    \"9\": 0,\n    \"10\": 0,\n    \"11\": 1.27614,\n    \"5.5\": 0\n  },\n  J: {\n    \"7\": 0,\n    \"10\": 0.02348\n  },\n  N: {\n    \"10\": 0,\n    \"11\": 0\n  },\n  R: {\n    _: \"0\"\n  },\n  M: {\n    \"0\": 0.10956\n  },\n  Q: {\n    \"10.4\": 0.40695\n  },\n  O: {\n    \"0\": 2.5591\n  },\n  H: {\n    \"0\": 4.13431\n  },\n  L: {\n    \"0\": 79.72769\n  },\n  S: {\n    \"2.5\": 0.21913\n  }\n};","map":{"version":3,"sources":["C:/xampp/public_html/vamo/interface2/node_modules/caniuse-lite/data/regions/NE.js"],"names":["module","exports","C","D","F","G","E","_","B","P","I","K","A","J","N","R","M","Q","O","H","L","S"],