{"ast":null,"code":"module.exports = {\n  C: {\n    \"52\": 0.00856,\n    \"54\": 0.00428,\n    \"58\": 0.00428,\n    \"63\": 0.00428,\n    \"86\": 0.00856,\n    \"88\": 0.01284,\n    \"89\": 0.0214,\n    \"90\": 0.56483,\n    \"91\": 1.43347,\n    \"92\": 0.00856,\n    _: \"2 3 4 5 6 7 8 9 10 11 12 13 14 15 16 17 18 19 20 21 22 23 24 25 26 27 28 29 30 31 32 33 34 35 36 37 38 39 40 41 42 43 44 45 46 47 48 49 50 51 53 55 56 57 59 60 61 62 64 65 66 67 68 69 70 71 72 73 74 75 76 77 78 79 80 81 82 83 84 85 87 93 3.5 3.6\"\n  },\n  D: {\n    \"45\": 0.00856,\n    \"47\": 0.00428,\n    \"49\": 0.36799,\n    \"53\": 0.07702,\n    \"56\": 0.0214,\n    \"63\": 0.01284,\n    \"66\": 0.00856,\n    \"70\": 0.0214,\n    \"74\": 0.82157,\n    \"75\": 0.01284,\n    \"76\": 0.01284,\n    \"78\": 0.01712,\n    \"79\": 0.03423,\n    \"80\": 0.00856,\n    \"81\": 0.70604,\n    \"83\": 0.00856,\n    \"84\": 0.04279,\n    \"86\": 0.00428,\n    \"87\": 0.04707,\n    \"88\": 0.02995,\n    \"89\": 0.03851,\n    \"90\": 0.15404,\n    \"91\": 1.43347,\n    \"92\": 18.51951,\n    \"93\": 0.07702,\n    \"94\": 0.00428,\n    _: \"4 5 6 7 8 9 10 11 12 13 14 15 16 17 18 19 20 21 22 23 24 25 26 27 28 29 30 31 32 33 34 35 36 37 38 39 40 41 42 43 44 46 48 50 51 52 54 55 57 58 59 60 61 62 64 65 67 68 69 71 72 73 77 85 95 96\"\n  },\n  F: {\n    \"53\": 0.00856,\n    \"54\": 0.00856,\n    \"55\": 0.00428,\n    \"77\": 0.184,\n    \"78\": 0.47069,\n    _: \"9 11 12 15 16 17 18 19 20 21 22 23 24 25 26 27 28 29 30 31 32 33 34 35 36 37 38 39 40 41 42 43 44 45 46 47 48 49 50 51 52 56 57 58 60 62 63 64 65 66 67 68 69 70 71 72 73 74 75 76 9.5-9.6 10.5 10.6 11.1 11.5 11.6 12.1\",\n    \"10.0-10.1\": 0\n  },\n  G: {\n    \"8\": 0,\n    \"3.2\": 0,\n    \"4.0-4.1\": 0,\n    \"4.2-4.3\": 0,\n    \"5.0-5.1\": 0.00401,\n    \"6.0-6.1\": 0.0008,\n    \"7.0-7.1\": 0.22127,\n    \"8.1-8.4\": 0.00882,\n    \"9.0-9.2\": 0,\n    \"9.3\": 0.07536,\n    \"10.0-10.2\": 0.00561,\n    \"10.3\": 0.04008,\n    \"11.0-11.2\": 0.01443,\n    \"11.3-11.4\": 0.01684,\n    \"12.0-12.1\": 0.01603,\n    \"12.2-12.4\": 0.10262,\n    \"13.0-13.1\": 0.00641,\n    \"13.2\": 0.00241,\n    \"13.3\": 0.02565,\n    \"13.4-13.7\": 0.11865,\n    \"14.0-14.4\": 0.71511,\n    \"14.5-14.7\": 6.10325\n  },\n  E: {\n    \"4\": 0,\n    \"11\": 0.00856,\n    \"12\": 0.01284,\n    \"13\": 0.01712,\n    \"14\": 0.27814,\n    \"15\": 0.0214,\n    _: \"0 5 6 7 8 9 10 3.1 3.2 6.1 7.1 9.1 10.1 11.1\",\n    \"5.1\": 0.01284,\n    \"12.1\": 0.02567,\n    \"13.1\": 0.21823,\n    \"14.1\": 1.36928\n  },\n  B: {\n    \"12\": 0.01284,\n    \"13\": 0.04279,\n    \"16\": 0.01712,\n    \"17\": 0.01712,\n    \"18\": 0.50492,\n    \"81\": 0.00428,\n    \"83\": 0.00428,\n    \"84\": 0.01712,\n    \"85\": 0.00856,\n    \"86\": 0.00856,\n    \"87\": 0.00856,\n    \"89\": 0.02995,\n    \"90\": 0.01284,\n    \"91\": 0.29097,\n    \"92\": 8.2927,\n    _: \"14 15 79 80 88 93\"\n  },\n  P: {\n    \"4\": 0.79584,\n    \"5.0-5.4\": 0.02079,\n    \"6.2-6.4\": 0.02137,\n    \"7.2-7.4\": 0.11878,\n    \"8.2\": 0.12445,\n    \"9.2\": 0.60579,\n    \"10.1\": 0.08315,\n    \"11.1-11.2\": 0.23756,\n    \"12.0\": 0.03563,\n    \"13.0\": 0.17817,\n    \"14.0\": 4.12173\n  },\n  I: {\n    \"0\": 0,\n    \"3\": 0,\n    \"4\": 0.00112,\n    \"2.1\": 0,\n    \"2.2\": 0,\n    \"2.3\": 0,\n    \"4.1\": 0.00391,\n    \"4.2-4.3\": 0.00391,\n    \"4.4\": 0,\n    \"4.4.3-4.4.4\": 0.05972\n  },\n  K: {\n    _: \"0 10 11 12 11.1 11.5 12.1\"\n  },\n  A: {\n    \"11\": 0.54771,\n    _: \"6 7 8 9 10 5.5\"\n  },\n  J: {\n    \"7\": 0,\n    \"10\": 0\n  },\n  N: {\n    \"11\": 0.02439,\n    _: \"10\"\n  },\n  R: {\n    _: \"0\"\n  },\n  M: {\n    \"0\": 0.24028\n  },\n  Q: {\n    \"10.4\": 0\n  },\n  O: {\n    \"0\": 0.09726\n  },\n  H: {\n    \"0\": 0.07583\n  },\n  L: {\n    \"0\": 47.85703\n  },\n  S: {\n    \"2.5\": 0\n  }\n};","map":{"version":3,"sources":["C:/xampp/public_html/vamo/interface2/node_modules/caniuse-lite/data/regions/VC.js"],"names":["module","exports","C","_","D","F","G","E","B","P","I","K","A","J","N","R","M","Q","O","H","L","S"],"mappings":"AAAAA,MAAM,CAACC,OAAP,GAAe;AAACC,EAAAA,CAAC,EAAC;AAAC,UAAK,OAAN;AAAc,UAAK,OAAnB;AAA2B,UAAK,OAAhC;AAAwC,UAAK,OAA7C;AAAqD,UAAK,OAA1D;AAAkE,UAAK,OAAvE;AAA+E,UAAK,MAApF;AAA2F,UAAK,OAAhG;AAAwG,UAAK,OAA7G;AAAqH,UAAK,OAA1H;AAAkIC,IAAAA,CAAC,EAAC;AAApI,GAAH;AAAgYC,EAAAA,CAAC,EAAC;AAAC,UAAK,OAAN;AAAc,UAAK,OAAnB;AAA2B,UAAK,OAAhC;AAAwC,UAAK,OAA7C;AAAqD,UAAK,MAA1D;AAAiE,UAAK,OAAtE;AAA8E,UAAK,OAAnF;AAA2F,UAAK,MAAhG;AAAuG,UAAK,OAA5G;AAAoH,UAAK,OAAzH;AAAiI,UAAK,OAAtI;AAA8I,UAAK,OAAnJ;AAA2J,UAAK,OAAhK;AAAwK,UAAK,OAA7K;AAAqL,UAAK,OAA1L;AAAkM,UAAK,OAAvM;AAA+M,UAAK,OAApN;AAA4N,UAAK,OAAjO;AAAyO,UAAK,OAA9O;AAAsP,UAAK,OAA3P;AAAmQ,UAAK,OAAxQ;AAAgR,UAAK,OAArR;AAA6R,UAAK,OAAlS;AAA0S,UAAK,QAA/S;AAAwT,UAAK,OAA7T;AAAqU,UAAK,OAA1U;AAAkVD,IAAAA,CAAC,EAAC;AAApV,GAAlY;AAAy5BE,EAAAA,CAAC,EAAC;AAAC,UAAK,OAAN;AAAc,UAAK,OAAnB;AAA2B,UAAK,OAAhC;AAAwC,UAAK,KAA7C;AAAmD,UAAK,OAAxD;AAAgEF,IAAAA,CAAC,EAAC,0NAAlE;AAA6R,iBAAY;AAAzS,GAA35B;AAAusCG,EAAAA,CAAC,EAAC;AAAC,SAAI,CAAL;AAAO,WAAM,CAAb;AAAe,eAAU,CAAzB;AAA2B,eAAU,CAArC;AAAuC,eAAU,OAAjD;AAAyD,eAAU,MAAnE;AAA0E,eAAU,OAApF;AAA4F,eAAU,OAAtG;AAA8G,eAAU,CAAxH;AAA0H,WAAM,OAAhI;AAAwI,iBAAY,OAApJ;AAA4J,YAAO,OAAnK;AAA2K,iBAAY,OAAvL;AAA+L,iBAAY,OAA3M;AAAmN,iBAAY,OAA/N;AAAuO,iBAAY,OAAnP;AAA2P,iBAAY,OAAvQ;AAA+Q,YAAO,OAAtR;AAA8R,YAAO,OAArS;AAA6S,iBAAY,OAAzT;AAAiU,iBAAY,OAA7U;AAAqV,iBAAY;AAAjW,GAAzsC;AAAmjDC,EAAAA,CAAC,EAAC;AAAC,SAAI,CAAL;AAAO,UAAK,OAAZ;AAAoB,UAAK,OAAzB;AAAiC,UAAK,OAAtC;AAA8C,UAAK,OAAnD;AAA2D,UAAK,MAAhE;AAAuEJ,IAAAA,CAAC,EAAC,8CAAzE;AAAwH,WAAM,OAA9H;AAAsI,YAAO,OAA7I;AAAqJ,YAAO,OAA5J;AAAoK,YAAO;AAA3K,GAArjD;AAAyuDK,EAAAA,CAAC,EAAC;AAAC,UAAK,OAAN;AAAc,UAAK,OAAnB;AAA2B,UAAK,OAAhC;AAAwC,UAAK,OAA7C;AAAqD,UAAK,OAA1D;AAAkE,UAAK,OAAvE;AAA+E,UAAK,OAApF;AAA4F,UAAK,OAAjG;AAAyG,UAAK,OAA9G;AAAsH,UAAK,OAA3H;AAAmI,UAAK,OAAxI;AAAgJ,UAAK,OAArJ;AAA6J,UAAK,OAAlK;AAA0K,UAAK,OAA/K;AAAuL,UAAK,MAA5L;AAAmML,IAAAA,CAAC,EAAC;AAArM,GAA3uD;AAAq8DM,EAAAA,CAAC,EAAC;AAAC,SAAI,OAAL;AAAa,eAAU,OAAvB;AAA+B,eAAU,OAAzC;AAAiD,eAAU,OAA3D;AAAmE,WAAM,OAAzE;AAAiF,WAAM,OAAvF;AAA+F,YAAO,OAAtG;AAA8G,iBAAY,OAA1H;AAAkI,YAAO,OAAzI;AAAiJ,YAAO,OAAxJ;AAAgK,YAAO;AAAvK,GAAv8D;AAAunEC,EAAAA,CAAC,EAAC;AAAC,SAAI,CAAL;AAAO,SAAI,CAAX;AAAa,SAAI,OAAjB;AAAyB,WAAM,CAA/B;AAAiC,WAAM,CAAvC;AAAyC,WAAM,CAA/C;AAAiD,WAAM,OAAvD;AAA+D,eAAU,OAAzE;AAAiF,WAAM,CAAvF;AAAyF,mBAAc;AAAvG,GAAznE;AAAyuEC,EAAAA,CAAC,EAAC;AAACR,IAAAA,CAAC,EAAC;AAAH,GAA3uE;AAA2wES,EAAAA,CAAC,EAAC;AAAC,UAAK,OAAN;AAAcT,IAAAA,CAAC,EAAC;AAAhB,GAA7wE;AAA+yEU,EAAAA,CAAC,EAAC;AAAC,SAAI,CAAL;AAAO,UAAK;AAAZ,GAAjzE;AAAg0EC,EAAAA,CAAC,EAAC;AAAC,UAAK,OAAN;AAAcX,IAAAA,CAAC,EAAC;AAAhB,GAAl0E;AAAw1EY,EAAAA,CAAC,EAAC;AAACZ,IAAAA,CAAC,EAAC;AAAH,GAA11E;AAAk2Ea,EAAAA,CAAC,EAAC;AAAC,SAAI;AAAL,GAAp2E;AAAk3EC,EAAAA,CAAC,EAAC;AAAC,YAAO;AAAR,GAAp3E;AAA+3EC,EAAAA,CAAC,EAAC;AAAC,SAAI;AAAL,GAAj4E;AAA+4EC,EAAAA,CAAC,EAAC;AAAC,SAAI;AAAL,GAAj5E;AAA+5EC,EAAAA,CAAC,EAAC;AAAC,SAAI;AAAL,GAAj6E;AAAg7EC,EAAAA,CAAC,EAAC;AAAC,WAAM;AAAP;AAAl7E,CAAf",