{"ast":null,"code":"module.exports = {\n  C: {\n    \"2\": 0,\n    \"3\": 0,\n    \"4\": 0,\n    \"5\": 0,\n    \"6\": 0,\n    \"7\": 0,\n    \"8\": 0,\n    \"9\": 0,\n    \"10\": 0,\n    \"11\": 0,\n    \"12\": 0,\n    \"13\": 0,\n    \"14\": 0,\n    \"15\": 0,\n    \"16\": 0,\n    \"17\": 0,\n    \"18\": 0,\n    \"19\": 0,\n    \"20\": 0,\n    \"21\": 0,\n    \"22\": 0,\n    \"23\": 0,\n    \"24\": 0,\n    \"25\": 0,\n    \"26\": 0,\n    \"27\": 0,\n    \"28\": 0,\n    \"29\": 0,\n    \"30\": 0,\n    \"31\": 0,\n    \"32\": 0,\n    \"33\": 0,\n    \"34\": 0,\n    \"35\": 0.03706,\n    \"36\": 0.0278,\n    \"37\": 0,\n    \"38\": 0,\n    \"39\": 0,\n    \"40\": 0,\n    \"41\": 0,\n    \"42\": 0,\n    \"43\": 0,\n    \"44\": 0,\n    \"45\": 0.02317,\n    \"46\": 0,\n    \"47\": 0,\n    \"48\": 0.00463,\n    \"49\": 0,\n    \"50\": 0,\n    \"51\": 0.00463,\n    \"52\": 0.06486,\n    \"53\": 0,\n    \"54\": 0,\n    \"55\": 0,\n    \"56\": 0,\n    \"57\": 0,\n    \"58\": 0,\n    \"59\": 0.00927,\n    \"60\": 0.0139,\n    \"61\": 0.00463,\n    \"62\": 0.00463,\n    \"63\": 0.00927,\n    \"64\": 0,\n    \"65\": 0,\n    \"66\": 0.00463,\n    \"67\": 0,\n    \"68\": 0.03706,\n    \"69\": 0,\n    \"70\": 0.01853,\n    \"71\": 0.00463,\n    \"72\": 0.00927,\n    \"73\": 0,\n    \"74\": 0,\n    \"75\": 0.00463,\n    \"76\": 0,\n    \"77\": 0.00927,\n    \"78\": 0.44014,\n    \"79\": 0,\n    \"80\": 0.00463,\n    \"81\": 0.00927,\n    \"82\": 0.00463,\n    \"83\": 0,\n    \"84\": 0.0139,\n    \"85\": 0.00463,\n    \"86\": 0.0139,\n    \"87\": 0.0695,\n    \"88\": 0.32894,\n    \"89\": 0.12509,\n    \"90\": 1.35747,\n    \"91\": 1.63545,\n    \"92\": 0.00927,\n    \"93\": 0,\n    \"3.5\": 0,\n    \"3.6\": 0\n  },\n  D: {\n    \"4\": 0,\n    \"5\": 0,\n    \"6\": 0,\n    \"7\": 0,\n    \"8\": 0,\n    \"9\": 0,\n    \"10\": 0,\n    \"11\": 0,\n    \"12\": 0,\n    \"13\": 0,\n    \"14\": 0,\n    \"15\": 0,\n    \"16\": 0,\n    \"17\": 0,\n    \"18\": 0,\n    \"19\": 0,\n    \"20\": 0,\n    \"21\": 0,\n    \"22\": 0,\n    \"23\": 0,\n    \"24\": 0,\n    \"25\": 0,\n    \"26\": 0,\n    \"27\": 0,\n    \"28\": 0.00463,\n    \"29\": 0,\n    \"30\": 0,\n    \"31\": 0,\n    \"32\": 0,\n    \"33\": 0,\n    \"34\": 0,\n    \"35\": 0,\n    \"36\": 0,\n    \"37\": 0,\n    \"38\": 0,\n    \"39\": 0,\n    \"40\": 0,\n    \"41\": 0,\n    \"42\": 0,\n    \"43\": 0,\n    \"44\": 0,\n    \"45\": 0,\n    \"46\": 0,\n    \"47\": 0,\n    \"48\": 0,\n    \"49\": 0.25945,\n    \"50\": 0,\n    \"51\": 0,\n    \"52\": 0,\n    \"53\": 0,\n    \"54\": 0,\n    \"55\": 0,\n    \"56\": 0,\n    \"57\": 0.04633,\n    \"58\": 0,\n    \"59\": 0.00927,\n    \"60\": 0,\n    \"61\": 0,\n    \"62\": 0,\n    \"63\": 0,\n    \"64\": 0.00463,\n    \"65\": 0,\n    \"66\": 0,\n    \"67\": 0.00463,\n    \"68\": 0.02317,\n    \"69\": 0.0695,\n    \"70\": 0.02317,\n    \"71\": 0.02317,\n    \"72\": 0.0278,\n    \"73\": 0.00927,\n    \"74\": 0.00463,\n    \"75\": 0.00927,\n    \"76\": 0.0278,\n    \"77\": 0.00463,\n    \"78\": 0.03243,\n    \"79\": 0.05096,\n    \"80\": 0.04633,\n    \"81\": 0.03706,\n    \"83\": 0.06023,\n    \"84\": 0.03243,\n    \"85\": 0.03706,\n    \"86\": 0.0695,\n    \"87\": 0.13436,\n    \"88\": 0.06023,\n    \"89\": 0.06023,\n    \"90\": 0.12972,\n    \"91\": 0.65789,\n    \"92\": 7.70931,\n    \"93\": 0.00927,\n    \"94\": 0.00463,\n    \"95\": 0,\n    \"96\": 0\n  },\n  F: {\n    \"9\": 0,\n    \"11\": 0,\n    \"12\": 0,\n    \"15\": 0,\n    \"16\": 0,\n    \"17\": 0,\n    \"18\": 0,\n    \"19\": 0,\n    \"20\": 0,\n    \"21\": 0,\n    \"22\": 0,\n    \"23\": 0,\n    \"24\": 0,\n    \"25\": 0,\n    \"26\": 0,\n    \"27\": 0,\n    \"28\": 0,\n    \"29\": 0,\n    \"30\": 0,\n    \"31\": 0,\n    \"32\": 0,\n    \"33\": 0,\n    \"34\": 0,\n    \"35\": 0,\n    \"36\": 0,\n    \"37\": 0,\n    \"38\": 0,\n    \"39\": 0,\n    \"40\": 0,\n    \"41\": 0,\n    \"42\": 0,\n    \"43\": 0,\n    \"44\": 0,\n    \"45\": 0,\n    \"46\": 0,\n    \"47\": 0,\n    \"48\": 0,\n    \"49\": 0,\n    \"50\": 0,\n    \"51\": 0,\n    \"52\": 0,\n    \"53\": 0,\n    \"54\": 0,\n    \"55\": 0,\n    \"56\": 0,\n    \"57\": 0.00927,\n    \"58\": 0.05096,\n    \"60\": 0,\n    \"62\": 0,\n    \"63\": 0,\n    \"64\": 0,\n    \"65\": 0.00463,\n    \"66\": 0,\n    \"67\": 0,\n    \"68\": 0,\n    \"69\": 0,\n    \"70\": 0,\n    \"71\": 0.00463,\n    \"72\": 0,\n    \"73\": 0,\n    \"74\": 0.00927,\n    \"75\": 0,\n    \"76\": 0,\n    \"77\": 0.26871,\n    \"78\": 0.16679,\n    \"9.5-9.6\": 0,\n    \"10.0-10.1\": 0,\n    \"10.5\": 0,\n    \"10.6\": 0,\n    \"11.1\": 0,\n    \"11.5\": 0,\n    \"11.6\": 0,\n    \"12.1\": 0\n  },\n  G: {\n    \"8\": 0,\n    \"3.2\": 0,\n    \"4.0-4.1\": 0,\n    \"4.2-4.3\": 0,\n    \"5.0-5.1\": 0.006,\n    \"6.0-6.1\": 0.00899,\n    \"7.0-7.1\": 0.006,\n    \"8.1-8.4\": 0,\n    \"9.0-9.2\": 0,\n    \"9.3\": 2.01468,\n    \"10.0-10.2\": 0.08394,\n    \"10.3\": 0.22785,\n    \"11.0-11.2\": 0.06296,\n    \"11.3-11.4\": 0.02398,\n    \"12.0-12.1\": 0.04797,\n    \"12.2-12.4\": 0.20087,\n    \"13.0-13.1\": 0.03598,\n    \"13.2\": 0.02099,\n    \"13.3\": 0.20986,\n    \"13.4-13.7\": 0.72852,\n    \"14.0-14.4\": 2.7372,\n    \"14.5-14.7\": 22.836\n  },\n  E: {\n    \"4\": 0,\n    \"5\": 0,\n    \"6\": 0,\n    \"7\": 0,\n    \"8\": 0,\n    \"9\": 0,\n    \"10\": 0,\n    \"11\": 0,\n    \"12\": 0.00927,\n    \"13\": 0.03706,\n    \"14\": 0.36601,\n    \"15\": 0.0139,\n    _: \"0\",\n    \"3.1\": 0,\n    \"3.2\": 0,\n    \"5.1\": 0.00927,\n    \"6.1\": 0,\n    \"7.1\": 0,\n    \"9.1\": 0.00463,\n    \"10.1\": 0.00463,\n    \"11.1\": 0.03243,\n    \"12.1\": 0.12972,\n    \"13.1\": 0.31504,\n    \"14.1\": 2.20068\n  },\n  B: {\n    \"12\": 0,\n    \"13\": 0,\n    \"14\": 0,\n    \"15\": 0,\n    \"16\": 0,\n    \"17\": 0.00463,\n    \"18\": 0.10656,\n    \"79\": 0,\n    \"80\": 0,\n    \"81\": 0,\n    \"83\": 0,\n    \"84\": 0,\n    \"85\": 0.00463,\n    \"86\": 0.00463,\n    \"87\": 0,\n    \"88\": 0.00463,\n    \"89\": 0.05096,\n    \"90\": 0.06023,\n    \"91\": 0.13899,\n    \"92\": 2.21921,\n    \"93\": 0\n  },\n  P: {\n    \"4\": 0.18875,\n    \"5.0-5.4\": 0,\n    \"6.2-6.4\": 0,\n    \"7.2-7.4\": 0.05243,\n    \"8.2\": 0.01049,\n    \"9.2\": 0.04195,\n    \"10.1\": 0.01049,\n    \"11.1-11.2\": 0.08389,\n    \"12.0\": 0.06292,\n    \"13.0\": 0.17827,\n    \"14.0\": 3.95333\n  },\n  I: {\n    \"0\": 0,\n    \"3\": 0,\n    \"4\": 0,\n    \"2.1\": 0,\n    \"2.2\": 0,\n    \"2.3\": 0,\n    \"4.1\": 0.00678,\n    \"4.2-4.3\": 0.02375,\n    \"4.4\": 0,\n    \"4.4.3-4.4.4\": 0.12043\n  },\n  K: {\n    _: \"0 10 11 12 11.1 11.5 12.1\"\n  },\n  A: {\n    \"6\": 0,\n    \"7\": 0,\n    \"8\": 0,\n    \"9\": 0.00637,\n    \"10\": 0,\n    \"11\": 0.29941,\n    \"5.5\": 0\n  },\n  J: {\n    \"7\": 0,\n    \"10\": 0\n  },\n  N: {\n    \"10\": 0,\n    \"11\": 0\n  },\n  R: {\n    _: \"0\"\n  },\n  M: {\n    \"0\": 0.93386\n  },\n  Q: {\n    \"10.4\": 0.03757\n  },\n  O: {\n    \"0\": 0.5528\n  },\n  H: {\n    \"0\": 0.76725\n  },\n  L: {\n    \"0\": 39.3891\n  },\n  S: {\n    \"2.5\": 0\n  }\n};","map":{"version":3,"sources":["C:/xampp/public_html/vamo/interface2/node_modules/caniuse-lite/data/regions/LU.js"],"names":["module","exports","C","D","F","G","E","_","B","P","I","K","A","J","N","R","M","Q","O","H","L","S"],