{"ast":null,"code":"module.exports = {\n  C: {\n    \"4\": 0.00933,\n    \"5\": 0.00933,\n    \"15\": 0.00933,\n    \"17\": 0.014,\n    \"45\": 0.02799,\n    \"52\": 0.01866,\n    \"66\": 0.00467,\n    \"73\": 0.04199,\n    \"78\": 0.03266,\n    \"79\": 0.014,\n    \"80\": 0.00933,\n    \"81\": 0.01866,\n    \"82\": 0.014,\n    \"83\": 0.00933,\n    \"84\": 0.014,\n    \"85\": 0.00933,\n    \"87\": 0.00467,\n    \"88\": 0.02333,\n    \"89\": 0.05598,\n    \"90\": 0.57846,\n    \"91\": 0.87702,\n    \"92\": 0.01866,\n    _: \"2 3 6 7 8 9 10 11 12 13 14 16 18 19 20 21 22 23 24 25 26 27 28 29 30 31 32 33 34 35 36 37 38 39 40 41 42 43 44 46 47 48 49 50 51 53 54 55 56 57 58 59 60 61 62 63 64 65 67 68 69 70 71 72 74 75 76 77 86 93 3.5 3.6\"\n  },\n  D: {\n    \"23\": 0.00467,\n    \"24\": 0.02333,\n    \"25\": 0.00933,\n    \"28\": 0.00467,\n    \"38\": 0.01866,\n    \"39\": 0.00467,\n    \"47\": 0.014,\n    \"48\": 0.014,\n    \"49\": 0.55047,\n    \"50\": 0.00467,\n    \"53\": 0.00467,\n    \"55\": 0.00467,\n    \"62\": 0.00467,\n    \"63\": 0.02333,\n    \"65\": 0.014,\n    \"67\": 0.00933,\n    \"68\": 0.01866,\n    \"69\": 0.00933,\n    \"70\": 0.014,\n    \"71\": 0.00467,\n    \"72\": 0.00933,\n    \"73\": 0.00933,\n    \"74\": 0.01866,\n    \"75\": 0.05132,\n    \"76\": 0.03266,\n    \"77\": 0.00933,\n    \"78\": 0.014,\n    \"79\": 0.05598,\n    \"80\": 0.06531,\n    \"81\": 0.02799,\n    \"83\": 0.07931,\n    \"84\": 0.13062,\n    \"85\": 0.11196,\n    \"86\": 0.12596,\n    \"87\": 0.38253,\n    \"88\": 0.08397,\n    \"89\": 0.1073,\n    \"90\": 0.23792,\n    \"91\": 1.14293,\n    \"92\": 27.34623,\n    \"93\": 0.02333,\n    \"94\": 0.00933,\n    _: \"4 5 6 7 8 9 10 11 12 13 14 15 16 17 18 19 20 21 22 26 27 29 30 31 32 33 34 35 36 37 40 41 42 43 44 45 46 51 52 54 56 57 58 59 60 61 64 66 95 96\"\n  },\n  F: {\n    \"69\": 0.00467,\n    \"70\": 0.00467,\n    \"71\": 0.00933,\n    \"74\": 0.014,\n    \"77\": 1.08695,\n    \"78\": 0.70442,\n    _: \"9 11 12 15 16 17 18 19 20 21 22 23 24 25 26 27 28 29 30 31 32 33 34 35 36 37 38 39 40 41 42 43 44 45 46 47 48 49 50 51 52 53 54 55 56 57 58 60 62 63 64 65 66 67 68 72 73 75 76 9.5-9.6 10.5 10.6 11.1 11.5 11.6 12.1\",\n    \"10.0-10.1\": 0\n  },\n  G: {\n    \"8\": 0,\n    \"3.2\": 0,\n    \"4.0-4.1\": 0,\n    \"4.2-4.3\": 0,\n    \"5.0-5.1\": 0.01151,\n    \"6.0-6.1\": 0.01727,\n    \"7.0-7.1\": 0.03741,\n    \"8.1-8.4\": 0.02734,\n    \"9.0-9.2\": 0.00576,\n    \"9.3\": 0.06044,\n    \"10.0-10.2\": 0.00863,\n    \"10.3\": 0.1108,\n    \"11.0-11.2\": 0.03454,\n    \"11.3-11.4\": 0.03166,\n    \"12.0-12.1\": 0.04029,\n    \"12.2-12.4\": 0.15253,\n    \"13.0-13.1\": 0.03454,\n    \"13.2\": 0.01439,\n    \"13.3\": 0.13526,\n    \"13.4-13.7\": 0.46911,\n    \"14.0-14.4\": 1.91959,\n    \"14.5-14.7\": 10.53331\n  },\n  E: {\n    \"4\": 0,\n    \"12\": 0.00933,\n    \"13\": 0.03732,\n    \"14\": 0.34521,\n    \"15\": 0.02799,\n    _: \"0 5 6 7 8 9 10 11 3.1 3.2 6.1 7.1 9.1 10.1\",\n    \"5.1\": 0.45251,\n    \"11.1\": 0.04199,\n    \"12.1\": 0.05132,\n    \"13.1\": 0.21459,\n    \"14.1\": 1.3202\n  },\n  B: {\n    \"14\": 0.01866,\n    \"15\": 0.00933,\n    \"16\": 0.00467,\n    \"17\": 0.01866,\n    \"18\": 0.42918,\n    \"80\": 0.00933,\n    \"83\": 0.00467,\n    \"84\": 0.014,\n    \"85\": 0.00933,\n    \"87\": 0.014,\n    \"89\": 0.03732,\n    \"90\": 0.014,\n    \"91\": 0.08397,\n    \"92\": 5.80326,\n    _: \"12 13 79 81 86 88 93\"\n  },\n  P: {\n    \"4\": 0.11873,\n    \"5.0-5.4\": 0.02159,\n    \"6.2-6.4\": 0.02058,\n    \"7.2-7.4\": 0.07555,\n    \"8.2\": 0.01026,\n    \"9.2\": 0.03238,\n    \"10.1\": 0.05132,\n    \"11.1-11.2\": 0.14032,\n    \"12.0\": 0.02159,\n    \"13.0\": 0.08635,\n    \"14.0\": 1.27363\n  },\n  I: {\n    \"0\": 0,\n    \"3\": 0,\n    \"4\": 0.0022,\n    \"2.1\": 0,\n    \"2.2\": 0,\n    \"2.3\": 0,\n    \"4.1\": 0.0022,\n    \"4.2-4.3\": 0.00352,\n    \"4.4\": 0,\n    \"4.4.3-4.4.4\": 0.04008\n  },\n  K: {\n    _: \"0 10 11 12 11.1 11.5 12.1\"\n  },\n  A: {\n    \"8\": 0.02499,\n    \"9\": 0.005,\n    \"10\": 0.01499,\n    \"11\": 0.23492,\n    _: \"6 7 5.5\"\n  },\n  J: {\n    \"7\": 0,\n    \"10\": 0\n  },\n  N: {\n    \"11\": 0.02439,\n    _: \"10\"\n  },\n  R: {\n    _: \"0\"\n  },\n  M: {\n    \"0\": 0.72542\n  },\n  Q: {\n    \"10.4\": 0\n  },\n  O: {\n    \"0\": 0.06934\n  },\n  H: {\n    \"0\": 0.2121\n  },\n  L: {\n    \"0\": 39.15567\n  },\n  S: {\n    \"2.5\": 0\n  }\n};","map":{"version":3,"sources":["C:/xampp/public_html/vamo/interface2/node_modules/caniuse-lite/data/regions/DO.js"],"names":["module","exports","C","_","D","F","G","E","B","P","I","K","A","J","N","R","M","Q","O","H","L","S"],