{"ast":null,"code":"module.exports = {\n  C: {\n    \"2\": 0,\n    \"3\": 0,\n    \"4\": 0,\n    \"5\": 0,\n    \"6\": 0,\n    \"7\": 0,\n    \"8\": 0,\n    \"9\": 0,\n    \"10\": 0,\n    \"11\": 0,\n    \"12\": 0,\n    \"13\": 0,\n    \"14\": 0,\n    \"15\": 0,\n    \"16\": 0,\n    \"17\": 0,\n    \"18\": 0,\n    \"19\": 0,\n    \"20\": 0,\n    \"21\": 0,\n    \"22\": 0,\n    \"23\": 0,\n    \"24\": 0,\n    \"25\": 0,\n    \"26\": 0,\n    \"27\": 0.00294,\n    \"28\": 0,\n    \"29\": 0.00294,\n    \"30\": 0.00294,\n    \"31\": 0,\n    \"32\": 0,\n    \"33\": 0.00294,\n    \"34\": 0,\n    \"35\": 0.00588,\n    \"36\": 0.00588,\n    \"37\": 0,\n    \"38\": 0,\n    \"39\": 0.00294,\n    \"40\": 0.00294,\n    \"41\": 0.00588,\n    \"42\": 0,\n    \"43\": 0.01176,\n    \"44\": 0.00294,\n    \"45\": 0.00294,\n    \"46\": 0,\n    \"47\": 0.00588,\n    \"48\": 0.00294,\n    \"49\": 0,\n    \"50\": 0.00294,\n    \"51\": 0,\n    \"52\": 0.00588,\n    \"53\": 0,\n    \"54\": 0,\n    \"55\": 0,\n    \"56\": 0.02057,\n    \"57\": 0.00294,\n    \"58\": 0.00294,\n    \"59\": 0.00294,\n    \"60\": 0.00588,\n    \"61\": 0.00294,\n    \"62\": 0.00294,\n    \"63\": 0,\n    \"64\": 0,\n    \"65\": 0,\n    \"66\": 0,\n    \"67\": 0,\n    \"68\": 0.0147,\n    \"69\": 0,\n    \"70\": 0,\n    \"71\": 0,\n    \"72\": 0.00882,\n    \"73\": 0,\n    \"74\": 0,\n    \"75\": 0,\n    \"76\": 0,\n    \"77\": 0,\n    \"78\": 0.0147,\n    \"79\": 0.00588,\n    \"80\": 0.01763,\n    \"81\": 0.00294,\n    \"82\": 0.00294,\n    \"83\": 0.00588,\n    \"84\": 0.00882,\n    \"85\": 0.00588,\n    \"86\": 0.00588,\n    \"87\": 0.00294,\n    \"88\": 0.02057,\n    \"89\": 0.0676,\n    \"90\": 0.29684,\n    \"91\": 0.54665,\n    \"92\": 0.05584,\n    \"93\": 0.00294,\n    \"3.5\": 0,\n    \"3.6\": 0\n  },\n  D: {\n    \"4\": 0,\n    \"5\": 0,\n    \"6\": 0,\n    \"7\": 0,\n    \"8\": 0,\n    \"9\": 0,\n    \"10\": 0,\n    \"11\": 0.00588,\n    \"12\": 0,\n    \"13\": 0,\n    \"14\": 0,\n    \"15\": 0,\n    \"16\": 0,\n    \"17\": 0,\n    \"18\": 0,\n    \"19\": 0,\n    \"20\": 0,\n    \"21\": 0,\n    \"22\": 0,\n    \"23\": 0,\n    \"24\": 0,\n    \"25\": 0,\n    \"26\": 0,\n    \"27\": 0,\n    \"28\": 0,\n    \"29\": 0,\n    \"30\": 0,\n    \"31\": 0,\n    \"32\": 0.00294,\n    \"33\": 0,\n    \"34\": 0,\n    \"35\": 0,\n    \"36\": 0,\n    \"37\": 0.00294,\n    \"38\": 0.00882,\n    \"39\": 0.00588,\n    \"40\": 0.00294,\n    \"41\": 0,\n    \"42\": 0,\n    \"43\": 0,\n    \"44\": 0,\n    \"45\": 0,\n    \"46\": 0,\n    \"47\": 0.00294,\n    \"48\": 0,\n    \"49\": 0.03233,\n    \"50\": 0,\n    \"51\": 0,\n    \"52\": 0,\n    \"53\": 0.00882,\n    \"54\": 0,\n    \"55\": 0,\n    \"56\": 0,\n    \"57\": 0.00294,\n    \"58\": 0,\n    \"59\": 0,\n    \"60\": 0,\n    \"61\": 0.00294,\n    \"62\": 0,\n    \"63\": 0.00588,\n    \"64\": 0,\n    \"65\": 0,\n    \"66\": 0,\n    \"67\": 0.00294,\n    \"68\": 0.00294,\n    \"69\": 0.00294,\n    \"70\": 0.00294,\n    \"71\": 0.00882,\n    \"72\": 0.00294,\n    \"73\": 0.00294,\n    \"74\": 0.00294,\n    \"75\": 0.00294,\n    \"76\": 0.00294,\n    \"77\": 0,\n    \"78\": 0.00294,\n    \"79\": 0.04115,\n    \"80\": 0.00588,\n    \"81\": 0.00588,\n    \"83\": 0.00882,\n    \"84\": 0.00588,\n    \"85\": 0.00588,\n    \"86\": 0.02351,\n    \"87\": 0.04996,\n    \"88\": 0.04115,\n    \"89\": 0.0147,\n    \"90\": 0.03821,\n    \"91\": 0.19104,\n    \"92\": 4.60247,\n    \"93\": 0.0147,\n    \"94\": 0.00294,\n    \"95\": 0,\n    \"96\": 0\n  },\n  F: {\n    \"9\": 0,\n    \"11\": 0,\n    \"12\": 0,\n    \"15\": 0,\n    \"16\": 0,\n    \"17\": 0,\n    \"18\": 0,\n    \"19\": 0,\n    \"20\": 0,\n    \"21\": 0,\n    \"22\": 0,\n    \"23\": 0,\n    \"24\": 0,\n    \"25\": 0,\n    \"26\": 0,\n    \"27\": 0,\n    \"28\": 0,\n    \"29\": 0,\n    \"30\": 0,\n    \"31\": 0,\n    \"32\": 0,\n    \"33\": 0,\n    \"34\": 0,\n    \"35\": 0,\n    \"36\": 0.00294,\n    \"37\": 0.02057,\n    \"38\": 0,\n    \"39\": 0,\n    \"40\": 0,\n    \"41\": 0,\n    \"42\": 0,\n    \"43\": 0,\n    \"44\": 0,\n    \"45\": 0,\n    \"46\": 0,\n    \"47\": 0,\n    \"48\": 0,\n    \"49\": 0,\n    \"50\": 0,\n    \"51\": 0,\n    \"52\": 0,\n    \"53\": 0,\n    \"54\": 0.00294,\n    \"55\": 0,\n    \"56\": 0,\n    \"57\": 0,\n    \"58\": 0.02351,\n    \"60\": 0,\n    \"62\": 0,\n    \"63\": 0,\n    \"64\": 0.00294,\n    \"65\": 0.00294,\n    \"66\": 0,\n    \"67\": 0,\n    \"68\": 0,\n    \"69\": 0,\n    \"70\": 0,\n    \"71\": 0,\n    \"72\": 0,\n    \"73\": 0.00294,\n    \"74\": 0.00294,\n    \"75\": 0,\n    \"76\": 0.00294,\n    \"77\": 0.07935,\n    \"78\": 0.07935,\n    \"9.5-9.6\": 0,\n    \"10.0-10.1\": 0,\n    \"10.5\": 0,\n    \"10.6\": 0,\n    \"11.1\": 0,\n    \"11.5\": 0,\n    \"11.6\": 0,\n    \"12.1\": 0\n  },\n  G: {\n    \"8\": 0,\n    \"3.2\": 0,\n    \"4.0-4.1\": 0,\n    \"4.2-4.3\": 0.00143,\n    \"5.0-5.1\": 0.02282,\n    \"6.0-6.1\": 0.01141,\n    \"7.0-7.1\": 0.03566,\n    \"8.1-8.4\": 0.01712,\n    \"9.0-9.2\": 0.02996,\n    \"9.3\": 0.17688,\n    \"10.0-10.2\": 0.01284,\n    \"10.3\": 0.17403,\n    \"11.0-11.2\": 0.08131,\n    \"11.3-11.4\": 0.03281,\n    \"12.0-12.1\": 0.0485,\n    \"12.2-12.4\": 0.15691,\n    \"13.0-13.1\": 0.07988,\n    \"13.2\": 0.01997,\n    \"13.3\": 0.15976,\n    \"13.4-13.7\": 0.4579,\n    \"14.0-14.4\": 1.81161,\n    \"14.5-14.7\": 10.23491\n  },\n  E: {\n    \"4\": 0,\n    \"5\": 0,\n    \"6\": 0,\n    \"7\": 0,\n    \"8\": 0,\n    \"9\": 0,\n    \"10\": 0,\n    \"11\": 0.00294,\n    \"12\": 0.00294,\n    \"13\": 0.00882,\n    \"14\": 0.11462,\n    \"15\": 0.00588,\n    _: \"0\",\n    \"3.1\": 0,\n    \"3.2\": 0,\n    \"5.1\": 0,\n    \"6.1\": 0,\n    \"7.1\": 0,\n    \"9.1\": 0,\n    \"10.1\": 0.01176,\n    \"11.1\": 0.0147,\n    \"12.1\": 0.02351,\n    \"13.1\": 0.06172,\n    \"14.1\": 0.47906\n  },\n  B: {\n    \"12\": 0.00294,\n    \"13\": 0,\n    \"14\": 0,\n    \"15\": 0,\n    \"16\": 0.00294,\n    \"17\": 0.00294,\n    \"18\": 0.0147,\n    \"79\": 0,\n    \"80\": 0,\n    \"81\": 0,\n    \"83\": 0,\n    \"84\": 0.00294,\n    \"85\": 0.00294,\n    \"86\": 0.00294,\n    \"87\": 0.00294,\n    \"88\": 0.00294,\n    \"89\": 0.0147,\n    \"90\": 0.00294,\n    \"91\": 0.01763,\n    \"92\": 0.65834,\n    \"93\": 0\n  },\n  P: {\n    \"4\": 0.29093,\n    \"5.0-5.4\": 0.01039,\n    \"6.2-6.4\": 0.03117,\n    \"7.2-7.4\": 0.03117,\n    \"8.2\": 0,\n    \"9.2\": 0.02078,\n    \"10.1\": 0.02078,\n    \"11.1-11.2\": 0.09351,\n    \"12.0\": 0.05195,\n    \"13.0\": 0.11429,\n    \"14.0\": 1.278\n  },\n  I: {\n    \"0\": 0,\n    \"3\": 0,\n    \"4\": 0,\n    \"2.1\": 0,\n    \"2.2\": 0,\n    \"2.3\": 0,\n    \"4.1\": 0,\n    \"4.2-4.3\": 0.0128,\n    \"4.4\": 0,\n    \"4.4.3-4.4.4\": 0.51838\n  },\n  K: {\n    _: \"0 10 11 12 11.1 11.5 12.1\"\n  },\n  A: {\n    \"6\": 0,\n    \"7\": 0,\n    \"8\": 0,\n    \"9\": 0,\n    \"10\": 0,\n    \"11\": 0.04409,\n    \"5.5\": 0\n  },\n  J: {\n    \"7\": 0,\n    \"10\": 0\n  },\n  N: {\n    \"10\": 0,\n    \"11\": 0\n  },\n  R: {\n    _: \"0\"\n  },\n  M: {\n    \"0\": 0.31775\n  },\n  Q: {\n    \"10.4\": 0.12004\n  },\n  O: {\n    \"0\": 2.90913\n  },\n  H: {\n    \"0\": 0.76208\n  },\n  L: {\n    \"0\": 69.78496\n  },\n  S: {\n    \"2.5\": 0\n  }\n};","map":{"version":3,"sources":["C:/xampp/public_html/vamo/interface2/node_modules/caniuse-lite/data/regions/MM.js"],"names":["module","exports","C","D","F","G","E","_","B","P","I","K","A","J","N","R","M","Q","O","H","L","S"],