{"ast":null,"code":"module.exports = {\n  C: {\n    \"2\": 0,\n    \"3\": 0,\n    \"4\": 0.0198,\n    \"5\": 0,\n    \"6\": 0,\n    \"7\": 0,\n    \"8\": 0,\n    \"9\": 0,\n    \"10\": 0,\n    \"11\": 0.0099,\n    \"12\": 0,\n    \"13\": 0,\n    \"14\": 0,\n    \"15\": 0,\n    \"16\": 0,\n    \"17\": 0.00495,\n    \"18\": 0,\n    \"19\": 0,\n    \"20\": 0,\n    \"21\": 0,\n    \"22\": 0,\n    \"23\": 0,\n    \"24\": 0,\n    \"25\": 0,\n    \"26\": 0,\n    \"27\": 0,\n    \"28\": 0,\n    \"29\": 0,\n    \"30\": 0,\n    \"31\": 0,\n    \"32\": 0,\n    \"33\": 0,\n    \"34\": 0,\n    \"35\": 0.02969,\n    \"36\": 0.02475,\n    \"37\": 0,\n    \"38\": 0.00495,\n    \"39\": 0,\n    \"40\": 0,\n    \"41\": 0,\n    \"42\": 0,\n    \"43\": 0.00495,\n    \"44\": 0.0099,\n    \"45\": 0.00495,\n    \"46\": 0,\n    \"47\": 0,\n    \"48\": 0.00495,\n    \"49\": 0,\n    \"50\": 0,\n    \"51\": 0,\n    \"52\": 0.02475,\n    \"53\": 0,\n    \"54\": 0.00495,\n    \"55\": 0.00495,\n    \"56\": 0.00495,\n    \"57\": 0,\n    \"58\": 0.0099,\n    \"59\": 0.00495,\n    \"60\": 0,\n    \"61\": 0,\n    \"62\": 0,\n    \"63\": 0.00495,\n    \"64\": 0,\n    \"65\": 0,\n    \"66\": 0,\n    \"67\": 0,\n    \"68\": 0.0099,\n    \"69\": 0,\n    \"70\": 0.00495,\n    \"71\": 0,\n    \"72\": 0.00495,\n    \"73\": 0,\n    \"74\": 0,\n    \"75\": 0,\n    \"76\": 0.00495,\n    \"77\": 0.00495,\n    \"78\": 0.08413,\n    \"79\": 0.00495,\n    \"80\": 0.00495,\n    \"81\": 0.00495,\n    \"82\": 0.0099,\n    \"83\": 0.00495,\n    \"84\": 0.00495,\n    \"85\": 0.00495,\n    \"86\": 0.0099,\n    \"87\": 0.00495,\n    \"88\": 0.0198,\n    \"89\": 0.04949,\n    \"90\": 0.54934,\n    \"91\": 0.7572,\n    \"92\": 0.00495,\n    \"93\": 0,\n    \"3.5\": 0,\n    \"3.6\": 0\n  },\n  D: {\n    \"4\": 0,\n    \"5\": 0,\n    \"6\": 0,\n    \"7\": 0,\n    \"8\": 0,\n    \"9\": 0,\n    \"10\": 0,\n    \"11\": 0,\n    \"12\": 0,\n    \"13\": 0,\n    \"14\": 0,\n    \"15\": 0,\n    \"16\": 0,\n    \"17\": 0,\n    \"18\": 0,\n    \"19\": 0,\n    \"20\": 0,\n    \"21\": 0,\n    \"22\": 0,\n    \"23\": 0,\n    \"24\": 0,\n    \"25\": 0,\n    \"26\": 0,\n    \"27\": 0,\n    \"28\": 0,\n    \"29\": 0,\n    \"30\": 0,\n    \"31\": 0,\n    \"32\": 0,\n    \"33\": 0.00495,\n    \"34\": 0,\n    \"35\": 0.00495,\n    \"36\": 0,\n    \"37\": 0.00495,\n    \"38\": 0.00495,\n    \"39\": 0,\n    \"40\": 0.0099,\n    \"41\": 0,\n    \"42\": 0,\n    \"43\": 0.00495,\n    \"44\": 0,\n    \"45\": 0,\n    \"46\": 0.00495,\n    \"47\": 0.00495,\n    \"48\": 0.02475,\n    \"49\": 0.09898,\n    \"50\": 0,\n    \"51\": 0,\n    \"52\": 0.00495,\n    \"53\": 0,\n    \"54\": 0,\n    \"55\": 0,\n    \"56\": 0.05939,\n    \"57\": 0,\n    \"58\": 0.00495,\n    \"59\": 0.0099,\n    \"60\": 0.0099,\n    \"61\": 0.01485,\n    \"62\": 0.00495,\n    \"63\": 0.00495,\n    \"64\": 0.02475,\n    \"65\": 0.0099,\n    \"66\": 0.02475,\n    \"67\": 0.01485,\n    \"68\": 0.00495,\n    \"69\": 0.0099,\n    \"70\": 0.02969,\n    \"71\": 0.00495,\n    \"72\": 0.02969,\n    \"73\": 0.00495,\n    \"74\": 0.04949,\n    \"75\": 0.04454,\n    \"76\": 0.08413,\n    \"77\": 0.0198,\n    \"78\": 0.03959,\n    \"79\": 0.08908,\n    \"80\": 0.06929,\n    \"81\": 0.04454,\n    \"83\": 0.04949,\n    \"84\": 0.12373,\n    \"85\": 0.10888,\n    \"86\": 0.11878,\n    \"87\": 0.22765,\n    \"88\": 0.14847,\n    \"89\": 0.14352,\n    \"90\": 0.36128,\n    \"91\": 1.2422,\n    \"92\": 10.09101,\n    \"93\": 0.01485,\n    \"94\": 0.02475,\n    \"95\": 0.01485,\n    \"96\": 0\n  },\n  F: {\n    \"9\": 0,\n    \"11\": 0,\n    \"12\": 0,\n    \"15\": 0,\n    \"16\": 0,\n    \"17\": 0,\n    \"18\": 0,\n    \"19\": 0,\n    \"20\": 0,\n    \"21\": 0,\n    \"22\": 0,\n    \"23\": 0,\n    \"24\": 0,\n    \"25\": 0,\n    \"26\": 0,\n    \"27\": 0,\n    \"28\": 0,\n    \"29\": 0,\n    \"30\": 0,\n    \"31\": 0,\n    \"32\": 0,\n    \"33\": 0,\n    \"34\": 0,\n    \"35\": 0,\n    \"36\": 0,\n    \"37\": 0,\n    \"38\": 0,\n    \"39\": 0,\n    \"40\": 0,\n    \"41\": 0,\n    \"42\": 0,\n    \"43\": 0,\n    \"44\": 0,\n    \"45\": 0,\n    \"46\": 0,\n    \"47\": 0,\n    \"48\": 0,\n    \"49\": 0,\n    \"50\": 0,\n    \"51\": 0,\n    \"52\": 0,\n    \"53\": 0,\n    \"54\": 0,\n    \"55\": 0,\n    \"56\": 0,\n    \"57\": 0,\n    \"58\": 0.01485,\n    \"60\": 0,\n    \"62\": 0,\n    \"63\": 0,\n    \"64\": 0,\n    \"65\": 0,\n    \"66\": 0,\n    \"67\": 0,\n    \"68\": 0,\n    \"69\": 0,\n    \"70\": 0,\n    \"71\": 0,\n    \"72\": 0,\n    \"73\": 0,\n    \"74\": 0,\n    \"75\": 0,\n    \"76\": 0,\n    \"77\": 0.12867,\n    \"78\": 0.10888,\n    \"9.5-9.6\": 0,\n    \"10.0-10.1\": 0,\n    \"10.5\": 0,\n    \"10.6\": 0,\n    \"11.1\": 0,\n    \"11.5\": 0,\n    \"11.6\": 0,\n    \"12.1\": 0\n  },\n  G: {\n    \"8\": 0,\n    \"3.2\": 0,\n    \"4.0-4.1\": 0,\n    \"4.2-4.3\": 0,\n    \"5.0-5.1\": 0.00421,\n    \"6.0-6.1\": 0.01685,\n    \"7.0-7.1\": 0.02527,\n    \"8.1-8.4\": 0.02948,\n    \"9.0-9.2\": 0.02948,\n    \"9.3\": 0.20638,\n    \"10.0-10.2\": 0.03791,\n    \"10.3\": 0.24428,\n    \"11.0-11.2\": 0.09687,\n    \"11.3-11.4\": 0.13057,\n    \"12.0-12.1\": 0.12635,\n    \"12.2-12.4\": 0.35379,\n    \"13.0-13.1\": 0.12635,\n    \"13.2\": 0.05897,\n    \"13.3\": 0.3201,\n    \"13.4-13.7\": 1.05295,\n    \"14.0-14.4\": 4.6035,\n    \"14.5-14.7\": 33.68602\n  },\n  E: {\n    \"4\": 0,\n    \"5\": 0,\n    \"6\": 0,\n    \"7\": 0,\n    \"8\": 0.00495,\n    \"9\": 0.00495,\n    \"10\": 0,\n    \"11\": 0.00495,\n    \"12\": 0.0099,\n    \"13\": 0.06434,\n    \"14\": 0.4949,\n    \"15\": 0.01485,\n    _: \"0\",\n    \"3.1\": 0,\n    \"3.2\": 0,\n    \"5.1\": 0,\n    \"6.1\": 0,\n    \"7.1\": 0,\n    \"9.1\": 0.02969,\n    \"10.1\": 0.0198,\n    \"11.1\": 0.05939,\n    \"12.1\": 0.08908,\n    \"13.1\": 0.83638,\n    \"14.1\": 2.62297\n  },\n  B: {\n    \"12\": 0.00495,\n    \"13\": 0,\n    \"14\": 0.00495,\n    \"15\": 0.00495,\n    \"16\": 0.00495,\n    \"17\": 0.0099,\n    \"18\": 0.07424,\n    \"79\": 0,\n    \"80\": 0,\n    \"81\": 0,\n    \"83\": 0.00495,\n    \"84\": 0.00495,\n    \"85\": 0.00495,\n    \"86\": 0.00495,\n    \"87\": 0.0099,\n    \"88\": 0.00495,\n    \"89\": 0.0099,\n    \"90\": 0.0099,\n    \"91\": 0.08413,\n    \"92\": 2.717,\n    \"93\": 0.00495\n  },\n  P: {\n    \"4\": 0.07305,\n    \"5.0-5.4\": 0.01044,\n    \"6.2-6.4\": 0,\n    \"7.2-7.4\": 0,\n    \"8.2\": 0,\n    \"9.2\": 0.02087,\n    \"10.1\": 0,\n    \"11.1-11.2\": 0.08348,\n    \"12.0\": 0.03131,\n    \"13.0\": 0.11479,\n    \"14.0\": 1.77404\n  },\n  I: {\n    \"0\": 0,\n    \"3\": 0,\n    \"4\": 0.08466,\n    \"2.1\": 0,\n    \"2.2\": 0,\n    \"2.3\": 0,\n    \"4.1\": 0.02419,\n    \"4.2-4.3\": 0.15723,\n    \"4.4\": 0,\n    \"4.4.3-4.4.4\": 0.26004\n  },\n  K: {\n    _: \"0 10 11 12 11.1 11.5 12.1\"\n  },\n  A: {\n    \"6\": 0,\n    \"7\": 0,\n    \"8\": 0.00549,\n    \"9\": 0.1538,\n    \"10\": 0,\n    \"11\": 0.34056,\n    \"5.5\": 0\n  },\n  J: {\n    \"7\": 0,\n    \"10\": 0.00505\n  },\n  N: {\n    \"10\": 0,\n    \"11\": 0\n  },\n  R: {\n    _: \"0\"\n  },\n  M: {\n    \"0\": 0.42934\n  },\n  Q: {\n    \"10.4\": 0.0202\n  },\n  O: {\n    \"0\": 0.21719\n  },\n  H: {\n    \"0\": 0.2391\n  },\n  L: {\n    \"0\": 29.98338\n  },\n  S: {\n    \"2.5\": 0.00505\n  }\n};","map":{"version":3,"sources":["C:/xampp/public_html/vamo/interface2/node_modules/caniuse-lite/data/regions/US.js"],"names":["module","exports","C","D","F","G","E","_","B","P","I","K","A","J","N","R","M","Q","O","H","L","S"],