{"ast":null,"code":"module.exports = {\n  C: {\n    \"2\": 0,\n    \"3\": 0,\n    \"4\": 0,\n    \"5\": 0,\n    \"6\": 0,\n    \"7\": 0,\n    \"8\": 0,\n    \"9\": 0,\n    \"10\": 0,\n    \"11\": 0,\n    \"12\": 0,\n    \"13\": 0,\n    \"14\": 0,\n    \"15\": 0,\n    \"16\": 0,\n    \"17\": 0,\n    \"18\": 0,\n    \"19\": 0,\n    \"20\": 0,\n    \"21\": 0,\n    \"22\": 0,\n    \"23\": 0,\n    \"24\": 0,\n    \"25\": 0,\n    \"26\": 0,\n    \"27\": 0,\n    \"28\": 0,\n    \"29\": 0.00412,\n    \"30\": 0,\n    \"31\": 0,\n    \"32\": 0,\n    \"33\": 0,\n    \"34\": 0,\n    \"35\": 0.00412,\n    \"36\": 0.00412,\n    \"37\": 0,\n    \"38\": 0,\n    \"39\": 0,\n    \"40\": 0,\n    \"41\": 0,\n    \"42\": 0,\n    \"43\": 0,\n    \"44\": 0,\n    \"45\": 0,\n    \"46\": 0,\n    \"47\": 0,\n    \"48\": 0.00412,\n    \"49\": 0,\n    \"50\": 0,\n    \"51\": 0,\n    \"52\": 0.07002,\n    \"53\": 0,\n    \"54\": 0,\n    \"55\": 0,\n    \"56\": 0.0206,\n    \"57\": 0,\n    \"58\": 0,\n    \"59\": 0,\n    \"60\": 0,\n    \"61\": 0,\n    \"62\": 0,\n    \"63\": 0,\n    \"64\": 0,\n    \"65\": 0.00412,\n    \"66\": 0.00412,\n    \"67\": 0,\n    \"68\": 0.00412,\n    \"69\": 0,\n    \"70\": 0,\n    \"71\": 0,\n    \"72\": 0.00412,\n    \"73\": 0,\n    \"74\": 0,\n    \"75\": 0,\n    \"76\": 0,\n    \"77\": 0,\n    \"78\": 0.04531,\n    \"79\": 0.00412,\n    \"80\": 0.00412,\n    \"81\": 0.00412,\n    \"82\": 0,\n    \"83\": 0.00412,\n    \"84\": 0.00824,\n    \"85\": 0.00412,\n    \"86\": 0.00412,\n    \"87\": 0.00412,\n    \"88\": 0.02471,\n    \"89\": 0.04531,\n    \"90\": 0.60549,\n    \"91\": 0.87323,\n    \"92\": 0.00824,\n    \"93\": 0,\n    \"3.5\": 0,\n    \"3.6\": 0\n  },\n  D: {\n    \"4\": 0,\n    \"5\": 0,\n    \"6\": 0,\n    \"7\": 0,\n    \"8\": 0,\n    \"9\": 0,\n    \"10\": 0,\n    \"11\": 0,\n    \"12\": 0,\n    \"13\": 0,\n    \"14\": 0,\n    \"15\": 0,\n    \"16\": 0,\n    \"17\": 0,\n    \"18\": 0,\n    \"19\": 0,\n    \"20\": 0,\n    \"21\": 0,\n    \"22\": 0,\n    \"23\": 0,\n    \"24\": 0,\n    \"25\": 0,\n    \"26\": 0,\n    \"27\": 0,\n    \"28\": 0,\n    \"29\": 0,\n    \"30\": 0,\n    \"31\": 0,\n    \"32\": 0,\n    \"33\": 0,\n    \"34\": 0,\n    \"35\": 0,\n    \"36\": 0,\n    \"37\": 0,\n    \"38\": 0.00412,\n    \"39\": 0.00412,\n    \"40\": 0,\n    \"41\": 0,\n    \"42\": 0,\n    \"43\": 0,\n    \"44\": 0,\n    \"45\": 0,\n    \"46\": 0,\n    \"47\": 0.00412,\n    \"48\": 0,\n    \"49\": 0.12769,\n    \"50\": 0.00412,\n    \"51\": 0.00412,\n    \"52\": 0,\n    \"53\": 0.00412,\n    \"54\": 0,\n    \"55\": 0.00412,\n    \"56\": 0,\n    \"57\": 0,\n    \"58\": 0.00412,\n    \"59\": 0,\n    \"60\": 0.17712,\n    \"61\": 0.07414,\n    \"62\": 0,\n    \"63\": 0,\n    \"64\": 0.00412,\n    \"65\": 0.00412,\n    \"66\": 0.00412,\n    \"67\": 0.03707,\n    \"68\": 0.00412,\n    \"69\": 0.04943,\n    \"70\": 0.00824,\n    \"71\": 0.00824,\n    \"72\": 0.00412,\n    \"73\": 0.00412,\n    \"74\": 0.00824,\n    \"75\": 0.00824,\n    \"76\": 0.01236,\n    \"77\": 0.00824,\n    \"78\": 0.00824,\n    \"79\": 0.03295,\n    \"80\": 0.01648,\n    \"81\": 0.02883,\n    \"83\": 0.01648,\n    \"84\": 0.0206,\n    \"85\": 0.01236,\n    \"86\": 0.02471,\n    \"87\": 0.07826,\n    \"88\": 0.03295,\n    \"89\": 0.03707,\n    \"90\": 0.05767,\n    \"91\": 0.35423,\n    \"92\": 10.83709,\n    \"93\": 0.00824,\n    \"94\": 0.00824,\n    \"95\": 0,\n    \"96\": 0\n  },\n  F: {\n    \"9\": 0,\n    \"11\": 0,\n    \"12\": 0,\n    \"15\": 0,\n    \"16\": 0,\n    \"17\": 0,\n    \"18\": 0,\n    \"19\": 0,\n    \"20\": 0,\n    \"21\": 0,\n    \"22\": 0,\n    \"23\": 0,\n    \"24\": 0,\n    \"25\": 0,\n    \"26\": 0,\n    \"27\": 0,\n    \"28\": 0,\n    \"29\": 0,\n    \"30\": 0,\n    \"31\": 0,\n    \"32\": 0,\n    \"33\": 0,\n    \"34\": 0,\n    \"35\": 0,\n    \"36\": 0.00412,\n    \"37\": 0,\n    \"38\": 0,\n    \"39\": 0,\n    \"40\": 0,\n    \"41\": 0,\n    \"42\": 0,\n    \"43\": 0,\n    \"44\": 0,\n    \"45\": 0,\n    \"46\": 0,\n    \"47\": 0,\n    \"48\": 0,\n    \"49\": 0,\n    \"50\": 0,\n    \"51\": 0,\n    \"52\": 0,\n    \"53\": 0,\n    \"54\": 0,\n    \"55\": 0,\n    \"56\": 0,\n    \"57\": 0,\n    \"58\": 0.01236,\n    \"60\": 0,\n    \"62\": 0,\n    \"63\": 0,\n    \"64\": 0,\n    \"65\": 0.00412,\n    \"66\": 0,\n    \"67\": 0,\n    \"68\": 0,\n    \"69\": 0,\n    \"70\": 0,\n    \"71\": 0,\n    \"72\": 0,\n    \"73\": 0,\n    \"74\": 0,\n    \"75\": 0,\n    \"76\": 0.00412,\n    \"77\": 0.50252,\n    \"78\": 0.41602,\n    \"9.5-9.6\": 0,\n    \"10.0-10.1\": 0,\n    \"10.5\": 0,\n    \"10.6\": 0,\n    \"11.1\": 0,\n    \"11.5\": 0,\n    \"11.6\": 0,\n    \"12.1\": 0\n  },\n  G: {\n    \"8\": 0,\n    \"3.2\": 0.03494,\n    \"4.0-4.1\": 0,\n    \"4.2-4.3\": 0,\n    \"5.0-5.1\": 0.13367,\n    \"6.0-6.1\": 0.00456,\n    \"7.0-7.1\": 0.0076,\n    \"8.1-8.4\": 0.01975,\n    \"9.0-9.2\": 0.00304,\n    \"9.3\": 0.05924,\n    \"10.0-10.2\": 0.0076,\n    \"10.3\": 0.07595,\n    \"11.0-11.2\": 0.03798,\n    \"11.3-11.4\": 0.10785,\n    \"12.0-12.1\": 0.03949,\n    \"12.2-12.4\": 0.13519,\n    \"13.0-13.1\": 0.04101,\n    \"13.2\": 0.02279,\n    \"13.3\": 0.12,\n    \"13.4-13.7\": 0.43748,\n    \"14.0-14.4\": 1.81675,\n    \"14.5-14.7\": 11.62963\n  },\n  E: {\n    \"4\": 0,\n    \"5\": 0,\n    \"6\": 0,\n    \"7\": 0,\n    \"8\": 0,\n    \"9\": 0,\n    \"10\": 0,\n    \"11\": 0,\n    \"12\": 0,\n    \"13\": 0.01648,\n    \"14\": 0.07414,\n    \"15\": 0.00412,\n    _: \"0\",\n    \"3.1\": 0,\n    \"3.2\": 0,\n    \"5.1\": 0,\n    \"6.1\": 0,\n    \"7.1\": 0,\n    \"9.1\": 0,\n    \"10.1\": 0,\n    \"11.1\": 0.00824,\n    \"12.1\": 0.00824,\n    \"13.1\": 0.04119,\n    \"14.1\": 0.26774\n  },\n  B: {\n    \"12\": 0,\n    \"13\": 0,\n    \"14\": 0,\n    \"15\": 0.00824,\n    \"16\": 0,\n    \"17\": 0.00412,\n    \"18\": 0.01648,\n    \"79\": 0,\n    \"80\": 0,\n    \"81\": 0,\n    \"83\": 0,\n    \"84\": 0.00412,\n    \"85\": 0.00412,\n    \"86\": 0.00412,\n    \"87\": 0,\n    \"88\": 0,\n    \"89\": 0.00824,\n    \"90\": 0.00824,\n    \"91\": 0.02883,\n    \"92\": 0.89382,\n    \"93\": 0.0206\n  },\n  P: {\n    \"4\": 0.21276,\n    \"5.0-5.4\": 0.01013,\n    \"6.2-6.4\": 0.01013,\n    \"7.2-7.4\": 0.03039,\n    \"8.2\": 0.01013,\n    \"9.2\": 0.08105,\n    \"10.1\": 0.02026,\n    \"11.1-11.2\": 0.27355,\n    \"12.0\": 0.13171,\n    \"13.0\": 0.28369,\n    \"14.0\": 3.86015\n  },\n  I: {\n    \"0\": 0,\n    \"3\": 0,\n    \"4\": 0,\n    \"2.1\": 0,\n    \"2.2\": 0,\n    \"2.3\": 0,\n    \"4.1\": 0.00603,\n    \"4.2-4.3\": 0.03619,\n    \"4.4\": 0,\n    \"4.4.3-4.4.4\": 0.22014\n  },\n  K: {\n    _: \"0 10 11 12 11.1 11.5 12.1\"\n  },\n  A: {\n    \"6\": 0,\n    \"7\": 0,\n    \"8\": 0.00449,\n    \"9\": 0.00449,\n    \"10\": 0,\n    \"11\": 0.19286,\n    \"5.5\": 0\n  },\n  J: {\n    \"7\": 0,\n    \"10\": 0\n  },\n  N: {\n    \"10\": 0,\n    \"11\": 0\n  },\n  R: {\n    _: \"0\"\n  },\n  M: {\n    \"0\": 0.28229\n  },\n  Q: {\n    \"10.4\": 0\n  },\n  O: {\n    \"0\": 0.07057\n  },\n  H: {\n    \"0\": 0.42872\n  },\n  L: {\n    \"0\": 59.993\n  },\n  S: {\n    \"2.5\": 0\n  }\n};","map":{"version":3,"sources":["C:/xampp/public_html/vamo/interface2/node_modules/caniuse-lite/data/regions/RO.js"],"names":["module","exports","C","D","F","G","E","_","B","P","I","K","A","J","N","R","M","Q","O","H","L","S"],