{"ast":null,"code":"module.exports = {\n  C: {\n    \"2\": 0,\n    \"3\": 0,\n    \"4\": 0,\n    \"5\": 0,\n    \"6\": 0,\n    \"7\": 0,\n    \"8\": 0,\n    \"9\": 0,\n    \"10\": 0,\n    \"11\": 0,\n    \"12\": 0,\n    \"13\": 0,\n    \"14\": 0,\n    \"15\": 0,\n    \"16\": 0,\n    \"17\": 0,\n    \"18\": 0,\n    \"19\": 0,\n    \"20\": 0,\n    \"21\": 0,\n    \"22\": 0,\n    \"23\": 0,\n    \"24\": 0,\n    \"25\": 0,\n    \"26\": 0,\n    \"27\": 0,\n    \"28\": 0,\n    \"29\": 0,\n    \"30\": 0,\n    \"31\": 0,\n    \"32\": 0,\n    \"33\": 0,\n    \"34\": 0,\n    \"35\": 0.00906,\n    \"36\": 0.00906,\n    \"37\": 0,\n    \"38\": 0,\n    \"39\": 0,\n    \"40\": 0,\n    \"41\": 0,\n    \"42\": 0,\n    \"43\": 0,\n    \"44\": 0,\n    \"45\": 0,\n    \"46\": 0,\n    \"47\": 0.00453,\n    \"48\": 0.00453,\n    \"49\": 0,\n    \"50\": 0.00453,\n    \"51\": 0.00453,\n    \"52\": 0.09064,\n    \"53\": 0,\n    \"54\": 0,\n    \"55\": 0,\n    \"56\": 0.00453,\n    \"57\": 0,\n    \"58\": 0,\n    \"59\": 0,\n    \"60\": 0.00453,\n    \"61\": 0,\n    \"62\": 0,\n    \"63\": 0.00453,\n    \"64\": 0,\n    \"65\": 0,\n    \"66\": 0.00453,\n    \"67\": 0,\n    \"68\": 0.00906,\n    \"69\": 0.00453,\n    \"70\": 0,\n    \"71\": 0,\n    \"72\": 0.00453,\n    \"73\": 0,\n    \"74\": 0.00453,\n    \"75\": 0,\n    \"76\": 0.00453,\n    \"77\": 0.00453,\n    \"78\": 0.05438,\n    \"79\": 0,\n    \"80\": 0.00453,\n    \"81\": 0.00453,\n    \"82\": 0.00453,\n    \"83\": 0.00453,\n    \"84\": 0.02266,\n    \"85\": 0.00906,\n    \"86\": 0.00453,\n    \"87\": 0.01813,\n    \"88\": 0.06798,\n    \"89\": 0.54384,\n    \"90\": 1.08315,\n    \"91\": 1.68137,\n    \"92\": 0.00453,\n    \"93\": 0,\n    \"3.5\": 0,\n    \"3.6\": 0\n  },\n  D: {\n    \"4\": 0,\n    \"5\": 0,\n    \"6\": 0,\n    \"7\": 0,\n    \"8\": 0,\n    \"9\": 0,\n    \"10\": 0,\n    \"11\": 0,\n    \"12\": 0,\n    \"13\": 0,\n    \"14\": 0,\n    \"15\": 0,\n    \"16\": 0,\n    \"17\": 0,\n    \"18\": 0,\n    \"19\": 0,\n    \"20\": 0,\n    \"21\": 0,\n    \"22\": 0,\n    \"23\": 0,\n    \"24\": 0,\n    \"25\": 0,\n    \"26\": 0,\n    \"27\": 0,\n    \"28\": 0,\n    \"29\": 0,\n    \"30\": 0,\n    \"31\": 0,\n    \"32\": 0,\n    \"33\": 0,\n    \"34\": 0.00906,\n    \"35\": 0,\n    \"36\": 0,\n    \"37\": 0,\n    \"38\": 0.01813,\n    \"39\": 0,\n    \"40\": 0,\n    \"41\": 0,\n    \"42\": 0,\n    \"43\": 0,\n    \"44\": 0,\n    \"45\": 0,\n    \"46\": 0,\n    \"47\": 0,\n    \"48\": 0.00453,\n    \"49\": 0.28552,\n    \"50\": 0,\n    \"51\": 0,\n    \"52\": 0,\n    \"53\": 0.0136,\n    \"54\": 0,\n    \"55\": 0,\n    \"56\": 0,\n    \"57\": 0,\n    \"58\": 0.00453,\n    \"59\": 0,\n    \"60\": 0,\n    \"61\": 0.02719,\n    \"62\": 0,\n    \"63\": 0,\n    \"64\": 0,\n    \"65\": 0.00453,\n    \"66\": 0,\n    \"67\": 0.00453,\n    \"68\": 0.00453,\n    \"69\": 0.00453,\n    \"70\": 0.00453,\n    \"71\": 0.00453,\n    \"72\": 0.00453,\n    \"73\": 0.00453,\n    \"74\": 0.00453,\n    \"75\": 0.00453,\n    \"76\": 0.00453,\n    \"77\": 0.00906,\n    \"78\": 0.00906,\n    \"79\": 0.1269,\n    \"80\": 0.00906,\n    \"81\": 0.02266,\n    \"83\": 0.0136,\n    \"84\": 0.0136,\n    \"85\": 0.00906,\n    \"86\": 0.01813,\n    \"87\": 0.1133,\n    \"88\": 0.04079,\n    \"89\": 0.04532,\n    \"90\": 0.07704,\n    \"91\": 0.42601,\n    \"92\": 11.82399,\n    \"93\": 0.00453,\n    \"94\": 0.00453,\n    \"95\": 0,\n    \"96\": 0\n  },\n  F: {\n    \"9\": 0,\n    \"11\": 0,\n    \"12\": 0,\n    \"15\": 0,\n    \"16\": 0,\n    \"17\": 0,\n    \"18\": 0,\n    \"19\": 0,\n    \"20\": 0,\n    \"21\": 0,\n    \"22\": 0,\n    \"23\": 0,\n    \"24\": 0,\n    \"25\": 0,\n    \"26\": 0,\n    \"27\": 0,\n    \"28\": 0,\n    \"29\": 0,\n    \"30\": 0,\n    \"31\": 0,\n    \"32\": 0,\n    \"33\": 0,\n    \"34\": 0,\n    \"35\": 0,\n    \"36\": 0.00453,\n    \"37\": 0,\n    \"38\": 0,\n    \"39\": 0,\n    \"40\": 0,\n    \"41\": 0,\n    \"42\": 0,\n    \"43\": 0,\n    \"44\": 0,\n    \"45\": 0,\n    \"46\": 0.00453,\n    \"47\": 0,\n    \"48\": 0,\n    \"49\": 0,\n    \"50\": 0,\n    \"51\": 0,\n    \"52\": 0,\n    \"53\": 0,\n    \"54\": 0,\n    \"55\": 0,\n    \"56\": 0,\n    \"57\": 0,\n    \"58\": 0.02719,\n    \"60\": 0,\n    \"62\": 0,\n    \"63\": 0,\n    \"64\": 0,\n    \"65\": 0.00453,\n    \"66\": 0,\n    \"67\": 0,\n    \"68\": 0,\n    \"69\": 0,\n    \"70\": 0,\n    \"71\": 0,\n    \"72\": 0,\n    \"73\": 0.00453,\n    \"74\": 0,\n    \"75\": 0,\n    \"76\": 0,\n    \"77\": 0.51665,\n    \"78\": 0.4396,\n    \"9.5-9.6\": 0,\n    \"10.0-10.1\": 0,\n    \"10.5\": 0,\n    \"10.6\": 0,\n    \"11.1\": 0,\n    \"11.5\": 0,\n    \"11.6\": 0,\n    \"12.1\": 0\n  },\n  G: {\n    \"8\": 0,\n    \"3.2\": 0,\n    \"4.0-4.1\": 0,\n    \"4.2-4.3\": 0,\n    \"5.0-5.1\": 0.00593,\n    \"6.0-6.1\": 0,\n    \"7.0-7.1\": 0.01928,\n    \"8.1-8.4\": 0.08603,\n    \"9.0-9.2\": 0.00148,\n    \"9.3\": 0.07417,\n    \"10.0-10.2\": 0.01038,\n    \"10.3\": 0.08455,\n    \"11.0-11.2\": 0.03708,\n    \"11.3-11.4\": 0.03412,\n    \"12.0-12.1\": 0.04153,\n    \"12.2-12.4\": 0.1157,\n    \"13.0-13.1\": 0.03115,\n    \"13.2\": 0.01335,\n    \"13.3\": 0.09345,\n    \"13.4-13.7\": 0.37826,\n    \"14.0-14.4\": 1.42847,\n    \"14.5-14.7\": 11.93506\n  },\n  E: {\n    \"4\": 0,\n    \"5\": 0,\n    \"6\": 0,\n    \"7\": 0,\n    \"8\": 0,\n    \"9\": 0,\n    \"10\": 0,\n    \"11\": 0,\n    \"12\": 0,\n    \"13\": 0.02719,\n    \"14\": 0.10877,\n    \"15\": 0.00453,\n    _: \"0\",\n    \"3.1\": 0,\n    \"3.2\": 0,\n    \"5.1\": 0,\n    \"6.1\": 0,\n    \"7.1\": 0,\n    \"9.1\": 0,\n    \"10.1\": 0,\n    \"11.1\": 0.00906,\n    \"12.1\": 0.0136,\n    \"13.1\": 0.05892,\n    \"14.1\": 0.4668\n  },\n  B: {\n    \"12\": 0,\n    \"13\": 0,\n    \"14\": 0.00453,\n    \"15\": 0.00453,\n    \"16\": 0,\n    \"17\": 0.00906,\n    \"18\": 0.02719,\n    \"79\": 0,\n    \"80\": 0,\n    \"81\": 0,\n    \"83\": 0,\n    \"84\": 0,\n    \"85\": 0,\n    \"86\": 0,\n    \"87\": 0.00453,\n    \"88\": 0.00453,\n    \"89\": 0.00453,\n    \"90\": 0.00453,\n    \"91\": 0.02266,\n    \"92\": 1.24177,\n    \"93\": 0.00453\n  },\n  P: {\n    \"4\": 0.34791,\n    \"5.0-5.4\": 0,\n    \"6.2-6.4\": 0,\n    \"7.2-7.4\": 0.01023,\n    \"8.2\": 0,\n    \"9.2\": 0.02047,\n    \"10.1\": 0.02047,\n    \"11.1-11.2\": 0.09209,\n    \"12.0\": 0.04093,\n    \"13.0\": 0.15349,\n    \"14.0\": 2.66045\n  },\n  I: {\n    \"0\": 0,\n    \"3\": 0,\n    \"4\": 0.00406,\n    \"2.1\": 0,\n    \"2.2\": 0,\n    \"2.3\": 0,\n    \"4.1\": 0.01015,\n    \"4.2-4.3\": 0.02435,\n    \"4.4\": 0,\n    \"4.4.3-4.4.4\": 0.13597\n  },\n  K: {\n    _: \"0 10 11 12 11.1 11.5 12.1\"\n  },\n  A: {\n    \"6\": 0,\n    \"7\": 0,\n    \"8\": 0,\n    \"9\": 0,\n    \"10\": 0,\n    \"11\": 0.10877,\n    \"5.5\": 0\n  },\n  J: {\n    \"7\": 0,\n    \"10\": 0.00547\n  },\n  N: {\n    \"10\": 0,\n    \"11\": 0\n  },\n  R: {\n    _: \"0\"\n  },\n  M: {\n    \"0\": 0.37182\n  },\n  Q: {\n    \"10.4\": 0\n  },\n  O: {\n    \"0\": 0.05468\n  },\n  H: {\n    \"0\": 0.49179\n  },\n  L: {\n    \"0\": 58.84416\n  },\n  S: {\n    \"2.5\": 0\n  }\n};","map":{"version":3,"sources":["C:/xampp/public_html/vamo/interface2/node_modules/caniuse-lite/data/regions/HU.js"],"names":["module","exports","C","D","F","G","E","_","B","P","I","K","A","J","N","R","M","Q","O","H","L","S"],