{"ast":null,"code":"module.exports = {\n  C: {\n    \"2\": 0,\n    \"3\": 0,\n    \"4\": 0,\n    \"5\": 0,\n    \"6\": 0,\n    \"7\": 0,\n    \"8\": 0,\n    \"9\": 0,\n    \"10\": 0,\n    \"11\": 0,\n    \"12\": 0,\n    \"13\": 0,\n    \"14\": 0,\n    \"15\": 0,\n    \"16\": 0,\n    \"17\": 0,\n    \"18\": 0,\n    \"19\": 0,\n    \"20\": 0,\n    \"21\": 0,\n    \"22\": 0,\n    \"23\": 0,\n    \"24\": 0,\n    \"25\": 0,\n    \"26\": 0,\n    \"27\": 0,\n    \"28\": 0,\n    \"29\": 0,\n    \"30\": 0,\n    \"31\": 0,\n    \"32\": 0,\n    \"33\": 0,\n    \"34\": 0,\n    \"35\": 0.0051,\n    \"36\": 0.0051,\n    \"37\": 0,\n    \"38\": 0,\n    \"39\": 0,\n    \"40\": 0,\n    \"41\": 0,\n    \"42\": 0,\n    \"43\": 0,\n    \"44\": 0,\n    \"45\": 0,\n    \"46\": 0,\n    \"47\": 0,\n    \"48\": 0,\n    \"49\": 0,\n    \"50\": 0,\n    \"51\": 0,\n    \"52\": 0.01531,\n    \"53\": 0,\n    \"54\": 0,\n    \"55\": 0,\n    \"56\": 0,\n    \"57\": 0.0051,\n    \"58\": 0,\n    \"59\": 0,\n    \"60\": 0,\n    \"61\": 0,\n    \"62\": 0,\n    \"63\": 0,\n    \"64\": 0,\n    \"65\": 0,\n    \"66\": 0.0051,\n    \"67\": 0,\n    \"68\": 0,\n    \"69\": 0.0051,\n    \"70\": 0,\n    \"71\": 0,\n    \"72\": 0.02041,\n    \"73\": 0,\n    \"74\": 0,\n    \"75\": 0,\n    \"76\": 0,\n    \"77\": 0.0051,\n    \"78\": 0.05613,\n    \"79\": 0,\n    \"80\": 0.0051,\n    \"81\": 0,\n    \"82\": 0,\n    \"83\": 0,\n    \"84\": 0,\n    \"85\": 0,\n    \"86\": 0,\n    \"87\": 0,\n    \"88\": 0.02041,\n    \"89\": 0.09185,\n    \"90\": 1.16348,\n    \"91\": 1.68399,\n    \"92\": 0,\n    \"93\": 0,\n    \"3.5\": 0,\n    \"3.6\": 0\n  },\n  D: {\n    \"4\": 0,\n    \"5\": 0,\n    \"6\": 0,\n    \"7\": 0,\n    \"8\": 0,\n    \"9\": 0,\n    \"10\": 0,\n    \"11\": 0,\n    \"12\": 0,\n    \"13\": 0,\n    \"14\": 0,\n    \"15\": 0,\n    \"16\": 0,\n    \"17\": 0,\n    \"18\": 0,\n    \"19\": 0,\n    \"20\": 0,\n    \"21\": 0,\n    \"22\": 0,\n    \"23\": 0,\n    \"24\": 0,\n    \"25\": 0,\n    \"26\": 0,\n    \"27\": 0,\n    \"28\": 0,\n    \"29\": 0,\n    \"30\": 0,\n    \"31\": 0,\n    \"32\": 0,\n    \"33\": 0,\n    \"34\": 0,\n    \"35\": 0,\n    \"36\": 0,\n    \"37\": 0,\n    \"38\": 0,\n    \"39\": 0,\n    \"40\": 0,\n    \"41\": 0,\n    \"42\": 0,\n    \"43\": 0.01021,\n    \"44\": 0,\n    \"45\": 0,\n    \"46\": 0,\n    \"47\": 0.0051,\n    \"48\": 0,\n    \"49\": 0.63277,\n    \"50\": 0,\n    \"51\": 0,\n    \"52\": 0,\n    \"53\": 0.0051,\n    \"54\": 0,\n    \"55\": 0,\n    \"56\": 0,\n    \"57\": 0,\n    \"58\": 0,\n    \"59\": 0,\n    \"60\": 0,\n    \"61\": 0,\n    \"62\": 0.03572,\n    \"63\": 0,\n    \"64\": 0.0051,\n    \"65\": 0.0051,\n    \"66\": 0,\n    \"67\": 0,\n    \"68\": 0,\n    \"69\": 0.01021,\n    \"70\": 0.0051,\n    \"71\": 0.0051,\n    \"72\": 0,\n    \"73\": 0,\n    \"74\": 0.0051,\n    \"75\": 0.0051,\n    \"76\": 0,\n    \"77\": 0.06634,\n    \"78\": 0,\n    \"79\": 0.04593,\n    \"80\": 0.08675,\n    \"81\": 0.06124,\n    \"83\": 0.04593,\n    \"84\": 0,\n    \"85\": 0,\n    \"86\": 0.01531,\n    \"87\": 0.13268,\n    \"88\": 0.03062,\n    \"89\": 0.08165,\n    \"90\": 0.07655,\n    \"91\": 0.95936,\n    \"92\": 13.07389,\n    \"93\": 0,\n    \"94\": 0.0051,\n    \"95\": 0.04593,\n    \"96\": 0\n  },\n  F: {\n    \"9\": 0,\n    \"11\": 0,\n    \"12\": 0,\n    \"15\": 0,\n    \"16\": 0,\n    \"17\": 0,\n    \"18\": 0,\n    \"19\": 0,\n    \"20\": 0,\n    \"21\": 0,\n    \"22\": 0,\n    \"23\": 0,\n    \"24\": 0,\n    \"25\": 0,\n    \"26\": 0,\n    \"27\": 0,\n    \"28\": 0,\n    \"29\": 0,\n    \"30\": 0,\n    \"31\": 0,\n    \"32\": 0,\n    \"33\": 0,\n    \"34\": 0,\n    \"35\": 0,\n    \"36\": 0,\n    \"37\": 0,\n    \"38\": 0,\n    \"39\": 0,\n    \"40\": 0.01021,\n    \"41\": 0,\n    \"42\": 0,\n    \"43\": 0,\n    \"44\": 0,\n    \"45\": 0,\n    \"46\": 0,\n    \"47\": 0,\n    \"48\": 0,\n    \"49\": 0,\n    \"50\": 0,\n    \"51\": 0,\n    \"52\": 0,\n    \"53\": 0,\n    \"54\": 0,\n    \"55\": 0,\n    \"56\": 0,\n    \"57\": 0,\n    \"58\": 0.0051,\n    \"60\": 0,\n    \"62\": 0,\n    \"63\": 0,\n    \"64\": 0,\n    \"65\": 0,\n    \"66\": 0,\n    \"67\": 0,\n    \"68\": 0,\n    \"69\": 0,\n    \"70\": 0,\n    \"71\": 0,\n    \"72\": 0,\n    \"73\": 0,\n    \"74\": 0.03572,\n    \"75\": 0,\n    \"76\": 0,\n    \"77\": 0.3368,\n    \"78\": 0.30618,\n    \"9.5-9.6\": 0,\n    \"10.0-10.1\": 0,\n    \"10.5\": 0,\n    \"10.6\": 0,\n    \"11.1\": 0,\n    \"11.5\": 0,\n    \"11.6\": 0,\n    \"12.1\": 0\n  },\n  G: {\n    \"8\": 0.09677,\n    \"3.2\": 0,\n    \"4.0-4.1\": 0,\n    \"4.2-4.3\": 0,\n    \"5.0-5.1\": 0.00496,\n    \"6.0-6.1\": 0,\n    \"7.0-7.1\": 0.01489,\n    \"8.1-8.4\": 0.02729,\n    \"9.0-9.2\": 0,\n    \"9.3\": 0.22083,\n    \"10.0-10.2\": 0.11165,\n    \"10.3\": 0.33744,\n    \"11.0-11.2\": 0.04218,\n    \"11.3-11.4\": 0.05707,\n    \"12.0-12.1\": 0.02729,\n    \"12.2-12.4\": 0.15383,\n    \"13.0-13.1\": 0.12406,\n    \"13.2\": 0.00744,\n    \"13.3\": 0.11165,\n    \"13.4-13.7\": 0.38707,\n    \"14.0-14.4\": 2.02218,\n    \"14.5-14.7\": 20.10269\n  },\n  E: {\n    \"4\": 0,\n    \"5\": 0,\n    \"6\": 0,\n    \"7\": 0,\n    \"8\": 0,\n    \"9\": 0,\n    \"10\": 0,\n    \"11\": 0,\n    \"12\": 0,\n    \"13\": 0.01531,\n    \"14\": 0.54602,\n    \"15\": 0.02041,\n    _: \"0\",\n    \"3.1\": 0,\n    \"3.2\": 0,\n    \"5.1\": 0,\n    \"6.1\": 0,\n    \"7.1\": 0,\n    \"9.1\": 0.0051,\n    \"10.1\": 0.0051,\n    \"11.1\": 0.02552,\n    \"12.1\": 0.05103,\n    \"13.1\": 0.35721,\n    \"14.1\": 2.13816\n  },\n  B: {\n    \"12\": 0,\n    \"13\": 0,\n    \"14\": 0.01021,\n    \"15\": 0,\n    \"16\": 0,\n    \"17\": 0,\n    \"18\": 0.01021,\n    \"79\": 0,\n    \"80\": 0,\n    \"81\": 0,\n    \"83\": 0,\n    \"84\": 0,\n    \"85\": 0.01531,\n    \"86\": 0,\n    \"87\": 0.0051,\n    \"88\": 0,\n    \"89\": 0,\n    \"90\": 0,\n    \"91\": 0.04082,\n    \"92\": 1.55131,\n    \"93\": 0\n  },\n  P: {\n    \"4\": 0.10454,\n    \"5.0-5.4\": 0,\n    \"6.2-6.4\": 0,\n    \"7.2-7.4\": 0,\n    \"8.2\": 0,\n    \"9.2\": 0,\n    \"10.1\": 0,\n    \"11.1-11.2\": 0.06272,\n    \"12.0\": 0.01045,\n    \"13.0\": 0.05227,\n    \"14.0\": 2.21616\n  },\n  I: {\n    \"0\": 0,\n    \"3\": 0,\n    \"4\": 0.00898,\n    \"2.1\": 0,\n    \"2.2\": 0,\n    \"2.3\": 0,\n    \"4.1\": 0.00299,\n    \"4.2-4.3\": 0.01198,\n    \"4.4\": 0,\n    \"4.4.3-4.4.4\": 0.28445\n  },\n  K: {\n    _: \"0 10 11 12 11.1 11.5 12.1\"\n  },\n  A: {\n    \"6\": 0,\n    \"7\": 0,\n    \"8\": 0,\n    \"9\": 0,\n    \"10\": 0,\n    \"11\": 0.39803,\n    \"5.5\": 0\n  },\n  J: {\n    \"7\": 0,\n    \"10\": 0\n  },\n  N: {\n    \"10\": 0,\n    \"11\": 0\n  },\n  R: {\n    _: \"0\"\n  },\n  M: {\n    \"0\": 0.23506\n  },\n  Q: {\n    \"10.4\": 0\n  },\n  O: {\n    \"0\": 0.00979\n  },\n  H: {\n    \"0\": 0.25963\n  },\n  L: {\n    \"0\": 46.35901\n  },\n  S: {\n    \"2.5\": 0\n  }\n};","map":{"version":3,"sources":["C:/xampp/public_html/vamo/interface2/node_modules/caniuse-lite/data/regions/AD.js"],"names":["module","exports","C","D","F","G","E","_","B","P","I","K","A","J","N","R","M","Q","O","H","L","S"],