{"ast":null,"code":"module.exports = {\n  C: {\n    \"2\": 0,\n    \"3\": 0,\n    \"4\": 0,\n    \"5\": 0,\n    \"6\": 0,\n    \"7\": 0,\n    \"8\": 0,\n    \"9\": 0,\n    \"10\": 0,\n    \"11\": 0,\n    \"12\": 0,\n    \"13\": 0,\n    \"14\": 0,\n    \"15\": 0,\n    \"16\": 0,\n    \"17\": 0,\n    \"18\": 0,\n    \"19\": 0,\n    \"20\": 0,\n    \"21\": 0,\n    \"22\": 0,\n    \"23\": 0,\n    \"24\": 0,\n    \"25\": 0,\n    \"26\": 0,\n    \"27\": 0,\n    \"28\": 0,\n    \"29\": 0,\n    \"30\": 0,\n    \"31\": 0,\n    \"32\": 0,\n    \"33\": 0,\n    \"34\": 0,\n    \"35\": 0.02,\n    \"36\": 0.01,\n    \"37\": 0,\n    \"38\": 0,\n    \"39\": 0,\n    \"40\": 0,\n    \"41\": 0,\n    \"42\": 0,\n    \"43\": 0,\n    \"44\": 0,\n    \"45\": 0,\n    \"46\": 0,\n    \"47\": 0,\n    \"48\": 0.01,\n    \"49\": 0,\n    \"50\": 0,\n    \"51\": 0,\n    \"52\": 0.02,\n    \"53\": 0,\n    \"54\": 0,\n    \"55\": 0,\n    \"56\": 0.005,\n    \"57\": 0,\n    \"58\": 0,\n    \"59\": 0,\n    \"60\": 0.005,\n    \"61\": 0,\n    \"62\": 0,\n    \"63\": 0,\n    \"64\": 0,\n    \"65\": 0,\n    \"66\": 0,\n    \"67\": 0,\n    \"68\": 0.01,\n    \"69\": 0,\n    \"70\": 0,\n    \"71\": 0,\n    \"72\": 0,\n    \"73\": 0,\n    \"74\": 0.01,\n    \"75\": 0,\n    \"76\": 0,\n    \"77\": 0.005,\n    \"78\": 0.09002,\n    \"79\": 0.005,\n    \"80\": 0.01,\n    \"81\": 0.01,\n    \"82\": 0.005,\n    \"83\": 0.005,\n    \"84\": 0.015,\n    \"85\": 0.005,\n    \"86\": 0.005,\n    \"87\": 0.01,\n    \"88\": 0.04001,\n    \"89\": 0.06501,\n    \"90\": 0.74015,\n    \"91\": 1.09022,\n    \"92\": 0.005,\n    \"93\": 0,\n    \"3.5\": 0,\n    \"3.6\": 0\n  },\n  D: {\n    \"4\": 0,\n    \"5\": 0,\n    \"6\": 0,\n    \"7\": 0,\n    \"8\": 0,\n    \"9\": 0,\n    \"10\": 0,\n    \"11\": 0,\n    \"12\": 0,\n    \"13\": 0,\n    \"14\": 0,\n    \"15\": 0,\n    \"16\": 0,\n    \"17\": 0,\n    \"18\": 0,\n    \"19\": 0,\n    \"20\": 0,\n    \"21\": 0,\n    \"22\": 0,\n    \"23\": 0,\n    \"24\": 0,\n    \"25\": 0,\n    \"26\": 0,\n    \"27\": 0,\n    \"28\": 0,\n    \"29\": 0,\n    \"30\": 0,\n    \"31\": 0,\n    \"32\": 0,\n    \"33\": 0,\n    \"34\": 0,\n    \"35\": 0,\n    \"36\": 0,\n    \"37\": 0,\n    \"38\": 0.005,\n    \"39\": 0,\n    \"40\": 0,\n    \"41\": 0,\n    \"42\": 0,\n    \"43\": 0,\n    \"44\": 0,\n    \"45\": 0,\n    \"46\": 0,\n    \"47\": 0.01,\n    \"48\": 0.01,\n    \"49\": 0.27005,\n    \"50\": 0,\n    \"51\": 0,\n    \"52\": 0.07502,\n    \"53\": 0,\n    \"54\": 0,\n    \"55\": 0,\n    \"56\": 0.005,\n    \"57\": 0,\n    \"58\": 0,\n    \"59\": 0.005,\n    \"60\": 0,\n    \"61\": 0.10002,\n    \"62\": 0,\n    \"63\": 0.005,\n    \"64\": 0.03501,\n    \"65\": 0.005,\n    \"66\": 0.01,\n    \"67\": 0.01,\n    \"68\": 0.005,\n    \"69\": 0.015,\n    \"70\": 0.05501,\n    \"71\": 0.01,\n    \"72\": 0.04501,\n    \"73\": 0.005,\n    \"74\": 0.01,\n    \"75\": 0.015,\n    \"76\": 0.05501,\n    \"77\": 0.01,\n    \"78\": 0.01,\n    \"79\": 0.11502,\n    \"80\": 0.06501,\n    \"81\": 0.015,\n    \"83\": 0.06001,\n    \"84\": 0.08002,\n    \"85\": 0.07502,\n    \"86\": 0.10002,\n    \"87\": 0.21504,\n    \"88\": 0.06001,\n    \"89\": 0.07502,\n    \"90\": 0.14003,\n    \"91\": 0.87017,\n    \"92\": 11.40728,\n    \"93\": 0.01,\n    \"94\": 0.005,\n    \"95\": 0,\n    \"96\": 0\n  },\n  F: {\n    \"9\": 0,\n    \"11\": 0,\n    \"12\": 0,\n    \"15\": 0,\n    \"16\": 0,\n    \"17\": 0,\n    \"18\": 0,\n    \"19\": 0,\n    \"20\": 0,\n    \"21\": 0,\n    \"22\": 0,\n    \"23\": 0,\n    \"24\": 0,\n    \"25\": 0,\n    \"26\": 0,\n    \"27\": 0,\n    \"28\": 0,\n    \"29\": 0,\n    \"30\": 0,\n    \"31\": 0,\n    \"32\": 0,\n    \"33\": 0,\n    \"34\": 0,\n    \"35\": 0,\n    \"36\": 0.005,\n    \"37\": 0,\n    \"38\": 0,\n    \"39\": 0,\n    \"40\": 0,\n    \"41\": 0,\n    \"42\": 0,\n    \"43\": 0,\n    \"44\": 0,\n    \"45\": 0,\n    \"46\": 0,\n    \"47\": 0,\n    \"48\": 0,\n    \"49\": 0,\n    \"50\": 0,\n    \"51\": 0,\n    \"52\": 0,\n    \"53\": 0,\n    \"54\": 0,\n    \"55\": 0,\n    \"56\": 0,\n    \"57\": 0,\n    \"58\": 0.02501,\n    \"60\": 0,\n    \"62\": 0,\n    \"63\": 0,\n    \"64\": 0,\n    \"65\": 0.005,\n    \"66\": 0,\n    \"67\": 0.01,\n    \"68\": 0.005,\n    \"69\": 0.005,\n    \"70\": 0,\n    \"71\": 0,\n    \"72\": 0.005,\n    \"73\": 0,\n    \"74\": 0.005,\n    \"75\": 0,\n    \"76\": 0,\n    \"77\": 0.19004,\n    \"78\": 0.15503,\n    \"9.5-9.6\": 0,\n    \"10.0-10.1\": 0,\n    \"10.5\": 0,\n    \"10.6\": 0,\n    \"11.1\": 0,\n    \"11.5\": 0,\n    \"11.6\": 0,\n    \"12.1\": 0\n  },\n  G: {\n    \"8\": 0,\n    \"3.2\": 0,\n    \"4.0-4.1\": 0,\n    \"4.2-4.3\": 0,\n    \"5.0-5.1\": 0.01421,\n    \"6.0-6.1\": 0.00284,\n    \"7.0-7.1\": 0.00568,\n    \"8.1-8.4\": 0.01136,\n    \"9.0-9.2\": 0.14205,\n    \"9.3\": 0.23581,\n    \"10.0-10.2\": 0.01136,\n    \"10.3\": 0.27274,\n    \"11.0-11.2\": 0.03125,\n    \"11.3-11.4\": 0.07671,\n    \"12.0-12.1\": 0.04262,\n    \"12.2-12.4\": 0.22729,\n    \"13.0-13.1\": 0.0625,\n    \"13.2\": 0.02557,\n    \"13.3\": 0.18467,\n    \"13.4-13.7\": 0.65913,\n    \"14.0-14.4\": 2.71607,\n    \"14.5-14.7\": 22.31666\n  },\n  E: {\n    \"4\": 0,\n    \"5\": 0,\n    \"6\": 0,\n    \"7\": 0,\n    \"8\": 0,\n    \"9\": 0,\n    \"10\": 0,\n    \"11\": 0.005,\n    \"12\": 0.005,\n    \"13\": 0.04501,\n    \"14\": 0.37508,\n    \"15\": 0.01,\n    _: \"0\",\n    \"3.1\": 0,\n    \"3.2\": 0,\n    \"5.1\": 0,\n    \"6.1\": 0,\n    \"7.1\": 0,\n    \"9.1\": 0,\n    \"10.1\": 0.01,\n    \"11.1\": 0.03001,\n    \"12.1\": 0.04501,\n    \"13.1\": 0.24005,\n    \"14.1\": 2.41548\n  },\n  B: {\n    \"12\": 0,\n    \"13\": 0,\n    \"14\": 0,\n    \"15\": 0.005,\n    \"16\": 0,\n    \"17\": 0.005,\n    \"18\": 0.03001,\n    \"79\": 0,\n    \"80\": 0,\n    \"81\": 0,\n    \"83\": 0.005,\n    \"84\": 0.01,\n    \"85\": 0.005,\n    \"86\": 0.01,\n    \"87\": 0.005,\n    \"88\": 0.005,\n    \"89\": 0.015,\n    \"90\": 0.01,\n    \"91\": 0.10002,\n    \"92\": 2.84057,\n    \"93\": 0\n  },\n  P: {\n    \"4\": 0.07304,\n    \"5.0-5.4\": 0.01043,\n    \"6.2-6.4\": 0,\n    \"7.2-7.4\": 0.02087,\n    \"8.2\": 0.01043,\n    \"9.2\": 0.02087,\n    \"10.1\": 0.02087,\n    \"11.1-11.2\": 0.05217,\n    \"12.0\": 0.04174,\n    \"13.0\": 0.14608,\n    \"14.0\": 4.82067\n  },\n  I: {\n    \"0\": 0,\n    \"3\": 0,\n    \"4\": 0,\n    \"2.1\": 0,\n    \"2.2\": 0,\n    \"2.3\": 0,\n    \"4.1\": 0.01046,\n    \"4.2-4.3\": 0.02788,\n    \"4.4\": 0,\n    \"4.4.3-4.4.4\": 0.19168\n  },\n  K: {\n    _: \"0 10 11 12 11.1 11.5 12.1\"\n  },\n  A: {\n    \"6\": 0.01559,\n    \"7\": 0,\n    \"8\": 0.04677,\n    \"9\": 0.04677,\n    \"10\": 0.01559,\n    \"11\": 0.67043,\n    \"5.5\": 0\n  },\n  J: {\n    \"7\": 0,\n    \"10\": 0\n  },\n  N: {\n    \"10\": 0,\n    \"11\": 0\n  },\n  R: {\n    _: \"0\"\n  },\n  M: {\n    \"0\": 0.4899\n  },\n  Q: {\n    \"10.4\": 0.01\n  },\n  O: {\n    \"0\": 0.41992\n  },\n  H: {\n    \"0\": 0.36915\n  },\n  L: {\n    \"0\": 38.3874\n  },\n  S: {\n    \"2.5\": 0\n  }\n};","map":{"version":3,"sources":["C:/xampp/public_html/vamo/interface2/node_modules/caniuse-lite/data/regions/NL.js"],"names":["module","exports","C","D","F","G","E","_","B","P","I","K","A","J","N","R","M","Q","O","H","L","S"],