{"ast":null,"code":"module.exports = {\n  C: {\n    \"12\": 0.031,\n    \"48\": 0.04428,\n    \"50\": 0.00443,\n    \"52\": 0.13727,\n    \"54\": 0.01328,\n    \"59\": 0.00886,\n    \"60\": 0.0797,\n    \"68\": 0.08856,\n    \"77\": 0.00886,\n    \"78\": 0.60664,\n    \"83\": 0.01771,\n    \"84\": 0.02214,\n    \"86\": 0.00443,\n    \"87\": 0.00443,\n    \"88\": 0.02657,\n    \"89\": 0.18155,\n    \"90\": 1.89076,\n    \"91\": 4.13575,\n    \"92\": 0.00886,\n    _: \"2 3 4 5 6 7 8 9 10 11 13 14 15 16 17 18 19 20 21 22 23 24 25 26 27 28 29 30 31 32 33 34 35 36 37 38 39 40 41 42 43 44 45 46 47 49 51 53 55 56 57 58 61 62 63 64 65 66 67 69 70 71 72 73 74 75 76 79 80 81 82 85 93 3.5 3.6\"\n  },\n  D: {\n    \"49\": 0.1107,\n    \"63\": 0.00443,\n    \"65\": 0.03542,\n    \"66\": 0.00886,\n    \"67\": 0.031,\n    \"68\": 0.00443,\n    \"71\": 0.01771,\n    \"79\": 0.04428,\n    \"80\": 0.00886,\n    \"81\": 0.00443,\n    \"83\": 0.05314,\n    \"84\": 0.031,\n    \"85\": 0.00886,\n    \"86\": 0.00443,\n    \"87\": 0.12398,\n    \"88\": 0.031,\n    \"89\": 0.05756,\n    \"90\": 0.09299,\n    \"91\": 1.06715,\n    \"92\": 18.53118,\n    \"93\": 0.0797,\n    _: \"4 5 6 7 8 9 10 11 12 13 14 15 16 17 18 19 20 21 22 23 24 25 26 27 28 29 30 31 32 33 34 35 36 37 38 39 40 41 42 43 44 45 46 47 48 50 51 52 53 54 55 56 57 58 59 60 61 62 64 69 70 72 73 74 75 76 77 78 94 95 96\"\n  },\n  F: {\n    \"77\": 0.47822,\n    \"78\": 0.28339,\n    _: \"9 11 12 15 16 17 18 19 20 21 22 23 24 25 26 27 28 29 30 31 32 33 34 35 36 37 38 39 40 41 42 43 44 45 46 47 48 49 50 51 52 53 54 55 56 57 58 60 62 63 64 65 66 67 68 69 70 71 72 73 74 75 76 9.5-9.6 10.5 10.6 11.1 11.5 11.6 12.1\",\n    \"10.0-10.1\": 0\n  },\n  G: {\n    \"8\": 0,\n    \"3.2\": 0,\n    \"4.0-4.1\": 0,\n    \"4.2-4.3\": 0,\n    \"5.0-5.1\": 0.00683,\n    \"6.0-6.1\": 0,\n    \"7.0-7.1\": 0,\n    \"8.1-8.4\": 0.00228,\n    \"9.0-9.2\": 0.00228,\n    \"9.3\": 0.20274,\n    \"10.0-10.2\": 0.13668,\n    \"10.3\": 0.15718,\n    \"11.0-11.2\": 0.19818,\n    \"11.3-11.4\": 0.05695,\n    \"12.0-12.1\": 0.37358,\n    \"12.2-12.4\": 0.2369,\n    \"13.0-13.1\": 0.01367,\n    \"13.2\": 0.04784,\n    \"13.3\": 0.36447,\n    \"13.4-13.7\": 0.35763,\n    \"14.0-14.4\": 2.67657,\n    \"14.5-14.7\": 16.33047\n  },\n  E: {\n    \"4\": 0,\n    \"11\": 0.00443,\n    \"12\": 0.02657,\n    \"13\": 0.14612,\n    \"14\": 1.43024,\n    \"15\": 0.03985,\n    _: \"0 5 6 7 8 9 10 3.1 3.2 5.1 6.1 7.1 9.1\",\n    \"10.1\": 0.01328,\n    \"11.1\": 0.0797,\n    \"12.1\": 0.24797,\n    \"13.1\": 1.32397,\n    \"14.1\": 4.63169\n  },\n  B: {\n    \"14\": 0.00443,\n    \"15\": 0.00443,\n    \"17\": 0.00886,\n    \"18\": 0.02214,\n    \"80\": 0.00443,\n    \"85\": 0.00443,\n    \"89\": 0.02657,\n    \"90\": 0.01771,\n    \"91\": 0.07528,\n    \"92\": 4.1269,\n    _: \"12 13 16 79 81 83 84 86 87 88 93\"\n  },\n  P: {\n    \"4\": 0.03147,\n    \"5.0-5.4\": 0.02135,\n    \"6.2-6.4\": 0.07272,\n    \"7.2-7.4\": 0.07342,\n    \"8.2\": 0.01026,\n    \"9.2\": 0.04196,\n    \"10.1\": 0.03147,\n    \"11.1-11.2\": 0.34613,\n    \"12.0\": 0.05244,\n    \"13.0\": 0.41955,\n    \"14.0\": 3.33545\n  },\n  I: {\n    \"0\": 0,\n    \"3\": 0,\n    \"4\": 0,\n    \"2.1\": 0,\n    \"2.2\": 0,\n    \"2.3\": 0,\n    \"4.1\": 0,\n    \"4.2-4.3\": 0.00127,\n    \"4.4\": 0,\n    \"4.4.3-4.4.4\": 0.01545\n  },\n  K: {\n    _: \"0 10 11 12 11.1 11.5 12.1\"\n  },\n  A: {\n    \"11\": 0.86346,\n    _: \"6 7 8 9 10 5.5\"\n  },\n  J: {\n    \"7\": 0,\n    \"10\": 0\n  },\n  N: {\n    \"11\": 0.02439,\n    _: \"10\"\n  },\n  R: {\n    _: \"0\"\n  },\n  M: {\n    \"0\": 0.70752\n  },\n  Q: {\n    \"10.4\": 0\n  },\n  O: {\n    \"0\": 0.24512\n  },\n  H: {\n    \"0\": 0.03692\n  },\n  L: {\n    \"0\": 31.11192\n  },\n  S: {\n    \"2.5\": 0\n  }\n};","map":{"version":3,"sources":["C:/xampp/public_html/vamo/interface2/node_modules/caniuse-lite/data/regions/PF.js"],"names":["module","exports","C","_","D","F","G","E","B","P","I","K","A","J","N","R","M","Q","O","H","L","S"],"mappings":"AAAAA,MAAM,CAACC,OAAP,GAAe;AAACC,EAAAA,CAAC,EAAC;AAAC,UAAK,KAAN;AAAY,UAAK,OAAjB;AAAyB,UAAK,OAA9B;AAAsC,UAAK,OAA3C;AAAmD,UAAK,OAAxD;AAAgE,UAAK,OAArE;AAA6E,UAAK,MAAlF;AAAyF,UAAK,OAA9F;AAAsG,UAAK,OAA3G;AAAmH,UAAK,OAAxH;AAAgI,UAAK,OAArI;AAA6I,UAAK,OAAlJ;AAA0J,UAAK,OAA/J;AAAuK,UAAK,OAA5K;AAAoL,UAAK,OAAzL;AAAiM,UAAK,OAAtM;AAA8M,UAAK,OAAnN;AAA2N,UAAK,OAAhO;AAAwO,UAAK,OAA7O;AAAqPC,IAAAA,CAAC,EAAC;AAAvP,GAAH;AAAwdC,EAAAA,CAAC,EAAC;AAAC,UAAK,MAAN;AAAa,UAAK,OAAlB;AAA0B,UAAK,OAA/B;AAAuC,UAAK,OAA5C;AAAoD,UAAK,KAAzD;AAA+D,UAAK,OAApE;AAA4E,UAAK,OAAjF;AAAyF,UAAK,OAA9F;AAAsG,UAAK,OAA3G;AAAmH,UAAK,OAAxH;AAAgI,UAAK,OAArI;AAA6I,UAAK,KAAlJ;AAAwJ,UAAK,OAA7J;AAAqK,UAAK,OAA1K;AAAkL,UAAK,OAAvL;AAA+L,UAAK,KAApM;AAA0M,UAAK,OAA/M;AAAuN,UAAK,OAA5N;AAAoO,UAAK,OAAzO;AAAiP,UAAK,QAAtP;AAA+P,UAAK,MAApQ;AAA2QD,IAAAA,CAAC,EAAC;AAA7Q,GAA1d;AAAy7BE,EAAAA,CAAC,EAAC;AAAC,UAAK,OAAN;AAAc,UAAK,OAAnB;AAA2BF,IAAAA,CAAC,EAAC,mOAA7B;AAAiQ,iBAAY;AAA7Q,GAA37B;AAA2sCG,EAAAA,CAAC,EAAC;AAAC,SAAI,CAAL;AAAO,WAAM,CAAb;AAAe,eAAU,CAAzB;AAA2B,eAAU,CAArC;AAAuC,eAAU,OAAjD;AAAyD,eAAU,CAAnE;AAAqE,eAAU,CAA/E;AAAiF,eAAU,OAA3F;AAAmG,eAAU,OAA7G;AAAqH,WAAM,OAA3H;AAAmI,iBAAY,OAA/I;AAAuJ,YAAO,OAA9J;AAAsK,iBAAY,OAAlL;AAA0L,iBAAY,OAAtM;AAA8M,iBAAY,OAA1N;AAAkO,iBAAY,MAA9O;AAAqP,iBAAY,OAAjQ;AAAyQ,YAAO,OAAhR;AAAwR,YAAO,OAA/R;AAAuS,iBAAY,OAAnT;AAA2T,iBAAY,OAAvU;AAA+U,iBAAY;AAA3V,GAA7sC;AAAkjDC,EAAAA,CAAC,EAAC;AAAC,SAAI,CAAL;AAAO,UAAK,OAAZ;AAAoB,UAAK,OAAzB;AAAiC,UAAK,OAAtC;AAA8C,UAAK,OAAnD;AAA2D,UAAK,OAAhE;AAAwEJ,IAAAA,CAAC,EAAC,wCAA1E;AAAmH,YAAO,OAA1H;AAAkI,YAAO,MAAzI;AAAgJ,YAAO,OAAvJ;AAA+J,YAAO,OAAtK;AAA8K,YAAO;AAArL,GAApjD;AAAkvDK,EAAAA,CAAC,EAAC;AAAC,UAAK,OAAN;AAAc,UAAK,OAAnB;AAA2B,UAAK,OAAhC;AAAwC,UAAK,OAA7C;AAAqD,UAAK,OAA1D;AAAkE,UAAK,OAAvE;AAA+E,UAAK,OAApF;AAA4F,UAAK,OAAjG;AAAyG,UAAK,OAA9G;AAAsH,UAAK,MAA3H;AAAkIL,IAAAA,CAAC,EAAC;AAApI,GAApvD;AAA45DM,EAAAA,CAAC,EAAC;AAAC,SAAI,OAAL;AAAa,eAAU,OAAvB;AAA+B,eAAU,OAAzC;AAAiD,eAAU,OAA3D;AAAmE,WAAM,OAAzE;AAAiF,WAAM,OAAvF;AAA+F,YAAO,OAAtG;AAA8G,iBAAY,OAA1H;AAAkI,YAAO,OAAzI;AAAiJ,YAAO,OAAxJ;AAAgK,YAAO;AAAvK,GAA95D;AAA8kEC,EAAAA,CAAC,EAAC;AAAC,SAAI,CAAL;AAAO,SAAI,CAAX;AAAa,SAAI,CAAjB;AAAmB,WAAM,CAAzB;AAA2B,WAAM,CAAjC;AAAmC,WAAM,CAAzC;AAA2C,WAAM,CAAjD;AAAmD,eAAU,OAA7D;AAAqE,WAAM,CAA3E;AAA6E,mBAAc;AAA3F,GAAhlE;AAAorEC,EAAAA,CAAC,EAAC;AAACR,IAAAA,CAAC,EAAC;AAAH,GAAtrE;AAAstES,EAAAA,CAAC,EAAC;AAAC,UAAK,OAAN;AAAcT,IAAAA,CAAC,EAAC;AAAhB,GAAxtE;AAA0vEU,EAAAA,CAAC,EAAC;AAAC,SAAI,CAAL;AAAO,UAAK;AAAZ,GAA5vE;AAA2wEC,EAAAA,CAAC,EAAC;AAAC,UAAK,OAAN;AAAcX,IAAAA,CAAC,EAAC;AAAhB,GAA7wE;AAAmyEY,EAAAA,CAAC,EAAC;AAACZ,IAAAA,CAAC,EAAC;AAAH,GAAryE;AAA6yEa,EAAAA,CAAC,EAAC;AAAC,SAAI;AAAL,GAA/yE;AAA6zEC,EAAAA,CAAC,EAAC;AAAC,YAAO;AAAR,GAA/zE;AAA00EC,EAAAA,CAAC,EAAC;AAAC,SAAI;AAAL,GAA50E;AAA01EC,EAAAA,CAAC,EAAC;AAAC,SAAI;AAAL,GAA51E;AAA02EC,EAAAA,CAAC,EAAC;AAAC,SAAI;AAAL,GAA52E;AAA23EC,EAAAA,CAAC,EAAC;AAAC,WAAM;AAAP;AAA73E,CAAf",