{"ast":null,"code":"module.exports = {\n  C: {\n    \"2\": 0,\n    \"3\": 0,\n    \"4\": 0,\n    \"5\": 0,\n    \"6\": 0,\n    \"7\": 0,\n    \"8\": 0,\n    \"9\": 0,\n    \"10\": 0,\n    \"11\": 0,\n    \"12\": 0,\n    \"13\": 0,\n    \"14\": 0,\n    \"15\": 0,\n    \"16\": 0,\n    \"17\": 0,\n    \"18\": 0,\n    \"19\": 0,\n    \"20\": 0,\n    \"21\": 0,\n    \"22\": 0,\n    \"23\": 0,\n    \"24\": 0,\n    \"25\": 0,\n    \"26\": 0,\n    \"27\": 0,\n    \"28\": 0,\n    \"29\": 0,\n    \"30\": 0,\n    \"31\": 0,\n    \"32\": 0,\n    \"33\": 0,\n    \"34\": 0,\n    \"35\": 0,\n    \"36\": 0,\n    \"37\": 0,\n    \"38\": 0,\n    \"39\": 0,\n    \"40\": 0,\n    \"41\": 0,\n    \"42\": 0,\n    \"43\": 0,\n    \"44\": 0,\n    \"45\": 0,\n    \"46\": 0,\n    \"47\": 0,\n    \"48\": 0,\n    \"49\": 0,\n    \"50\": 0,\n    \"51\": 0,\n    \"52\": 0.00508,\n    \"53\": 0,\n    \"54\": 0,\n    \"55\": 0,\n    \"56\": 0.04066,\n    \"57\": 0,\n    \"58\": 0,\n    \"59\": 0,\n    \"60\": 0,\n    \"61\": 0,\n    \"62\": 0,\n    \"63\": 0,\n    \"64\": 0,\n    \"65\": 0,\n    \"66\": 0,\n    \"67\": 0,\n    \"68\": 0.00508,\n    \"69\": 0,\n    \"70\": 0,\n    \"71\": 0,\n    \"72\": 0,\n    \"73\": 0,\n    \"74\": 0,\n    \"75\": 0,\n    \"76\": 0,\n    \"77\": 0,\n    \"78\": 0.01017,\n    \"79\": 0,\n    \"80\": 0,\n    \"81\": 0.00508,\n    \"82\": 0,\n    \"83\": 0,\n    \"84\": 0.00508,\n    \"85\": 0.00508,\n    \"86\": 0.00508,\n    \"87\": 0.00508,\n    \"88\": 0.02033,\n    \"89\": 0.02033,\n    \"90\": 0.21857,\n    \"91\": 0.2999,\n    \"92\": 0.00508,\n    \"93\": 0,\n    \"3.5\": 0,\n    \"3.6\": 0\n  },\n  D: {\n    \"4\": 0,\n    \"5\": 0,\n    \"6\": 0,\n    \"7\": 0,\n    \"8\": 0,\n    \"9\": 0,\n    \"10\": 0,\n    \"11\": 0,\n    \"12\": 0,\n    \"13\": 0,\n    \"14\": 0,\n    \"15\": 0,\n    \"16\": 0,\n    \"17\": 0,\n    \"18\": 0,\n    \"19\": 0,\n    \"20\": 0,\n    \"21\": 0,\n    \"22\": 0,\n    \"23\": 0,\n    \"24\": 0,\n    \"25\": 0,\n    \"26\": 0,\n    \"27\": 0,\n    \"28\": 0,\n    \"29\": 0,\n    \"30\": 0,\n    \"31\": 0,\n    \"32\": 0,\n    \"33\": 0,\n    \"34\": 0,\n    \"35\": 0,\n    \"36\": 0,\n    \"37\": 0,\n    \"38\": 0.00508,\n    \"39\": 0,\n    \"40\": 0,\n    \"41\": 0,\n    \"42\": 0,\n    \"43\": 0,\n    \"44\": 0,\n    \"45\": 0,\n    \"46\": 0,\n    \"47\": 0.00508,\n    \"48\": 0,\n    \"49\": 0.0305,\n    \"50\": 0,\n    \"51\": 0,\n    \"52\": 0,\n    \"53\": 0.00508,\n    \"54\": 0,\n    \"55\": 0.00508,\n    \"56\": 0.00508,\n    \"57\": 0,\n    \"58\": 0.00508,\n    \"59\": 0,\n    \"60\": 0,\n    \"61\": 0.00508,\n    \"62\": 0,\n    \"63\": 0.00508,\n    \"64\": 0.00508,\n    \"65\": 0.00508,\n    \"66\": 0.01525,\n    \"67\": 0.00508,\n    \"68\": 0.00508,\n    \"69\": 0.00508,\n    \"70\": 0.00508,\n    \"71\": 0.01017,\n    \"72\": 0.01017,\n    \"73\": 0.01017,\n    \"74\": 0.02033,\n    \"75\": 0.02033,\n    \"76\": 0.0305,\n    \"77\": 0.02033,\n    \"78\": 0.0305,\n    \"79\": 0.05083,\n    \"80\": 0.02542,\n    \"81\": 0.0305,\n    \"83\": 0.0305,\n    \"84\": 0.0305,\n    \"85\": 0.03558,\n    \"86\": 0.05591,\n    \"87\": 0.22365,\n    \"88\": 0.10674,\n    \"89\": 0.09658,\n    \"90\": 0.13724,\n    \"91\": 0.59979,\n    \"92\": 18.75627,\n    \"93\": 0.0305,\n    \"94\": 0.01525,\n    \"95\": 0.00508,\n    \"96\": 0\n  },\n  F: {\n    \"9\": 0,\n    \"11\": 0,\n    \"12\": 0,\n    \"15\": 0,\n    \"16\": 0,\n    \"17\": 0,\n    \"18\": 0,\n    \"19\": 0,\n    \"20\": 0,\n    \"21\": 0,\n    \"22\": 0,\n    \"23\": 0,\n    \"24\": 0,\n    \"25\": 0,\n    \"26\": 0,\n    \"27\": 0,\n    \"28\": 0.00508,\n    \"29\": 0,\n    \"30\": 0,\n    \"31\": 0,\n    \"32\": 0,\n    \"33\": 0,\n    \"34\": 0,\n    \"35\": 0,\n    \"36\": 0,\n    \"37\": 0.01017,\n    \"38\": 0,\n    \"39\": 0,\n    \"40\": 0,\n    \"41\": 0,\n    \"42\": 0,\n    \"43\": 0,\n    \"44\": 0,\n    \"45\": 0,\n    \"46\": 0.00508,\n    \"47\": 0,\n    \"48\": 0,\n    \"49\": 0,\n    \"50\": 0.00508,\n    \"51\": 0,\n    \"52\": 0,\n    \"53\": 0,\n    \"54\": 0.00508,\n    \"55\": 0.00508,\n    \"56\": 0.00508,\n    \"57\": 0.00508,\n    \"58\": 0.12199,\n    \"60\": 0.01017,\n    \"62\": 0,\n    \"63\": 0,\n    \"64\": 0,\n    \"65\": 0,\n    \"66\": 0,\n    \"67\": 0,\n    \"68\": 0,\n    \"69\": 0,\n    \"70\": 0,\n    \"71\": 0,\n    \"72\": 0,\n    \"73\": 0,\n    \"74\": 0,\n    \"75\": 0.00508,\n    \"76\": 0.00508,\n    \"77\": 0.27957,\n    \"78\": 0.2389,\n    \"9.5-9.6\": 0,\n    \"10.0-10.1\": 0,\n    \"10.5\": 0,\n    \"10.6\": 0,\n    \"11.1\": 0,\n    \"11.5\": 0,\n    \"11.6\": 0,\n    \"12.1\": 0\n  },\n  G: {\n    \"8\": 0.00168,\n    \"3.2\": 0,\n    \"4.0-4.1\": 0.00084,\n    \"4.2-4.3\": 0,\n    \"5.0-5.1\": 0.02604,\n    \"6.0-6.1\": 0.00756,\n    \"7.0-7.1\": 0.04621,\n    \"8.1-8.4\": 0.00504,\n    \"9.0-9.2\": 0.01512,\n    \"9.3\": 0.16383,\n    \"10.0-10.2\": 0.02268,\n    \"10.3\": 0.11174,\n    \"11.0-11.2\": 0.05797,\n    \"11.3-11.4\": 0.07057,\n    \"12.0-12.1\": 0.05881,\n    \"12.2-12.4\": 0.22096,\n    \"13.0-13.1\": 0.04117,\n    \"13.2\": 0.0252,\n    \"13.3\": 0.10334,\n    \"13.4-13.7\": 0.30077,\n    \"14.0-14.4\": 1.0821,\n    \"14.5-14.7\": 5.25004\n  },\n  E: {\n    \"4\": 0,\n    \"5\": 0,\n    \"6\": 0,\n    \"7\": 0,\n    \"8\": 0,\n    \"9\": 0,\n    \"10\": 0,\n    \"11\": 0,\n    \"12\": 0,\n    \"13\": 0.01525,\n    \"14\": 0.12199,\n    \"15\": 0.00508,\n    _: \"0\",\n    \"3.1\": 0,\n    \"3.2\": 0,\n    \"5.1\": 0,\n    \"6.1\": 0,\n    \"7.1\": 0,\n    \"9.1\": 0,\n    \"10.1\": 0.00508,\n    \"11.1\": 0.01017,\n    \"12.1\": 0.01017,\n    \"13.1\": 0.05591,\n    \"14.1\": 0.46764\n  },\n  B: {\n    \"12\": 0,\n    \"13\": 0,\n    \"14\": 0,\n    \"15\": 0,\n    \"16\": 0.00508,\n    \"17\": 0.00508,\n    \"18\": 0.01525,\n    \"79\": 0,\n    \"80\": 0,\n    \"81\": 0,\n    \"83\": 0,\n    \"84\": 0.00508,\n    \"85\": 0,\n    \"86\": 0,\n    \"87\": 0,\n    \"88\": 0,\n    \"89\": 0.01017,\n    \"90\": 0.00508,\n    \"91\": 0.02542,\n    \"92\": 1.45882,\n    \"93\": 0\n  },\n  P: {\n    \"4\": 0.28005,\n    \"5.0-5.4\": 0,\n    \"6.2-6.4\": 0,\n    \"7.2-7.4\": 0.02074,\n    \"8.2\": 0,\n    \"9.2\": 0.02074,\n    \"10.1\": 0.01037,\n    \"11.1-11.2\": 0.07261,\n    \"12.0\": 0.03112,\n    \"13.0\": 0.09335,\n    \"14.0\": 0.84016\n  },\n  I: {\n    \"0\": 0,\n    \"3\": 0,\n    \"4\": 0,\n    \"2.1\": 0,\n    \"2.2\": 0,\n    \"2.3\": 0,\n    \"4.1\": 0.00293,\n    \"4.2-4.3\": 0.01319,\n    \"4.4\": 0,\n    \"4.4.3-4.4.4\": 0.12455\n  },\n  K: {\n    _: \"0 10 11 12 11.1 11.5 12.1\"\n  },\n  A: {\n    \"6\": 0,\n    \"7\": 0,\n    \"8\": 0,\n    \"9\": 0,\n    \"10\": 0,\n    \"11\": 0.7472,\n    \"5.5\": 0\n  },\n  J: {\n    \"7\": 0,\n    \"10\": 0\n  },\n  N: {\n    \"10\": 0,\n    \"11\": 0\n  },\n  R: {\n    _: \"0\"\n  },\n  M: {\n    \"0\": 0.10817\n  },\n  Q: {\n    \"10.4\": 0.00983\n  },\n  O: {\n    \"0\": 1.28825\n  },\n  H: {\n    \"0\": 0.92636\n  },\n  L: {\n    \"0\": 61.08472\n  },\n  S: {\n    \"2.5\": 0\n  }\n};","map":{"version":3,"sources":["C:/xampp/public_html/vamo/interface2/node_modules/caniuse-lite/data/regions/PH.js"],"names":["module","exports","C","D","F","G","E","_","B","P","I","K","A","J","N","R","M","Q","O","H","L","S"],