{"ast":null,"code":"module.exports = {\n  C: {\n    \"27\": 0.00285,\n    \"29\": 0.00285,\n    \"30\": 0.00285,\n    \"31\": 0.00285,\n    \"32\": 0.00285,\n    \"33\": 0.00854,\n    \"34\": 0.00285,\n    \"37\": 0.00285,\n    \"38\": 0.01993,\n    \"39\": 0.00569,\n    \"40\": 0.00285,\n    \"41\": 0.00854,\n    \"43\": 0.00854,\n    \"45\": 0.00285,\n    \"46\": 0.00285,\n    \"47\": 0.01993,\n    \"48\": 0.00569,\n    \"49\": 0.00569,\n    \"50\": 0.00569,\n    \"52\": 0.0968,\n    \"56\": 0.01139,\n    \"57\": 0.00285,\n    \"60\": 0.00569,\n    \"62\": 0.00285,\n    \"66\": 0.00285,\n    \"67\": 0.00285,\n    \"68\": 0.00854,\n    \"69\": 0.00569,\n    \"70\": 0.00569,\n    \"71\": 0.00285,\n    \"72\": 0.03132,\n    \"73\": 0.00285,\n    \"74\": 0.00285,\n    \"75\": 0.00285,\n    \"76\": 0.00569,\n    \"77\": 0.00569,\n    \"78\": 0.13666,\n    \"79\": 0.00569,\n    \"80\": 0.00854,\n    \"81\": 0.01424,\n    \"82\": 0.01139,\n    \"83\": 0.01139,\n    \"84\": 0.02278,\n    \"85\": 0.01993,\n    \"86\": 0.01424,\n    \"87\": 0.01708,\n    \"88\": 0.05125,\n    \"89\": 0.20214,\n    \"90\": 1.76229,\n    \"91\": 2.45696,\n    \"92\": 0.02847,\n    _: \"2 3 4 5 6 7 8 9 10 11 12 13 14 15 16 17 18 19 20 21 22 23 24 25 26 28 35 36 42 44 51 53 54 55 58 59 61 63 64 65 93 3.5 3.6\"\n  },\n  D: {\n    \"11\": 0.00285,\n    \"29\": 0.00285,\n    \"31\": 0.00285,\n    \"34\": 0.00569,\n    \"35\": 0.10249,\n    \"38\": 0.01424,\n    \"39\": 0.00285,\n    \"44\": 0.00285,\n    \"48\": 0.00569,\n    \"49\": 0.0911,\n    \"51\": 0.00569,\n    \"53\": 0.00569,\n    \"54\": 0.00285,\n    \"55\": 0.00285,\n    \"56\": 0.00569,\n    \"57\": 0.00285,\n    \"58\": 0.00569,\n    \"60\": 0.00569,\n    \"61\": 0.00854,\n    \"62\": 0.00854,\n    \"63\": 0.02278,\n    \"64\": 0.00569,\n    \"65\": 0.00285,\n    \"66\": 0.00285,\n    \"67\": 0.00569,\n    \"68\": 0.00569,\n    \"69\": 0.00854,\n    \"70\": 0.01139,\n    \"71\": 0.02278,\n    \"72\": 0.00854,\n    \"73\": 0.00569,\n    \"74\": 0.01139,\n    \"75\": 0.01139,\n    \"76\": 0.00854,\n    \"77\": 0.02562,\n    \"78\": 0.01708,\n    \"79\": 0.05125,\n    \"80\": 0.03416,\n    \"81\": 0.03416,\n    \"83\": 0.04271,\n    \"84\": 0.05694,\n    \"85\": 0.06548,\n    \"86\": 0.10819,\n    \"87\": 0.23061,\n    \"88\": 0.05125,\n    \"89\": 0.05409,\n    \"90\": 0.1452,\n    \"91\": 0.67474,\n    \"92\": 15.96028,\n    \"93\": 0.01139,\n    \"94\": 0.00854,\n    _: \"4 5 6 7 8 9 10 12 13 14 15 16 17 18 19 20 21 22 23 24 25 26 27 28 30 32 33 36 37 40 41 42 43 45 46 47 50 52 59 95 96\"\n  },\n  F: {\n    \"64\": 0.00854,\n    \"71\": 0.00285,\n    \"72\": 0.00285,\n    \"75\": 0.00285,\n    \"76\": 0.00854,\n    \"77\": 0.35872,\n    \"78\": 0.28185,\n    _: \"9 11 12 15 16 17 18 19 20 21 22 23 24 25 26 27 28 29 30 31 32 33 34 35 36 37 38 39 40 41 42 43 44 45 46 47 48 49 50 51 52 53 54 55 56 57 58 60 62 63 65 66 67 68 69 70 73 74 9.5-9.6 10.5 10.6 11.1 11.5 11.6 12.1\",\n    \"10.0-10.1\": 0\n  },\n  G: {\n    \"8\": 0,\n    \"3.2\": 0,\n    \"4.0-4.1\": 0,\n    \"4.2-4.3\": 0,\n    \"5.0-5.1\": 0.00142,\n    \"6.0-6.1\": 0.00142,\n    \"7.0-7.1\": 0.00661,\n    \"8.1-8.4\": 0,\n    \"9.0-9.2\": 0.00236,\n    \"9.3\": 0.02596,\n    \"10.0-10.2\": 0.01274,\n    \"10.3\": 0.04955,\n    \"11.0-11.2\": 0.05003,\n    \"11.3-11.4\": 0.04436,\n    \"12.0-12.1\": 0.04767,\n    \"12.2-12.4\": 0.17556,\n    \"13.0-13.1\": 0.04295,\n    \"13.2\": 0.02029,\n    \"13.3\": 0.12034,\n    \"13.4-13.7\": 0.24729,\n    \"14.0-14.4\": 1.04864,\n    \"14.5-14.7\": 2.30163\n  },\n  E: {\n    \"4\": 0,\n    \"13\": 0.00569,\n    \"14\": 0.03416,\n    _: \"0 5 6 7 8 9 10 11 12 15 3.1 3.2 6.1 7.1 9.1 10.1 11.1\",\n    \"5.1\": 0.18221,\n    \"12.1\": 0.00569,\n    \"13.1\": 0.01708,\n    \"14.1\": 0.09395\n  },\n  B: {\n    \"12\": 0.00569,\n    \"13\": 0.00569,\n    \"14\": 0.00854,\n    \"15\": 0.00569,\n    \"16\": 0.00569,\n    \"17\": 0.00854,\n    \"18\": 0.04555,\n    \"81\": 0.00569,\n    \"84\": 0.00854,\n    \"85\": 0.00569,\n    \"86\": 0.00285,\n    \"87\": 0.00285,\n    \"89\": 0.02562,\n    \"90\": 0.01139,\n    \"91\": 0.03701,\n    \"92\": 0.68897,\n    _: \"79 80 83 88 93\"\n  },\n  P: {\n    \"4\": 1.07861,\n    \"5.0-5.4\": 0.1008,\n    \"6.2-6.4\": 0.09072,\n    \"7.2-7.4\": 0.61491,\n    \"8.2\": 0.11089,\n    \"9.2\": 0.49394,\n    \"10.1\": 0.21169,\n    \"11.1-11.2\": 1.00805,\n    \"12.0\": 0.52419,\n    \"13.0\": 1.3407,\n    \"14.0\": 4.75799\n  },\n  I: {\n    \"0\": 0,\n    \"3\": 0,\n    \"4\": 0.00027,\n    \"2.1\": 0,\n    \"2.2\": 0,\n    \"2.3\": 0,\n    \"4.1\": 0.00295,\n    \"4.2-4.3\": 0.02548,\n    \"4.4\": 0,\n    \"4.4.3-4.4.4\": 0.07859\n  },\n  K: {\n    _: \"0 10 11 12 11.1 11.5 12.1\"\n  },\n  A: {\n    \"8\": 0.04312,\n    \"9\": 0.0115,\n    \"10\": 0.0115,\n    \"11\": 2.59013,\n    _: \"6 7 5.5\"\n  },\n  J: {\n    \"7\": 0,\n    \"10\": 0\n  },\n  N: {\n    \"10\": 0,\n    \"11\": 0.03463\n  },\n  R: {\n    _: \"0\"\n  },\n  M: {\n    \"0\": 0.95135\n  },\n  Q: {\n    \"10.4\": 0\n  },\n  O: {\n    \"0\": 0.15021\n  },\n  H: {\n    \"0\": 0.44018\n  },\n  L: {\n    \"0\": 55.79736\n  },\n  S: {\n    \"2.5\": 0\n  }\n};","map":{"version":3,"sources":["C:/xampp/public_html/vamo/interface2/node_modules/caniuse-lite/data/regions/IR.js"],"names":["module","exports","C","_","D","F","G","E","B","P","I","K","A","J","N","R","M","Q","O","H","L","S"],