{"ast":null,"code":"module.exports = {\n  C: {\n    \"52\": 0.02709,\n    \"56\": 0.02258,\n    \"78\": 0.0587,\n    \"82\": 0.01355,\n    \"89\": 0.46053,\n    \"90\": 0.82173,\n    \"91\": 0.86688,\n    _: \"2 3 4 5 6 7 8 9 10 11 12 13 14 15 16 17 18 19 20 21 22 23 24 25 26 27 28 29 30 31 32 33 34 35 36 37 38 39 40 41 42 43 44 45 46 47 48 49 50 51 53 54 55 57 58 59 60 61 62 63 64 65 66 67 68 69 70 71 72 73 74 75 76 77 79 80 81 83 84 85 86 87 88 92 93 3.5 3.6\"\n  },\n  D: {\n    \"49\": 0.02709,\n    \"58\": 0.00903,\n    \"65\": 0.01355,\n    \"68\": 0.01355,\n    \"69\": 0.01806,\n    \"74\": 0.70434,\n    \"75\": 0.01806,\n    \"76\": 0.0903,\n    \"79\": 0.15803,\n    \"80\": 0.00903,\n    \"81\": 0.04064,\n    \"86\": 0.00903,\n    \"87\": 0.15803,\n    \"88\": 0.01355,\n    \"89\": 0.00903,\n    \"90\": 0.06321,\n    \"91\": 2.84445,\n    \"92\": 21.2792,\n    \"93\": 0.08127,\n    \"94\": 0.04967,\n    _: \"4 5 6 7 8 9 10 11 12 13 14 15 16 17 18 19 20 21 22 23 24 25 26 27 28 29 30 31 32 33 34 35 36 37 38 39 40 41 42 43 44 45 46 47 48 50 51 52 53 54 55 56 57 59 60 61 62 63 64 66 67 70 71 72 73 77 78 83 84 85 95 96\"\n  },\n  F: {\n    \"77\": 0.6321,\n    \"78\": 0.30251,\n    _: \"9 11 12 15 16 17 18 19 20 21 22 23 24 25 26 27 28 29 30 31 32 33 34 35 36 37 38 39 40 41 42 43 44 45 46 47 48 49 50 51 52 53 54 55 56 57 58 60 62 63 64 65 66 67 68 69 70 71 72 73 74 75 76 9.5-9.6 10.5 10.6 11.1 11.5 11.6 12.1\",\n    \"10.0-10.1\": 0\n  },\n  G: {\n    \"8\": 0.00579,\n    \"3.2\": 0,\n    \"4.0-4.1\": 0,\n    \"4.2-4.3\": 0,\n    \"5.0-5.1\": 0.0492,\n    \"6.0-6.1\": 0,\n    \"7.0-7.1\": 0,\n    \"8.1-8.4\": 0.01447,\n    \"9.0-9.2\": 0,\n    \"9.3\": 0.06077,\n    \"10.0-10.2\": 0,\n    \"10.3\": 0.0463,\n    \"11.0-11.2\": 0,\n    \"11.3-11.4\": 0.04052,\n    \"12.0-12.1\": 0.13023,\n    \"12.2-12.4\": 1.1981,\n    \"13.0-13.1\": 0.00868,\n    \"13.2\": 0.00289,\n    \"13.3\": 0.10129,\n    \"13.4-13.7\": 0.25177,\n    \"14.0-14.4\": 2.17626,\n    \"14.5-14.7\": 24.21085\n  },\n  E: {\n    \"4\": 0,\n    \"11\": 0.00903,\n    \"13\": 0.02709,\n    \"14\": 1.5035,\n    \"15\": 0.00452,\n    _: \"0 5 6 7 8 9 10 12 3.1 3.2 6.1 7.1\",\n    \"5.1\": 0.00903,\n    \"9.1\": 0.03161,\n    \"10.1\": 0.10836,\n    \"11.1\": 0.02709,\n    \"12.1\": 0.07224,\n    \"13.1\": 0.6908,\n    \"14.1\": 4.82202\n  },\n  B: {\n    \"12\": 0.00903,\n    \"14\": 0.01806,\n    \"15\": 0.00903,\n    \"17\": 0.69983,\n    \"18\": 0.14448,\n    \"81\": 0.01355,\n    \"84\": 0.04064,\n    \"89\": 0.00452,\n    \"91\": 0.19866,\n    \"92\": 4.98456,\n    _: \"13 16 79 80 83 85 86 87 88 90 93\"\n  },\n  P: {\n    \"4\": 0.02105,\n    \"5.0-5.4\": 0.07196,\n    \"6.2-6.4\": 0.11308,\n    \"7.2-7.4\": 0.07366,\n    \"8.2\": 0.01052,\n    \"9.2\": 0.02105,\n    \"10.1\": 0.06129,\n    \"11.1-11.2\": 0.12628,\n    \"12.0\": 0.01052,\n    \"13.0\": 0.06314,\n    \"14.0\": 3.12539\n  },\n  I: {\n    \"0\": 0,\n    \"3\": 0,\n    \"4\": 0,\n    \"2.1\": 0,\n    \"2.2\": 0,\n    \"2.3\": 0,\n    \"4.1\": 0,\n    \"4.2-4.3\": 0,\n    \"4.4\": 0,\n    \"4.4.3-4.4.4\": 0.0384\n  },\n  K: {\n    _: \"0 10 11 12 11.1 11.5 12.1\"\n  },\n  A: {\n    \"11\": 0.21221,\n    _: \"6 7 8 9 10 5.5\"\n  },\n  J: {\n    \"7\": 0,\n    \"10\": 0\n  },\n  N: {\n    \"11\": 0.01983,\n    _: \"10\"\n  },\n  R: {\n    _: \"0\"\n  },\n  M: {\n    \"0\": 0.29071\n  },\n  Q: {\n    \"10.4\": 0\n  },\n  O: {\n    \"0\": 0.01646\n  },\n  H: {\n    \"0\": 0.51409\n  },\n  L: {\n    \"0\": 24.02165\n  },\n  S: {\n    \"2.5\": 0\n  }\n};","map":{"version":3,"sources":["C:/xampp/public_html/vamo/interface2/node_modules/caniuse-lite/data/regions/TC.js"],"names":["module","exports","C","_","D","F","G","E","B","P","I","K","A","J","N","R","M","Q","O","H","L","S"],"mappings":"AAAAA,MAAM,CAACC,OAAP,GAAe;AAACC,EAAAA,CAAC,EAAC;AAAC,UAAK,OAAN;AAAc,UAAK,OAAnB;AAA2B,UAAK,MAAhC;AAAuC,UAAK,OAA5C;AAAoD,UAAK,OAAzD;AAAiE,UAAK,OAAtE;AAA8E,UAAK,OAAnF;AAA2FC,IAAAA,CAAC,EAAC;AAA7F,GAAH;AAAkWC,EAAAA,CAAC,EAAC;AAAC,UAAK,OAAN;AAAc,UAAK,OAAnB;AAA2B,UAAK,OAAhC;AAAwC,UAAK,OAA7C;AAAqD,UAAK,OAA1D;AAAkE,UAAK,OAAvE;AAA+E,UAAK,OAApF;AAA4F,UAAK,MAAjG;AAAwG,UAAK,OAA7G;AAAqH,UAAK,OAA1H;AAAkI,UAAK,OAAvI;AAA+I,UAAK,OAApJ;AAA4J,UAAK,OAAjK;AAAyK,UAAK,OAA9K;AAAsL,UAAK,OAA3L;AAAmM,UAAK,OAAxM;AAAgN,UAAK,OAArN;AAA6N,UAAK,OAAlO;AAA0O,UAAK,OAA/O;AAAuP,UAAK,OAA5P;AAAoQD,IAAAA,CAAC,EAAC;AAAtQ,GAApW;AAA+zBE,EAAAA,CAAC,EAAC;AAAC,UAAK,MAAN;AAAa,UAAK,OAAlB;AAA0BF,IAAAA,CAAC,EAAC,mOAA5B;AAAgQ,iBAAY;AAA5Q,GAAj0B;AAAglCG,EAAAA,CAAC,EAAC;AAAC,SAAI,OAAL;AAAa,WAAM,CAAnB;AAAqB,eAAU,CAA/B;AAAiC,eAAU,CAA3C;AAA6C,eAAU,MAAvD;AAA8D,eAAU,CAAxE;AAA0E,eAAU,CAApF;AAAsF,eAAU,OAAhG;AAAwG,eAAU,CAAlH;AAAoH,WAAM,OAA1H;AAAkI,iBAAY,CAA9I;AAAgJ,YAAO,MAAvJ;AAA8J,iBAAY,CAA1K;AAA4K,iBAAY,OAAxL;AAAgM,iBAAY,OAA5M;AAAoN,iBAAY,MAAhO;AAAuO,iBAAY,OAAnP;AAA2P,YAAO,OAAlQ;AAA0Q,YAAO,OAAjR;AAAyR,iBAAY,OAArS;AAA6S,iBAAY,OAAzT;AAAiU,iBAAY;AAA7U,GAAllC;AAAy6CC,EAAAA,CAAC,EAAC;AAAC,SAAI,CAAL;AAAO,UAAK,OAAZ;AAAoB,UAAK,OAAzB;AAAiC,UAAK,MAAtC;AAA6C,UAAK,OAAlD;AAA0DJ,IAAAA,CAAC,EAAC,mCAA5D;AAAgG,WAAM,OAAtG;AAA8G,WAAM,OAApH;AAA4H,YAAO,OAAnI;AAA2I,YAAO,OAAlJ;AAA0J,YAAO,OAAjK;AAAyK,YAAO,MAAhL;AAAuL,YAAO;AAA9L,GAA36C;AAAknDK,EAAAA,CAAC,EAAC;AAAC,UAAK,OAAN;AAAc,UAAK,OAAnB;AAA2B,UAAK,OAAhC;AAAwC,UAAK,OAA7C;AAAqD,UAAK,OAA1D;AAAkE,UAAK,OAAvE;AAA+E,UAAK,OAApF;AAA4F,UAAK,OAAjG;AAAyG,UAAK,OAA9G;AAAsH,UAAK,OAA3H;AAAmIL,IAAAA,CAAC,EAAC;AAArI,GAApnD;AAA6xDM,EAAAA,CAAC,EAAC;AAAC,SAAI,OAAL;AAAa,eAAU,OAAvB;AAA+B,eAAU,OAAzC;AAAiD,eAAU,OAA3D;AAAmE,WAAM,OAAzE;AAAiF,WAAM,OAAvF;AAA+F,YAAO,OAAtG;AAA8G,iBAAY,OAA1H;AAAkI,YAAO,OAAzI;AAAiJ,YAAO,OAAxJ;AAAgK,YAAO;AAAvK,GAA/xD;AAA+8DC,EAAAA,CAAC,EAAC;AAAC,SAAI,CAAL;AAAO,SAAI,CAAX;AAAa,SAAI,CAAjB;AAAmB,WAAM,CAAzB;AAA2B,WAAM,CAAjC;AAAmC,WAAM,CAAzC;AAA2C,WAAM,CAAjD;AAAmD,eAAU,CAA7D;AAA+D,WAAM,CAArE;AAAuE,mBAAc;AAArF,GAAj9D;AAA8iEC,EAAAA,CAAC,EAAC;AAACR,IAAAA,CAAC,EAAC;AAAH,GAAhjE;AAAglES,EAAAA,CAAC,EAAC;AAAC,UAAK,OAAN;AAAcT,IAAAA,CAAC,EAAC;AAAhB,GAAllE;AAAonEU,EAAAA,CAAC,EAAC;AAAC,SAAI,CAAL;AAAO,UAAK;AAAZ,GAAtnE;AAAqoEC,EAAAA,CAAC,EAAC;AAAC,UAAK,OAAN;AAAcX,IAAAA,CAAC,EAAC;AAAhB,GAAvoE;AAA6pEY,EAAAA,CAAC,EAAC;AAACZ,IAAAA,CAAC,EAAC;AAAH,GAA/pE;AAAuqEa,EAAAA,CAAC,EAAC;AAAC,SAAI;AAAL,GAAzqE;AAAurEC,EAAAA,CAAC,EAAC;AAAC,YAAO;AAAR,GAAzrE;AAAosEC,EAAAA,CAAC,EAAC;AAAC,SAAI;AAAL,GAAtsE;AAAotEC,EAAAA,CAAC,EAAC;AAAC,SAAI;AAAL,GAAttE;AAAouEC,EAAAA,CAAC,EAAC;AAAC,SAAI;AAAL,GAAtuE;AAAqvEC,EAAAA,CAAC,EAAC;AAAC,WAAM;AAAP;AAAvvE,CAAf",