{"ast":null,"code":"module.exports = {\n  C: {\n    \"2\": 0,\n    \"3\": 0,\n    \"4\": 0,\n    \"5\": 0,\n    \"6\": 0,\n    \"7\": 0,\n    \"8\": 0,\n    \"9\": 0,\n    \"10\": 0,\n    \"11\": 0,\n    \"12\": 0,\n    \"13\": 0,\n    \"14\": 0,\n    \"15\": 0.00273,\n    \"16\": 0,\n    \"17\": 0,\n    \"18\": 0,\n    \"19\": 0,\n    \"20\": 0,\n    \"21\": 0,\n    \"22\": 0,\n    \"23\": 0,\n    \"24\": 0,\n    \"25\": 0,\n    \"26\": 0,\n    \"27\": 0,\n    \"28\": 0,\n    \"29\": 0.01093,\n    \"30\": 0,\n    \"31\": 0,\n    \"32\": 0,\n    \"33\": 0,\n    \"34\": 0,\n    \"35\": 0,\n    \"36\": 0,\n    \"37\": 0,\n    \"38\": 0,\n    \"39\": 0,\n    \"40\": 0,\n    \"41\": 0,\n    \"42\": 0,\n    \"43\": 0,\n    \"44\": 0,\n    \"45\": 0,\n    \"46\": 0,\n    \"47\": 0,\n    \"48\": 0,\n    \"49\": 0,\n    \"50\": 0,\n    \"51\": 0,\n    \"52\": 0.01093,\n    \"53\": 0,\n    \"54\": 0,\n    \"55\": 0,\n    \"56\": 0,\n    \"57\": 0,\n    \"58\": 0,\n    \"59\": 0,\n    \"60\": 0.00273,\n    \"61\": 0,\n    \"62\": 0,\n    \"63\": 0,\n    \"64\": 0,\n    \"65\": 0,\n    \"66\": 0,\n    \"67\": 0,\n    \"68\": 0.00273,\n    \"69\": 0,\n    \"70\": 0,\n    \"71\": 0,\n    \"72\": 0,\n    \"73\": 0,\n    \"74\": 0,\n    \"75\": 0,\n    \"76\": 0,\n    \"77\": 0,\n    \"78\": 0.00273,\n    \"79\": 0,\n    \"80\": 0,\n    \"81\": 0,\n    \"82\": 0,\n    \"83\": 0,\n    \"84\": 0,\n    \"85\": 0.00273,\n    \"86\": 0.00273,\n    \"87\": 0.00273,\n    \"88\": 0.00273,\n    \"89\": 0.01367,\n    \"90\": 0.08746,\n    \"91\": 0.13938,\n    \"92\": 0.01913,\n    \"93\": 0,\n    \"3.5\": 0,\n    \"3.6\": 0\n  },\n  D: {\n    \"4\": 0,\n    \"5\": 0,\n    \"6\": 0,\n    \"7\": 0,\n    \"8\": 0,\n    \"9\": 0,\n    \"10\": 0,\n    \"11\": 0,\n    \"12\": 0,\n    \"13\": 0,\n    \"14\": 0,\n    \"15\": 0,\n    \"16\": 0,\n    \"17\": 0,\n    \"18\": 0,\n    \"19\": 0,\n    \"20\": 0,\n    \"21\": 0,\n    \"22\": 0,\n    \"23\": 0.00273,\n    \"24\": 0,\n    \"25\": 0,\n    \"26\": 0,\n    \"27\": 0,\n    \"28\": 0,\n    \"29\": 0,\n    \"30\": 0,\n    \"31\": 0,\n    \"32\": 0,\n    \"33\": 0,\n    \"34\": 0.00273,\n    \"35\": 0,\n    \"36\": 0,\n    \"37\": 0,\n    \"38\": 0,\n    \"39\": 0,\n    \"40\": 0.00547,\n    \"41\": 0.01093,\n    \"42\": 0,\n    \"43\": 0.00547,\n    \"44\": 0,\n    \"45\": 0,\n    \"46\": 0.03006,\n    \"47\": 0,\n    \"48\": 0,\n    \"49\": 0.01367,\n    \"50\": 0,\n    \"51\": 0,\n    \"52\": 0,\n    \"53\": 0,\n    \"54\": 0,\n    \"55\": 0.0164,\n    \"56\": 0.0082,\n    \"57\": 0,\n    \"58\": 0.00273,\n    \"59\": 0,\n    \"60\": 0,\n    \"61\": 0,\n    \"62\": 0,\n    \"63\": 0.00273,\n    \"64\": 0,\n    \"65\": 0.00547,\n    \"66\": 0.00273,\n    \"67\": 0,\n    \"68\": 0.00273,\n    \"69\": 0.01367,\n    \"70\": 0.01093,\n    \"71\": 0,\n    \"72\": 0,\n    \"73\": 0,\n    \"74\": 0.01367,\n    \"75\": 0.00547,\n    \"76\": 0.0082,\n    \"77\": 0.01913,\n    \"78\": 0.00273,\n    \"79\": 0.01367,\n    \"80\": 0.01367,\n    \"81\": 0.04373,\n    \"83\": 0.00273,\n    \"84\": 0.00273,\n    \"85\": 0.00547,\n    \"86\": 0.01093,\n    \"87\": 0.02186,\n    \"88\": 0.02186,\n    \"89\": 0.07379,\n    \"90\": 0.01367,\n    \"91\": 0.11752,\n    \"92\": 3.16208,\n    \"93\": 0,\n    \"94\": 0,\n    \"95\": 0,\n    \"96\": 0\n  },\n  F: {\n    \"9\": 0,\n    \"11\": 0,\n    \"12\": 0,\n    \"15\": 0,\n    \"16\": 0,\n    \"17\": 0,\n    \"18\": 0,\n    \"19\": 0,\n    \"20\": 0,\n    \"21\": 0,\n    \"22\": 0.00273,\n    \"23\": 0,\n    \"24\": 0,\n    \"25\": 0,\n    \"26\": 0.0082,\n    \"27\": 0,\n    \"28\": 0,\n    \"29\": 0,\n    \"30\": 0,\n    \"31\": 0,\n    \"32\": 0,\n    \"33\": 0,\n    \"34\": 0,\n    \"35\": 0.00547,\n    \"36\": 0,\n    \"37\": 0,\n    \"38\": 0.00273,\n    \"39\": 0,\n    \"40\": 0,\n    \"41\": 0,\n    \"42\": 0,\n    \"43\": 0,\n    \"44\": 0,\n    \"45\": 0.00273,\n    \"46\": 0,\n    \"47\": 0,\n    \"48\": 0,\n    \"49\": 0,\n    \"50\": 0,\n    \"51\": 0.00273,\n    \"52\": 0,\n    \"53\": 0,\n    \"54\": 0.00547,\n    \"55\": 0.00273,\n    \"56\": 0,\n    \"57\": 0.00547,\n    \"58\": 0.01367,\n    \"60\": 0,\n    \"62\": 0,\n    \"63\": 0,\n    \"64\": 0,\n    \"65\": 0.00547,\n    \"66\": 0,\n    \"67\": 0,\n    \"68\": 0,\n    \"69\": 0,\n    \"70\": 0,\n    \"71\": 0,\n    \"72\": 0,\n    \"73\": 0,\n    \"74\": 0,\n    \"75\": 0,\n    \"76\": 0,\n    \"77\": 0.08199,\n    \"78\": 0.041,\n    \"9.5-9.6\": 0,\n    \"10.0-10.1\": 0,\n    \"10.5\": 0,\n    \"10.6\": 0,\n    \"11.1\": 0,\n    \"11.5\": 0,\n    \"11.6\": 0,\n    \"12.1\": 0.02186\n  },\n  G: {\n    \"8\": 0,\n    \"3.2\": 0,\n    \"4.0-4.1\": 0,\n    \"4.2-4.3\": 0.00097,\n    \"5.0-5.1\": 0.00032,\n    \"6.0-6.1\": 0.00902,\n    \"7.0-7.1\": 0.00644,\n    \"8.1-8.4\": 0.00129,\n    \"9.0-9.2\": 0.00161,\n    \"9.3\": 0.06859,\n    \"10.0-10.2\": 0.00225,\n    \"10.3\": 0.02254,\n    \"11.0-11.2\": 0.04122,\n    \"11.3-11.4\": 0.0264,\n    \"12.0-12.1\": 0.01385,\n    \"12.2-12.4\": 0.45402,\n    \"13.0-13.1\": 0.02286,\n    \"13.2\": 0.00805,\n    \"13.3\": 0.09016,\n    \"13.4-13.7\": 0.19513,\n    \"14.0-14.4\": 0.32522,\n    \"14.5-14.7\": 1.72819\n  },\n  E: {\n    \"4\": 0,\n    \"5\": 0,\n    \"6\": 0,\n    \"7\": 0,\n    \"8\": 0,\n    \"9\": 0,\n    \"10\": 0,\n    \"11\": 0,\n    \"12\": 0.00547,\n    \"13\": 0.00547,\n    \"14\": 0.01913,\n    \"15\": 0,\n    _: \"0\",\n    \"3.1\": 0,\n    \"3.2\": 0,\n    \"5.1\": 0.00547,\n    \"6.1\": 0,\n    \"7.1\": 0,\n    \"9.1\": 0,\n    \"10.1\": 0,\n    \"11.1\": 0,\n    \"12.1\": 0.00273,\n    \"13.1\": 0.00273,\n    \"14.1\": 0.03553\n  },\n  B: {\n    \"12\": 0.01367,\n    \"13\": 0.00273,\n    \"14\": 0.00547,\n    \"15\": 0.00273,\n    \"16\": 0.0082,\n    \"17\": 0.01093,\n    \"18\": 0.01913,\n    \"79\": 0,\n    \"80\": 0,\n    \"81\": 0,\n    \"83\": 0,\n    \"84\": 0.00273,\n    \"85\": 0.00273,\n    \"86\": 0,\n    \"87\": 0,\n    \"88\": 0,\n    \"89\": 0.00547,\n    \"90\": 0.0082,\n    \"91\": 0.0328,\n    \"92\": 0.46461,\n    \"93\": 0\n  },\n  P: {\n    \"4\": 0.6909,\n    \"5.0-5.4\": 0.01016,\n    \"6.2-6.4\": 0.17272,\n    \"7.2-7.4\": 2.06253,\n    \"8.2\": 0.01016,\n    \"9.2\": 0.13208,\n    \"10.1\": 0.0508,\n    \"11.1-11.2\": 0.30481,\n    \"12.0\": 0.12192,\n    \"13.0\": 0.68074,\n    \"14.0\": 2.28605\n  },\n  I: {\n    \"0\": 0,\n    \"3\": 0,\n    \"4\": 0,\n    \"2.1\": 0,\n    \"2.2\": 0,\n    \"2.3\": 0,\n    \"4.1\": 0.00199,\n    \"4.2-4.3\": 0.00664,\n    \"4.4\": 0,\n    \"4.4.3-4.4.4\": 0.19783\n  },\n  K: {\n    _: \"0 10 11 12 11.1 11.5 12.1\"\n  },\n  A: {\n    \"6\": 0,\n    \"7\": 0,\n    \"8\": 0.00301,\n    \"9\": 0,\n    \"10\": 0,\n    \"11\": 0.08718,\n    \"5.5\": 0\n  },\n  J: {\n    \"7\": 0,\n    \"10\": 0.01453\n  },\n  N: {\n    \"10\": 0,\n    \"11\": 0\n  },\n  R: {\n    _: \"0\"\n  },\n  M: {\n    \"0\": 0.23254\n  },\n  Q: {\n    \"10.4\": 0.05087\n  },\n  O: {\n    \"0\": 1.35166\n  },\n  H: {\n    \"0\": 7.12072\n  },\n  L: {\n    \"0\": 71.69208\n  },\n  S: {\n    \"2.5\": 0.01453\n  }\n};","map":{"version":3,"sources":["C:/xampp/public_html/vamo/interface2/node_modules/caniuse-lite/data/regions/LS.js"],"names":["module","exports","C","D","F","G","E","_","B","P","I","K","A","J","N","R","M","Q","O","H","L","S"],