{"ast":null,"code":"module.exports = {\n  C: {\n    \"2\": 0,\n    \"3\": 0,\n    \"4\": 0,\n    \"5\": 0,\n    \"6\": 0,\n    \"7\": 0,\n    \"8\": 0,\n    \"9\": 0,\n    \"10\": 0,\n    \"11\": 0,\n    \"12\": 0.00615,\n    \"13\": 0,\n    \"14\": 0.00615,\n    \"15\": 0,\n    \"16\": 0,\n    \"17\": 0,\n    \"18\": 0.00615,\n    \"19\": 0,\n    \"20\": 0,\n    \"21\": 0.00615,\n    \"22\": 0,\n    \"23\": 0,\n    \"24\": 0,\n    \"25\": 0,\n    \"26\": 0,\n    \"27\": 0,\n    \"28\": 0,\n    \"29\": 0,\n    \"30\": 0,\n    \"31\": 0,\n    \"32\": 0,\n    \"33\": 0,\n    \"34\": 0,\n    \"35\": 0.00615,\n    \"36\": 0.00615,\n    \"37\": 0,\n    \"38\": 0,\n    \"39\": 0,\n    \"40\": 0,\n    \"41\": 0.00615,\n    \"42\": 0.00615,\n    \"43\": 0,\n    \"44\": 0,\n    \"45\": 0,\n    \"46\": 0,\n    \"47\": 0,\n    \"48\": 0.00615,\n    \"49\": 0,\n    \"50\": 0.0123,\n    \"51\": 0,\n    \"52\": 0.07381,\n    \"53\": 0.00615,\n    \"54\": 0,\n    \"55\": 0.00615,\n    \"56\": 0.00615,\n    \"57\": 0.00615,\n    \"58\": 0,\n    \"59\": 0,\n    \"60\": 0.00615,\n    \"61\": 0,\n    \"62\": 0,\n    \"63\": 0,\n    \"64\": 0,\n    \"65\": 0,\n    \"66\": 0.00615,\n    \"67\": 0,\n    \"68\": 0.0123,\n    \"69\": 0,\n    \"70\": 0,\n    \"71\": 0.0123,\n    \"72\": 0.00615,\n    \"73\": 0,\n    \"74\": 0,\n    \"75\": 0,\n    \"76\": 0,\n    \"77\": 0,\n    \"78\": 0.06151,\n    \"79\": 0,\n    \"80\": 0.00615,\n    \"81\": 0.0246,\n    \"82\": 0.00615,\n    \"83\": 0.00615,\n    \"84\": 0.0123,\n    \"85\": 0.00615,\n    \"86\": 0.00615,\n    \"87\": 0.00615,\n    \"88\": 0.03691,\n    \"89\": 0.07996,\n    \"90\": 0.75042,\n    \"91\": 1.02722,\n    \"92\": 0.0246,\n    \"93\": 0,\n    \"3.5\": 0,\n    \"3.6\": 0.00615\n  },\n  D: {\n    \"4\": 0,\n    \"5\": 0,\n    \"6\": 0,\n    \"7\": 0,\n    \"8\": 0,\n    \"9\": 0,\n    \"10\": 0,\n    \"11\": 0,\n    \"12\": 0,\n    \"13\": 0,\n    \"14\": 0,\n    \"15\": 0,\n    \"16\": 0,\n    \"17\": 0,\n    \"18\": 0,\n    \"19\": 0,\n    \"20\": 0,\n    \"21\": 0,\n    \"22\": 0.00615,\n    \"23\": 0,\n    \"24\": 0.00615,\n    \"25\": 0.00615,\n    \"26\": 0.00615,\n    \"27\": 0.00615,\n    \"28\": 0,\n    \"29\": 0,\n    \"30\": 0,\n    \"31\": 0,\n    \"32\": 0,\n    \"33\": 0,\n    \"34\": 0.00615,\n    \"35\": 0,\n    \"36\": 0,\n    \"37\": 0.00615,\n    \"38\": 0.00615,\n    \"39\": 0.00615,\n    \"40\": 0,\n    \"41\": 0,\n    \"42\": 0.00615,\n    \"43\": 0.00615,\n    \"44\": 0.00615,\n    \"45\": 0.00615,\n    \"46\": 0.00615,\n    \"47\": 0.0123,\n    \"48\": 0.01845,\n    \"49\": 0.41212,\n    \"50\": 0.0123,\n    \"51\": 0.0123,\n    \"52\": 0,\n    \"53\": 0.04306,\n    \"54\": 0,\n    \"55\": 0,\n    \"56\": 0.00615,\n    \"57\": 0.00615,\n    \"58\": 0.0123,\n    \"59\": 0.01845,\n    \"60\": 0.00615,\n    \"61\": 0.00615,\n    \"62\": 0,\n    \"63\": 0.00615,\n    \"64\": 0.00615,\n    \"65\": 0.00615,\n    \"66\": 0.0123,\n    \"67\": 0.00615,\n    \"68\": 0.0123,\n    \"69\": 0.12302,\n    \"70\": 0.00615,\n    \"71\": 0.00615,\n    \"72\": 0.00615,\n    \"73\": 0.03691,\n    \"74\": 0.03691,\n    \"75\": 0.0246,\n    \"76\": 0.00615,\n    \"77\": 0.0123,\n    \"78\": 0.01845,\n    \"79\": 0.15378,\n    \"80\": 0.03691,\n    \"81\": 0.03691,\n    \"83\": 0.03076,\n    \"84\": 0.05536,\n    \"85\": 0.08611,\n    \"86\": 0.12917,\n    \"87\": 0.20913,\n    \"88\": 0.17223,\n    \"89\": 0.10457,\n    \"90\": 0.23374,\n    \"91\": 0.96571,\n    \"92\": 19.17882,\n    \"93\": 0.0246,\n    \"94\": 0.01845,\n    \"95\": 0.00615,\n    \"96\": 0\n  },\n  F: {\n    \"9\": 0,\n    \"11\": 0,\n    \"12\": 0,\n    \"15\": 0,\n    \"16\": 0,\n    \"17\": 0,\n    \"18\": 0,\n    \"19\": 0,\n    \"20\": 0,\n    \"21\": 0,\n    \"22\": 0.00615,\n    \"23\": 0,\n    \"24\": 0,\n    \"25\": 0,\n    \"26\": 0,\n    \"27\": 0,\n    \"28\": 0.00615,\n    \"29\": 0,\n    \"30\": 0,\n    \"31\": 0.00615,\n    \"32\": 0,\n    \"33\": 0,\n    \"34\": 0.0123,\n    \"35\": 0.0123,\n    \"36\": 0.09227,\n    \"37\": 0,\n    \"38\": 0,\n    \"39\": 0,\n    \"40\": 0,\n    \"41\": 0,\n    \"42\": 0,\n    \"43\": 0,\n    \"44\": 0,\n    \"45\": 0,\n    \"46\": 0,\n    \"47\": 0,\n    \"48\": 0,\n    \"49\": 0,\n    \"50\": 0,\n    \"51\": 0,\n    \"52\": 0,\n    \"53\": 0.00615,\n    \"54\": 0.00615,\n    \"55\": 0.00615,\n    \"56\": 0.00615,\n    \"57\": 0,\n    \"58\": 0.06151,\n    \"60\": 0.00615,\n    \"62\": 0,\n    \"63\": 0,\n    \"64\": 0.01845,\n    \"65\": 0.0123,\n    \"66\": 0,\n    \"67\": 0,\n    \"68\": 0.00615,\n    \"69\": 0,\n    \"70\": 0.0123,\n    \"71\": 0.0123,\n    \"72\": 0.0123,\n    \"73\": 0.00615,\n    \"74\": 0.00615,\n    \"75\": 0.0123,\n    \"76\": 0.09227,\n    \"77\": 2.79255,\n    \"78\": 1.92526,\n    \"9.5-9.6\": 0,\n    \"10.0-10.1\": 0,\n    \"10.5\": 0,\n    \"10.6\": 0,\n    \"11.1\": 0,\n    \"11.5\": 0,\n    \"11.6\": 0,\n    \"12.1\": 0.22759\n  },\n  G: {\n    \"8\": 0,\n    \"3.2\": 0,\n    \"4.0-4.1\": 0,\n    \"4.2-4.3\": 0,\n    \"5.0-5.1\": 0.00092,\n    \"6.0-6.1\": 0.00368,\n    \"7.0-7.1\": 0.00368,\n    \"8.1-8.4\": 0.00092,\n    \"9.0-9.2\": 0.00368,\n    \"9.3\": 0.15005,\n    \"10.0-10.2\": 0.01933,\n    \"10.3\": 0.1031,\n    \"11.0-11.2\": 0.09297,\n    \"11.3-11.4\": 0.03682,\n    \"12.0-12.1\": 0.05339,\n    \"12.2-12.4\": 0.11875,\n    \"13.0-13.1\": 0.0313,\n    \"13.2\": 0.02393,\n    \"13.3\": 0.06536,\n    \"13.4-13.7\": 0.33599,\n    \"14.0-14.4\": 1.40932,\n    \"14.5-14.7\": 6.26416\n  },\n  E: {\n    \"4\": 0,\n    \"5\": 0,\n    \"6\": 0,\n    \"7\": 0.00615,\n    \"8\": 0.00615,\n    \"9\": 0,\n    \"10\": 0,\n    \"11\": 0,\n    \"12\": 0.00615,\n    \"13\": 0.03076,\n    \"14\": 0.3014,\n    \"15\": 0.0123,\n    _: \"0\",\n    \"3.1\": 0,\n    \"3.2\": 0,\n    \"5.1\": 0.14147,\n    \"6.1\": 0,\n    \"7.1\": 0,\n    \"9.1\": 0,\n    \"10.1\": 0.00615,\n    \"11.1\": 0.0246,\n    \"12.1\": 0.0246,\n    \"13.1\": 0.13532,\n    \"14.1\": 0.97801\n  },\n  B: {\n    \"12\": 0,\n    \"13\": 0,\n    \"14\": 0.0123,\n    \"15\": 0,\n    \"16\": 0.00615,\n    \"17\": 0.0123,\n    \"18\": 0.03076,\n    \"79\": 0,\n    \"80\": 0,\n    \"81\": 0,\n    \"83\": 0.00615,\n    \"84\": 0.00615,\n    \"85\": 0,\n    \"86\": 0,\n    \"87\": 0,\n    \"88\": 0,\n    \"89\": 0.00615,\n    \"90\": 0,\n    \"91\": 0.01845,\n    \"92\": 1.24865,\n    \"93\": 0\n  },\n  P: {\n    \"4\": 0.06097,\n    \"5.0-5.4\": 0,\n    \"6.2-6.4\": 0.17274,\n    \"7.2-7.4\": 0.02032,\n    \"8.2\": 0,\n    \"9.2\": 0.02032,\n    \"10.1\": 0,\n    \"11.1-11.2\": 0.06097,\n    \"12.0\": 0.10161,\n    \"13.0\": 0.12194,\n    \"14.0\": 1.1584\n  },\n  I: {\n    \"0\": 0,\n    \"3\": 0,\n    \"4\": 0,\n    \"2.1\": 0,\n    \"2.2\": 0,\n    \"2.3\": 0,\n    \"4.1\": 0.012,\n    \"4.2-4.3\": 0.016,\n    \"4.4\": 0,\n    \"4.4.3-4.4.4\": 0.082\n  },\n  K: {\n    _: \"0 10 11 12 11.1 11.5 12.1\"\n  },\n  A: {\n    \"6\": 0,\n    \"7\": 0,\n    \"8\": 0.02516,\n    \"9\": 0.00839,\n    \"10\": 0,\n    \"11\": 0.24324,\n    \"5.5\": 0\n  },\n  J: {\n    \"7\": 0,\n    \"10\": 0\n  },\n  N: {\n    \"10\": 0,\n    \"11\": 0\n  },\n  R: {\n    _: \"0\"\n  },\n  M: {\n    \"0\": 0.14241\n  },\n  Q: {\n    \"10.4\": 0.13087\n  },\n  O: {\n    \"0\": 0.32717\n  },\n  H: {\n    \"0\": 1.12235\n  },\n  L: {\n    \"0\": 45.18733\n  },\n  S: {\n    \"2.5\": 0\n  }\n};","map":{"version":3,"sources":["C:/xampp/public_html/vamo/interface2/node_modules/caniuse-lite/data/regions/BY.js"],"names":["module","exports","C","D","F","G","E","_","B","P","I","K","A","J","N","R","M","Q","O","H","L","S"],