{"ast":null,"code":"module.exports = {\n  C: {\n    \"2\": 0,\n    \"3\": 0,\n    \"4\": 0,\n    \"5\": 0,\n    \"6\": 0,\n    \"7\": 0,\n    \"8\": 0,\n    \"9\": 0,\n    \"10\": 0,\n    \"11\": 0,\n    \"12\": 0,\n    \"13\": 0,\n    \"14\": 0,\n    \"15\": 0,\n    \"16\": 0,\n    \"17\": 0,\n    \"18\": 0,\n    \"19\": 0,\n    \"20\": 0,\n    \"21\": 0,\n    \"22\": 0,\n    \"23\": 0,\n    \"24\": 0,\n    \"25\": 0,\n    \"26\": 0,\n    \"27\": 0,\n    \"28\": 0,\n    \"29\": 0,\n    \"30\": 0,\n    \"31\": 0,\n    \"32\": 0.00396,\n    \"33\": 0,\n    \"34\": 0.00791,\n    \"35\": 0,\n    \"36\": 0,\n    \"37\": 0,\n    \"38\": 0.00396,\n    \"39\": 0,\n    \"40\": 0,\n    \"41\": 0,\n    \"42\": 0,\n    \"43\": 0,\n    \"44\": 0,\n    \"45\": 0,\n    \"46\": 0,\n    \"47\": 0.06331,\n    \"48\": 0,\n    \"49\": 0,\n    \"50\": 0,\n    \"51\": 0,\n    \"52\": 0.00396,\n    \"53\": 0,\n    \"54\": 0,\n    \"55\": 0,\n    \"56\": 0,\n    \"57\": 0,\n    \"58\": 0,\n    \"59\": 0,\n    \"60\": 0,\n    \"61\": 0,\n    \"62\": 0,\n    \"63\": 0,\n    \"64\": 0,\n    \"65\": 0,\n    \"66\": 0,\n    \"67\": 0,\n    \"68\": 0,\n    \"69\": 0,\n    \"70\": 0,\n    \"71\": 0,\n    \"72\": 0.00396,\n    \"73\": 0,\n    \"74\": 0,\n    \"75\": 0,\n    \"76\": 0,\n    \"77\": 0,\n    \"78\": 0.02374,\n    \"79\": 0,\n    \"80\": 0,\n    \"81\": 0,\n    \"82\": 0.03561,\n    \"83\": 0,\n    \"84\": 0,\n    \"85\": 0.04748,\n    \"86\": 0,\n    \"87\": 0,\n    \"88\": 0.00791,\n    \"89\": 0.0554,\n    \"90\": 0.24138,\n    \"91\": 0.33635,\n    \"92\": 0.05144,\n    \"93\": 0,\n    \"3.5\": 0,\n    \"3.6\": 0\n  },\n  D: {\n    \"4\": 0,\n    \"5\": 0,\n    \"6\": 0,\n    \"7\": 0,\n    \"8\": 0,\n    \"9\": 0,\n    \"10\": 0,\n    \"11\": 0,\n    \"12\": 0,\n    \"13\": 0,\n    \"14\": 0,\n    \"15\": 0,\n    \"16\": 0,\n    \"17\": 0,\n    \"18\": 0,\n    \"19\": 0,\n    \"20\": 0,\n    \"21\": 0,\n    \"22\": 0,\n    \"23\": 0,\n    \"24\": 0,\n    \"25\": 0,\n    \"26\": 0,\n    \"27\": 0,\n    \"28\": 0.00396,\n    \"29\": 0,\n    \"30\": 0,\n    \"31\": 0,\n    \"32\": 0,\n    \"33\": 0,\n    \"34\": 0,\n    \"35\": 0,\n    \"36\": 0,\n    \"37\": 0,\n    \"38\": 0,\n    \"39\": 0,\n    \"40\": 0.00791,\n    \"41\": 0,\n    \"42\": 0,\n    \"43\": 0,\n    \"44\": 0,\n    \"45\": 0,\n    \"46\": 0,\n    \"47\": 0,\n    \"48\": 0,\n    \"49\": 0.01979,\n    \"50\": 0,\n    \"51\": 0,\n    \"52\": 0,\n    \"53\": 0,\n    \"54\": 0,\n    \"55\": 0.01187,\n    \"56\": 0,\n    \"57\": 0,\n    \"58\": 0.00791,\n    \"59\": 0.00791,\n    \"60\": 0.00396,\n    \"61\": 0,\n    \"62\": 0,\n    \"63\": 0,\n    \"64\": 0.00791,\n    \"65\": 0,\n    \"66\": 0,\n    \"67\": 0,\n    \"68\": 0,\n    \"69\": 0.04353,\n    \"70\": 0,\n    \"71\": 0.00396,\n    \"72\": 0.00396,\n    \"73\": 0,\n    \"74\": 0.01187,\n    \"75\": 0,\n    \"76\": 0,\n    \"77\": 0.00396,\n    \"78\": 0.01583,\n    \"79\": 0.11475,\n    \"80\": 0.00396,\n    \"81\": 0.07518,\n    \"83\": 0.02374,\n    \"84\": 0.0277,\n    \"85\": 0.01187,\n    \"86\": 0.0277,\n    \"87\": 0.05936,\n    \"88\": 0,\n    \"89\": 0.01979,\n    \"90\": 0.0277,\n    \"91\": 0.34426,\n    \"92\": 6.65172,\n    \"93\": 0.00396,\n    \"94\": 0,\n    \"95\": 0,\n    \"96\": 0\n  },\n  F: {\n    \"9\": 0,\n    \"11\": 0,\n    \"12\": 0,\n    \"15\": 0,\n    \"16\": 0,\n    \"17\": 0,\n    \"18\": 0,\n    \"19\": 0,\n    \"20\": 0,\n    \"21\": 0,\n    \"22\": 0,\n    \"23\": 0,\n    \"24\": 0,\n    \"25\": 0,\n    \"26\": 0,\n    \"27\": 0,\n    \"28\": 0,\n    \"29\": 0,\n    \"30\": 0,\n    \"31\": 0,\n    \"32\": 0,\n    \"33\": 0,\n    \"34\": 0,\n    \"35\": 0,\n    \"36\": 0,\n    \"37\": 0,\n    \"38\": 0,\n    \"39\": 0,\n    \"40\": 0,\n    \"41\": 0,\n    \"42\": 0,\n    \"43\": 0,\n    \"44\": 0,\n    \"45\": 0,\n    \"46\": 0,\n    \"47\": 0,\n    \"48\": 0,\n    \"49\": 0,\n    \"50\": 0,\n    \"51\": 0,\n    \"52\": 0,\n    \"53\": 0,\n    \"54\": 0,\n    \"55\": 0,\n    \"56\": 0,\n    \"57\": 0,\n    \"58\": 0.01187,\n    \"60\": 0,\n    \"62\": 0,\n    \"63\": 0,\n    \"64\": 0,\n    \"65\": 0,\n    \"66\": 0,\n    \"67\": 0,\n    \"68\": 0,\n    \"69\": 0,\n    \"70\": 0,\n    \"71\": 0,\n    \"72\": 0,\n    \"73\": 0,\n    \"74\": 0,\n    \"75\": 0,\n    \"76\": 0,\n    \"77\": 0.10288,\n    \"78\": 0.09101,\n    \"9.5-9.6\": 0,\n    \"10.0-10.1\": 0,\n    \"10.5\": 0,\n    \"10.6\": 0,\n    \"11.1\": 0,\n    \"11.5\": 0,\n    \"11.6\": 0,\n    \"12.1\": 0\n  },\n  G: {\n    \"8\": 0.02836,\n    \"3.2\": 0,\n    \"4.0-4.1\": 0,\n    \"4.2-4.3\": 0,\n    \"5.0-5.1\": 0,\n    \"6.0-6.1\": 0,\n    \"7.0-7.1\": 0.00774,\n    \"8.1-8.4\": 0.03954,\n    \"9.0-9.2\": 0.01547,\n    \"9.3\": 0.3206,\n    \"10.0-10.2\": 0.01289,\n    \"10.3\": 0.00516,\n    \"11.0-11.2\": 0.06189,\n    \"11.3-11.4\": 0.07564,\n    \"12.0-12.1\": 0.13323,\n    \"12.2-12.4\": 0.0361,\n    \"13.0-13.1\": 0.01805,\n    \"13.2\": 0.00516,\n    \"13.3\": 0.07306,\n    \"13.4-13.7\": 0.11947,\n    \"14.0-14.4\": 0.58362,\n    \"14.5-14.7\": 6.96217\n  },\n  E: {\n    \"4\": 0,\n    \"5\": 0,\n    \"6\": 0,\n    \"7\": 0,\n    \"8\": 0,\n    \"9\": 0,\n    \"10\": 0,\n    \"11\": 0.00396,\n    \"12\": 0,\n    \"13\": 0.00396,\n    \"14\": 0.13454,\n    \"15\": 0,\n    _: \"0\",\n    \"3.1\": 0,\n    \"3.2\": 0,\n    \"5.1\": 0,\n    \"6.1\": 0,\n    \"7.1\": 0,\n    \"9.1\": 0,\n    \"10.1\": 0,\n    \"11.1\": 0.01187,\n    \"12.1\": 0.01583,\n    \"13.1\": 0.20576,\n    \"14.1\": 0.71622\n  },\n  B: {\n    \"12\": 0.0277,\n    \"13\": 0.00791,\n    \"14\": 0,\n    \"15\": 0.01187,\n    \"16\": 0.01583,\n    \"17\": 0.03561,\n    \"18\": 0.0277,\n    \"79\": 0,\n    \"80\": 0.00791,\n    \"81\": 0,\n    \"83\": 0,\n    \"84\": 0.00396,\n    \"85\": 0,\n    \"86\": 0.00396,\n    \"87\": 0.00396,\n    \"88\": 0,\n    \"89\": 0.04748,\n    \"90\": 0.01187,\n    \"91\": 0.07914,\n    \"92\": 3.28827,\n    \"93\": 0\n  },\n  P: {\n    \"4\": 0.21361,\n    \"5.0-5.4\": 0.01017,\n    \"6.2-6.4\": 0.01017,\n    \"7.2-7.4\": 0.53911,\n    \"8.2\": 0,\n    \"9.2\": 0.05086,\n    \"10.1\": 0,\n    \"11.1-11.2\": 0.23395,\n    \"12.0\": 0.03052,\n    \"13.0\": 0.11189,\n    \"14.0\": 1.03754\n  },\n  I: {\n    \"0\": 0,\n    \"3\": 0,\n    \"4\": 0,\n    \"2.1\": 0,\n    \"2.2\": 0,\n    \"2.3\": 0,\n    \"4.1\": 0,\n    \"4.2-4.3\": 0,\n    \"4.4\": 0,\n    \"4.4.3-4.4.4\": 0.70288\n  },\n  K: {\n    _: \"0 10 11 12 11.1 11.5 12.1\"\n  },\n  A: {\n    \"6\": 0,\n    \"7\": 0,\n    \"8\": 0,\n    \"9\": 0,\n    \"10\": 0.00791,\n    \"11\": 0.06331,\n    \"5.5\": 0\n  },\n  J: {\n    \"7\": 0,\n    \"10\": 0\n  },\n  N: {\n    \"10\": 0,\n    \"11\": 0\n  },\n  R: {\n    _: \"0\"\n  },\n  M: {\n    \"0\": 0.07856\n  },\n  Q: {\n    \"10.4\": 0.04834\n  },\n  O: {\n    \"0\": 1.05753\n  },\n  H: {\n    \"0\": 0.6236\n  },\n  L: {\n    \"0\": 71.67709\n  },\n  S: {\n    \"2.5\": 0\n  }\n};","map":{"version":3,"sources":["C:/xampp/public_html/vamo/interface2/node_modules/caniuse-lite/data/regions/VU.js"],"names":["module","exports","C","D","F","G","E","_","B","P","I","K","A","J","N","R","M","Q","O","H","L","S"],