{"ast":null,"code":"module.exports = {\n  C: {\n    \"2\": 0,\n    \"3\": 0,\n    \"4\": 0,\n    \"5\": 0,\n    \"6\": 0,\n    \"7\": 0,\n    \"8\": 0,\n    \"9\": 0,\n    \"10\": 0,\n    \"11\": 0,\n    \"12\": 0,\n    \"13\": 0,\n    \"14\": 0,\n    \"15\": 0,\n    \"16\": 0,\n    \"17\": 0,\n    \"18\": 0,\n    \"19\": 0,\n    \"20\": 0,\n    \"21\": 0,\n    \"22\": 0,\n    \"23\": 0,\n    \"24\": 0,\n    \"25\": 0,\n    \"26\": 0,\n    \"27\": 0,\n    \"28\": 0,\n    \"29\": 0,\n    \"30\": 0,\n    \"31\": 0,\n    \"32\": 0,\n    \"33\": 0,\n    \"34\": 0,\n    \"35\": 0,\n    \"36\": 0,\n    \"37\": 0,\n    \"38\": 0,\n    \"39\": 0,\n    \"40\": 0,\n    \"41\": 0,\n    \"42\": 0,\n    \"43\": 0.00318,\n    \"44\": 0,\n    \"45\": 0,\n    \"46\": 0,\n    \"47\": 0.00318,\n    \"48\": 0.00636,\n    \"49\": 0,\n    \"50\": 0,\n    \"51\": 0,\n    \"52\": 0.05085,\n    \"53\": 0,\n    \"54\": 0.01907,\n    \"55\": 0,\n    \"56\": 0,\n    \"57\": 0,\n    \"58\": 0,\n    \"59\": 0,\n    \"60\": 0,\n    \"61\": 0,\n    \"62\": 0,\n    \"63\": 0,\n    \"64\": 0,\n    \"65\": 0,\n    \"66\": 0,\n    \"67\": 0,\n    \"68\": 0,\n    \"69\": 0,\n    \"70\": 0,\n    \"71\": 0,\n    \"72\": 0.00318,\n    \"73\": 0,\n    \"74\": 0,\n    \"75\": 0,\n    \"76\": 0,\n    \"77\": 0,\n    \"78\": 0.04449,\n    \"79\": 0,\n    \"80\": 0,\n    \"81\": 0.00318,\n    \"82\": 0,\n    \"83\": 0,\n    \"84\": 0,\n    \"85\": 0,\n    \"86\": 0,\n    \"87\": 0,\n    \"88\": 0.01271,\n    \"89\": 0.03178,\n    \"90\": 0.2161,\n    \"91\": 0.27966,\n    \"92\": 0.00636,\n    \"93\": 0,\n    \"3.5\": 0,\n    \"3.6\": 0\n  },\n  D: {\n    \"4\": 0,\n    \"5\": 0,\n    \"6\": 0,\n    \"7\": 0,\n    \"8\": 0,\n    \"9\": 0,\n    \"10\": 0,\n    \"11\": 0,\n    \"12\": 0,\n    \"13\": 0,\n    \"14\": 0,\n    \"15\": 0,\n    \"16\": 0,\n    \"17\": 0,\n    \"18\": 0,\n    \"19\": 0,\n    \"20\": 0,\n    \"21\": 0,\n    \"22\": 0,\n    \"23\": 0,\n    \"24\": 0,\n    \"25\": 0,\n    \"26\": 0,\n    \"27\": 0,\n    \"28\": 0,\n    \"29\": 0,\n    \"30\": 0,\n    \"31\": 0,\n    \"32\": 0,\n    \"33\": 0,\n    \"34\": 0,\n    \"35\": 0,\n    \"36\": 0,\n    \"37\": 0,\n    \"38\": 0.00318,\n    \"39\": 0.00318,\n    \"40\": 0.00318,\n    \"41\": 0,\n    \"42\": 0,\n    \"43\": 0.00318,\n    \"44\": 0,\n    \"45\": 0,\n    \"46\": 0,\n    \"47\": 0,\n    \"48\": 0,\n    \"49\": 0.02225,\n    \"50\": 0,\n    \"51\": 0,\n    \"52\": 0.00636,\n    \"53\": 0,\n    \"54\": 0,\n    \"55\": 0.00318,\n    \"56\": 0,\n    \"57\": 0,\n    \"58\": 0.00318,\n    \"59\": 0,\n    \"60\": 0,\n    \"61\": 0,\n    \"62\": 0,\n    \"63\": 0.00636,\n    \"64\": 0.00318,\n    \"65\": 0.00636,\n    \"66\": 0,\n    \"67\": 0.00318,\n    \"68\": 0.00318,\n    \"69\": 0.11441,\n    \"70\": 0.00318,\n    \"71\": 0,\n    \"72\": 0.00318,\n    \"73\": 0.00636,\n    \"74\": 0.00318,\n    \"75\": 0.00636,\n    \"76\": 0.03814,\n    \"77\": 0.00953,\n    \"78\": 0.00318,\n    \"79\": 0.05403,\n    \"80\": 0.00636,\n    \"81\": 0.0286,\n    \"83\": 0.00636,\n    \"84\": 0.00318,\n    \"85\": 0.00318,\n    \"86\": 0.01907,\n    \"87\": 0.06674,\n    \"88\": 0.0286,\n    \"89\": 0.02225,\n    \"90\": 0.03178,\n    \"91\": 0.25742,\n    \"92\": 5.09116,\n    \"93\": 0,\n    \"94\": 0.00636,\n    \"95\": 0,\n    \"96\": 0\n  },\n  F: {\n    \"9\": 0,\n    \"11\": 0,\n    \"12\": 0,\n    \"15\": 0,\n    \"16\": 0,\n    \"17\": 0,\n    \"18\": 0,\n    \"19\": 0,\n    \"20\": 0,\n    \"21\": 0,\n    \"22\": 0,\n    \"23\": 0,\n    \"24\": 0,\n    \"25\": 0,\n    \"26\": 0,\n    \"27\": 0,\n    \"28\": 0.04131,\n    \"29\": 0.00318,\n    \"30\": 0,\n    \"31\": 0,\n    \"32\": 0,\n    \"33\": 0,\n    \"34\": 0,\n    \"35\": 0,\n    \"36\": 0,\n    \"37\": 0,\n    \"38\": 0,\n    \"39\": 0,\n    \"40\": 0,\n    \"41\": 0,\n    \"42\": 0,\n    \"43\": 0,\n    \"44\": 0,\n    \"45\": 0,\n    \"46\": 0,\n    \"47\": 0,\n    \"48\": 0,\n    \"49\": 0,\n    \"50\": 0,\n    \"51\": 0,\n    \"52\": 0,\n    \"53\": 0,\n    \"54\": 0,\n    \"55\": 0,\n    \"56\": 0,\n    \"57\": 0.00636,\n    \"58\": 0.01907,\n    \"60\": 0,\n    \"62\": 0,\n    \"63\": 0.00318,\n    \"64\": 0.00318,\n    \"65\": 0.02225,\n    \"66\": 0,\n    \"67\": 0,\n    \"68\": 0,\n    \"69\": 0,\n    \"70\": 0,\n    \"71\": 0,\n    \"72\": 0,\n    \"73\": 0,\n    \"74\": 0,\n    \"75\": 0,\n    \"76\": 0.00318,\n    \"77\": 0.28284,\n    \"78\": 0.27649,\n    \"9.5-9.6\": 0,\n    \"10.0-10.1\": 0,\n    \"10.5\": 0,\n    \"10.6\": 0,\n    \"11.1\": 0,\n    \"11.5\": 0,\n    \"11.6\": 0,\n    \"12.1\": 0.00636\n  },\n  G: {\n    \"8\": 0.00511,\n    \"3.2\": 0,\n    \"4.0-4.1\": 0,\n    \"4.2-4.3\": 0,\n    \"5.0-5.1\": 0.01363,\n    \"6.0-6.1\": 0,\n    \"7.0-7.1\": 0.02896,\n    \"8.1-8.4\": 0,\n    \"9.0-9.2\": 0,\n    \"9.3\": 0.65408,\n    \"10.0-10.2\": 0.00681,\n    \"10.3\": 0.06984,\n    \"11.0-11.2\": 0.39517,\n    \"11.3-11.4\": 0.02044,\n    \"12.0-12.1\": 0.02725,\n    \"12.2-12.4\": 0.26572,\n    \"13.0-13.1\": 0.00681,\n    \"13.2\": 0.01192,\n    \"13.3\": 0.08176,\n    \"13.4-13.7\": 0.18226,\n    \"14.0-14.4\": 1.45976,\n    \"14.5-14.7\": 8.65296\n  },\n  E: {\n    \"4\": 0,\n    \"5\": 0,\n    \"6\": 0,\n    \"7\": 0,\n    \"8\": 0,\n    \"9\": 0,\n    \"10\": 0.00318,\n    \"11\": 0,\n    \"12\": 0,\n    \"13\": 0.09534,\n    \"14\": 0.0572,\n    \"15\": 0,\n    _: \"0\",\n    \"3.1\": 0,\n    \"3.2\": 0,\n    \"5.1\": 0,\n    \"6.1\": 0,\n    \"7.1\": 0.00318,\n    \"9.1\": 0,\n    \"10.1\": 0.00636,\n    \"11.1\": 0.00953,\n    \"12.1\": 0.00636,\n    \"13.1\": 0.00953,\n    \"14.1\": 0.09216\n  },\n  B: {\n    \"12\": 0.00636,\n    \"13\": 0.00318,\n    \"14\": 0.00636,\n    \"15\": 0.00318,\n    \"16\": 0.00318,\n    \"17\": 0.00318,\n    \"18\": 0.02225,\n    \"79\": 0,\n    \"80\": 0,\n    \"81\": 0,\n    \"83\": 0,\n    \"84\": 0.00636,\n    \"85\": 0,\n    \"86\": 0,\n    \"87\": 0,\n    \"88\": 0,\n    \"89\": 0.00953,\n    \"90\": 0.01271,\n    \"91\": 0.04767,\n    \"92\": 0.75954,\n    \"93\": 0\n  },\n  P: {\n    \"4\": 0.42798,\n    \"5.0-5.4\": 0.02038,\n    \"6.2-6.4\": 0.06114,\n    \"7.2-7.4\": 0.90691,\n    \"8.2\": 0,\n    \"9.2\": 0.06114,\n    \"10.1\": 0.03057,\n    \"11.1-11.2\": 0.13247,\n    \"12.0\": 0.09171,\n    \"13.0\": 0.69292,\n    \"14.0\": 2.29275\n  },\n  I: {\n    \"0\": 0,\n    \"3\": 0,\n    \"4\": 0.00059,\n    \"2.1\": 0,\n    \"2.2\": 0,\n    \"2.3\": 0,\n    \"4.1\": 0.00117,\n    \"4.2-4.3\": 0.01114,\n    \"4.4\": 0,\n    \"4.4.3-4.4.4\": 0.14067\n  },\n  K: {\n    _: \"0 10 11 12 11.1 11.5 12.1\"\n  },\n  A: {\n    \"6\": 0,\n    \"7\": 0,\n    \"8\": 0,\n    \"9\": 0,\n    \"10\": 0,\n    \"11\": 0.18432,\n    \"5.5\": 0\n  },\n  J: {\n    \"7\": 0,\n    \"10\": 0.08186\n  },\n  N: {\n    \"10\": 0,\n    \"11\": 0\n  },\n  R: {\n    _: \"0\"\n  },\n  M: {\n    \"0\": 0.1228\n  },\n  Q: {\n    \"10.4\": 0.23877\n  },\n  O: {\n    \"0\": 0.86639\n  },\n  H: {\n    \"0\": 1.69862\n  },\n  L: {\n    \"0\": 68.71425\n  },\n  S: {\n    \"2.5\": 0.02729\n  }\n};","map":{"version":3,"sources":["C:/xampp/public_html/vamo/interface2/node_modules/caniuse-lite/data/regions/GA.js"],"names":["module","exports","C","D","F","G","E","_","B","P","I","K","A","J","N","R","M","Q","O","H","L","S"],