{"ast":null,"code":"module.exports = {\n  C: {\n    \"2\": 0,\n    \"3\": 0,\n    \"4\": 0,\n    \"5\": 0,\n    \"6\": 0,\n    \"7\": 0,\n    \"8\": 0,\n    \"9\": 0,\n    \"10\": 0,\n    \"11\": 0,\n    \"12\": 0,\n    \"13\": 0,\n    \"14\": 0,\n    \"15\": 0,\n    \"16\": 0,\n    \"17\": 0,\n    \"18\": 0,\n    \"19\": 0,\n    \"20\": 0,\n    \"21\": 0,\n    \"22\": 0,\n    \"23\": 0,\n    \"24\": 0,\n    \"25\": 0,\n    \"26\": 0,\n    \"27\": 0,\n    \"28\": 0,\n    \"29\": 0,\n    \"30\": 0,\n    \"31\": 0,\n    \"32\": 0,\n    \"33\": 0,\n    \"34\": 0.01636,\n    \"35\": 0.01091,\n    \"36\": 0.01091,\n    \"37\": 0,\n    \"38\": 0,\n    \"39\": 0,\n    \"40\": 0,\n    \"41\": 0,\n    \"42\": 0,\n    \"43\": 0,\n    \"44\": 0,\n    \"45\": 0,\n    \"46\": 0,\n    \"47\": 0,\n    \"48\": 0,\n    \"49\": 0,\n    \"50\": 0,\n    \"51\": 0,\n    \"52\": 0.01636,\n    \"53\": 0,\n    \"54\": 0,\n    \"55\": 0,\n    \"56\": 0.00545,\n    \"57\": 0,\n    \"58\": 0,\n    \"59\": 0,\n    \"60\": 0,\n    \"61\": 0,\n    \"62\": 0,\n    \"63\": 0,\n    \"64\": 0,\n    \"65\": 0,\n    \"66\": 0,\n    \"67\": 0,\n    \"68\": 0.01636,\n    \"69\": 0.01091,\n    \"70\": 0,\n    \"71\": 0,\n    \"72\": 0.00545,\n    \"73\": 0,\n    \"74\": 0,\n    \"75\": 0,\n    \"76\": 0,\n    \"77\": 0,\n    \"78\": 0.04362,\n    \"79\": 0,\n    \"80\": 0,\n    \"81\": 0,\n    \"82\": 0,\n    \"83\": 0,\n    \"84\": 0.00545,\n    \"85\": 0.00545,\n    \"86\": 0.00545,\n    \"87\": 0.00545,\n    \"88\": 0.01636,\n    \"89\": 0.04362,\n    \"90\": 0.40898,\n    \"91\": 0.57257,\n    \"92\": 0.00545,\n    \"93\": 0,\n    \"3.5\": 0,\n    \"3.6\": 0\n  },\n  D: {\n    \"4\": 0,\n    \"5\": 0,\n    \"6\": 0,\n    \"7\": 0,\n    \"8\": 0,\n    \"9\": 0,\n    \"10\": 0,\n    \"11\": 0,\n    \"12\": 0,\n    \"13\": 0,\n    \"14\": 0,\n    \"15\": 0,\n    \"16\": 0,\n    \"17\": 0,\n    \"18\": 0,\n    \"19\": 0.00545,\n    \"20\": 0,\n    \"21\": 0,\n    \"22\": 0.01091,\n    \"23\": 0,\n    \"24\": 0,\n    \"25\": 0,\n    \"26\": 0.00545,\n    \"27\": 0,\n    \"28\": 0,\n    \"29\": 0,\n    \"30\": 0.00545,\n    \"31\": 0,\n    \"32\": 0,\n    \"33\": 0,\n    \"34\": 0.04362,\n    \"35\": 0,\n    \"36\": 0.00545,\n    \"37\": 0,\n    \"38\": 0.10361,\n    \"39\": 0,\n    \"40\": 0,\n    \"41\": 0,\n    \"42\": 0,\n    \"43\": 0,\n    \"44\": 0,\n    \"45\": 0,\n    \"46\": 0.00545,\n    \"47\": 0,\n    \"48\": 0.00545,\n    \"49\": 0.07089,\n    \"50\": 0,\n    \"51\": 0,\n    \"52\": 0,\n    \"53\": 0.04362,\n    \"54\": 0.00545,\n    \"55\": 0.01636,\n    \"56\": 0.00545,\n    \"57\": 0.00545,\n    \"58\": 0.00545,\n    \"59\": 0,\n    \"60\": 0.00545,\n    \"61\": 0.01636,\n    \"62\": 0.01091,\n    \"63\": 0.00545,\n    \"64\": 0.00545,\n    \"65\": 0.01636,\n    \"66\": 0.00545,\n    \"67\": 0.01636,\n    \"68\": 0.01636,\n    \"69\": 0.02727,\n    \"70\": 0.01091,\n    \"71\": 0.01636,\n    \"72\": 0.05453,\n    \"73\": 0.01636,\n    \"74\": 0.01636,\n    \"75\": 0.03272,\n    \"76\": 0.01636,\n    \"77\": 0.01091,\n    \"78\": 0.04362,\n    \"79\": 0.32718,\n    \"80\": 0.04362,\n    \"81\": 0.03817,\n    \"83\": 0.04362,\n    \"84\": 0.03272,\n    \"85\": 0.02181,\n    \"86\": 0.06544,\n    \"87\": 0.10906,\n    \"88\": 0.11997,\n    \"89\": 0.08725,\n    \"90\": 0.23993,\n    \"91\": 1.1724,\n    \"92\": 14.71219,\n    \"93\": 0.02181,\n    \"94\": 0.01636,\n    \"95\": 0,\n    \"96\": 0\n  },\n  F: {\n    \"9\": 0,\n    \"11\": 0,\n    \"12\": 0,\n    \"15\": 0,\n    \"16\": 0,\n    \"17\": 0,\n    \"18\": 0,\n    \"19\": 0,\n    \"20\": 0,\n    \"21\": 0,\n    \"22\": 0,\n    \"23\": 0,\n    \"24\": 0,\n    \"25\": 0,\n    \"26\": 0,\n    \"27\": 0,\n    \"28\": 0.00545,\n    \"29\": 0,\n    \"30\": 0,\n    \"31\": 0,\n    \"32\": 0,\n    \"33\": 0,\n    \"34\": 0,\n    \"35\": 0,\n    \"36\": 0.02181,\n    \"37\": 0,\n    \"38\": 0,\n    \"39\": 0,\n    \"40\": 0.00545,\n    \"41\": 0,\n    \"42\": 0,\n    \"43\": 0,\n    \"44\": 0,\n    \"45\": 0,\n    \"46\": 0.03817,\n    \"47\": 0,\n    \"48\": 0,\n    \"49\": 0,\n    \"50\": 0,\n    \"51\": 0,\n    \"52\": 0,\n    \"53\": 0,\n    \"54\": 0,\n    \"55\": 0,\n    \"56\": 0,\n    \"57\": 0,\n    \"58\": 0.00545,\n    \"60\": 0,\n    \"62\": 0,\n    \"63\": 0,\n    \"64\": 0,\n    \"65\": 0,\n    \"66\": 0,\n    \"67\": 0,\n    \"68\": 0,\n    \"69\": 0,\n    \"70\": 0,\n    \"71\": 0,\n    \"72\": 0,\n    \"73\": 0,\n    \"74\": 0,\n    \"75\": 0,\n    \"76\": 0,\n    \"77\": 0.04908,\n    \"78\": 0.04908,\n    \"9.5-9.6\": 0,\n    \"10.0-10.1\": 0,\n    \"10.5\": 0,\n    \"10.6\": 0,\n    \"11.1\": 0,\n    \"11.5\": 0,\n    \"11.6\": 0,\n    \"12.1\": 0\n  },\n  G: {\n    \"8\": 0,\n    \"3.2\": 0,\n    \"4.0-4.1\": 0,\n    \"4.2-4.3\": 0.0098,\n    \"5.0-5.1\": 0.05551,\n    \"6.0-6.1\": 0.02612,\n    \"7.0-7.1\": 0.05225,\n    \"8.1-8.4\": 0.06857,\n    \"9.0-9.2\": 0.03918,\n    \"9.3\": 0.43103,\n    \"10.0-10.2\": 0.10449,\n    \"10.3\": 0.32327,\n    \"11.0-11.2\": 0.17307,\n    \"11.3-11.4\": 0.14694,\n    \"12.0-12.1\": 0.16,\n    \"12.2-12.4\": 0.44736,\n    \"13.0-13.1\": 0.16653,\n    \"13.2\": 0.04572,\n    \"13.3\": 0.33307,\n    \"13.4-13.7\": 1.10043,\n    \"14.0-14.4\": 4.25805,\n    \"14.5-14.7\": 23.43561\n  },\n  E: {\n    \"4\": 0,\n    \"5\": 0,\n    \"6\": 0,\n    \"7\": 0,\n    \"8\": 0.01091,\n    \"9\": 0,\n    \"10\": 0,\n    \"11\": 0.01091,\n    \"12\": 0.01091,\n    \"13\": 0.10906,\n    \"14\": 0.75251,\n    \"15\": 0.01091,\n    _: \"0\",\n    \"3.1\": 0,\n    \"3.2\": 0,\n    \"5.1\": 0,\n    \"6.1\": 0,\n    \"7.1\": 0,\n    \"9.1\": 0.00545,\n    \"10.1\": 0.02181,\n    \"11.1\": 0.03817,\n    \"12.1\": 0.05998,\n    \"13.1\": 0.34899,\n    \"14.1\": 3.13548\n  },\n  B: {\n    \"12\": 0.00545,\n    \"13\": 0,\n    \"14\": 0,\n    \"15\": 0,\n    \"16\": 0.00545,\n    \"17\": 0.00545,\n    \"18\": 0.02181,\n    \"79\": 0,\n    \"80\": 0,\n    \"81\": 0,\n    \"83\": 0,\n    \"84\": 0,\n    \"85\": 0,\n    \"86\": 0.00545,\n    \"87\": 0,\n    \"88\": 0,\n    \"89\": 0.01091,\n    \"90\": 0.00545,\n    \"91\": 0.05998,\n    \"92\": 2.28481,\n    \"93\": 0.00545\n  },\n  P: {\n    \"4\": 0.94248,\n    \"5.0-5.4\": 0,\n    \"6.2-6.4\": 0,\n    \"7.2-7.4\": 0.0325,\n    \"8.2\": 0.01083,\n    \"9.2\": 0.04333,\n    \"10.1\": 0.02167,\n    \"11.1-11.2\": 0.0975,\n    \"12.0\": 0.065,\n    \"13.0\": 0.20583,\n    \"14.0\": 3.79158\n  },\n  I: {\n    \"0\": 0,\n    \"3\": 0,\n    \"4\": 0.00492,\n    \"2.1\": 0,\n    \"2.2\": 0,\n    \"2.3\": 0,\n    \"4.1\": 0.00984,\n    \"4.2-4.3\": 0.02132,\n    \"4.4\": 0,\n    \"4.4.3-4.4.4\": 0.123\n  },\n  K: {\n    _: \"0 10 11 12 11.1 11.5 12.1\"\n  },\n  A: {\n    \"6\": 0,\n    \"7\": 0,\n    \"8\": 0,\n    \"9\": 0,\n    \"10\": 0,\n    \"11\": 0.70889,\n    \"5.5\": 0\n  },\n  J: {\n    \"7\": 0,\n    \"10\": 0\n  },\n  N: {\n    \"10\": 0,\n    \"11\": 0\n  },\n  R: {\n    _: \"0\"\n  },\n  M: {\n    \"0\": 0.2319\n  },\n  Q: {\n    \"10.4\": 0.19552\n  },\n  O: {\n    \"0\": 0.78663\n  },\n  H: {\n    \"0\": 0.0861\n  },\n  L: {\n    \"0\": 31.01295\n  },\n  S: {\n    \"2.5\": 0\n  }\n};","map":{"version":3,"sources":["C:/xampp/public_html/vamo/interface2/node_modules/caniuse-lite/data/regions/HK.js"],"names":["module","exports","C","D","F","G","E","_","B","P","I","K","A","J","N","R","M","Q","O","H","L","S"],