{"ast":null,"code":"module.exports = {\n  C: {\n    \"2\": 0,\n    \"3\": 0,\n    \"4\": 0,\n    \"5\": 0,\n    \"6\": 0,\n    \"7\": 0,\n    \"8\": 0,\n    \"9\": 0,\n    \"10\": 0,\n    \"11\": 0,\n    \"12\": 0,\n    \"13\": 0,\n    \"14\": 0,\n    \"15\": 0,\n    \"16\": 0,\n    \"17\": 0,\n    \"18\": 0,\n    \"19\": 0,\n    \"20\": 0,\n    \"21\": 0,\n    \"22\": 0,\n    \"23\": 0,\n    \"24\": 0.00395,\n    \"25\": 0.00789,\n    \"26\": 0.01973,\n    \"27\": 0.00395,\n    \"28\": 0,\n    \"29\": 0,\n    \"30\": 0,\n    \"31\": 0,\n    \"32\": 0,\n    \"33\": 0,\n    \"34\": 0,\n    \"35\": 0.00395,\n    \"36\": 0.00395,\n    \"37\": 0,\n    \"38\": 0,\n    \"39\": 0,\n    \"40\": 0,\n    \"41\": 0,\n    \"42\": 0,\n    \"43\": 0,\n    \"44\": 0,\n    \"45\": 0,\n    \"46\": 0,\n    \"47\": 0,\n    \"48\": 0,\n    \"49\": 0,\n    \"50\": 0,\n    \"51\": 0,\n    \"52\": 0.01578,\n    \"53\": 0,\n    \"54\": 0,\n    \"55\": 0,\n    \"56\": 0,\n    \"57\": 0,\n    \"58\": 0,\n    \"59\": 0,\n    \"60\": 0,\n    \"61\": 0,\n    \"62\": 0,\n    \"63\": 0,\n    \"64\": 0,\n    \"65\": 0,\n    \"66\": 0.01184,\n    \"67\": 0,\n    \"68\": 0.00395,\n    \"69\": 0,\n    \"70\": 0,\n    \"71\": 0,\n    \"72\": 0,\n    \"73\": 0,\n    \"74\": 0,\n    \"75\": 0,\n    \"76\": 0,\n    \"77\": 0,\n    \"78\": 0.01973,\n    \"79\": 0.0513,\n    \"80\": 0.01184,\n    \"81\": 0,\n    \"82\": 0,\n    \"83\": 0,\n    \"84\": 0,\n    \"85\": 0.00395,\n    \"86\": 0.00395,\n    \"87\": 0.00395,\n    \"88\": 0.01578,\n    \"89\": 0.02368,\n    \"90\": 0.25649,\n    \"91\": 0.3433,\n    \"92\": 0.00395,\n    \"93\": 0,\n    \"3.5\": 0,\n    \"3.6\": 0\n  },\n  D: {\n    \"4\": 0,\n    \"5\": 0,\n    \"6\": 0,\n    \"7\": 0,\n    \"8\": 0,\n    \"9\": 0,\n    \"10\": 0,\n    \"11\": 0,\n    \"12\": 0,\n    \"13\": 0,\n    \"14\": 0,\n    \"15\": 0,\n    \"16\": 0,\n    \"17\": 0,\n    \"18\": 0,\n    \"19\": 0,\n    \"20\": 0,\n    \"21\": 0,\n    \"22\": 0,\n    \"23\": 0,\n    \"24\": 0,\n    \"25\": 0,\n    \"26\": 0,\n    \"27\": 0,\n    \"28\": 0,\n    \"29\": 0,\n    \"30\": 0,\n    \"31\": 0.02762,\n    \"32\": 0.00789,\n    \"33\": 0,\n    \"34\": 0,\n    \"35\": 0,\n    \"36\": 0,\n    \"37\": 0,\n    \"38\": 0.01184,\n    \"39\": 0.00395,\n    \"40\": 0.00395,\n    \"41\": 0,\n    \"42\": 0,\n    \"43\": 0,\n    \"44\": 0,\n    \"45\": 0,\n    \"46\": 0,\n    \"47\": 0,\n    \"48\": 0,\n    \"49\": 0.04735,\n    \"50\": 0,\n    \"51\": 0,\n    \"52\": 0,\n    \"53\": 0.00395,\n    \"54\": 0,\n    \"55\": 0,\n    \"56\": 0.00395,\n    \"57\": 0.00395,\n    \"58\": 0.00395,\n    \"59\": 0,\n    \"60\": 0,\n    \"61\": 0.00789,\n    \"62\": 0.00395,\n    \"63\": 0.00395,\n    \"64\": 0,\n    \"65\": 0.00395,\n    \"66\": 0.00395,\n    \"67\": 0.00395,\n    \"68\": 0.00395,\n    \"69\": 0.00395,\n    \"70\": 0.00395,\n    \"71\": 0.00789,\n    \"72\": 0.00789,\n    \"73\": 0.01184,\n    \"74\": 0.00395,\n    \"75\": 0.00789,\n    \"76\": 0.00395,\n    \"77\": 0.00395,\n    \"78\": 0.01184,\n    \"79\": 0.0513,\n    \"80\": 0.15784,\n    \"81\": 0.01578,\n    \"83\": 0.01184,\n    \"84\": 0.00789,\n    \"85\": 0.01184,\n    \"86\": 0.01973,\n    \"87\": 0.08287,\n    \"88\": 0.02762,\n    \"89\": 0.06314,\n    \"90\": 0.07103,\n    \"91\": 0.53271,\n    \"92\": 10.67393,\n    \"93\": 0.01184,\n    \"94\": 0.00395,\n    \"95\": 0,\n    \"96\": 0\n  },\n  F: {\n    \"9\": 0,\n    \"11\": 0,\n    \"12\": 0,\n    \"15\": 0,\n    \"16\": 0,\n    \"17\": 0,\n    \"18\": 0,\n    \"19\": 0,\n    \"20\": 0,\n    \"21\": 0,\n    \"22\": 0,\n    \"23\": 0,\n    \"24\": 0,\n    \"25\": 0,\n    \"26\": 0,\n    \"27\": 0,\n    \"28\": 0,\n    \"29\": 0,\n    \"30\": 0,\n    \"31\": 0,\n    \"32\": 0,\n    \"33\": 0,\n    \"34\": 0,\n    \"35\": 0,\n    \"36\": 0,\n    \"37\": 0,\n    \"38\": 0,\n    \"39\": 0,\n    \"40\": 0,\n    \"41\": 0,\n    \"42\": 0,\n    \"43\": 0,\n    \"44\": 0,\n    \"45\": 0,\n    \"46\": 0,\n    \"47\": 0,\n    \"48\": 0,\n    \"49\": 0,\n    \"50\": 0,\n    \"51\": 0,\n    \"52\": 0,\n    \"53\": 0,\n    \"54\": 0,\n    \"55\": 0,\n    \"56\": 0,\n    \"57\": 0,\n    \"58\": 0.00789,\n    \"60\": 0,\n    \"62\": 0,\n    \"63\": 0,\n    \"64\": 0,\n    \"65\": 0.00395,\n    \"66\": 0,\n    \"67\": 0,\n    \"68\": 0,\n    \"69\": 0,\n    \"70\": 0,\n    \"71\": 0,\n    \"72\": 0,\n    \"73\": 0,\n    \"74\": 0,\n    \"75\": 0,\n    \"76\": 0,\n    \"77\": 0.146,\n    \"78\": 0.13022,\n    \"9.5-9.6\": 0,\n    \"10.0-10.1\": 0,\n    \"10.5\": 0,\n    \"10.6\": 0,\n    \"11.1\": 0,\n    \"11.5\": 0,\n    \"11.6\": 0,\n    \"12.1\": 0\n  },\n  G: {\n    \"8\": 0.00546,\n    \"3.2\": 0.00182,\n    \"4.0-4.1\": 0,\n    \"4.2-4.3\": 0,\n    \"5.0-5.1\": 0.00728,\n    \"6.0-6.1\": 0.01275,\n    \"7.0-7.1\": 0.04552,\n    \"8.1-8.4\": 0.03642,\n    \"9.0-9.2\": 0.01093,\n    \"9.3\": 0.17663,\n    \"10.0-10.2\": 0.02185,\n    \"10.3\": 0.18027,\n    \"11.0-11.2\": 0.06373,\n    \"11.3-11.4\": 0.08194,\n    \"12.0-12.1\": 0.07648,\n    \"12.2-12.4\": 0.20759,\n    \"13.0-13.1\": 0.05645,\n    \"13.2\": 0.03278,\n    \"13.3\": 0.17663,\n    \"13.4-13.7\": 0.43702,\n    \"14.0-14.4\": 2.03398,\n    \"14.5-14.7\": 13.97021\n  },\n  E: {\n    \"4\": 0,\n    \"5\": 0,\n    \"6\": 0,\n    \"7\": 0.00395,\n    \"8\": 0.05919,\n    \"9\": 0,\n    \"10\": 0,\n    \"11\": 0,\n    \"12\": 0,\n    \"13\": 0.01184,\n    \"14\": 0.09076,\n    \"15\": 0.00789,\n    _: \"0\",\n    \"3.1\": 0,\n    \"3.2\": 0,\n    \"5.1\": 0,\n    \"6.1\": 0.00789,\n    \"7.1\": 0,\n    \"9.1\": 0,\n    \"10.1\": 0,\n    \"11.1\": 0.00789,\n    \"12.1\": 0.00789,\n    \"13.1\": 0.03551,\n    \"14.1\": 0.43406\n  },\n  B: {\n    \"12\": 0,\n    \"13\": 0,\n    \"14\": 0,\n    \"15\": 0,\n    \"16\": 0,\n    \"17\": 0.00395,\n    \"18\": 0.02368,\n    \"79\": 0,\n    \"80\": 0,\n    \"81\": 0,\n    \"83\": 0,\n    \"84\": 0.00395,\n    \"85\": 0.00395,\n    \"86\": 0.00789,\n    \"87\": 0.00395,\n    \"88\": 0.00395,\n    \"89\": 0.00789,\n    \"90\": 0.00395,\n    \"91\": 0.04735,\n    \"92\": 0.94704,\n    \"93\": 0\n  },\n  P: {\n    \"4\": 0.12319,\n    \"5.0-5.4\": 0.01027,\n    \"6.2-6.4\": 0,\n    \"7.2-7.4\": 0.05133,\n    \"8.2\": 0.02053,\n    \"9.2\": 0.14372,\n    \"10.1\": 0.05133,\n    \"11.1-11.2\": 0.31824,\n    \"12.0\": 0.13346,\n    \"13.0\": 0.40037,\n    \"14.0\": 5.41011\n  },\n  I: {\n    \"0\": 0,\n    \"3\": 0,\n    \"4\": 0.00476,\n    \"2.1\": 0,\n    \"2.2\": 0,\n    \"2.3\": 0,\n    \"4.1\": 0.00635,\n    \"4.2-4.3\": 0.01428,\n    \"4.4\": 0,\n    \"4.4.3-4.4.4\": 0.08408\n  },\n  K: {\n    _: \"0 10 11 12 11.1 11.5 12.1\"\n  },\n  A: {\n    \"6\": 0,\n    \"7\": 0,\n    \"8\": 0,\n    \"9\": 0.00395,\n    \"10\": 0.00395,\n    \"11\": 0.23676,\n    \"5.5\": 0\n  },\n  J: {\n    \"7\": 0,\n    \"10\": 0\n  },\n  N: {\n    \"10\": 0,\n    \"11\": 0\n  },\n  R: {\n    _: \"0\"\n  },\n  M: {\n    \"0\": 0.19373\n  },\n  Q: {\n    \"10.4\": 0.01211\n  },\n  O: {\n    \"0\": 0.08476\n  },\n  H: {\n    \"0\": 0.28085\n  },\n  L: {\n    \"0\": 56.35963\n  },\n  S: {\n    \"2.5\": 0\n  }\n};","map":{"version":3,"sources":["C:/xampp/public_html/vamo/interface2/node_modules/caniuse-lite/data/regions/IL.js"],"names":["module","exports","C","D","F","G","E","_","B","P","I","K","A","J","N","R","M","Q","O","H","L","S"],