{"ast":null,"code":"module.exports = {\n  C: {\n    \"2\": 0,\n    \"3\": 0,\n    \"4\": 0,\n    \"5\": 0,\n    \"6\": 0,\n    \"7\": 0,\n    \"8\": 0,\n    \"9\": 0,\n    \"10\": 0,\n    \"11\": 0,\n    \"12\": 0,\n    \"13\": 0,\n    \"14\": 0,\n    \"15\": 0,\n    \"16\": 0,\n    \"17\": 0,\n    \"18\": 0,\n    \"19\": 0,\n    \"20\": 0,\n    \"21\": 0,\n    \"22\": 0,\n    \"23\": 0,\n    \"24\": 0,\n    \"25\": 0,\n    \"26\": 0,\n    \"27\": 0,\n    \"28\": 0,\n    \"29\": 0,\n    \"30\": 0,\n    \"31\": 0,\n    \"32\": 0,\n    \"33\": 0,\n    \"34\": 0,\n    \"35\": 0,\n    \"36\": 0,\n    \"37\": 0,\n    \"38\": 0,\n    \"39\": 0,\n    \"40\": 0,\n    \"41\": 0,\n    \"42\": 0,\n    \"43\": 0,\n    \"44\": 0,\n    \"45\": 0,\n    \"46\": 0,\n    \"47\": 0,\n    \"48\": 0,\n    \"49\": 0,\n    \"50\": 0,\n    \"51\": 0,\n    \"52\": 0,\n    \"53\": 0,\n    \"54\": 0,\n    \"55\": 0,\n    \"56\": 0,\n    \"57\": 0,\n    \"58\": 0,\n    \"59\": 0,\n    \"60\": 0,\n    \"61\": 0,\n    \"62\": 0,\n    \"63\": 0,\n    \"64\": 0,\n    \"65\": 0,\n    \"66\": 0,\n    \"67\": 0,\n    \"68\": 0.00533,\n    \"69\": 0,\n    \"70\": 0,\n    \"71\": 0,\n    \"72\": 0.00133,\n    \"73\": 0,\n    \"74\": 0,\n    \"75\": 0,\n    \"76\": 0,\n    \"77\": 0,\n    \"78\": 0,\n    \"79\": 0,\n    \"80\": 0,\n    \"81\": 0,\n    \"82\": 0,\n    \"83\": 0,\n    \"84\": 0,\n    \"85\": 0,\n    \"86\": 0,\n    \"87\": 0,\n    \"88\": 0.00267,\n    \"89\": 0.00933,\n    \"90\": 0.03333,\n    \"91\": 0.04266,\n    \"92\": 0,\n    \"93\": 0,\n    \"3.5\": 0,\n    \"3.6\": 0\n  },\n  D: {\n    \"4\": 0,\n    \"5\": 0,\n    \"6\": 0,\n    \"7\": 0,\n    \"8\": 0,\n    \"9\": 0,\n    \"10\": 0,\n    \"11\": 0.004,\n    \"12\": 0,\n    \"13\": 0,\n    \"14\": 0,\n    \"15\": 0,\n    \"16\": 0,\n    \"17\": 0,\n    \"18\": 0,\n    \"19\": 0,\n    \"20\": 0,\n    \"21\": 0,\n    \"22\": 0,\n    \"23\": 0,\n    \"24\": 0,\n    \"25\": 0,\n    \"26\": 0,\n    \"27\": 0,\n    \"28\": 0,\n    \"29\": 0,\n    \"30\": 0,\n    \"31\": 0,\n    \"32\": 0,\n    \"33\": 0.00267,\n    \"34\": 0,\n    \"35\": 0,\n    \"36\": 0,\n    \"37\": 0,\n    \"38\": 0,\n    \"39\": 0,\n    \"40\": 0.008,\n    \"41\": 0,\n    \"42\": 0.00133,\n    \"43\": 0.00133,\n    \"44\": 0,\n    \"45\": 0,\n    \"46\": 0,\n    \"47\": 0,\n    \"48\": 0.00133,\n    \"49\": 0.00267,\n    \"50\": 0,\n    \"51\": 0,\n    \"52\": 0,\n    \"53\": 0,\n    \"54\": 0,\n    \"55\": 0,\n    \"56\": 0,\n    \"57\": 0,\n    \"58\": 0.00133,\n    \"59\": 0,\n    \"60\": 0,\n    \"61\": 0.00267,\n    \"62\": 0,\n    \"63\": 0,\n    \"64\": 0.00133,\n    \"65\": 0,\n    \"66\": 0,\n    \"67\": 0,\n    \"68\": 0.00133,\n    \"69\": 0.004,\n    \"70\": 0,\n    \"71\": 0,\n    \"72\": 0.00267,\n    \"73\": 0,\n    \"74\": 0.00133,\n    \"75\": 0,\n    \"76\": 0.004,\n    \"77\": 0,\n    \"78\": 0.00133,\n    \"79\": 0,\n    \"80\": 0,\n    \"81\": 0.004,\n    \"83\": 0.00133,\n    \"84\": 0.00133,\n    \"85\": 0,\n    \"86\": 0.00133,\n    \"87\": 0.00267,\n    \"88\": 0.00133,\n    \"89\": 0.00533,\n    \"90\": 0.016,\n    \"91\": 0.02266,\n    \"92\": 0.47055,\n    \"93\": 0.00133,\n    \"94\": 0,\n    \"95\": 0,\n    \"96\": 0\n  },\n  F: {\n    \"9\": 0,\n    \"11\": 0,\n    \"12\": 0,\n    \"15\": 0.00267,\n    \"16\": 0,\n    \"17\": 0,\n    \"18\": 0,\n    \"19\": 0,\n    \"20\": 0,\n    \"21\": 0,\n    \"22\": 0,\n    \"23\": 0,\n    \"24\": 0,\n    \"25\": 0,\n    \"26\": 0,\n    \"27\": 0,\n    \"28\": 0.00133,\n    \"29\": 0,\n    \"30\": 0.00133,\n    \"31\": 0,\n    \"32\": 0,\n    \"33\": 0,\n    \"34\": 0,\n    \"35\": 0,\n    \"36\": 0,\n    \"37\": 0,\n    \"38\": 0,\n    \"39\": 0,\n    \"40\": 0,\n    \"41\": 0,\n    \"42\": 0.00133,\n    \"43\": 0,\n    \"44\": 0,\n    \"45\": 0,\n    \"46\": 0.00133,\n    \"47\": 0.00133,\n    \"48\": 0,\n    \"49\": 0,\n    \"50\": 0.00133,\n    \"51\": 0.00533,\n    \"52\": 0,\n    \"53\": 0,\n    \"54\": 0.00533,\n    \"55\": 0.00133,\n    \"56\": 0.00267,\n    \"57\": 0.00533,\n    \"58\": 0.28793,\n    \"60\": 0,\n    \"62\": 0,\n    \"63\": 0,\n    \"64\": 0,\n    \"65\": 0,\n    \"66\": 0,\n    \"67\": 0,\n    \"68\": 0,\n    \"69\": 0,\n    \"70\": 0,\n    \"71\": 0,\n    \"72\": 0,\n    \"73\": 0,\n    \"74\": 0,\n    \"75\": 0,\n    \"76\": 0,\n    \"77\": 0.03066,\n    \"78\": 0.04532,\n    \"9.5-9.6\": 0,\n    \"10.0-10.1\": 0,\n    \"10.5\": 0,\n    \"10.6\": 0,\n    \"11.1\": 0,\n    \"11.5\": 0,\n    \"11.6\": 0,\n    \"12.1\": 0.01066\n  },\n  G: {\n    \"8\": 0.00308,\n    \"3.2\": 0,\n    \"4.0-4.1\": 0,\n    \"4.2-4.3\": 0,\n    \"5.0-5.1\": 0.00103,\n    \"6.0-6.1\": 0,\n    \"7.0-7.1\": 0.06051,\n    \"8.1-8.4\": 0.00513,\n    \"9.0-9.2\": 0.00923,\n    \"9.3\": 0.06154,\n    \"10.0-10.2\": 0.00718,\n    \"10.3\": 0.16308,\n    \"11.0-11.2\": 0.28923,\n    \"11.3-11.4\": 0.12615,\n    \"12.0-12.1\": 0.37744,\n    \"12.2-12.4\": 1.33436,\n    \"13.0-13.1\": 0.34769,\n    \"13.2\": 0.05949,\n    \"13.3\": 0.16,\n    \"13.4-13.7\": 0.74564,\n    \"14.0-14.4\": 2.43283,\n    \"14.5-14.7\": 2.61642\n  },\n  E: {\n    \"4\": 0,\n    \"5\": 0,\n    \"6\": 0,\n    \"7\": 0,\n    \"8\": 0,\n    \"9\": 0,\n    \"10\": 0,\n    \"11\": 0,\n    \"12\": 0,\n    \"13\": 0,\n    \"14\": 0.00133,\n    \"15\": 0,\n    _: \"0\",\n    \"3.1\": 0,\n    \"3.2\": 0,\n    \"5.1\": 0,\n    \"6.1\": 0,\n    \"7.1\": 0,\n    \"9.1\": 0,\n    \"10.1\": 0.00133,\n    \"11.1\": 0.00267,\n    \"12.1\": 0.00267,\n    \"13.1\": 0.00267,\n    \"14.1\": 0.01333\n  },\n  B: {\n    \"12\": 0.00533,\n    \"13\": 0,\n    \"14\": 0,\n    \"15\": 0.00133,\n    \"16\": 0,\n    \"17\": 0.00133,\n    \"18\": 0.00533,\n    \"79\": 0,\n    \"80\": 0,\n    \"81\": 0,\n    \"83\": 0,\n    \"84\": 0.00133,\n    \"85\": 0.008,\n    \"86\": 0,\n    \"87\": 0,\n    \"88\": 0,\n    \"89\": 0.00133,\n    \"90\": 0.00133,\n    \"91\": 0.008,\n    \"92\": 0.09198,\n    \"93\": 0\n  },\n  P: {\n    \"4\": 0.74967,\n    \"5.0-5.4\": 0.07091,\n    \"6.2-6.4\": 0.05065,\n    \"7.2-7.4\": 0.38496,\n    \"8.2\": 0.03039,\n    \"9.2\": 0.1317,\n    \"10.1\": 0.02026,\n    \"11.1-11.2\": 0.63823,\n    \"12.0\": 0.14183,\n    \"13.0\": 0.19248,\n    \"14.0\": 0.6281\n  },\n  I: {\n    \"0\": 0,\n    \"3\": 0,\n    \"4\": 0,\n    \"2.1\": 0,\n    \"2.2\": 0,\n    \"2.3\": 0,\n    \"4.1\": 0.00059,\n    \"4.2-4.3\": 0.00619,\n    \"4.4\": 0,\n    \"4.4.3-4.4.4\": 0.16055\n  },\n  K: {\n    _: \"0 10 11 12 11.1 11.5 12.1\"\n  },\n  A: {\n    \"6\": 0,\n    \"7\": 0,\n    \"8\": 0,\n    \"9\": 0,\n    \"10\": 0,\n    \"11\": 0.02399,\n    \"5.5\": 0\n  },\n  J: {\n    \"7\": 0,\n    \"10\": 0.00867\n  },\n  N: {\n    \"10\": 0,\n    \"11\": 0\n  },\n  R: {\n    _: \"0\"\n  },\n  M: {\n    \"0\": 0.04334\n  },\n  Q: {\n    \"10.4\": 0.13867\n  },\n  O: {\n    \"0\": 0.41602\n  },\n  H: {\n    \"0\": 6.53146\n  },\n  L: {\n    \"0\": 77.41082\n  },\n  S: {\n    \"2.5\": 0.59802\n  }\n};","map":{"version":3,"sources":["C:/xampp/public_html/vamo/interface2/node_modules/caniuse-lite/data/regions/GN.js"],"names":["module","exports","C","D","F","G","E","_","B","P","I","K","A","J","N","R","M","Q","O","H","L","S"],