{"ast":null,"code":"module.exports = {\n  C: {\n    \"2\": 0.00404,\n    \"4\": 0.02022,\n    \"11\": 0.00809,\n    \"15\": 0.00404,\n    \"18\": 0.00404,\n    \"21\": 0.00404,\n    \"23\": 0.00404,\n    \"25\": 0.00809,\n    \"30\": 0.00404,\n    \"43\": 0.04043,\n    \"44\": 0.00809,\n    \"45\": 0.00404,\n    \"47\": 0.00404,\n    \"48\": 0.00809,\n    \"51\": 0.00809,\n    \"52\": 0.07277,\n    \"55\": 0.00809,\n    \"56\": 0.01213,\n    \"58\": 0.00404,\n    \"59\": 0.00404,\n    \"60\": 0.00809,\n    \"63\": 0.00809,\n    \"66\": 0.00404,\n    \"68\": 0.01213,\n    \"72\": 0.00809,\n    \"76\": 0.00404,\n    \"77\": 0.00404,\n    \"78\": 0.15768,\n    \"79\": 0.00809,\n    \"80\": 0.00809,\n    \"81\": 0.00809,\n    \"82\": 0.01213,\n    \"83\": 0.00809,\n    \"84\": 0.01617,\n    \"85\": 0.00809,\n    \"86\": 0.00809,\n    \"87\": 0.01213,\n    \"88\": 0.03639,\n    \"89\": 0.0849,\n    \"90\": 1.01479,\n    \"91\": 1.4757,\n    \"92\": 0.02022,\n    _: \"3 5 6 7 8 9 10 12 13 14 16 17 19 20 22 24 26 27 28 29 31 32 33 34 35 36 37 38 39 40 41 42 46 49 50 53 54 57 61 62 64 65 67 69 70 71 73 74 75 93 3.5 3.6\"\n  },\n  D: {\n    \"19\": 0.00404,\n    \"22\": 0.01213,\n    \"24\": 0.01617,\n    \"30\": 0.00404,\n    \"33\": 0.00809,\n    \"34\": 0.00809,\n    \"35\": 0.01617,\n    \"38\": 0.0283,\n    \"40\": 0.01617,\n    \"43\": 0.00809,\n    \"47\": 0.01213,\n    \"48\": 0.02022,\n    \"49\": 0.19002,\n    \"50\": 0.00404,\n    \"51\": 0.00404,\n    \"52\": 0.00809,\n    \"53\": 0.01617,\n    \"54\": 0.01213,\n    \"55\": 0.01213,\n    \"56\": 0.06065,\n    \"57\": 0.00809,\n    \"58\": 0.00809,\n    \"59\": 0.00809,\n    \"60\": 0.01213,\n    \"61\": 0.04043,\n    \"62\": 0.00809,\n    \"63\": 0.01617,\n    \"64\": 0.02022,\n    \"65\": 0.02426,\n    \"66\": 0.02426,\n    \"67\": 0.01617,\n    \"68\": 0.01213,\n    \"69\": 0.06873,\n    \"70\": 0.05256,\n    \"71\": 0.02426,\n    \"72\": 0.04043,\n    \"73\": 0.01617,\n    \"74\": 0.09299,\n    \"75\": 0.07682,\n    \"76\": 0.06065,\n    \"77\": 0.02426,\n    \"78\": 0.0566,\n    \"79\": 0.18598,\n    \"80\": 0.08895,\n    \"81\": 0.06469,\n    \"83\": 0.09703,\n    \"84\": 0.1132,\n    \"85\": 0.21428,\n    \"86\": 0.12129,\n    \"87\": 0.29918,\n    \"88\": 0.13342,\n    \"89\": 0.19811,\n    \"90\": 0.31131,\n    \"91\": 1.33823,\n    \"92\": 21.40769,\n    \"93\": 0.0283,\n    \"94\": 0.02426,\n    \"95\": 0.00809,\n    _: \"4 5 6 7 8 9 10 11 12 13 14 15 16 17 18 20 21 23 25 26 27 28 29 31 32 36 37 39 41 42 44 45 46 96\"\n  },\n  F: {\n    \"31\": 0.00404,\n    \"36\": 0.00809,\n    \"40\": 0.00809,\n    \"43\": 0.00404,\n    \"46\": 0.00809,\n    \"68\": 0.00404,\n    \"76\": 0.00404,\n    \"77\": 0.45686,\n    \"78\": 0.39217,\n    _: \"9 11 12 15 16 17 18 19 20 21 22 23 24 25 26 27 28 29 30 32 33 34 35 37 38 39 41 42 44 45 47 48 49 50 51 52 53 54 55 56 57 58 60 62 63 64 65 66 67 69 70 71 72 73 74 75 9.5-9.6 10.5 10.6 11.1 11.5 11.6 12.1\",\n    \"10.0-10.1\": 0.00404\n  },\n  G: {\n    \"8\": 0.00149,\n    \"3.2\": 0,\n    \"4.0-4.1\": 0,\n    \"4.2-4.3\": 0.00298,\n    \"5.0-5.1\": 0.00893,\n    \"6.0-6.1\": 0.10116,\n    \"7.0-7.1\": 0.02678,\n    \"8.1-8.4\": 0.01636,\n    \"9.0-9.2\": 0.02083,\n    \"9.3\": 0.13388,\n    \"10.0-10.2\": 0.04017,\n    \"10.3\": 0.14578,\n    \"11.0-11.2\": 0.07736,\n    \"11.3-11.4\": 0.06248,\n    \"12.0-12.1\": 0.06397,\n    \"12.2-12.4\": 0.18297,\n    \"13.0-13.1\": 0.05653,\n    \"13.2\": 0.02529,\n    \"13.3\": 0.13835,\n    \"13.4-13.7\": 0.45074,\n    \"14.0-14.4\": 1.8714,\n    \"14.5-14.7\": 10.81932\n  },\n  E: {\n    \"4\": 0,\n    \"5\": 0.00404,\n    \"8\": 0.00404,\n    \"11\": 0.00809,\n    \"12\": 0.01213,\n    \"13\": 0.07682,\n    \"14\": 0.5175,\n    \"15\": 0.01617,\n    _: \"0 6 7 9 10 3.1 3.2 6.1 7.1\",\n    \"5.1\": 0.02022,\n    \"9.1\": 0.01617,\n    \"10.1\": 0.02022,\n    \"11.1\": 0.05256,\n    \"12.1\": 0.08086,\n    \"13.1\": 0.52963,\n    \"14.1\": 2.59156\n  },\n  B: {\n    \"12\": 0.00809,\n    \"14\": 0.00404,\n    \"15\": 0.00809,\n    \"16\": 0.00809,\n    \"17\": 0.01617,\n    \"18\": 0.08086,\n    \"83\": 0.00404,\n    \"84\": 0.01213,\n    \"85\": 0.00809,\n    \"86\": 0.00809,\n    \"87\": 0.00809,\n    \"88\": 0.00809,\n    \"89\": 0.02022,\n    \"90\": 0.01617,\n    \"91\": 0.10512,\n    \"92\": 3.35973,\n    \"93\": 0.00404,\n    _: \"13 79 80 81\"\n  },\n  P: {\n    \"4\": 0.2913,\n    \"5.0-5.4\": 0.01047,\n    \"6.2-6.4\": 0.21226,\n    \"7.2-7.4\": 0.07283,\n    \"8.2\": 0.04043,\n    \"9.2\": 0.04161,\n    \"10.1\": 0.02081,\n    \"11.1-11.2\": 0.13525,\n    \"12.0\": 0.06242,\n    \"13.0\": 0.19767,\n    \"14.0\": 2.25759\n  },\n  I: {\n    \"0\": 0,\n    \"3\": 0,\n    \"4\": 0.01047,\n    \"2.1\": 0,\n    \"2.2\": 0,\n    \"2.3\": 0,\n    \"4.1\": 0.0157,\n    \"4.2-4.3\": 0.05757,\n    \"4.4\": 0,\n    \"4.4.3-4.4.4\": 0.2617\n  },\n  K: {\n    _: \"0 10 11 12 11.1 11.5 12.1\"\n  },\n  A: {\n    \"8\": 0.02556,\n    \"9\": 0.11501,\n    \"10\": 0.02556,\n    \"11\": 0.74759,\n    _: \"6 7 5.5\"\n  },\n  J: {\n    \"7\": 0,\n    \"10\": 0\n  },\n  N: {\n    \"11\": 0.01983,\n    _: \"10\"\n  },\n  R: {\n    _: \"0\"\n  },\n  M: {\n    \"0\": 0.30376\n  },\n  Q: {\n    \"10.4\": 0.17868\n  },\n  O: {\n    \"0\": 1.11377\n  },\n  H: {\n    \"0\": 1.15031\n  },\n  L: {\n    \"0\": 39.63228\n  },\n  S: {\n    \"2.5\": 0.11316\n  }\n};","map":{"version":3,"sources":["C:/xampp/public_html/vamo/interface2/node_modules/caniuse-lite/data/regions/alt-ww.js"],"names":["module","exports","C","_","D","F","G","E","B","P","I","K","A","J","N","R","M","Q","O","H","L","S"],