{"ast":null,"code":"module.exports = {\n  C: {\n    \"2\": 0,\n    \"3\": 0,\n    \"4\": 0,\n    \"5\": 0,\n    \"6\": 0,\n    \"7\": 0,\n    \"8\": 0,\n    \"9\": 0,\n    \"10\": 0,\n    \"11\": 0,\n    \"12\": 0,\n    \"13\": 0,\n    \"14\": 0,\n    \"15\": 0,\n    \"16\": 0,\n    \"17\": 0,\n    \"18\": 0,\n    \"19\": 0,\n    \"20\": 0,\n    \"21\": 0,\n    \"22\": 0,\n    \"23\": 0,\n    \"24\": 0,\n    \"25\": 0,\n    \"26\": 0,\n    \"27\": 0,\n    \"28\": 0,\n    \"29\": 0,\n    \"30\": 0,\n    \"31\": 0,\n    \"32\": 0,\n    \"33\": 0,\n    \"34\": 0,\n    \"35\": 0.00592,\n    \"36\": 0.00592,\n    \"37\": 0,\n    \"38\": 0,\n    \"39\": 0,\n    \"40\": 0,\n    \"41\": 0,\n    \"42\": 0,\n    \"43\": 0,\n    \"44\": 0,\n    \"45\": 0,\n    \"46\": 0,\n    \"47\": 0,\n    \"48\": 0.00592,\n    \"49\": 0,\n    \"50\": 0,\n    \"51\": 0,\n    \"52\": 0.58598,\n    \"53\": 0,\n    \"54\": 0,\n    \"55\": 0,\n    \"56\": 0.00592,\n    \"57\": 0,\n    \"58\": 0,\n    \"59\": 0,\n    \"60\": 0.00592,\n    \"61\": 0,\n    \"62\": 0,\n    \"63\": 0,\n    \"64\": 0,\n    \"65\": 0,\n    \"66\": 0.00592,\n    \"67\": 0,\n    \"68\": 0.01184,\n    \"69\": 0,\n    \"70\": 0,\n    \"71\": 0,\n    \"72\": 0.00592,\n    \"73\": 0,\n    \"74\": 0,\n    \"75\": 0,\n    \"76\": 0,\n    \"77\": 0,\n    \"78\": 0.03551,\n    \"79\": 0,\n    \"80\": 0,\n    \"81\": 0.02368,\n    \"82\": 0.01184,\n    \"83\": 0,\n    \"84\": 0.0296,\n    \"85\": 0.00592,\n    \"86\": 0.00592,\n    \"87\": 0.07103,\n    \"88\": 0.04735,\n    \"89\": 0.08879,\n    \"90\": 1.63364,\n    \"91\": 2.54517,\n    \"92\": 0.00592,\n    \"93\": 0,\n    \"3.5\": 0,\n    \"3.6\": 0\n  },\n  D: {\n    \"4\": 0,\n    \"5\": 0,\n    \"6\": 0,\n    \"7\": 0,\n    \"8\": 0,\n    \"9\": 0,\n    \"10\": 0,\n    \"11\": 0,\n    \"12\": 0,\n    \"13\": 0,\n    \"14\": 0,\n    \"15\": 0,\n    \"16\": 0,\n    \"17\": 0,\n    \"18\": 0,\n    \"19\": 0,\n    \"20\": 0,\n    \"21\": 0,\n    \"22\": 0.39065,\n    \"23\": 0,\n    \"24\": 0,\n    \"25\": 0,\n    \"26\": 0,\n    \"27\": 0,\n    \"28\": 0,\n    \"29\": 0,\n    \"30\": 0,\n    \"31\": 0,\n    \"32\": 0,\n    \"33\": 0,\n    \"34\": 0.00592,\n    \"35\": 0,\n    \"36\": 0,\n    \"37\": 0,\n    \"38\": 0.07103,\n    \"39\": 0,\n    \"40\": 0.00592,\n    \"41\": 0,\n    \"42\": 0,\n    \"43\": 0,\n    \"44\": 0,\n    \"45\": 0,\n    \"46\": 0,\n    \"47\": 0.06511,\n    \"48\": 0,\n    \"49\": 0.44984,\n    \"50\": 0,\n    \"51\": 0,\n    \"52\": 0,\n    \"53\": 0.00592,\n    \"54\": 0,\n    \"55\": 0,\n    \"56\": 0.00592,\n    \"57\": 0.00592,\n    \"58\": 0.00592,\n    \"59\": 0,\n    \"60\": 0,\n    \"61\": 0,\n    \"62\": 0.08287,\n    \"63\": 0.02368,\n    \"64\": 0.00592,\n    \"65\": 0.01776,\n    \"66\": 0,\n    \"67\": 0.00592,\n    \"68\": 0.01184,\n    \"69\": 0.10062,\n    \"70\": 0.01184,\n    \"71\": 0.01184,\n    \"72\": 0.01184,\n    \"73\": 0.00592,\n    \"74\": 0.00592,\n    \"75\": 0.01184,\n    \"76\": 0.00592,\n    \"77\": 0.05327,\n    \"78\": 0.01184,\n    \"79\": 0.1243,\n    \"80\": 0.04735,\n    \"81\": 0.10062,\n    \"83\": 0.01184,\n    \"84\": 0.01776,\n    \"85\": 0.02368,\n    \"86\": 0.02368,\n    \"87\": 0.18941,\n    \"88\": 0.04143,\n    \"89\": 0.07695,\n    \"90\": 0.07103,\n    \"91\": 0.80498,\n    \"92\": 20.03582,\n    \"93\": 0.01184,\n    \"94\": 0.00592,\n    \"95\": 0,\n    \"96\": 0\n  },\n  F: {\n    \"9\": 0,\n    \"11\": 0,\n    \"12\": 0.03551,\n    \"15\": 0,\n    \"16\": 0,\n    \"17\": 0,\n    \"18\": 0,\n    \"19\": 0,\n    \"20\": 0,\n    \"21\": 0,\n    \"22\": 0,\n    \"23\": 0,\n    \"24\": 0,\n    \"25\": 0.0296,\n    \"26\": 0,\n    \"27\": 0,\n    \"28\": 0,\n    \"29\": 0,\n    \"30\": 0,\n    \"31\": 0.56231,\n    \"32\": 0,\n    \"33\": 0,\n    \"34\": 0,\n    \"35\": 0,\n    \"36\": 0,\n    \"37\": 0,\n    \"38\": 0,\n    \"39\": 0,\n    \"40\": 0.3729,\n    \"41\": 0,\n    \"42\": 0,\n    \"43\": 0,\n    \"44\": 0,\n    \"45\": 0,\n    \"46\": 0.00592,\n    \"47\": 0,\n    \"48\": 0,\n    \"49\": 0,\n    \"50\": 0,\n    \"51\": 0,\n    \"52\": 0,\n    \"53\": 0,\n    \"54\": 0,\n    \"55\": 0,\n    \"56\": 0,\n    \"57\": 0,\n    \"58\": 0.01184,\n    \"60\": 0,\n    \"62\": 0,\n    \"63\": 0,\n    \"64\": 0,\n    \"65\": 0,\n    \"66\": 0,\n    \"67\": 0,\n    \"68\": 0,\n    \"69\": 0,\n    \"70\": 0,\n    \"71\": 0,\n    \"72\": 0,\n    \"73\": 0,\n    \"74\": 0,\n    \"75\": 0,\n    \"76\": 0,\n    \"77\": 0.39065,\n    \"78\": 0.39065,\n    \"9.5-9.6\": 0,\n    \"10.0-10.1\": 0,\n    \"10.5\": 0,\n    \"10.6\": 0,\n    \"11.1\": 0,\n    \"11.5\": 0,\n    \"11.6\": 0,\n    \"12.1\": 0\n  },\n  G: {\n    \"8\": 0,\n    \"3.2\": 0.00115,\n    \"4.0-4.1\": 0,\n    \"4.2-4.3\": 0,\n    \"5.0-5.1\": 0.03908,\n    \"6.0-6.1\": 0.00575,\n    \"7.0-7.1\": 0.43792,\n    \"8.1-8.4\": 0.01034,\n    \"9.0-9.2\": 0.00345,\n    \"9.3\": 0.17471,\n    \"10.0-10.2\": 0.01379,\n    \"10.3\": 0.15172,\n    \"11.0-11.2\": 0.03333,\n    \"11.3-11.4\": 0.03333,\n    \"12.0-12.1\": 0.02988,\n    \"12.2-12.4\": 0.11494,\n    \"13.0-13.1\": 0.01954,\n    \"13.2\": 0.04942,\n    \"13.3\": 0.07931,\n    \"13.4-13.7\": 0.34942,\n    \"14.0-14.4\": 1.08043,\n    \"14.5-14.7\": 8.23544\n  },\n  E: {\n    \"4\": 0,\n    \"5\": 0,\n    \"6\": 0,\n    \"7\": 0,\n    \"8\": 0,\n    \"9\": 0,\n    \"10\": 0,\n    \"11\": 0,\n    \"12\": 0.00592,\n    \"13\": 0.07695,\n    \"14\": 0.11246,\n    \"15\": 0.00592,\n    _: \"0\",\n    \"3.1\": 0,\n    \"3.2\": 0,\n    \"5.1\": 0,\n    \"6.1\": 0,\n    \"7.1\": 0,\n    \"9.1\": 0,\n    \"10.1\": 0,\n    \"11.1\": 0.02368,\n    \"12.1\": 0.02368,\n    \"13.1\": 0.05919,\n    \"14.1\": 0.55047\n  },\n  B: {\n    \"12\": 0,\n    \"13\": 0,\n    \"14\": 0,\n    \"15\": 0.08287,\n    \"16\": 0,\n    \"17\": 0,\n    \"18\": 0.01184,\n    \"79\": 0,\n    \"80\": 0.00592,\n    \"81\": 0,\n    \"83\": 0,\n    \"84\": 0,\n    \"85\": 0.00592,\n    \"86\": 0,\n    \"87\": 0,\n    \"88\": 0,\n    \"89\": 0.00592,\n    \"90\": 0.01184,\n    \"91\": 0.06511,\n    \"92\": 1.4324,\n    \"93\": 0.04143\n  },\n  P: {\n    \"4\": 0.61811,\n    \"5.0-5.4\": 0,\n    \"6.2-6.4\": 0,\n    \"7.2-7.4\": 0,\n    \"8.2\": 0,\n    \"9.2\": 0.0103,\n    \"10.1\": 0.0103,\n    \"11.1-11.2\": 0.11332,\n    \"12.0\": 0.03091,\n    \"13.0\": 0.16483,\n    \"14.0\": 1.72041\n  },\n  I: {\n    \"0\": 0,\n    \"3\": 0,\n    \"4\": 0,\n    \"2.1\": 0,\n    \"2.2\": 0,\n    \"2.3\": 0,\n    \"4.1\": 0.03392,\n    \"4.2-4.3\": 0.19866,\n    \"4.4\": 0,\n    \"4.4.3-4.4.4\": 0.82371\n  },\n  K: {\n    _: \"0 10 11 12 11.1 11.5 12.1\"\n  },\n  A: {\n    \"6\": 0,\n    \"7\": 0,\n    \"8\": 0,\n    \"9\": 0,\n    \"10\": 0,\n    \"11\": 0.3433,\n    \"5.5\": 0\n  },\n  J: {\n    \"7\": 0,\n    \"10\": 0\n  },\n  N: {\n    \"10\": 0,\n    \"11\": 0\n  },\n  R: {\n    _: \"0\"\n  },\n  M: {\n    \"0\": 0.24894\n  },\n  Q: {\n    \"10.4\": 0.00408\n  },\n  O: {\n    \"0\": 0.11019\n  },\n  H: {\n    \"0\": 0.23182\n  },\n  L: {\n    \"0\": 48.55967\n  },\n  S: {\n    \"2.5\": 0\n  }\n};","map":{"version":3,"sources":["C:/xampp/public_html/vamo/interface2/node_modules/caniuse-lite/data/regions/GR.js"],"names":["module","exports","C","D","F","G","E","_","B","P","I","K","A","J","N","R","M","Q","O","H","L","S"],