{"ast":null,"code":"module.exports = {\n  C: {\n    \"2\": 0,\n    \"3\": 0,\n    \"4\": 0,\n    \"5\": 0,\n    \"6\": 0,\n    \"7\": 0,\n    \"8\": 0,\n    \"9\": 0,\n    \"10\": 0,\n    \"11\": 0,\n    \"12\": 0,\n    \"13\": 0,\n    \"14\": 0,\n    \"15\": 0,\n    \"16\": 0,\n    \"17\": 0,\n    \"18\": 0,\n    \"19\": 0,\n    \"20\": 0,\n    \"21\": 0,\n    \"22\": 0,\n    \"23\": 0,\n    \"24\": 0,\n    \"25\": 0,\n    \"26\": 0,\n    \"27\": 0,\n    \"28\": 0,\n    \"29\": 0,\n    \"30\": 0,\n    \"31\": 0,\n    \"32\": 0,\n    \"33\": 0,\n    \"34\": 0.00819,\n    \"35\": 0.00409,\n    \"36\": 0.00409,\n    \"37\": 0,\n    \"38\": 0,\n    \"39\": 0,\n    \"40\": 0,\n    \"41\": 0,\n    \"42\": 0,\n    \"43\": 0,\n    \"44\": 0,\n    \"45\": 0,\n    \"46\": 0,\n    \"47\": 0,\n    \"48\": 0,\n    \"49\": 0,\n    \"50\": 0,\n    \"51\": 0,\n    \"52\": 0.00819,\n    \"53\": 0.00819,\n    \"54\": 0,\n    \"55\": 0,\n    \"56\": 0,\n    \"57\": 0,\n    \"58\": 0,\n    \"59\": 0,\n    \"60\": 0.00819,\n    \"61\": 0,\n    \"62\": 0,\n    \"63\": 0.00409,\n    \"64\": 0,\n    \"65\": 0,\n    \"66\": 0,\n    \"67\": 0,\n    \"68\": 0.00409,\n    \"69\": 0,\n    \"70\": 0,\n    \"71\": 0,\n    \"72\": 0.00409,\n    \"73\": 0,\n    \"74\": 0,\n    \"75\": 0,\n    \"76\": 0,\n    \"77\": 0,\n    \"78\": 0.01228,\n    \"79\": 0,\n    \"80\": 0.00409,\n    \"81\": 0.00409,\n    \"82\": 0.00409,\n    \"83\": 0,\n    \"84\": 0.00819,\n    \"85\": 0.00409,\n    \"86\": 0.00409,\n    \"87\": 0.00409,\n    \"88\": 0.01228,\n    \"89\": 0.01638,\n    \"90\": 0.2743,\n    \"91\": 0.37255,\n    \"92\": 0.00819,\n    \"93\": 0,\n    \"3.5\": 0,\n    \"3.6\": 0\n  },\n  D: {\n    \"4\": 0,\n    \"5\": 0,\n    \"6\": 0,\n    \"7\": 0,\n    \"8\": 0,\n    \"9\": 0,\n    \"10\": 0,\n    \"11\": 0,\n    \"12\": 0,\n    \"13\": 0,\n    \"14\": 0,\n    \"15\": 0,\n    \"16\": 0,\n    \"17\": 0,\n    \"18\": 0,\n    \"19\": 0,\n    \"20\": 0,\n    \"21\": 0,\n    \"22\": 0.00409,\n    \"23\": 0,\n    \"24\": 0,\n    \"25\": 0.01638,\n    \"26\": 0,\n    \"27\": 0,\n    \"28\": 0,\n    \"29\": 0,\n    \"30\": 0,\n    \"31\": 0,\n    \"32\": 0,\n    \"33\": 0,\n    \"34\": 0.00819,\n    \"35\": 0,\n    \"36\": 0,\n    \"37\": 0,\n    \"38\": 0.04913,\n    \"39\": 0,\n    \"40\": 0,\n    \"41\": 0,\n    \"42\": 0,\n    \"43\": 0,\n    \"44\": 0,\n    \"45\": 0,\n    \"46\": 0,\n    \"47\": 0.00819,\n    \"48\": 0,\n    \"49\": 0.04094,\n    \"50\": 0.00409,\n    \"51\": 0,\n    \"52\": 0,\n    \"53\": 0.04503,\n    \"54\": 0,\n    \"55\": 0.04503,\n    \"56\": 0.01228,\n    \"57\": 0.00409,\n    \"58\": 0.00409,\n    \"59\": 0.01638,\n    \"60\": 0.00409,\n    \"61\": 0,\n    \"62\": 0.00819,\n    \"63\": 0.00409,\n    \"64\": 0.00409,\n    \"65\": 0.00819,\n    \"66\": 0.00409,\n    \"67\": 0.00819,\n    \"68\": 0.00819,\n    \"69\": 0.00819,\n    \"70\": 0.01228,\n    \"71\": 0.01228,\n    \"72\": 0.00819,\n    \"73\": 0.01638,\n    \"74\": 0.00819,\n    \"75\": 0.02047,\n    \"76\": 0.00819,\n    \"77\": 0.00819,\n    \"78\": 0.01638,\n    \"79\": 0.1392,\n    \"80\": 0.01638,\n    \"81\": 0.03685,\n    \"83\": 0.02456,\n    \"84\": 0.01638,\n    \"85\": 0.02047,\n    \"86\": 0.02866,\n    \"87\": 0.10644,\n    \"88\": 0.1351,\n    \"89\": 0.03685,\n    \"90\": 0.08188,\n    \"91\": 0.42168,\n    \"92\": 10.9187,\n    \"93\": 0.01228,\n    \"94\": 0.00819,\n    \"95\": 0,\n    \"96\": 0\n  },\n  F: {\n    \"9\": 0,\n    \"11\": 0,\n    \"12\": 0,\n    \"15\": 0,\n    \"16\": 0,\n    \"17\": 0,\n    \"18\": 0,\n    \"19\": 0,\n    \"20\": 0,\n    \"21\": 0,\n    \"22\": 0,\n    \"23\": 0,\n    \"24\": 0,\n    \"25\": 0,\n    \"26\": 0,\n    \"27\": 0,\n    \"28\": 0.00409,\n    \"29\": 0.00409,\n    \"30\": 0,\n    \"31\": 0,\n    \"32\": 0,\n    \"33\": 0,\n    \"34\": 0,\n    \"35\": 0,\n    \"36\": 0.02456,\n    \"37\": 0.02047,\n    \"38\": 0,\n    \"39\": 0,\n    \"40\": 0.00409,\n    \"41\": 0,\n    \"42\": 0,\n    \"43\": 0,\n    \"44\": 0,\n    \"45\": 0,\n    \"46\": 0.02047,\n    \"47\": 0,\n    \"48\": 0,\n    \"49\": 0,\n    \"50\": 0,\n    \"51\": 0,\n    \"52\": 0,\n    \"53\": 0,\n    \"54\": 0.00409,\n    \"55\": 0.00409,\n    \"56\": 0.00409,\n    \"57\": 0.00409,\n    \"58\": 0.0696,\n    \"60\": 0.00409,\n    \"62\": 0,\n    \"63\": 0,\n    \"64\": 0,\n    \"65\": 0.00409,\n    \"66\": 0,\n    \"67\": 0,\n    \"68\": 0,\n    \"69\": 0,\n    \"70\": 0,\n    \"71\": 0,\n    \"72\": 0,\n    \"73\": 0,\n    \"74\": 0,\n    \"75\": 0,\n    \"76\": 0,\n    \"77\": 0.07779,\n    \"78\": 0.0655,\n    \"9.5-9.6\": 0,\n    \"10.0-10.1\": 0,\n    \"10.5\": 0,\n    \"10.6\": 0,\n    \"11.1\": 0,\n    \"11.5\": 0,\n    \"11.6\": 0,\n    \"12.1\": 0\n  },\n  G: {\n    \"8\": 0.01017,\n    \"3.2\": 0,\n    \"4.0-4.1\": 0,\n    \"4.2-4.3\": 0.00407,\n    \"5.0-5.1\": 0.02441,\n    \"6.0-6.1\": 0.02644,\n    \"7.0-7.1\": 0.05898,\n    \"8.1-8.4\": 0.08542,\n    \"9.0-9.2\": 0.03661,\n    \"9.3\": 0.51458,\n    \"10.0-10.2\": 0.04271,\n    \"10.3\": 0.36814,\n    \"11.0-11.2\": 0.06102,\n    \"11.3-11.4\": 0.08339,\n    \"12.0-12.1\": 0.12407,\n    \"12.2-12.4\": 0.33153,\n    \"13.0-13.1\": 0.09356,\n    \"13.2\": 0.04068,\n    \"13.3\": 0.21763,\n    \"13.4-13.7\": 0.63865,\n    \"14.0-14.4\": 2.93699,\n    \"14.5-14.7\": 13.4422\n  },\n  E: {\n    \"4\": 0,\n    \"5\": 0,\n    \"6\": 0,\n    \"7\": 0,\n    \"8\": 0.00409,\n    \"9\": 0,\n    \"10\": 0,\n    \"11\": 0,\n    \"12\": 0.00409,\n    \"13\": 0.03275,\n    \"14\": 0.22108,\n    \"15\": 0.00409,\n    _: \"0\",\n    \"3.1\": 0,\n    \"3.2\": 0,\n    \"5.1\": 0,\n    \"6.1\": 0,\n    \"7.1\": 0,\n    \"9.1\": 0,\n    \"10.1\": 0.00409,\n    \"11.1\": 0.01228,\n    \"12.1\": 0.01638,\n    \"13.1\": 0.09826,\n    \"14.1\": 1.12176\n  },\n  B: {\n    \"12\": 0,\n    \"13\": 0,\n    \"14\": 0,\n    \"15\": 0,\n    \"16\": 0,\n    \"17\": 0,\n    \"18\": 0.00819,\n    \"79\": 0,\n    \"80\": 0,\n    \"81\": 0,\n    \"83\": 0,\n    \"84\": 0.00409,\n    \"85\": 0,\n    \"86\": 0,\n    \"87\": 0,\n    \"88\": 0,\n    \"89\": 0.00409,\n    \"90\": 0,\n    \"91\": 0.01228,\n    \"92\": 0.62638,\n    \"93\": 0\n  },\n  P: {\n    \"4\": 0.933,\n    \"5.0-5.4\": 0,\n    \"6.2-6.4\": 0.01048,\n    \"7.2-7.4\": 0.0629,\n    \"8.2\": 0,\n    \"9.2\": 0.05242,\n    \"10.1\": 0.02097,\n    \"11.1-11.2\": 0.11531,\n    \"12.0\": 0.05242,\n    \"13.0\": 0.11531,\n    \"14.0\": 1.49909\n  },\n  I: {\n    \"0\": 0,\n    \"3\": 0,\n    \"4\": 0,\n    \"2.1\": 0,\n    \"2.2\": 0,\n    \"2.3\": 0,\n    \"4.1\": 0.00764,\n    \"4.2-4.3\": 0.01338,\n    \"4.4\": 0,\n    \"4.4.3-4.4.4\": 0.09173\n  },\n  K: {\n    _: \"0 10 11 12 11.1 11.5 12.1\"\n  },\n  A: {\n    \"6\": 0,\n    \"7\": 0.00614,\n    \"8\": 0,\n    \"9\": 0,\n    \"10\": 0,\n    \"11\": 0.06755,\n    \"5.5\": 0\n  },\n  J: {\n    \"7\": 0,\n    \"10\": 0\n  },\n  N: {\n    \"10\": 0,\n    \"11\": 0\n  },\n  R: {\n    _: \"0\"\n  },\n  M: {\n    \"0\": 0.14174\n  },\n  Q: {\n    \"10.4\": 0.03544\n  },\n  O: {\n    \"0\": 1.21073\n  },\n  H: {\n    \"0\": 0.73248\n  },\n  L: {\n    \"0\": 57.75209\n  },\n  S: {\n    \"2.5\": 0\n  }\n};","map":{"version":3,"sources":["C:/xampp/public_html/vamo/interface2/node_modules/caniuse-lite/data/regions/MY.js"],"names":["module","exports","C","D","F","G","E","_","B","P","I","K","A","J","N","R","M","Q","O","H","L","S"],