{"ast":null,"code":"module.exports = {\n  C: {\n    \"30\": 0.00392,\n    \"43\": 0.01175,\n    \"45\": 0.00783,\n    \"46\": 0.01566,\n    \"47\": 0.01175,\n    \"48\": 0.00783,\n    \"52\": 0.05482,\n    \"56\": 0.00783,\n    \"60\": 0.00783,\n    \"65\": 0.00392,\n    \"72\": 0.01566,\n    \"75\": 0.00783,\n    \"78\": 0.07049,\n    \"79\": 0.00392,\n    \"81\": 0.00783,\n    \"83\": 0.03133,\n    \"84\": 0.01175,\n    \"85\": 0.00783,\n    \"86\": 0.00783,\n    \"87\": 0.01566,\n    \"88\": 0.03524,\n    \"89\": 0.2193,\n    \"90\": 1.07298,\n    \"91\": 1.77003,\n    \"92\": 0.03133,\n    _: \"2 3 4 5 6 7 8 9 10 11 12 13 14 15 16 17 18 19 20 21 22 23 24 25 26 27 28 29 31 32 33 34 35 36 37 38 39 40 41 42 44 49 50 51 53 54 55 57 58 59 61 62 63 64 66 67 68 69 70 71 73 74 76 77 80 82 93 3.5 3.6\"\n  },\n  D: {\n    \"18\": 0.00783,\n    \"25\": 0.00783,\n    \"29\": 0.00783,\n    \"43\": 0.01566,\n    \"47\": 0.02741,\n    \"49\": 0.34069,\n    \"50\": 0.00783,\n    \"54\": 0.00392,\n    \"55\": 0.00392,\n    \"56\": 0.01175,\n    \"57\": 0.01566,\n    \"58\": 0.00392,\n    \"60\": 0.00783,\n    \"61\": 0.04699,\n    \"63\": 0.01958,\n    \"64\": 0.00783,\n    \"65\": 0.01566,\n    \"66\": 0.01175,\n    \"67\": 0.01175,\n    \"68\": 0.00392,\n    \"69\": 0.05482,\n    \"70\": 0.03916,\n    \"71\": 0.01175,\n    \"72\": 0.02741,\n    \"73\": 0.01566,\n    \"74\": 0.05874,\n    \"75\": 0.05091,\n    \"76\": 0.03524,\n    \"77\": 0.04308,\n    \"78\": 0.09007,\n    \"79\": 0.0744,\n    \"80\": 0.0744,\n    \"81\": 0.08224,\n    \"83\": 0.11748,\n    \"84\": 0.09007,\n    \"85\": 0.08224,\n    \"86\": 0.13314,\n    \"87\": 1.39801,\n    \"88\": 0.13706,\n    \"89\": 0.2193,\n    \"90\": 0.43076,\n    \"91\": 1.08082,\n    \"92\": 20.97018,\n    \"93\": 0.03133,\n    \"94\": 0.04699,\n    \"95\": 0.02741,\n    _: \"4 5 6 7 8 9 10 11 12 13 14 15 16 17 19 20 21 22 23 24 26 27 28 30 31 32 33 34 35 36 37 38 39 40 41 42 44 45 46 48 51 52 53 59 62 96\"\n  },\n  F: {\n    \"75\": 0.13706,\n    \"76\": 0.01175,\n    \"77\": 0.8067,\n    \"78\": 0.66964,\n    _: \"9 11 12 15 16 17 18 19 20 21 22 23 24 25 26 27 28 29 30 31 32 33 34 35 36 37 38 39 40 41 42 43 44 45 46 47 48 49 50 51 52 53 54 55 56 57 58 60 62 63 64 65 66 67 68 69 70 71 72 73 74 9.5-9.6 10.5 10.6 11.1 11.5 11.6 12.1\",\n    \"10.0-10.1\": 0\n  },\n  G: {\n    \"8\": 0.00867,\n    \"3.2\": 0,\n    \"4.0-4.1\": 0,\n    \"4.2-4.3\": 0.00433,\n    \"5.0-5.1\": 0.00578,\n    \"6.0-6.1\": 0,\n    \"7.0-7.1\": 0.02311,\n    \"8.1-8.4\": 0.00144,\n    \"9.0-9.2\": 0,\n    \"9.3\": 0.43181,\n    \"10.0-10.2\": 0.01444,\n    \"10.3\": 0.1733,\n    \"11.0-11.2\": 0.43759,\n    \"11.3-11.4\": 0.1502,\n    \"12.0-12.1\": 0.10543,\n    \"12.2-12.4\": 0.72498,\n    \"13.0-13.1\": 0.06354,\n    \"13.2\": 0.05488,\n    \"13.3\": 0.34805,\n    \"13.4-13.7\": 0.59934,\n    \"14.0-14.4\": 3.06602,\n    \"14.5-14.7\": 6.40932\n  },\n  E: {\n    \"4\": 0,\n    \"12\": 0.00392,\n    \"13\": 0.01175,\n    \"14\": 0.12923,\n    \"15\": 0.01958,\n    _: \"0 5 6 7 8 9 10 11 3.1 3.2 5.1 6.1 7.1 10.1\",\n    \"9.1\": 0.00783,\n    \"11.1\": 0.01175,\n    \"12.1\": 0.01175,\n    \"13.1\": 0.07832,\n    \"14.1\": 0.37594\n  },\n  B: {\n    \"12\": 0.01175,\n    \"13\": 0.01175,\n    \"14\": 0.01566,\n    \"15\": 0.00783,\n    \"16\": 0.01566,\n    \"17\": 0.01175,\n    \"18\": 0.06266,\n    \"84\": 0.01566,\n    \"85\": 0.01175,\n    \"87\": 0.01566,\n    \"88\": 0.00783,\n    \"89\": 0.03133,\n    \"90\": 0.01175,\n    \"91\": 0.05874,\n    \"92\": 2.36135,\n    _: \"79 80 81 83 86 93\"\n  },\n  P: {\n    \"4\": 0.01059,\n    \"5.0-5.4\": 0.01026,\n    \"6.2-6.4\": 0.02058,\n    \"7.2-7.4\": 0.1695,\n    \"8.2\": 0.01026,\n    \"9.2\": 0.08475,\n    \"10.1\": 0.05132,\n    \"11.1-11.2\": 0.14831,\n    \"12.0\": 0.04237,\n    \"13.0\": 0.08475,\n    \"14.0\": 0.9746\n  },\n  I: {\n    \"0\": 0,\n    \"3\": 0,\n    \"4\": 0.00417,\n    \"2.1\": 0,\n    \"2.2\": 0,\n    \"2.3\": 0,\n    \"4.1\": 0.00104,\n    \"4.2-4.3\": 0.00365,\n    \"4.4\": 0,\n    \"4.4.3-4.4.4\": 0.06413\n  },\n  K: {\n    _: \"0 10 11 12 11.1 11.5 12.1\"\n  },\n  A: {\n    \"11\": 0.33286,\n    _: \"6 7 8 9 10 5.5\"\n  },\n  J: {\n    \"7\": 0,\n    \"10\": 0.01825\n  },\n  N: {\n    \"11\": 0.02439,\n    _: \"10\"\n  },\n  R: {\n    _: \"0\"\n  },\n  M: {\n    \"0\": 0.21899\n  },\n  Q: {\n    \"10.4\": 0.00608\n  },\n  O: {\n    \"0\": 0.6448\n  },\n  H: {\n    \"0\": 1.98685\n  },\n  L: {\n    \"0\": 47.43394\n  },\n  S: {\n    \"2.5\": 0.03042\n  }\n};","map":{"version":3,"sources":["C:/xampp/public_html/vamo/interface2/node_modules/caniuse-lite/data/regions/CI.js"],"names":["module","exports","C","_","D","F","G","E","B","P","I","K","A","J","N","R","M","Q","O","H","L","S"],