{"ast":null,"code":"module.exports = {\n  C: {\n    \"2\": 0,\n    \"3\": 0,\n    \"4\": 0,\n    \"5\": 0,\n    \"6\": 0,\n    \"7\": 0,\n    \"8\": 0,\n    \"9\": 0,\n    \"10\": 0,\n    \"11\": 0,\n    \"12\": 0,\n    \"13\": 0,\n    \"14\": 0,\n    \"15\": 0,\n    \"16\": 0,\n    \"17\": 0,\n    \"18\": 0,\n    \"19\": 0,\n    \"20\": 0,\n    \"21\": 0,\n    \"22\": 0,\n    \"23\": 0,\n    \"24\": 0,\n    \"25\": 0,\n    \"26\": 0,\n    \"27\": 0,\n    \"28\": 0,\n    \"29\": 0,\n    \"30\": 0,\n    \"31\": 0,\n    \"32\": 0.00245,\n    \"33\": 0,\n    \"34\": 0,\n    \"35\": 0.0098,\n    \"36\": 0.00735,\n    \"37\": 0,\n    \"38\": 0,\n    \"39\": 0,\n    \"40\": 0,\n    \"41\": 0,\n    \"42\": 0.00245,\n    \"43\": 0.00245,\n    \"44\": 0,\n    \"45\": 0.00245,\n    \"46\": 0,\n    \"47\": 0,\n    \"48\": 0.00245,\n    \"49\": 0,\n    \"50\": 0,\n    \"51\": 0,\n    \"52\": 0.0049,\n    \"53\": 0.00245,\n    \"54\": 0,\n    \"55\": 0,\n    \"56\": 0,\n    \"57\": 0,\n    \"58\": 0,\n    \"59\": 0,\n    \"60\": 0,\n    \"61\": 0,\n    \"62\": 0,\n    \"63\": 0,\n    \"64\": 0.00245,\n    \"65\": 0,\n    \"66\": 0,\n    \"67\": 0.00245,\n    \"68\": 0.00735,\n    \"69\": 0,\n    \"70\": 0.0098,\n    \"71\": 0,\n    \"72\": 0.00245,\n    \"73\": 0,\n    \"74\": 0,\n    \"75\": 0,\n    \"76\": 0.00245,\n    \"77\": 0,\n    \"78\": 0.02205,\n    \"79\": 0,\n    \"80\": 0.0147,\n    \"81\": 0.0049,\n    \"82\": 0,\n    \"83\": 0,\n    \"84\": 0.0049,\n    \"85\": 0.00735,\n    \"86\": 0.00245,\n    \"87\": 0,\n    \"88\": 0.01225,\n    \"89\": 0.0343,\n    \"90\": 0.2254,\n    \"91\": 0.2842,\n    \"92\": 0.00245,\n    \"93\": 0,\n    \"3.5\": 0,\n    \"3.6\": 0\n  },\n  D: {\n    \"4\": 0,\n    \"5\": 0,\n    \"6\": 0,\n    \"7\": 0,\n    \"8\": 0,\n    \"9\": 0,\n    \"10\": 0,\n    \"11\": 0.00245,\n    \"12\": 0,\n    \"13\": 0,\n    \"14\": 0,\n    \"15\": 0,\n    \"16\": 0,\n    \"17\": 0,\n    \"18\": 0,\n    \"19\": 0,\n    \"20\": 0,\n    \"21\": 0,\n    \"22\": 0,\n    \"23\": 0,\n    \"24\": 0,\n    \"25\": 0,\n    \"26\": 0,\n    \"27\": 0,\n    \"28\": 0,\n    \"29\": 0,\n    \"30\": 0,\n    \"31\": 0,\n    \"32\": 0,\n    \"33\": 0.00245,\n    \"34\": 0,\n    \"35\": 0,\n    \"36\": 0,\n    \"37\": 0,\n    \"38\": 0,\n    \"39\": 0,\n    \"40\": 0.00245,\n    \"41\": 0,\n    \"42\": 0.00245,\n    \"43\": 0,\n    \"44\": 0,\n    \"45\": 0,\n    \"46\": 0,\n    \"47\": 0,\n    \"48\": 0,\n    \"49\": 0.01715,\n    \"50\": 0.0049,\n    \"51\": 0,\n    \"52\": 0,\n    \"53\": 0,\n    \"54\": 0,\n    \"55\": 0.00245,\n    \"56\": 0,\n    \"57\": 0,\n    \"58\": 0,\n    \"59\": 0.00245,\n    \"60\": 0.00245,\n    \"61\": 0,\n    \"62\": 0,\n    \"63\": 0.00245,\n    \"64\": 0.00245,\n    \"65\": 0.0049,\n    \"66\": 0.05635,\n    \"67\": 0.00245,\n    \"68\": 0,\n    \"69\": 0.00735,\n    \"70\": 0.00245,\n    \"71\": 0,\n    \"72\": 0.00245,\n    \"73\": 0.00245,\n    \"74\": 0.0098,\n    \"75\": 0.0049,\n    \"76\": 0.0049,\n    \"77\": 0.00245,\n    \"78\": 0,\n    \"79\": 0.0098,\n    \"80\": 0.0049,\n    \"81\": 0.02205,\n    \"83\": 0.0049,\n    \"84\": 0.00245,\n    \"85\": 0.0098,\n    \"86\": 0.00735,\n    \"87\": 0.0245,\n    \"88\": 0.0147,\n    \"89\": 0.0147,\n    \"90\": 0.02205,\n    \"91\": 0.12005,\n    \"92\": 2.85425,\n    \"93\": 0.00245,\n    \"94\": 0.00245,\n    \"95\": 0.00245,\n    \"96\": 0\n  },\n  F: {\n    \"9\": 0,\n    \"11\": 0,\n    \"12\": 0,\n    \"15\": 0,\n    \"16\": 0,\n    \"17\": 0,\n    \"18\": 0,\n    \"19\": 0,\n    \"20\": 0,\n    \"21\": 0,\n    \"22\": 0,\n    \"23\": 0,\n    \"24\": 0,\n    \"25\": 0,\n    \"26\": 0,\n    \"27\": 0,\n    \"28\": 0,\n    \"29\": 0,\n    \"30\": 0,\n    \"31\": 0,\n    \"32\": 0,\n    \"33\": 0,\n    \"34\": 0,\n    \"35\": 0,\n    \"36\": 0,\n    \"37\": 0,\n    \"38\": 0,\n    \"39\": 0,\n    \"40\": 0,\n    \"41\": 0,\n    \"42\": 0,\n    \"43\": 0,\n    \"44\": 0,\n    \"45\": 0,\n    \"46\": 0,\n    \"47\": 0,\n    \"48\": 0,\n    \"49\": 0,\n    \"50\": 0,\n    \"51\": 0,\n    \"52\": 0,\n    \"53\": 0,\n    \"54\": 0,\n    \"55\": 0.00245,\n    \"56\": 0,\n    \"57\": 0.00245,\n    \"58\": 0.0245,\n    \"60\": 0,\n    \"62\": 0,\n    \"63\": 0,\n    \"64\": 0,\n    \"65\": 0,\n    \"66\": 0,\n    \"67\": 0,\n    \"68\": 0,\n    \"69\": 0,\n    \"70\": 0,\n    \"71\": 0,\n    \"72\": 0,\n    \"73\": 0,\n    \"74\": 0,\n    \"75\": 0,\n    \"76\": 0.00245,\n    \"77\": 0.0784,\n    \"78\": 0.0539,\n    \"9.5-9.6\": 0,\n    \"10.0-10.1\": 0,\n    \"10.5\": 0,\n    \"10.6\": 0,\n    \"11.1\": 0,\n    \"11.5\": 0,\n    \"11.6\": 0,\n    \"12.1\": 0\n  },\n  G: {\n    \"8\": 0.01403,\n    \"3.2\": 0,\n    \"4.0-4.1\": 0,\n    \"4.2-4.3\": 0,\n    \"5.0-5.1\": 0.00351,\n    \"6.0-6.1\": 0,\n    \"7.0-7.1\": 0.07893,\n    \"8.1-8.4\": 0.00877,\n    \"9.0-9.2\": 0.00702,\n    \"9.3\": 0.15962,\n    \"10.0-10.2\": 0.00702,\n    \"10.3\": 0.36484,\n    \"11.0-11.2\": 0.18242,\n    \"11.3-11.4\": 0.13155,\n    \"12.0-12.1\": 0.107,\n    \"12.2-12.4\": 0.328,\n    \"13.0-13.1\": 0.08419,\n    \"13.2\": 0.05087,\n    \"13.3\": 0.28415,\n    \"13.4-13.7\": 0.64724,\n    \"14.0-14.4\": 3.48176,\n    \"14.5-14.7\": 10.56454\n  },\n  E: {\n    \"4\": 0,\n    \"5\": 0,\n    \"6\": 0,\n    \"7\": 0,\n    \"8\": 0,\n    \"9\": 0,\n    \"10\": 0.00245,\n    \"11\": 0.00245,\n    \"12\": 0.00245,\n    \"13\": 0.00245,\n    \"14\": 0.0245,\n    \"15\": 0.00245,\n    _: \"0\",\n    \"3.1\": 0,\n    \"3.2\": 0,\n    \"5.1\": 0,\n    \"6.1\": 0,\n    \"7.1\": 0,\n    \"9.1\": 0.00245,\n    \"10.1\": 0.0049,\n    \"11.1\": 0.00735,\n    \"12.1\": 0.00735,\n    \"13.1\": 0.0196,\n    \"14.1\": 0.08575\n  },\n  B: {\n    \"12\": 0.00735,\n    \"13\": 0.00245,\n    \"14\": 0.00245,\n    \"15\": 0.0049,\n    \"16\": 0.00245,\n    \"17\": 0.00245,\n    \"18\": 0.0196,\n    \"79\": 0,\n    \"80\": 0,\n    \"81\": 0,\n    \"83\": 0,\n    \"84\": 0.00245,\n    \"85\": 0.00245,\n    \"86\": 0.0049,\n    \"87\": 0,\n    \"88\": 0,\n    \"89\": 0.0049,\n    \"90\": 0.00245,\n    \"91\": 0.0196,\n    \"92\": 0.4361,\n    \"93\": 0\n  },\n  P: {\n    \"4\": 0.38512,\n    \"5.0-5.4\": 0.01013,\n    \"6.2-6.4\": 0.0304,\n    \"7.2-7.4\": 0.4358,\n    \"8.2\": 0.01013,\n    \"9.2\": 0.13175,\n    \"10.1\": 0.0304,\n    \"11.1-11.2\": 0.45607,\n    \"12.0\": 0.16216,\n    \"13.0\": 0.33445,\n    \"14.0\": 2.05738\n  },\n  I: {\n    \"0\": 0,\n    \"3\": 0,\n    \"4\": 0.00355,\n    \"2.1\": 0,\n    \"2.2\": 0,\n    \"2.3\": 0,\n    \"4.1\": 0.01634,\n    \"4.2-4.3\": 0.0135,\n    \"4.4\": 0,\n    \"4.4.3-4.4.4\": 0.14355\n  },\n  K: {\n    _: \"0 10 11 12 11.1 11.5 12.1\"\n  },\n  A: {\n    \"6\": 0,\n    \"7\": 0,\n    \"8\": 0,\n    \"9\": 0,\n    \"10\": 0,\n    \"11\": 0.07105,\n    \"5.5\": 0\n  },\n  J: {\n    \"7\": 0,\n    \"10\": 0.0151\n  },\n  N: {\n    \"10\": 0,\n    \"11\": 0\n  },\n  R: {\n    _: \"0\"\n  },\n  M: {\n    \"0\": 0.1963\n  },\n  Q: {\n    \"10.4\": 0\n  },\n  O: {\n    \"0\": 0.1208\n  },\n  H: {\n    \"0\": 0.5075\n  },\n  L: {\n    \"0\": 72.1776\n  },\n  S: {\n    \"2.5\": 0.02265\n  }\n};","map":{"version":3,"sources":["C:/xampp/public_html/vamo/interface2/node_modules/caniuse-lite/data/regions/SN.js"],"names":["module","exports","C","D","F","G","E","_","B","P","I","K","A","J","N","R","M","Q","O","H","L","S"],