{"ast":null,"code":"module.exports = {\n  C: {\n    \"52\": 0.29528,\n    \"77\": 0.00447,\n    \"78\": 0.07158,\n    \"82\": 0.00895,\n    \"84\": 0.04027,\n    \"88\": 0.03132,\n    \"89\": 0.04921,\n    \"90\": 0.66663,\n    \"91\": 0.95296,\n    \"92\": 0.00447,\n    _: \"2 3 4 5 6 7 8 9 10 11 12 13 14 15 16 17 18 19 20 21 22 23 24 25 26 27 28 29 30 31 32 33 34 35 36 37 38 39 40 41 42 43 44 45 46 47 48 49 50 51 53 54 55 56 57 58 59 60 61 62 63 64 65 66 67 68 69 70 71 72 73 74 75 76 79 80 81 83 85 86 87 93 3.5 3.6\"\n  },\n  D: {\n    \"38\": 0.04474,\n    \"42\": 1.73144,\n    \"49\": 0.53241,\n    \"53\": 0.0179,\n    \"56\": 0.00447,\n    \"69\": 0.00895,\n    \"70\": 1.91935,\n    \"71\": 0.01342,\n    \"72\": 0.02684,\n    \"73\": 0.01342,\n    \"74\": 0.09395,\n    \"75\": 0.01342,\n    \"78\": 0.0179,\n    \"79\": 0.12527,\n    \"80\": 0.02237,\n    \"81\": 0.01342,\n    \"83\": 0.0179,\n    \"84\": 0.03132,\n    \"85\": 0.01342,\n    \"86\": 0.04027,\n    \"87\": 0.29528,\n    \"88\": 0.04027,\n    \"89\": 0.12975,\n    \"90\": 0.1208,\n    \"91\": 1.27509,\n    \"92\": 26.85295,\n    \"93\": 0.00447,\n    _: \"4 5 6 7 8 9 10 11 12 13 14 15 16 17 18 19 20 21 22 23 24 25 26 27 28 29 30 31 32 33 34 35 36 37 39 40 41 43 44 45 46 47 48 50 51 52 54 55 57 58 59 60 61 62 63 64 65 66 67 68 76 77 94 95 96\"\n  },\n  F: {\n    \"40\": 0.00895,\n    \"77\": 0.51451,\n    \"78\": 0.49214,\n    _: \"9 11 12 15 16 17 18 19 20 21 22 23 24 25 26 27 28 29 30 31 32 33 34 35 36 37 38 39 41 42 43 44 45 46 47 48 49 50 51 52 53 54 55 56 57 58 60 62 63 64 65 66 67 68 69 70 71 72 73 74 75 76 9.5-9.6 10.5 10.6 11.1 11.5 11.6 12.1\",\n    \"10.0-10.1\": 0\n  },\n  G: {\n    \"8\": 0,\n    \"3.2\": 0,\n    \"4.0-4.1\": 0,\n    \"4.2-4.3\": 0,\n    \"5.0-5.1\": 0.00546,\n    \"6.0-6.1\": 0.00136,\n    \"7.0-7.1\": 0.02183,\n    \"8.1-8.4\": 0,\n    \"9.0-9.2\": 0.00409,\n    \"9.3\": 0.10369,\n    \"10.0-10.2\": 0.01501,\n    \"10.3\": 0.15144,\n    \"11.0-11.2\": 0.10506,\n    \"11.3-11.4\": 0.02865,\n    \"12.0-12.1\": 0.04502,\n    \"12.2-12.4\": 0.11051,\n    \"13.0-13.1\": 0.01774,\n    \"13.2\": 0.00955,\n    \"13.3\": 0.08595,\n    \"13.4-13.7\": 0.26196,\n    \"14.0-14.4\": 1.30296,\n    \"14.5-14.7\": 10.92028\n  },\n  E: {\n    \"4\": 0.00447,\n    \"12\": 0.00895,\n    \"13\": 0.06264,\n    \"14\": 0.40266,\n    \"15\": 0.00895,\n    _: \"0 5 6 7 8 9 10 11 3.1 3.2 5.1 6.1 7.1 9.1\",\n    \"10.1\": 0.00447,\n    \"11.1\": 0.03132,\n    \"12.1\": 0.48767,\n    \"13.1\": 0.35345,\n    \"14.1\": 1.83434\n  },\n  B: {\n    \"13\": 0.00895,\n    \"15\": 0.01342,\n    \"18\": 0.02237,\n    \"89\": 0.0179,\n    \"90\": 0.00895,\n    \"91\": 0.09395,\n    \"92\": 3.41814,\n    _: \"12 14 16 17 79 80 81 83 84 85 86 87 88 93\"\n  },\n  P: {\n    \"4\": 0.09311,\n    \"5.0-5.4\": 0.01026,\n    \"6.2-6.4\": 0.02058,\n    \"7.2-7.4\": 0.01035,\n    \"8.2\": 0.01026,\n    \"9.2\": 0.01035,\n    \"10.1\": 0.05132,\n    \"11.1-11.2\": 0.08277,\n    \"12.0\": 0.03104,\n    \"13.0\": 0.14484,\n    \"14.0\": 3.62109\n  },\n  I: {\n    \"0\": 0,\n    \"3\": 0,\n    \"4\": 0,\n    \"2.1\": 0,\n    \"2.2\": 0,\n    \"2.3\": 0,\n    \"4.1\": 0.00293,\n    \"4.2-4.3\": 0.00488,\n    \"4.4\": 0,\n    \"4.4.3-4.4.4\": 0.05851\n  },\n  K: {\n    _: \"0 10 11 12 11.1 11.5 12.1\"\n  },\n  A: {\n    \"11\": 0.28634,\n    _: \"6 7 8 9 10 5.5\"\n  },\n  J: {\n    \"7\": 0,\n    \"10\": 0.00553\n  },\n  N: {\n    \"11\": 0.02439,\n    _: \"10\"\n  },\n  R: {\n    _: \"0\"\n  },\n  M: {\n    \"0\": 0.16025\n  },\n  Q: {\n    \"10.4\": 0.00553\n  },\n  O: {\n    \"0\": 1.09967\n  },\n  H: {\n    \"0\": 0.39761\n  },\n  L: {\n    \"0\": 36.50009\n  },\n  S: {\n    \"2.5\": 0\n  }\n};","map":{"version":3,"sources":["C:/xampp/public_html/vamo/interface2/node_modules/caniuse-lite/data/regions/CY.js"],"names":["module","exports","C","_","D","F","G","E","B","P","I","K","A","J","N","R","M","Q","O","H","L","S"],"mappings":"AAAAA,MAAM,CAACC,OAAP,GAAe;AAACC,EAAAA,CAAC,EAAC;AAAC,UAAK,OAAN;AAAc,UAAK,OAAnB;AAA2B,UAAK,OAAhC;AAAwC,UAAK,OAA7C;AAAqD,UAAK,OAA1D;AAAkE,UAAK,OAAvE;AAA+E,UAAK,OAApF;AAA4F,UAAK,OAAjG;AAAyG,UAAK,OAA9G;AAAsH,UAAK,OAA3H;AAAmIC,IAAAA,CAAC,EAAC;AAArI,GAAH;AAAiYC,EAAAA,CAAC,EAAC;AAAC,UAAK,OAAN;AAAc,UAAK,OAAnB;AAA2B,UAAK,OAAhC;AAAwC,UAAK,MAA7C;AAAoD,UAAK,OAAzD;AAAiE,UAAK,OAAtE;AAA8E,UAAK,OAAnF;AAA2F,UAAK,OAAhG;AAAwG,UAAK,OAA7G;AAAqH,UAAK,OAA1H;AAAkI,UAAK,OAAvI;AAA+I,UAAK,OAApJ;AAA4J,UAAK,MAAjK;AAAwK,UAAK,OAA7K;AAAqL,UAAK,OAA1L;AAAkM,UAAK,OAAvM;AAA+M,UAAK,MAApN;AAA2N,UAAK,OAAhO;AAAwO,UAAK,OAA7O;AAAqP,UAAK,OAA1P;AAAkQ,UAAK,OAAvQ;AAA+Q,UAAK,OAApR;AAA4R,UAAK,OAAjS;AAAyS,UAAK,MAA9S;AAAqT,UAAK,OAA1T;AAAkU,UAAK,QAAvU;AAAgV,UAAK,OAArV;AAA6VD,IAAAA,CAAC,EAAC;AAA/V,GAAnY;AAAk6BE,EAAAA,CAAC,EAAC;AAAC,UAAK,OAAN;AAAc,UAAK,OAAnB;AAA2B,UAAK,OAAhC;AAAwCF,IAAAA,CAAC,EAAC,gOAA1C;AAA2Q,iBAAY;AAAvR,GAAp6B;AAA8rCG,EAAAA,CAAC,EAAC;AAAC,SAAI,CAAL;AAAO,WAAM,CAAb;AAAe,eAAU,CAAzB;AAA2B,eAAU,CAArC;AAAuC,eAAU,OAAjD;AAAyD,eAAU,OAAnE;AAA2E,eAAU,OAArF;AAA6F,eAAU,CAAvG;AAAyG,eAAU,OAAnH;AAA2H,WAAM,OAAjI;AAAyI,iBAAY,OAArJ;AAA6J,YAAO,OAApK;AAA4K,iBAAY,OAAxL;AAAgM,iBAAY,OAA5M;AAAoN,iBAAY,OAAhO;AAAwO,iBAAY,OAApP;AAA4P,iBAAY,OAAxQ;AAAgR,YAAO,OAAvR;AAA+R,YAAO,OAAtS;AAA8S,iBAAY,OAA1T;AAAkU,iBAAY,OAA9U;AAAsV,iBAAY;AAAlW,GAAhsC;AAA4iDC,EAAAA,CAAC,EAAC;AAAC,SAAI,OAAL;AAAa,UAAK,OAAlB;AAA0B,UAAK,OAA/B;AAAuC,UAAK,OAA5C;AAAoD,UAAK,OAAzD;AAAiEJ,IAAAA,CAAC,EAAC,2CAAnE;AAA+G,YAAO,OAAtH;AAA8H,YAAO,OAArI;AAA6I,YAAO,OAApJ;AAA4J,YAAO,OAAnK;AAA2K,YAAO;AAAlL,GAA9iD;AAAyuDK,EAAAA,CAAC,EAAC;AAAC,UAAK,OAAN;AAAc,UAAK,OAAnB;AAA2B,UAAK,OAAhC;AAAwC,UAAK,MAA7C;AAAoD,UAAK,OAAzD;AAAiE,UAAK,OAAtE;AAA8E,UAAK,OAAnF;AAA2FL,IAAAA,CAAC,EAAC;AAA7F,GAA3uD;AAAq3DM,EAAAA,CAAC,EAAC;AAAC,SAAI,OAAL;AAAa,eAAU,OAAvB;AAA+B,eAAU,OAAzC;AAAiD,eAAU,OAA3D;AAAmE,WAAM,OAAzE;AAAiF,WAAM,OAAvF;AAA+F,YAAO,OAAtG;AAA8G,iBAAY,OAA1H;AAAkI,YAAO,OAAzI;AAAiJ,YAAO,OAAxJ;AAAgK,YAAO;AAAvK,GAAv3D;AAAuiEC,EAAAA,CAAC,EAAC;AAAC,SAAI,CAAL;AAAO,SAAI,CAAX;AAAa,SAAI,CAAjB;AAAmB,WAAM,CAAzB;AAA2B,WAAM,CAAjC;AAAmC,WAAM,CAAzC;AAA2C,WAAM,OAAjD;AAAyD,eAAU,OAAnE;AAA2E,WAAM,CAAjF;AAAmF,mBAAc;AAAjG,GAAziE;AAAmpEC,EAAAA,CAAC,EAAC;AAACR,IAAAA,CAAC,EAAC;AAAH,GAArpE;AAAqrES,EAAAA,CAAC,EAAC;AAAC,UAAK,OAAN;AAAcT,IAAAA,CAAC,EAAC;AAAhB,GAAvrE;AAAytEU,EAAAA,CAAC,EAAC;AAAC,SAAI,CAAL;AAAO,UAAK;AAAZ,GAA3tE;AAAgvEC,EAAAA,CAAC,EAAC;AAAC,UAAK,OAAN;AAAcX,IAAAA,CAAC,EAAC;AAAhB,GAAlvE;AAAwwEY,EAAAA,CAAC,EAAC;AAACZ,IAAAA,CAAC,EAAC;AAAH,GAA1wE;AAAkxEa,EAAAA,CAAC,EAAC;AAAC,SAAI;AAAL,GAApxE;AAAkyEC,EAAAA,CAAC,EAAC;AAAC,YAAO;AAAR,GAApyE;AAAqzEC,EAAAA,CAAC,EAAC;AAAC,SAAI;AAAL,GAAvzE;AAAq0EC,EAAAA,CAAC,EAAC;AAAC,SAAI;AAAL,GAAv0E;AAAq1EC,EAAAA,CAAC,EAAC;AAAC,SAAI;AAAL,GAAv1E;AAAs2EC,EAAAA,CAAC,EAAC;AAAC,WAAM;AAAP;AAAx2E,CAAf",