{"ast":null,"code":"module.exports = {\n  C: {\n    \"2\": 0,\n    \"3\": 0,\n    \"4\": 0,\n    \"5\": 0,\n    \"6\": 0,\n    \"7\": 0,\n    \"8\": 0,\n    \"9\": 0,\n    \"10\": 0,\n    \"11\": 0,\n    \"12\": 0,\n    \"13\": 0,\n    \"14\": 0,\n    \"15\": 0,\n    \"16\": 0,\n    \"17\": 0,\n    \"18\": 0,\n    \"19\": 0,\n    \"20\": 0,\n    \"21\": 0,\n    \"22\": 0,\n    \"23\": 0,\n    \"24\": 0,\n    \"25\": 0,\n    \"26\": 0,\n    \"27\": 0,\n    \"28\": 0,\n    \"29\": 0,\n    \"30\": 0,\n    \"31\": 0,\n    \"32\": 0,\n    \"33\": 0,\n    \"34\": 0,\n    \"35\": 0.00569,\n    \"36\": 0.00569,\n    \"37\": 0,\n    \"38\": 0,\n    \"39\": 0,\n    \"40\": 0,\n    \"41\": 0,\n    \"42\": 0,\n    \"43\": 0,\n    \"44\": 0,\n    \"45\": 0,\n    \"46\": 0,\n    \"47\": 0,\n    \"48\": 0.00569,\n    \"49\": 0,\n    \"50\": 0,\n    \"51\": 0,\n    \"52\": 0.12509,\n    \"53\": 0.00569,\n    \"54\": 0,\n    \"55\": 0,\n    \"56\": 0,\n    \"57\": 0.01137,\n    \"58\": 0,\n    \"59\": 0,\n    \"60\": 0.01137,\n    \"61\": 0,\n    \"62\": 0,\n    \"63\": 0,\n    \"64\": 0,\n    \"65\": 0,\n    \"66\": 0.00569,\n    \"67\": 0.00569,\n    \"68\": 0.02843,\n    \"69\": 0,\n    \"70\": 0,\n    \"71\": 0.00569,\n    \"72\": 0.01137,\n    \"73\": 0,\n    \"74\": 0.00569,\n    \"75\": 0,\n    \"76\": 0.00569,\n    \"77\": 0,\n    \"78\": 0.27293,\n    \"79\": 0,\n    \"80\": 0,\n    \"81\": 0,\n    \"82\": 0.00569,\n    \"83\": 0.02274,\n    \"84\": 0.01706,\n    \"85\": 0.01706,\n    \"86\": 0.01137,\n    \"87\": 0.02843,\n    \"88\": 0.07392,\n    \"89\": 0.17627,\n    \"90\": 1.67737,\n    \"91\": 2.52458,\n    \"92\": 0.01137,\n    \"93\": 0,\n    \"3.5\": 0,\n    \"3.6\": 0\n  },\n  D: {\n    \"4\": 0,\n    \"5\": 0,\n    \"6\": 0,\n    \"7\": 0,\n    \"8\": 0,\n    \"9\": 0,\n    \"10\": 0,\n    \"11\": 0,\n    \"12\": 0,\n    \"13\": 0,\n    \"14\": 0,\n    \"15\": 0,\n    \"16\": 0,\n    \"17\": 0,\n    \"18\": 0,\n    \"19\": 0,\n    \"20\": 0,\n    \"21\": 0,\n    \"22\": 0,\n    \"23\": 0,\n    \"24\": 0,\n    \"25\": 0,\n    \"26\": 0,\n    \"27\": 0,\n    \"28\": 0,\n    \"29\": 0,\n    \"30\": 0,\n    \"31\": 0,\n    \"32\": 0,\n    \"33\": 0,\n    \"34\": 0,\n    \"35\": 0,\n    \"36\": 0,\n    \"37\": 0,\n    \"38\": 0,\n    \"39\": 0,\n    \"40\": 0,\n    \"41\": 0,\n    \"42\": 0,\n    \"43\": 0,\n    \"44\": 0,\n    \"45\": 0,\n    \"46\": 0,\n    \"47\": 0.00569,\n    \"48\": 0,\n    \"49\": 0.14784,\n    \"50\": 0,\n    \"51\": 0,\n    \"52\": 0,\n    \"53\": 0,\n    \"54\": 0,\n    \"55\": 0,\n    \"56\": 0.00569,\n    \"57\": 0,\n    \"58\": 0.00569,\n    \"59\": 0,\n    \"60\": 0,\n    \"61\": 0,\n    \"62\": 0.01137,\n    \"63\": 0.00569,\n    \"64\": 0,\n    \"65\": 0,\n    \"66\": 0.00569,\n    \"67\": 0.01137,\n    \"68\": 0.00569,\n    \"69\": 0.00569,\n    \"70\": 0.01137,\n    \"71\": 0,\n    \"72\": 0,\n    \"73\": 0.00569,\n    \"74\": 0,\n    \"75\": 0.01706,\n    \"76\": 0.00569,\n    \"77\": 0.01137,\n    \"78\": 0.01137,\n    \"79\": 0.04549,\n    \"80\": 0.03412,\n    \"81\": 0.01706,\n    \"83\": 0.01706,\n    \"84\": 0.01706,\n    \"85\": 0.01706,\n    \"86\": 0.02843,\n    \"87\": 0.12509,\n    \"88\": 0.0398,\n    \"89\": 0.05117,\n    \"90\": 0.10235,\n    \"91\": 0.74487,\n    \"92\": 17.84835,\n    \"93\": 0.00569,\n    \"94\": 0.83016,\n    \"95\": 0.02843,\n    \"96\": 0\n  },\n  F: {\n    \"9\": 0,\n    \"11\": 0,\n    \"12\": 0,\n    \"15\": 0,\n    \"16\": 0,\n    \"17\": 0,\n    \"18\": 0,\n    \"19\": 0,\n    \"20\": 0,\n    \"21\": 0,\n    \"22\": 0,\n    \"23\": 0,\n    \"24\": 0,\n    \"25\": 0,\n    \"26\": 0,\n    \"27\": 0,\n    \"28\": 0,\n    \"29\": 0,\n    \"30\": 0,\n    \"31\": 0,\n    \"32\": 0,\n    \"33\": 0,\n    \"34\": 0,\n    \"35\": 0,\n    \"36\": 0,\n    \"37\": 0,\n    \"38\": 0,\n    \"39\": 0,\n    \"40\": 0,\n    \"41\": 0,\n    \"42\": 0,\n    \"43\": 0,\n    \"44\": 0,\n    \"45\": 0,\n    \"46\": 0.00569,\n    \"47\": 0,\n    \"48\": 0,\n    \"49\": 0,\n    \"50\": 0,\n    \"51\": 0.00569,\n    \"52\": 0,\n    \"53\": 0,\n    \"54\": 0,\n    \"55\": 0,\n    \"56\": 0,\n    \"57\": 0,\n    \"58\": 0,\n    \"60\": 0,\n    \"62\": 0,\n    \"63\": 0,\n    \"64\": 0,\n    \"65\": 0,\n    \"66\": 0,\n    \"67\": 0,\n    \"68\": 0,\n    \"69\": 0,\n    \"70\": 0,\n    \"71\": 0,\n    \"72\": 0,\n    \"73\": 0,\n    \"74\": 0,\n    \"75\": 0,\n    \"76\": 0.00569,\n    \"77\": 1.12014,\n    \"78\": 0.6482,\n    \"9.5-9.6\": 0,\n    \"10.0-10.1\": 0,\n    \"10.5\": 0,\n    \"10.6\": 0,\n    \"11.1\": 0,\n    \"11.5\": 0,\n    \"11.6\": 0,\n    \"12.1\": 0\n  },\n  G: {\n    \"8\": 0,\n    \"3.2\": 0,\n    \"4.0-4.1\": 0,\n    \"4.2-4.3\": 0,\n    \"5.0-5.1\": 0.00293,\n    \"6.0-6.1\": 0.00293,\n    \"7.0-7.1\": 0.00731,\n    \"8.1-8.4\": 0.00731,\n    \"9.0-9.2\": 0,\n    \"9.3\": 0.13164,\n    \"10.0-10.2\": 0.01024,\n    \"10.3\": 0.09946,\n    \"11.0-11.2\": 0.04242,\n    \"11.3-11.4\": 0.04973,\n    \"12.0-12.1\": 0.1214,\n    \"12.2-12.4\": 0.09068,\n    \"13.0-13.1\": 0.03657,\n    \"13.2\": 0.02486,\n    \"13.3\": 0.11555,\n    \"13.4-13.7\": 0.45195,\n    \"14.0-14.4\": 1.81218,\n    \"14.5-14.7\": 11.27531\n  },\n  E: {\n    \"4\": 0.00569,\n    \"5\": 0.00569,\n    \"6\": 0,\n    \"7\": 0,\n    \"8\": 0,\n    \"9\": 0,\n    \"10\": 0,\n    \"11\": 0,\n    \"12\": 0.00569,\n    \"13\": 0.01706,\n    \"14\": 0.2047,\n    \"15\": 0.01137,\n    _: \"0\",\n    \"3.1\": 0,\n    \"3.2\": 0,\n    \"5.1\": 0,\n    \"6.1\": 0,\n    \"7.1\": 0,\n    \"9.1\": 0.00569,\n    \"10.1\": 0.01137,\n    \"11.1\": 0.01706,\n    \"12.1\": 0.02274,\n    \"13.1\": 0.13078,\n    \"14.1\": 0.93819\n  },\n  B: {\n    \"12\": 0,\n    \"13\": 0,\n    \"14\": 0,\n    \"15\": 0.00569,\n    \"16\": 0.01137,\n    \"17\": 0.00569,\n    \"18\": 0.01706,\n    \"79\": 0,\n    \"80\": 0,\n    \"81\": 0,\n    \"83\": 0,\n    \"84\": 0.00569,\n    \"85\": 0.00569,\n    \"86\": 0.00569,\n    \"87\": 0.00569,\n    \"88\": 0.00569,\n    \"89\": 0.01137,\n    \"90\": 0.00569,\n    \"91\": 0.07392,\n    \"92\": 2.48478,\n    \"93\": 0.00569\n  },\n  P: {\n    \"4\": 0.11193,\n    \"5.0-5.4\": 0.01018,\n    \"6.2-6.4\": 0,\n    \"7.2-7.4\": 0.01018,\n    \"8.2\": 0,\n    \"9.2\": 0.02035,\n    \"10.1\": 0.01018,\n    \"11.1-11.2\": 0.11193,\n    \"12.0\": 0.0814,\n    \"13.0\": 0.2035,\n    \"14.0\": 3.16448\n  },\n  I: {\n    \"0\": 0,\n    \"3\": 0,\n    \"4\": 0,\n    \"2.1\": 0,\n    \"2.2\": 0,\n    \"2.3\": 0,\n    \"4.1\": 0.02081,\n    \"4.2-4.3\": 0.00624,\n    \"4.4\": 0,\n    \"4.4.3-4.4.4\": 0.09157\n  },\n  K: {\n    _: \"0 10 11 12 11.1 11.5 12.1\"\n  },\n  A: {\n    \"6\": 0,\n    \"7\": 0,\n    \"8\": 0,\n    \"9\": 0,\n    \"10\": 0,\n    \"11\": 0.49468,\n    \"5.5\": 0\n  },\n  J: {\n    \"7\": 0,\n    \"10\": 0\n  },\n  N: {\n    \"10\": 0,\n    \"11\": 0\n  },\n  R: {\n    _: \"0\"\n  },\n  M: {\n    \"0\": 0.40983\n  },\n  Q: {\n    \"10.4\": 0\n  },\n  O: {\n    \"0\": 0.01294\n  },\n  H: {\n    \"0\": 0.2328\n  },\n  L: {\n    \"0\": 46.65675\n  },\n  S: {\n    \"2.5\": 0\n  }\n};","map":{"version":3,"sources":["C:/xampp/public_html/vamo/interface2/node_modules/caniuse-lite/data/regions/SI.js"],"names":["module","exports","C","D","F","G","E","_","B","P","I","K","A","J","N","R","M","Q","O","H","L","S"],