{"ast":null,"code":"module.exports = {\n  C: {\n    \"11\": 0.06882,\n    \"17\": 0.0043,\n    \"34\": 0.06452,\n    \"43\": 0.0086,\n    \"52\": 0.0043,\n    \"56\": 0.08602,\n    \"75\": 0.0086,\n    \"77\": 0.03011,\n    \"78\": 0.0086,\n    \"81\": 0.0086,\n    \"88\": 0.02151,\n    \"89\": 0.07742,\n    \"90\": 0.4301,\n    \"91\": 0.67096,\n    _: \"2 3 4 5 6 7 8 9 10 12 13 14 15 16 18 19 20 21 22 23 24 25 26 27 28 29 30 31 32 33 35 36 37 38 39 40 41 42 44 45 46 47 48 49 50 51 53 54 55 57 58 59 60 61 62 63 64 65 66 67 68 69 70 71 72 73 74 76 79 80 82 83 84 85 86 87 92 93 3.5 3.6\"\n  },\n  D: {\n    \"22\": 0.02581,\n    \"24\": 0.0043,\n    \"26\": 0.05591,\n    \"30\": 0.0172,\n    \"34\": 0.06021,\n    \"38\": 0.18064,\n    \"43\": 0.0043,\n    \"45\": 0.0086,\n    \"49\": 0.17204,\n    \"53\": 0.12903,\n    \"55\": 0.02581,\n    \"57\": 0.0172,\n    \"58\": 0.02581,\n    \"59\": 0.0043,\n    \"61\": 0.07312,\n    \"62\": 0.0172,\n    \"63\": 0.0086,\n    \"64\": 0.0086,\n    \"65\": 0.0043,\n    \"66\": 0.04731,\n    \"67\": 0.03011,\n    \"68\": 0.02581,\n    \"69\": 0.03441,\n    \"70\": 0.0129,\n    \"71\": 0.04731,\n    \"72\": 0.04731,\n    \"73\": 0.03871,\n    \"74\": 0.02581,\n    \"75\": 0.05591,\n    \"76\": 0.03011,\n    \"77\": 0.02581,\n    \"78\": 0.02581,\n    \"79\": 0.35268,\n    \"80\": 0.09462,\n    \"81\": 0.10753,\n    \"83\": 0.02151,\n    \"84\": 0.0172,\n    \"85\": 0.0129,\n    \"86\": 0.18064,\n    \"87\": 0.16774,\n    \"88\": 0.13763,\n    \"89\": 0.16344,\n    \"90\": 0.59784,\n    \"91\": 1.86233,\n    \"92\": 20.1975,\n    \"93\": 0.04301,\n    \"94\": 0.03011,\n    _: \"4 5 6 7 8 9 10 11 12 13 14 15 16 17 18 19 20 21 23 25 27 28 29 31 32 33 35 36 37 39 40 41 42 44 46 47 48 50 51 52 54 56 60 95 96\"\n  },\n  F: {\n    \"25\": 0.0043,\n    \"36\": 0.03871,\n    \"46\": 0.04301,\n    \"72\": 0.0129,\n    \"77\": 0.09032,\n    \"78\": 0.06882,\n    _: \"9 11 12 15 16 17 18 19 20 21 22 23 24 26 27 28 29 30 31 32 33 34 35 37 38 39 40 41 42 43 44 45 47 48 49 50 51 52 53 54 55 56 57 58 60 62 63 64 65 66 67 68 69 70 71 73 74 75 76 9.5-9.6 10.5 10.6 11.1 11.5 11.6 12.1\",\n    \"10.0-10.1\": 0\n  },\n  G: {\n    \"8\": 0.00672,\n    \"3.2\": 0,\n    \"4.0-4.1\": 0,\n    \"4.2-4.3\": 0,\n    \"5.0-5.1\": 0,\n    \"6.0-6.1\": 0.09072,\n    \"7.0-7.1\": 0.07056,\n    \"8.1-8.4\": 0.12768,\n    \"9.0-9.2\": 0.04032,\n    \"9.3\": 0.30912,\n    \"10.0-10.2\": 0.10752,\n    \"10.3\": 0.33264,\n    \"11.0-11.2\": 0.25872,\n    \"11.3-11.4\": 0.2856,\n    \"12.0-12.1\": 0.30576,\n    \"12.2-12.4\": 0.58463,\n    \"13.0-13.1\": 0.13104,\n    \"13.2\": 0.07392,\n    \"13.3\": 0.40992,\n    \"13.4-13.7\": 1.18943,\n    \"14.0-14.4\": 4.23355,\n    \"14.5-14.7\": 23.72134\n  },\n  E: {\n    \"4\": 0,\n    \"8\": 0.0043,\n    \"10\": 0.0172,\n    \"11\": 0.02151,\n    \"12\": 0.03011,\n    \"13\": 0.26666,\n    \"14\": 1.77631,\n    \"15\": 0.0172,\n    _: \"0 5 6 7 9 3.1 3.2 5.1 6.1 7.1\",\n    \"9.1\": 0.0086,\n    \"10.1\": 0.04301,\n    \"11.1\": 0.06452,\n    \"12.1\": 0.12043,\n    \"13.1\": 0.73117,\n    \"14.1\": 7.80201\n  },\n  B: {\n    \"16\": 0.0043,\n    \"17\": 0.0129,\n    \"18\": 0.08172,\n    \"89\": 0.0129,\n    \"91\": 0.05161,\n    \"92\": 2.46017,\n    _: \"12 13 14 15 79 80 81 83 84 85 86 87 88 90 93\"\n  },\n  P: {\n    \"4\": 0.75589,\n    \"5.0-5.4\": 0.06114,\n    \"6.2-6.4\": 0.02038,\n    \"7.2-7.4\": 0.12228,\n    \"8.2\": 0.03044,\n    \"9.2\": 0.05399,\n    \"10.1\": 0.09171,\n    \"11.1-11.2\": 0.0108,\n    \"12.0\": 0.01019,\n    \"13.0\": 0.14038,\n    \"14.0\": 1.81414\n  },\n  I: {\n    \"0\": 0,\n    \"3\": 0,\n    \"4\": 0,\n    \"2.1\": 0,\n    \"2.2\": 0,\n    \"2.3\": 0,\n    \"4.1\": 0.00065,\n    \"4.2-4.3\": 0.00065,\n    \"4.4\": 0,\n    \"4.4.3-4.4.4\": 0.0215\n  },\n  K: {\n    _: \"0 10 11 12 11.1 11.5 12.1\"\n  },\n  A: {\n    \"11\": 0.8688,\n    _: \"6 7 8 9 10 5.5\"\n  },\n  J: {\n    \"7\": 0,\n    \"10\": 0\n  },\n  N: {\n    \"11\": 0.02439,\n    _: \"10\"\n  },\n  R: {\n    _: \"0\"\n  },\n  M: {\n    \"0\": 0.18234\n  },\n  Q: {\n    \"10.4\": 0.36467\n  },\n  O: {\n    \"0\": 0.76923\n  },\n  H: {\n    \"0\": 0.04855\n  },\n  L: {\n    \"0\": 21.28099\n  },\n  S: {\n    \"2.5\": 0\n  }\n};","map":{"version":3,"sources":["C:/xampp/public_html/vamo/interface2/node_modules/caniuse-lite/data/regions/MO.js"],"names":["module","exports","C","_","D","F","G","E","B","P","I","K","A","J","N","R","M","Q","O","H","L","S"],"mappings":"AAAAA,MAAM,CAACC,OAAP,GAAe;AAACC,EAAAA,CAAC,EAAC;AAAC,UAAK,OAAN;AAAc,UAAK,MAAnB;AAA0B,UAAK,OAA/B;AAAuC,UAAK,MAA5C;AAAmD,UAAK,MAAxD;AAA+D,UAAK,OAApE;AAA4E,UAAK,MAAjF;AAAwF,UAAK,OAA7F;AAAqG,UAAK,MAA1G;AAAiH,UAAK,MAAtH;AAA6H,UAAK,OAAlI;AAA0I,UAAK,OAA/I;AAAuJ,UAAK,MAA5J;AAAmK,UAAK,OAAxK;AAAgLC,IAAAA,CAAC,EAAC;AAAlL,GAAH;AAAkaC,EAAAA,CAAC,EAAC;AAAC,UAAK,OAAN;AAAc,UAAK,MAAnB;AAA0B,UAAK,OAA/B;AAAuC,UAAK,MAA5C;AAAmD,UAAK,OAAxD;AAAgE,UAAK,OAArE;AAA6E,UAAK,MAAlF;AAAyF,UAAK,MAA9F;AAAqG,UAAK,OAA1G;AAAkH,UAAK,OAAvH;AAA+H,UAAK,OAApI;AAA4I,UAAK,MAAjJ;AAAwJ,UAAK,OAA7J;AAAqK,UAAK,MAA1K;AAAiL,UAAK,OAAtL;AAA8L,UAAK,MAAnM;AAA0M,UAAK,MAA/M;AAAsN,UAAK,MAA3N;AAAkO,UAAK,MAAvO;AAA8O,UAAK,OAAnP;AAA2P,UAAK,OAAhQ;AAAwQ,UAAK,OAA7Q;AAAqR,UAAK,OAA1R;AAAkS,UAAK,MAAvS;AAA8S,UAAK,OAAnT;AAA2T,UAAK,OAAhU;AAAwU,UAAK,OAA7U;AAAqV,UAAK,OAA1V;AAAkW,UAAK,OAAvW;AAA+W,UAAK,OAApX;AAA4X,UAAK,OAAjY;AAAyY,UAAK,OAA9Y;AAAsZ,UAAK,OAA3Z;AAAma,UAAK,OAAxa;AAAgb,UAAK,OAArb;AAA6b,UAAK,OAAlc;AAA0c,UAAK,MAA/c;AAAsd,UAAK,MAA3d;AAAke,UAAK,OAAve;AAA+e,UAAK,OAApf;AAA4f,UAAK,OAAjgB;AAAygB,UAAK,OAA9gB;AAAshB,UAAK,OAA3hB;AAAmiB,UAAK,OAAxiB;AAAgjB,UAAK,OAArjB;AAA6jB,UAAK,OAAlkB;AAA0kB,UAAK,OAA/kB;AAAulBD,IAAAA,CAAC,EAAC;AAAzlB,GAApa;AAAioCE,EAAAA,CAAC,EAAC;AAAC,UAAK,MAAN;AAAa,UAAK,OAAlB;AAA0B,UAAK,OAA/B;AAAuC,UAAK,MAA5C;AAAmD,UAAK,OAAxD;AAAgE,UAAK,OAArE;AAA6EF,IAAAA,CAAC,EAAC,uNAA/E;AAAuS,iBAAY;AAAnT,GAAnoC;AAAy7CG,EAAAA,CAAC,EAAC;AAAC,SAAI,OAAL;AAAa,WAAM,CAAnB;AAAqB,eAAU,CAA/B;AAAiC,eAAU,CAA3C;AAA6C,eAAU,CAAvD;AAAyD,eAAU,OAAnE;AAA2E,eAAU,OAArF;AAA6F,eAAU,OAAvG;AAA+G,eAAU,OAAzH;AAAiI,WAAM,OAAvI;AAA+I,iBAAY,OAA3J;AAAmK,YAAO,OAA1K;AAAkL,iBAAY,OAA9L;AAAsM,iBAAY,MAAlN;AAAyN,iBAAY,OAArO;AAA6O,iBAAY,OAAzP;AAAiQ,iBAAY,OAA7Q;AAAqR,YAAO,OAA5R;AAAoS,YAAO,OAA3S;AAAmT,iBAAY,OAA/T;AAAuU,iBAAY,OAAnV;AAA2V,iBAAY;AAAvW,GAA37C;AAA4yDC,EAAAA,CAAC,EAAC;AAAC,SAAI,CAAL;AAAO,SAAI,MAAX;AAAkB,UAAK,MAAvB;AAA8B,UAAK,OAAnC;AAA2C,UAAK,OAAhD;AAAwD,UAAK,OAA7D;AAAqE,UAAK,OAA1E;AAAkF,UAAK,MAAvF;AAA8FJ,IAAAA,CAAC,EAAC,+BAAhG;AAAgI,WAAM,MAAtI;AAA6I,YAAO,OAApJ;AAA4J,YAAO,OAAnK;AAA2K,YAAO,OAAlL;AAA0L,YAAO,OAAjM;AAAyM,YAAO;AAAhN,GAA9yD;AAAugEK,EAAAA,CAAC,EAAC;AAAC,UAAK,MAAN;AAAa,UAAK,MAAlB;AAAyB,UAAK,OAA9B;AAAsC,UAAK,MAA3C;AAAkD,UAAK,OAAvD;AAA+D,UAAK,OAApE;AAA4EL,IAAAA,CAAC,EAAC;AAA9E,GAAzgE;AAAuoEM,EAAAA,CAAC,EAAC;AAAC,SAAI,OAAL;AAAa,eAAU,OAAvB;AAA+B,eAAU,OAAzC;AAAiD,eAAU,OAA3D;AAAmE,WAAM,OAAzE;AAAiF,WAAM,OAAvF;AAA+F,YAAO,OAAtG;AAA8G,iBAAY,MAA1H;AAAiI,YAAO,OAAxI;AAAgJ,YAAO,OAAvJ;AAA+J,YAAO;AAAtK,GAAzoE;AAAwzEC,EAAAA,CAAC,EAAC;AAAC,SAAI,CAAL;AAAO,SAAI,CAAX;AAAa,SAAI,CAAjB;AAAmB,WAAM,CAAzB;AAA2B,WAAM,CAAjC;AAAmC,WAAM,CAAzC;AAA2C,WAAM,OAAjD;AAAyD,eAAU,OAAnE;AAA2E,WAAM,CAAjF;AAAmF,mBAAc;AAAjG,GAA1zE;AAAm6EC,EAAAA,CAAC,EAAC;AAACR,IAAAA,CAAC,EAAC;AAAH,GAAr6E;AAAq8ES,EAAAA,CAAC,EAAC;AAAC,UAAK,MAAN;AAAaT,IAAAA,CAAC,EAAC;AAAf,GAAv8E;AAAw+EU,EAAAA,CAAC,EAAC;AAAC,SAAI,CAAL;AAAO,UAAK;AAAZ,GAA1+E;AAAy/EC,EAAAA,CAAC,EAAC;AAAC,UAAK,OAAN;AAAcX,IAAAA,CAAC,EAAC;AAAhB,GAA3/E;AAAihFY,EAAAA,CAAC,EAAC;AAACZ,IAAAA,CAAC,EAAC;AAAH,GAAnhF;AAA2hFa,EAAAA,CAAC,EAAC;AAAC,SAAI;AAAL,GAA7hF;AAA2iFC,EAAAA,CAAC,EAAC;AAAC,YAAO;AAAR,GAA7iF;AAA8jFC,EAAAA,CAAC,EAAC;AAAC,SAAI;AAAL,GAAhkF;AAA8kFC,EAAAA,CAAC,EAAC;AAAC,SAAI;AAAL,GAAhlF;AAA8lFC,EAAAA,CAAC,EAAC;AAAC,SAAI;AAAL,GAAhmF;AAA+mFC,EAAAA,CAAC,EAAC;AAAC,WAAM;AAAP;AAAjnF,CAAf",