{"ast":null,"code":"module.exports = {\n  C: {\n    \"89\": 0.20966,\n    \"90\": 0.83328,\n    \"91\": 6.68237,\n    _: \"2 3 4 5 6 7 8 9 10 11 12 13 14 15 16 17 18 19 20 21 22 23 24 25 26 27 28 29 30 31 32 33 34 35 36 37 38 39 40 41 42 43 44 45 46 47 48 49 50 51 52 53 54 55 56 57 58 59 60 61 62 63 64 65 66 67 68 69 70 71 72 73 74 75 76 77 78 79 80 81 82 83 84 85 86 87 88 92 93 3.5 3.6\"\n  },\n  D: {\n    \"80\": 0.31181,\n    \"81\": 2.08589,\n    \"85\": 0.10214,\n    \"88\": 0.10214,\n    \"90\": 0.10214,\n    \"91\": 0.10214,\n    \"92\": 27.45523,\n    _: \"4 5 6 7 8 9 10 11 12 13 14 15 16 17 18 19 20 21 22 23 24 25 26 27 28 29 30 31 32 33 34 35 36 37 38 39 40 41 42 43 44 45 46 47 48 49 50 51 52 53 54 55 56 57 58 59 60 61 62 63 64 65 66 67 68 69 70 71 72 73 74 75 76 77 78 79 83 84 86 87 89 93 94 95 96\"\n  },\n  F: {\n    \"78\": 0.31181,\n    _: \"9 11 12 15 16 17 18 19 20 21 22 23 24 25 26 27 28 29 30 31 32 33 34 35 36 37 38 39 40 41 42 43 44 45 46 47 48 49 50 51 52 53 54 55 56 57 58 60 62 63 64 65 66 67 68 69 70 71 72 73 74 75 76 77 9.5-9.6 10.5 10.6 11.1 11.5 11.6 12.1\",\n    \"10.0-10.1\": 0\n  },\n  G: {\n    \"8\": 0,\n    \"3.2\": 0,\n    \"4.0-4.1\": 0,\n    \"4.2-4.3\": 0,\n    \"5.0-5.1\": 0,\n    \"6.0-6.1\": 0,\n    \"7.0-7.1\": 0,\n    \"8.1-8.4\": 0,\n    \"9.0-9.2\": 0,\n    \"9.3\": 0,\n    \"10.0-10.2\": 0,\n    \"10.3\": 0.0535,\n    \"11.0-11.2\": 0,\n    \"11.3-11.4\": 0,\n    \"12.0-12.1\": 0.10689,\n    \"12.2-12.4\": 0.0535,\n    \"13.0-13.1\": 0,\n    \"13.2\": 0,\n    \"13.3\": 0,\n    \"13.4-13.7\": 0.16039,\n    \"14.0-14.4\": 0.0535,\n    \"14.5-14.7\": 0.42767\n  },\n  E: {\n    \"4\": 0,\n    \"13\": 0.52147,\n    _: \"0 5 6 7 8 9 10 11 12 14 15 3.1 3.2 5.1 6.1 7.1 9.1 10.1 11.1 12.1 13.1\",\n    \"14.1\": 0.20966\n  },\n  B: {\n    \"16\": 0.10214,\n    \"17\": 0.41933,\n    \"83\": 0.41933,\n    \"88\": 1.35475,\n    \"89\": 1.15046,\n    \"91\": 0.31181,\n    \"92\": 5.32224,\n    _: \"12 13 14 15 18 79 80 81 84 85 86 87 90 93\"\n  },\n  P: {\n    \"4\": 0.07478,\n    \"5.0-5.4\": 0.06114,\n    \"6.2-6.4\": 0.02137,\n    \"7.2-7.4\": 0.91878,\n    \"8.2\": 0.07124,\n    \"9.2\": 0.11047,\n    \"10.1\": 0.04273,\n    \"11.1-11.2\": 0.63032,\n    \"12.0\": 0.1282,\n    \"13.0\": 0.11047,\n    \"14.0\": 0.4218\n  },\n  I: {\n    \"0\": 0,\n    \"3\": 0,\n    \"4\": 0,\n    \"2.1\": 0,\n    \"2.2\": 0,\n    \"2.3\": 0,\n    \"4.1\": 0,\n    \"4.2-4.3\": 0,\n    \"4.4\": 0,\n    \"4.4.3-4.4.4\": 0\n  },\n  K: {\n    _: \"0 10 11 12 11.1 11.5 12.1\"\n  },\n  A: {\n    \"11\": 2.08589,\n    _: \"6 7 8 9 10 5.5\"\n  },\n  J: {\n    \"7\": 0,\n    \"10\": 0\n  },\n  N: {\n    \"11\": 0.02439,\n    _: \"10\"\n  },\n  R: {\n    _: \"0\"\n  },\n  M: {\n    \"0\": 0\n  },\n  Q: {\n    \"10.4\": 0\n  },\n  O: {\n    \"0\": 0\n  },\n  H: {\n    \"0\": 0\n  },\n  L: {\n    \"0\": 44.63547\n  },\n  S: {\n    \"2.5\": 0\n  }\n};","map":{"version":3,"sources":["C:/xampp/public_html/vamo/interface2/node_modules/caniuse-lite/data/regions/NU.js"],"names":["module","exports","C","_","D","F","G","E","B","P","I","K","A","J","N","R","M","Q","O","H","L","S"],"mappings":"AAAAA,MAAM,CAACC,OAAP,GAAe;AAACC,EAAAA,CAAC,EAAC;AAAC,UAAK,OAAN;AAAc,UAAK,OAAnB;AAA2B,UAAK,OAAhC;AAAwCC,IAAAA,CAAC,EAAC;AAA1C,GAAH;AAA2TC,EAAAA,CAAC,EAAC;AAAC,UAAK,OAAN;AAAc,UAAK,OAAnB;AAA2B,UAAK,OAAhC;AAAwC,UAAK,OAA7C;AAAqD,UAAK,OAA1D;AAAkE,UAAK,OAAvE;AAA+E,UAAK,QAApF;AAA6FD,IAAAA,CAAC,EAAC;AAA/F,GAA7T;AAAwpBE,EAAAA,CAAC,EAAC;AAAC,UAAK,OAAN;AAAcF,IAAAA,CAAC,EAAC,sOAAhB;AAAuP,iBAAY;AAAnQ,GAA1pB;AAAg6BG,EAAAA,CAAC,EAAC;AAAC,SAAI,CAAL;AAAO,WAAM,CAAb;AAAe,eAAU,CAAzB;AAA2B,eAAU,CAArC;AAAuC,eAAU,CAAjD;AAAmD,eAAU,CAA7D;AAA+D,eAAU,CAAzE;AAA2E,eAAU,CAArF;AAAuF,eAAU,CAAjG;AAAmG,WAAM,CAAzG;AAA2G,iBAAY,CAAvH;AAAyH,YAAO,MAAhI;AAAuI,iBAAY,CAAnJ;AAAqJ,iBAAY,CAAjK;AAAmK,iBAAY,OAA/K;AAAuL,iBAAY,MAAnM;AAA0M,iBAAY,CAAtN;AAAwN,YAAO,CAA/N;AAAiO,YAAO,CAAxO;AAA0O,iBAAY,OAAtP;AAA8P,iBAAY,MAA1Q;AAAiR,iBAAY;AAA7R,GAAl6B;AAAwsCC,EAAAA,CAAC,EAAC;AAAC,SAAI,CAAL;AAAO,UAAK,OAAZ;AAAoBJ,IAAAA,CAAC,EAAC,wEAAtB;AAA+F,YAAO;AAAtG,GAA1sC;AAAyzCK,EAAAA,CAAC,EAAC;AAAC,UAAK,OAAN;AAAc,UAAK,OAAnB;AAA2B,UAAK,OAAhC;AAAwC,UAAK,OAA7C;AAAqD,UAAK,OAA1D;AAAkE,UAAK,OAAvE;AAA+E,UAAK,OAApF;AAA4FL,IAAAA,CAAC,EAAC;AAA9F,GAA3zC;AAAs8CM,EAAAA,CAAC,EAAC;AAAC,SAAI,OAAL;AAAa,eAAU,OAAvB;AAA+B,eAAU,OAAzC;AAAiD,eAAU,OAA3D;AAAmE,WAAM,OAAzE;AAAiF,WAAM,OAAvF;AAA+F,YAAO,OAAtG;AAA8G,iBAAY,OAA1H;AAAkI,YAAO,MAAzI;AAAgJ,YAAO,OAAvJ;AAA+J,YAAO;AAAtK,GAAx8C;AAAsnDC,EAAAA,CAAC,EAAC;AAAC,SAAI,CAAL;AAAO,SAAI,CAAX;AAAa,SAAI,CAAjB;AAAmB,WAAM,CAAzB;AAA2B,WAAM,CAAjC;AAAmC,WAAM,CAAzC;AAA2C,WAAM,CAAjD;AAAmD,eAAU,CAA7D;AAA+D,WAAM,CAArE;AAAuE,mBAAc;AAArF,GAAxnD;AAAgtDC,EAAAA,CAAC,EAAC;AAACR,IAAAA,CAAC,EAAC;AAAH,GAAltD;AAAkvDS,EAAAA,CAAC,EAAC;AAAC,UAAK,OAAN;AAAcT,IAAAA,CAAC,EAAC;AAAhB,GAApvD;AAAsxDU,EAAAA,CAAC,EAAC;AAAC,SAAI,CAAL;AAAO,UAAK;AAAZ,GAAxxD;AAAuyDC,EAAAA,CAAC,EAAC;AAAC,UAAK,OAAN;AAAcX,IAAAA,CAAC,EAAC;AAAhB,GAAzyD;AAA+zDY,EAAAA,CAAC,EAAC;AAACZ,IAAAA,CAAC,EAAC;AAAH,GAAj0D;AAAy0Da,EAAAA,CAAC,EAAC;AAAC,SAAI;AAAL,GAA30D;AAAm1DC,EAAAA,CAAC,EAAC;AAAC,YAAO;AAAR,GAAr1D;AAAg2DC,EAAAA,CAAC,EAAC;AAAC,SAAI;AAAL,GAAl2D;AAA02DC,EAAAA,CAAC,EAAC;AAAC,SAAI;AAAL,GAA52D;AAAo3DC,EAAAA,CAAC,EAAC;AAAC,SAAI;AAAL,GAAt3D;AAAq4DC,EAAAA,CAAC,EAAC;AAAC,WAAM;AAAP;AAAv4D,CAAf","sourcesContent":["module.exports={C:{\"89\":0.20966,\"90\":0.83328,\"91\":6.68237,_:\"2 3 4 5 6 7 8 9 10 11 12 13 14 15 16 17 18 19 20 21 22 23 24 25 26 27 28 29 30 31 32 33 34 35 36 37 38 39 40 41 42 43 44 45 46 47 48 49 50 51 52 53 54 55 56 57 58 59 60 61 62 63 64 65 66 67 68 69 70 71 72 73 74 75 76 77 78 79 80 81 82 83 84 85 86 87 88 92 93 3.5 3.6\"},D:{\"80\":0.31181,\"81\":2.08589,\"85\":0.10214,\"88\":0.10214,\"90\":0.10214,\"91\":0.10214,\"92\":27.45523,_:\"4 5 6 7 8 9 10 11 12 13 14 15 16 17 18 19 20 21 22 23 24 25 26 27 28 29 30 31 32 33 34 35 36 37 38 39 40 41 42 43 44 45 46 47 48 49 50 51 52 53 54 55 56 57 58 59 60 61 62 63 64 65 66 67 68 69 70 71 72 73 74 75 76 77 78 79 83 84 86 87 89 93 94 95 96\"},F:{\"78\":0.31181,_:\"9 11 12 15 16 17 18 19 20 21 22 23 24 25 26 27 28 29 30 31 32 33 34 35 36 37 38 39 40 41 42 43 44 45 46 47 48 49 50 51 52 53 54 55 56 57 58 60 62 63 64 65 66 67 68 69 70 71 72 73 74 75 76 77 9.5-9.6 10.5 10.6 11.1 11.5 11.6 12.1\",\"10.0-10.1\":0},G:{\"8\":0,\"3.2\":0,\"4.0-4.1\":0,\"4.2-4.3\":0,\"5.0-5.1\":0,\"6.0-6.1\":0,\"7.0-7.1\":0,\"8.1-8.4\":0,\"9.0-9.2\":0,\"9.3\":0,\"10.0-10.2\":0,\"10.3\":0.0535,\"11.0-11.2\":0,\"11.3-11.4\":0,\"12.0-12.1\":0.10689,\"12.2-12.4\":0.0535,\"13.0-13.1\":0,\"13.2\":0,\"13.3\":0,\"13.4-13.7\":0.16039,\"14.0-14.4\":0.0535,\"14.5-14.7\":0.42767},E:{\"4\":0,\"13\":0.52147,_:\"0 5 6 7 8 9 10 11 12 14 15 3.1 3.2 5.1 6.1 7.1 9.1 10.1 11.1 12.1 13.1\",\"14.1\":0.20966},B:{\"16\":0.10214,\"17\":0.41933,\"83\":0.41933,\"88\":1.35475,\"89\":1.15046,\"91\":0.31181,\"92\":5.32224,_:\"12 13 14 15 18 79 80 81 84 85 86 87 90 93\"},P:{\"4\":0.07478,\"5.0-5.4\":0.06114,\"6.2-6.4\":0.02137,\"7.2-7.4\":0.91878,\"8.2\":0.07124,\"9.2\":0.11047,\"10.1\":0.04273,\"11.1-11.2\":0.63032,\"12.0\":0.1282,\"13.0\":0.11047,\"14.0\":0.4218},I:{\"0\":0,\"3\":0,\"4\":0,\"2.1\":0,\"2.2\":0,\"2.3\":0,\"4.1\":0,\"4.2-4.3\":0,\"4.4\":0,\"4.4.3-4.4.4\":0},K:{_:\"0 10 11 12 11.1 11.5 12.1\"},A:{\"11\":2.08589,_:\"6 7 8 9 10 5.5\"},J:{\"7\":0,\"10\":0},N:{\"11\":0.02439,_:\"10\"},R:{_:\"0\"},M:{\"0\":0},Q:{\"10.4\":0},O:{\"0\":0},H:{\"0\":0},L:{\"0\":44.63547},S:{\"2.5\":0}};\n"]},"metadata":{},"sourceType":"script"}