{"ast":null,"code":"module.exports = {\n  C: {\n    \"2\": 0,\n    \"3\": 0,\n    \"4\": 0,\n    \"5\": 0,\n    \"6\": 0,\n    \"7\": 0,\n    \"8\": 0,\n    \"9\": 0,\n    \"10\": 0,\n    \"11\": 0,\n    \"12\": 0,\n    \"13\": 0,\n    \"14\": 0,\n    \"15\": 0,\n    \"16\": 0,\n    \"17\": 0,\n    \"18\": 0,\n    \"19\": 0,\n    \"20\": 0,\n    \"21\": 0,\n    \"22\": 0,\n    \"23\": 0,\n    \"24\": 0,\n    \"25\": 0,\n    \"26\": 0,\n    \"27\": 0,\n    \"28\": 0,\n    \"29\": 0.00451,\n    \"30\": 0.00451,\n    \"31\": 0,\n    \"32\": 0,\n    \"33\": 0.00451,\n    \"34\": 0,\n    \"35\": 0.00451,\n    \"36\": 0,\n    \"37\": 0,\n    \"38\": 0,\n    \"39\": 0.00451,\n    \"40\": 0,\n    \"41\": 0.00451,\n    \"42\": 0,\n    \"43\": 0.00902,\n    \"44\": 0,\n    \"45\": 0.00451,\n    \"46\": 0.00451,\n    \"47\": 0.00902,\n    \"48\": 0,\n    \"49\": 0,\n    \"50\": 0.00451,\n    \"51\": 0,\n    \"52\": 0.03157,\n    \"53\": 0,\n    \"54\": 0,\n    \"55\": 0,\n    \"56\": 0.00451,\n    \"57\": 0.00451,\n    \"58\": 0,\n    \"59\": 0,\n    \"60\": 0,\n    \"61\": 0,\n    \"62\": 0,\n    \"63\": 0,\n    \"64\": 0.00451,\n    \"65\": 0.01353,\n    \"66\": 0.00451,\n    \"67\": 0.00451,\n    \"68\": 0.00902,\n    \"69\": 0,\n    \"70\": 0,\n    \"71\": 0,\n    \"72\": 0.07667,\n    \"73\": 0,\n    \"74\": 0,\n    \"75\": 0.00451,\n    \"76\": 0,\n    \"77\": 0.00451,\n    \"78\": 0.0451,\n    \"79\": 0.00902,\n    \"80\": 0.03608,\n    \"81\": 0.10824,\n    \"82\": 0.00451,\n    \"83\": 0.01353,\n    \"84\": 0.03608,\n    \"85\": 0.00902,\n    \"86\": 0.00902,\n    \"87\": 0.01353,\n    \"88\": 0.06765,\n    \"89\": 0.17589,\n    \"90\": 1.05534,\n    \"91\": 1.64615,\n    \"92\": 0.03608,\n    \"93\": 0,\n    \"3.5\": 0,\n    \"3.6\": 0\n  },\n  D: {\n    \"4\": 0,\n    \"5\": 0,\n    \"6\": 0,\n    \"7\": 0,\n    \"8\": 0,\n    \"9\": 0,\n    \"10\": 0,\n    \"11\": 0,\n    \"12\": 0,\n    \"13\": 0,\n    \"14\": 0,\n    \"15\": 0,\n    \"16\": 0,\n    \"17\": 0,\n    \"18\": 0,\n    \"19\": 0,\n    \"20\": 0,\n    \"21\": 0,\n    \"22\": 0,\n    \"23\": 0.00451,\n    \"24\": 0,\n    \"25\": 0,\n    \"26\": 0.00902,\n    \"27\": 0,\n    \"28\": 0,\n    \"29\": 0,\n    \"30\": 0,\n    \"31\": 0.00451,\n    \"32\": 0,\n    \"33\": 0.00902,\n    \"34\": 0.00902,\n    \"35\": 0.00451,\n    \"36\": 0.00451,\n    \"37\": 0,\n    \"38\": 0.00451,\n    \"39\": 0,\n    \"40\": 0.00451,\n    \"41\": 0,\n    \"42\": 0.01353,\n    \"43\": 0.01353,\n    \"44\": 0,\n    \"45\": 0,\n    \"46\": 0.00451,\n    \"47\": 0.01353,\n    \"48\": 0,\n    \"49\": 0.03157,\n    \"50\": 0.00902,\n    \"51\": 0,\n    \"52\": 0,\n    \"53\": 0,\n    \"54\": 0,\n    \"55\": 0,\n    \"56\": 0,\n    \"57\": 0,\n    \"58\": 0,\n    \"59\": 0,\n    \"60\": 0,\n    \"61\": 0,\n    \"62\": 0.0902,\n    \"63\": 0.00451,\n    \"64\": 0.00451,\n    \"65\": 0.02255,\n    \"66\": 0,\n    \"67\": 0.00451,\n    \"68\": 0.00451,\n    \"69\": 0,\n    \"70\": 0.00451,\n    \"71\": 0,\n    \"72\": 1.10044,\n    \"73\": 0,\n    \"74\": 0.01353,\n    \"75\": 0.01353,\n    \"76\": 0.00902,\n    \"77\": 0.00451,\n    \"78\": 0.01804,\n    \"79\": 0.10373,\n    \"80\": 0.05863,\n    \"81\": 0.01804,\n    \"83\": 0.01804,\n    \"84\": 0.01804,\n    \"85\": 0.01353,\n    \"86\": 0.03608,\n    \"87\": 0.2706,\n    \"88\": 0.03608,\n    \"89\": 0.03157,\n    \"90\": 0.27511,\n    \"91\": 0.49159,\n    \"92\": 8.36154,\n    \"93\": 0.00902,\n    \"94\": 0.00902,\n    \"95\": 0,\n    \"96\": 0\n  },\n  F: {\n    \"9\": 0,\n    \"11\": 0,\n    \"12\": 0,\n    \"15\": 0,\n    \"16\": 0,\n    \"17\": 0,\n    \"18\": 0,\n    \"19\": 0,\n    \"20\": 0,\n    \"21\": 0,\n    \"22\": 0.00451,\n    \"23\": 0,\n    \"24\": 0,\n    \"25\": 0,\n    \"26\": 0.00451,\n    \"27\": 0,\n    \"28\": 0.00451,\n    \"29\": 0,\n    \"30\": 0.00451,\n    \"31\": 0,\n    \"32\": 0,\n    \"33\": 0,\n    \"34\": 0,\n    \"35\": 0,\n    \"36\": 0.01353,\n    \"37\": 0,\n    \"38\": 0.00451,\n    \"39\": 0,\n    \"40\": 0,\n    \"41\": 0,\n    \"42\": 0.00451,\n    \"43\": 0,\n    \"44\": 0,\n    \"45\": 0,\n    \"46\": 0,\n    \"47\": 0,\n    \"48\": 0,\n    \"49\": 0,\n    \"50\": 0.00451,\n    \"51\": 0.01353,\n    \"52\": 0,\n    \"53\": 0,\n    \"54\": 0.02255,\n    \"55\": 0.03157,\n    \"56\": 0.00451,\n    \"57\": 0.06765,\n    \"58\": 0.54571,\n    \"60\": 0,\n    \"62\": 0,\n    \"63\": 0,\n    \"64\": 0,\n    \"65\": 0.04961,\n    \"66\": 0,\n    \"67\": 0,\n    \"68\": 0,\n    \"69\": 0,\n    \"70\": 0,\n    \"71\": 0.03608,\n    \"72\": 0.00451,\n    \"73\": 0,\n    \"74\": 0,\n    \"75\": 0.00902,\n    \"76\": 0.03157,\n    \"77\": 0.36982,\n    \"78\": 0.40139,\n    \"9.5-9.6\": 0,\n    \"10.0-10.1\": 0,\n    \"10.5\": 0,\n    \"10.6\": 0,\n    \"11.1\": 0,\n    \"11.5\": 0,\n    \"11.6\": 0,\n    \"12.1\": 0.00902\n  },\n  G: {\n    \"8\": 0.00084,\n    \"3.2\": 0.00084,\n    \"4.0-4.1\": 0,\n    \"4.2-4.3\": 0.00167,\n    \"5.0-5.1\": 0.02342,\n    \"6.0-6.1\": 0.01004,\n    \"7.0-7.1\": 0.22916,\n    \"8.1-8.4\": 0.01087,\n    \"9.0-9.2\": 0.00167,\n    \"9.3\": 0.55366,\n    \"10.0-10.2\": 0.01422,\n    \"10.3\": 0.57122,\n    \"11.0-11.2\": 0.14218,\n    \"11.3-11.4\": 0.01255,\n    \"12.0-12.1\": 0.01924,\n    \"12.2-12.4\": 0.09618,\n    \"13.0-13.1\": 0.01004,\n    \"13.2\": 0.00753,\n    \"13.3\": 0.02425,\n    \"13.4-13.7\": 0.33036,\n    \"14.0-14.4\": 1.38666,\n    \"14.5-14.7\": 3.71337\n  },\n  E: {\n    \"4\": 0,\n    \"5\": 0,\n    \"6\": 0,\n    \"7\": 0,\n    \"8\": 0,\n    \"9\": 0,\n    \"10\": 0,\n    \"11\": 0,\n    \"12\": 0,\n    \"13\": 0.02706,\n    \"14\": 0.01353,\n    \"15\": 0.00451,\n    _: \"0\",\n    \"3.1\": 0,\n    \"3.2\": 0,\n    \"5.1\": 0.03157,\n    \"6.1\": 0,\n    \"7.1\": 0,\n    \"9.1\": 0,\n    \"10.1\": 0,\n    \"11.1\": 0,\n    \"12.1\": 0.00451,\n    \"13.1\": 0.01804,\n    \"14.1\": 0.13079\n  },\n  B: {\n    \"12\": 0.00902,\n    \"13\": 0.00451,\n    \"14\": 0.00451,\n    \"15\": 0.10373,\n    \"16\": 0.00451,\n    \"17\": 0.00902,\n    \"18\": 0.07216,\n    \"79\": 0,\n    \"80\": 0,\n    \"81\": 0,\n    \"83\": 0.00451,\n    \"84\": 0.00451,\n    \"85\": 0.00451,\n    \"86\": 0,\n    \"87\": 0,\n    \"88\": 0.00451,\n    \"89\": 0.02255,\n    \"90\": 0.00902,\n    \"91\": 0.03608,\n    \"92\": 1.44771,\n    \"93\": 0\n  },\n  P: {\n    \"4\": 0.20939,\n    \"5.0-5.4\": 0.03141,\n    \"6.2-6.4\": 0,\n    \"7.2-7.4\": 0.03141,\n    \"8.2\": 0,\n    \"9.2\": 0,\n    \"10.1\": 0,\n    \"11.1-11.2\": 0.04188,\n    \"12.0\": 0.01047,\n    \"13.0\": 0.06282,\n    \"14.0\": 0.49206\n  },\n  I: {\n    \"0\": 0,\n    \"3\": 0,\n    \"4\": 0.00971,\n    \"2.1\": 0,\n    \"2.2\": 0,\n    \"2.3\": 0,\n    \"4.1\": 0.03669,\n    \"4.2-4.3\": 0.05828,\n    \"4.4\": 0,\n    \"4.4.3-4.4.4\": 0.56983\n  },\n  K: {\n    _: \"0 10 11 12 11.1 11.5 12.1\"\n  },\n  A: {\n    \"6\": 0.01704,\n    \"7\": 0,\n    \"8\": 0,\n    \"9\": 0,\n    \"10\": 0,\n    \"11\": 0.1363,\n    \"5.5\": 0\n  },\n  J: {\n    \"7\": 0,\n    \"10\": 0.02196\n  },\n  N: {\n    \"10\": 0,\n    \"11\": 0.01647\n  },\n  R: {\n    _: \"0\"\n  },\n  M: {\n    \"0\": 0.11529\n  },\n  Q: {\n    \"10.4\": 0.02196\n  },\n  O: {\n    \"0\": 0.64233\n  },\n  H: {\n    \"0\": 3.81502\n  },\n  L: {\n    \"0\": 65.47917\n  },\n  S: {\n    \"2.5\": 0.00549\n  }\n};","map":{"version":3,"sources":["C:/xampp/public_html/vamo/interface2/node_modules/caniuse-lite/data/regions/TG.js"],"names":["module","exports","C","D","F","G","E","_","B","P","I","K","A","J","N","R","M","Q","O","H","L","S"],