{"ast":null,"code":"module.exports = {\n  C: {\n    \"52\": 0.01125,\n    \"56\": 0.01125,\n    \"78\": 0.08625,\n    \"84\": 0.0075,\n    \"87\": 0.0825,\n    \"88\": 0.00375,\n    \"89\": 0.02625,\n    \"90\": 0.37875,\n    \"91\": 0.525,\n    _: \"2 3 4 5 6 7 8 9 10 11 12 13 14 15 16 17 18 19 20 21 22 23 24 25 26 27 28 29 30 31 32 33 34 35 36 37 38 39 40 41 42 43 44 45 46 47 48 49 50 51 53 54 55 57 58 59 60 61 62 63 64 65 66 67 68 69 70 71 72 73 74 75 76 77 79 80 81 82 83 85 86 92 93 3.5 3.6\"\n  },\n  D: {\n    \"34\": 0.07875,\n    \"49\": 0.12375,\n    \"51\": 0.00375,\n    \"58\": 0.00375,\n    \"63\": 0.01125,\n    \"65\": 0.06375,\n    \"66\": 0.00375,\n    \"69\": 0.0075,\n    \"70\": 0.10875,\n    \"71\": 0.0075,\n    \"72\": 0.00375,\n    \"73\": 0.00375,\n    \"74\": 0.20625,\n    \"75\": 0.03375,\n    \"76\": 0.16125,\n    \"77\": 0.0225,\n    \"79\": 0.06,\n    \"80\": 0.03375,\n    \"81\": 0.03,\n    \"84\": 0.06375,\n    \"85\": 0.0375,\n    \"86\": 0.09,\n    \"87\": 0.0675,\n    \"88\": 0.02625,\n    \"89\": 0.06,\n    \"90\": 0.15,\n    \"91\": 1.27125,\n    \"92\": 20.32125,\n    \"93\": 0.135,\n    \"94\": 0.015,\n    _: \"4 5 6 7 8 9 10 11 12 13 14 15 16 17 18 19 20 21 22 23 24 25 26 27 28 29 30 31 32 33 35 36 37 38 39 40 41 42 43 44 45 46 47 48 50 52 53 54 55 56 57 59 60 61 62 64 67 68 78 83 95 96\"\n  },\n  F: {\n    \"76\": 0.00375,\n    \"77\": 0.2175,\n    \"78\": 0.16875,\n    _: \"9 11 12 15 16 17 18 19 20 21 22 23 24 25 26 27 28 29 30 31 32 33 34 35 36 37 38 39 40 41 42 43 44 45 46 47 48 49 50 51 52 53 54 55 56 57 58 60 62 63 64 65 66 67 68 69 70 71 72 73 74 75 9.5-9.6 10.5 10.6 11.1 11.5 11.6 12.1\",\n    \"10.0-10.1\": 0\n  },\n  G: {\n    \"8\": 0,\n    \"3.2\": 0,\n    \"4.0-4.1\": 0,\n    \"4.2-4.3\": 0,\n    \"5.0-5.1\": 0.02183,\n    \"6.0-6.1\": 0,\n    \"7.0-7.1\": 0.05214,\n    \"8.1-8.4\": 0,\n    \"9.0-9.2\": 0,\n    \"9.3\": 0.07276,\n    \"10.0-10.2\": 0,\n    \"10.3\": 0.07155,\n    \"11.0-11.2\": 0.00728,\n    \"11.3-11.4\": 0.02547,\n    \"12.0-12.1\": 0.00728,\n    \"12.2-12.4\": 0.12369,\n    \"13.0-13.1\": 0.00728,\n    \"13.2\": 0.0097,\n    \"13.3\": 0.04608,\n    \"13.4-13.7\": 0.29831,\n    \"14.0-14.4\": 1.34362,\n    \"14.5-14.7\": 9.48177\n  },\n  E: {\n    \"4\": 0,\n    \"13\": 0.04875,\n    \"14\": 0.225,\n    \"15\": 0.00375,\n    _: \"0 5 6 7 8 9 10 11 12 3.1 3.2 6.1 7.1 9.1\",\n    \"5.1\": 0.01125,\n    \"10.1\": 0.01125,\n    \"11.1\": 0.03,\n    \"12.1\": 0.22125,\n    \"13.1\": 0.13875,\n    \"14.1\": 1.245\n  },\n  B: {\n    \"12\": 0.01125,\n    \"14\": 0.0075,\n    \"17\": 0.00375,\n    \"18\": 0.10875,\n    \"84\": 0.02625,\n    \"85\": 0.00375,\n    \"86\": 0.015,\n    \"89\": 0.015,\n    \"90\": 0.01125,\n    \"91\": 0.13875,\n    \"92\": 4.84125,\n    _: \"13 15 16 79 80 81 83 87 88 93\"\n  },\n  P: {\n    \"4\": 0.55088,\n    \"5.0-5.4\": 0.02079,\n    \"6.2-6.4\": 0.02137,\n    \"7.2-7.4\": 0.73796,\n    \"8.2\": 0.12445,\n    \"9.2\": 0.09354,\n    \"10.1\": 0.08315,\n    \"11.1-11.2\": 0.51969,\n    \"12.0\": 0.1767,\n    \"13.0\": 0.36379,\n    \"14.0\": 6.57932\n  },\n  I: {\n    \"0\": 0,\n    \"3\": 0,\n    \"4\": 0.00102,\n    \"2.1\": 0,\n    \"2.2\": 0,\n    \"2.3\": 0,\n    \"4.1\": 0.00025,\n    \"4.2-4.3\": 0.00279,\n    \"4.4\": 0,\n    \"4.4.3-4.4.4\": 0.02718\n  },\n  K: {\n    _: \"0 10 11 12 11.1 11.5 12.1\"\n  },\n  A: {\n    \"11\": 0.29625,\n    _: \"6 7 8 9 10 5.5\"\n  },\n  J: {\n    \"7\": 0,\n    \"10\": 0\n  },\n  N: {\n    \"11\": 0.02439,\n    _: \"10\"\n  },\n  R: {\n    _: \"0\"\n  },\n  M: {\n    \"0\": 0.225\n  },\n  Q: {\n    \"10.4\": 0\n  },\n  O: {\n    \"0\": 0.5375\n  },\n  H: {\n    \"0\": 0.25444\n  },\n  L: {\n    \"0\": 45.43875\n  },\n  S: {\n    \"2.5\": 0\n  }\n};","map":{"version":3,"sources":["C:/xampp/public_html/vamo/interface2/node_modules/caniuse-lite/data/regions/LC.js"],"names":["module","exports","C","_","D","F","G","E","B","P","I","K","A","J","N","R","M","Q","O","H","L","S"],"mappings":"AAAAA,MAAM,CAACC,OAAP,GAAe;AAACC,EAAAA,CAAC,EAAC;AAAC,UAAK,OAAN;AAAc,UAAK,OAAnB;AAA2B,UAAK,OAAhC;AAAwC,UAAK,MAA7C;AAAoD,UAAK,MAAzD;AAAgE,UAAK,OAArE;AAA6E,UAAK,OAAlF;AAA0F,UAAK,OAA/F;AAAuG,UAAK,KAA5G;AAAkHC,IAAAA,CAAC,EAAC;AAApH,GAAH;AAAmXC,EAAAA,CAAC,EAAC;AAAC,UAAK,OAAN;AAAc,UAAK,OAAnB;AAA2B,UAAK,OAAhC;AAAwC,UAAK,OAA7C;AAAqD,UAAK,OAA1D;AAAkE,UAAK,OAAvE;AAA+E,UAAK,OAApF;AAA4F,UAAK,MAAjG;AAAwG,UAAK,OAA7G;AAAqH,UAAK,MAA1H;AAAiI,UAAK,OAAtI;AAA8I,UAAK,OAAnJ;AAA2J,UAAK,OAAhK;AAAwK,UAAK,OAA7K;AAAqL,UAAK,OAA1L;AAAkM,UAAK,MAAvM;AAA8M,UAAK,IAAnN;AAAwN,UAAK,OAA7N;AAAqO,UAAK,IAA1O;AAA+O,UAAK,OAApP;AAA4P,UAAK,MAAjQ;AAAwQ,UAAK,IAA7Q;AAAkR,UAAK,MAAvR;AAA8R,UAAK,OAAnS;AAA2S,UAAK,IAAhT;AAAqT,UAAK,IAA1T;AAA+T,UAAK,OAApU;AAA4U,UAAK,QAAjV;AAA0V,UAAK,KAA/V;AAAqW,UAAK,KAA1W;AAAgXD,IAAAA,CAAC,EAAC;AAAlX,GAArX;AAA85BE,EAAAA,CAAC,EAAC;AAAC,UAAK,OAAN;AAAc,UAAK,MAAnB;AAA0B,UAAK,OAA/B;AAAuCF,IAAAA,CAAC,EAAC,gOAAzC;AAA0Q,iBAAY;AAAtR,GAAh6B;AAAyrCG,EAAAA,CAAC,EAAC;AAAC,SAAI,CAAL;AAAO,WAAM,CAAb;AAAe,eAAU,CAAzB;AAA2B,eAAU,CAArC;AAAuC,eAAU,OAAjD;AAAyD,eAAU,CAAnE;AAAqE,eAAU,OAA/E;AAAuF,eAAU,CAAjG;AAAmG,eAAU,CAA7G;AAA+G,WAAM,OAArH;AAA6H,iBAAY,CAAzI;AAA2I,YAAO,OAAlJ;AAA0J,iBAAY,OAAtK;AAA8K,iBAAY,OAA1L;AAAkM,iBAAY,OAA9M;AAAsN,iBAAY,OAAlO;AAA0O,iBAAY,OAAtP;AAA8P,YAAO,MAArQ;AAA4Q,YAAO,OAAnR;AAA2R,iBAAY,OAAvS;AAA+S,iBAAY,OAA3T;AAAmU,iBAAY;AAA/U,GAA3rC;AAAmhDC,EAAAA,CAAC,EAAC;AAAC,SAAI,CAAL;AAAO,UAAK,OAAZ;AAAoB,UAAK,KAAzB;AAA+B,UAAK,OAApC;AAA4CJ,IAAAA,CAAC,EAAC,0CAA9C;AAAyF,WAAM,OAA/F;AAAuG,YAAO,OAA9G;AAAsH,YAAO,IAA7H;AAAkI,YAAO,OAAzI;AAAiJ,YAAO,OAAxJ;AAAgK,YAAO;AAAvK,GAArhD;AAAmsDK,EAAAA,CAAC,EAAC;AAAC,UAAK,OAAN;AAAc,UAAK,MAAnB;AAA0B,UAAK,OAA/B;AAAuC,UAAK,OAA5C;AAAoD,UAAK,OAAzD;AAAiE,UAAK,OAAtE;AAA8E,UAAK,KAAnF;AAAyF,UAAK,KAA9F;AAAoG,UAAK,OAAzG;AAAiH,UAAK,OAAtH;AAA8H,UAAK,OAAnI;AAA2IL,IAAAA,CAAC,EAAC;AAA7I,GAArsD;AAAm3DM,EAAAA,CAAC,EAAC;AAAC,SAAI,OAAL;AAAa,eAAU,OAAvB;AAA+B,eAAU,OAAzC;AAAiD,eAAU,OAA3D;AAAmE,WAAM,OAAzE;AAAiF,WAAM,OAAvF;AAA+F,YAAO,OAAtG;AAA8G,iBAAY,OAA1H;AAAkI,YAAO,MAAzI;AAAgJ,YAAO,OAAvJ;AAA+J,YAAO;AAAtK,GAAr3D;AAAoiEC,EAAAA,CAAC,EAAC;AAAC,SAAI,CAAL;AAAO,SAAI,CAAX;AAAa,SAAI,OAAjB;AAAyB,WAAM,CAA/B;AAAiC,WAAM,CAAvC;AAAyC,WAAM,CAA/C;AAAiD,WAAM,OAAvD;AAA+D,eAAU,OAAzE;AAAiF,WAAM,CAAvF;AAAyF,mBAAc;AAAvG,GAAtiE;AAAspEC,EAAAA,CAAC,EAAC;AAACR,IAAAA,CAAC,EAAC;AAAH,GAAxpE;AAAwrES,EAAAA,CAAC,EAAC;AAAC,UAAK,OAAN;AAAcT,IAAAA,CAAC,EAAC;AAAhB,GAA1rE;AAA4tEU,EAAAA,CAAC,EAAC;AAAC,SAAI,CAAL;AAAO,UAAK;AAAZ,GAA9tE;AAA6uEC,EAAAA,CAAC,EAAC;AAAC,UAAK,OAAN;AAAcX,IAAAA,CAAC,EAAC;AAAhB,GAA/uE;AAAqwEY,EAAAA,CAAC,EAAC;AAACZ,IAAAA,CAAC,EAAC;AAAH,GAAvwE;AAA+wEa,EAAAA,CAAC,EAAC;AAAC,SAAI;AAAL,GAAjxE;AAA6xEC,EAAAA,CAAC,EAAC;AAAC,YAAO;AAAR,GAA/xE;AAA0yEC,EAAAA,CAAC,EAAC;AAAC,SAAI;AAAL,GAA5yE;AAAyzEC,EAAAA,CAAC,EAAC;AAAC,SAAI;AAAL,GAA3zE;AAAy0EC,EAAAA,CAAC,EAAC;AAAC,SAAI;AAAL,GAA30E;AAA01EC,EAAAA,CAAC,EAAC;AAAC,WAAM;AAAP;AAA51E,CAAf",