{"ast":null,"code":"module.exports = {\n  C: {\n    \"2\": 0,\n    \"3\": 0,\n    \"4\": 0,\n    \"5\": 0,\n    \"6\": 0,\n    \"7\": 0,\n    \"8\": 0,\n    \"9\": 0,\n    \"10\": 0,\n    \"11\": 0,\n    \"12\": 0,\n    \"13\": 0,\n    \"14\": 0,\n    \"15\": 0,\n    \"16\": 0,\n    \"17\": 0,\n    \"18\": 0,\n    \"19\": 0,\n    \"20\": 0,\n    \"21\": 0,\n    \"22\": 0,\n    \"23\": 0,\n    \"24\": 0,\n    \"25\": 0,\n    \"26\": 0,\n    \"27\": 0,\n    \"28\": 0,\n    \"29\": 0,\n    \"30\": 0,\n    \"31\": 0,\n    \"32\": 0,\n    \"33\": 0,\n    \"34\": 0,\n    \"35\": 0.03777,\n    \"36\": 0.02698,\n    \"37\": 0,\n    \"38\": 0,\n    \"39\": 0,\n    \"40\": 0,\n    \"41\": 0,\n    \"42\": 0,\n    \"43\": 0,\n    \"44\": 0,\n    \"45\": 0,\n    \"46\": 0,\n    \"47\": 0,\n    \"48\": 0.02158,\n    \"49\": 0,\n    \"50\": 0,\n    \"51\": 0,\n    \"52\": 0.03238,\n    \"53\": 0,\n    \"54\": 0.0054,\n    \"55\": 0.0054,\n    \"56\": 0,\n    \"57\": 0.01079,\n    \"58\": 0,\n    \"59\": 0,\n    \"60\": 0.0054,\n    \"61\": 0,\n    \"62\": 0,\n    \"63\": 0,\n    \"64\": 0,\n    \"65\": 0,\n    \"66\": 0,\n    \"67\": 0.0054,\n    \"68\": 0.02698,\n    \"69\": 0,\n    \"70\": 0.01079,\n    \"71\": 0.0054,\n    \"72\": 0.0054,\n    \"73\": 0,\n    \"74\": 0.0054,\n    \"75\": 0,\n    \"76\": 0,\n    \"77\": 0.02158,\n    \"78\": 0.2698,\n    \"79\": 0.0054,\n    \"80\": 0.01079,\n    \"81\": 0.01079,\n    \"82\": 0.0054,\n    \"83\": 0.0054,\n    \"84\": 0.01079,\n    \"85\": 0.01619,\n    \"86\": 0.01619,\n    \"87\": 0.02158,\n    \"88\": 0.1295,\n    \"89\": 0.1403,\n    \"90\": 1.71053,\n    \"91\": 2.4282,\n    \"92\": 0.01079,\n    \"93\": 0,\n    \"3.5\": 0,\n    \"3.6\": 0\n  },\n  D: {\n    \"4\": 0,\n    \"5\": 0,\n    \"6\": 0,\n    \"7\": 0,\n    \"8\": 0,\n    \"9\": 0,\n    \"10\": 0,\n    \"11\": 0,\n    \"12\": 0,\n    \"13\": 0,\n    \"14\": 0,\n    \"15\": 0,\n    \"16\": 0,\n    \"17\": 0,\n    \"18\": 0,\n    \"19\": 0,\n    \"20\": 0,\n    \"21\": 0,\n    \"22\": 0,\n    \"23\": 0,\n    \"24\": 0,\n    \"25\": 0,\n    \"26\": 0,\n    \"27\": 0,\n    \"28\": 0,\n    \"29\": 0,\n    \"30\": 0,\n    \"31\": 0,\n    \"32\": 0,\n    \"33\": 0,\n    \"34\": 0,\n    \"35\": 0,\n    \"36\": 0,\n    \"37\": 0.0054,\n    \"38\": 0.01619,\n    \"39\": 0,\n    \"40\": 0,\n    \"41\": 0.0054,\n    \"42\": 0,\n    \"43\": 0,\n    \"44\": 0,\n    \"45\": 0,\n    \"46\": 0,\n    \"47\": 0,\n    \"48\": 0,\n    \"49\": 0.08094,\n    \"50\": 0,\n    \"51\": 0,\n    \"52\": 0.10252,\n    \"53\": 0.0054,\n    \"54\": 0,\n    \"55\": 0,\n    \"56\": 0,\n    \"57\": 0,\n    \"58\": 0,\n    \"59\": 0,\n    \"60\": 0.0054,\n    \"61\": 0,\n    \"62\": 0,\n    \"63\": 0.01079,\n    \"64\": 0.0054,\n    \"65\": 0.0054,\n    \"66\": 0.03238,\n    \"67\": 0.01079,\n    \"68\": 0,\n    \"69\": 0,\n    \"70\": 0.01079,\n    \"71\": 0.0054,\n    \"72\": 0.0054,\n    \"73\": 0.0054,\n    \"74\": 0.0054,\n    \"75\": 0.01079,\n    \"76\": 0.01079,\n    \"77\": 0.01079,\n    \"78\": 0.0054,\n    \"79\": 0.06475,\n    \"80\": 0.03238,\n    \"81\": 0.01619,\n    \"83\": 0.02158,\n    \"84\": 0.04317,\n    \"85\": 0.04317,\n    \"86\": 0.05396,\n    \"87\": 0.23742,\n    \"88\": 0.06475,\n    \"89\": 0.07015,\n    \"90\": 0.10792,\n    \"91\": 0.78782,\n    \"92\": 10.32794,\n    \"93\": 0.0054,\n    \"94\": 0.01079,\n    \"95\": 0.0054,\n    \"96\": 0\n  },\n  F: {\n    \"9\": 0,\n    \"11\": 0,\n    \"12\": 0,\n    \"15\": 0,\n    \"16\": 0,\n    \"17\": 0,\n    \"18\": 0,\n    \"19\": 0,\n    \"20\": 0,\n    \"21\": 0,\n    \"22\": 0,\n    \"23\": 0,\n    \"24\": 0,\n    \"25\": 0,\n    \"26\": 0,\n    \"27\": 0,\n    \"28\": 0,\n    \"29\": 0,\n    \"30\": 0,\n    \"31\": 0,\n    \"32\": 0,\n    \"33\": 0,\n    \"34\": 0,\n    \"35\": 0,\n    \"36\": 0,\n    \"37\": 0,\n    \"38\": 0,\n    \"39\": 0,\n    \"40\": 0,\n    \"41\": 0,\n    \"42\": 0,\n    \"43\": 0,\n    \"44\": 0,\n    \"45\": 0,\n    \"46\": 0.0054,\n    \"47\": 0,\n    \"48\": 0,\n    \"49\": 0,\n    \"50\": 0,\n    \"51\": 0,\n    \"52\": 0,\n    \"53\": 0,\n    \"54\": 0,\n    \"55\": 0,\n    \"56\": 0,\n    \"57\": 0,\n    \"58\": 0.01079,\n    \"60\": 0,\n    \"62\": 0,\n    \"63\": 0,\n    \"64\": 0,\n    \"65\": 0,\n    \"66\": 0,\n    \"67\": 0,\n    \"68\": 0,\n    \"69\": 0.0054,\n    \"70\": 0.0054,\n    \"71\": 0,\n    \"72\": 0,\n    \"73\": 0,\n    \"74\": 0,\n    \"75\": 0,\n    \"76\": 0,\n    \"77\": 0.30218,\n    \"78\": 0.24822,\n    \"9.5-9.6\": 0,\n    \"10.0-10.1\": 0,\n    \"10.5\": 0,\n    \"10.6\": 0,\n    \"11.1\": 0,\n    \"11.5\": 0,\n    \"11.6\": 0,\n    \"12.1\": 0\n  },\n  G: {\n    \"8\": 0,\n    \"3.2\": 0,\n    \"4.0-4.1\": 0,\n    \"4.2-4.3\": 0,\n    \"5.0-5.1\": 0.00383,\n    \"6.0-6.1\": 0.00766,\n    \"7.0-7.1\": 0.02681,\n    \"8.1-8.4\": 0.08043,\n    \"9.0-9.2\": 0.29492,\n    \"9.3\": 0.65495,\n    \"10.0-10.2\": 0.02681,\n    \"10.3\": 0.34088,\n    \"11.0-11.2\": 0.08426,\n    \"11.3-11.4\": 0.17619,\n    \"12.0-12.1\": 0.09958,\n    \"12.2-12.4\": 0.29109,\n    \"13.0-13.1\": 0.12256,\n    \"13.2\": 0.05745,\n    \"13.3\": 0.31024,\n    \"13.4-13.7\": 0.9537,\n    \"14.0-14.4\": 4.66891,\n    \"14.5-14.7\": 28.78715\n  },\n  E: {\n    \"4\": 0,\n    \"5\": 0,\n    \"6\": 0,\n    \"7\": 0,\n    \"8\": 0.01079,\n    \"9\": 0,\n    \"10\": 0.0054,\n    \"11\": 0.02158,\n    \"12\": 0.01619,\n    \"13\": 0.06475,\n    \"14\": 0.69608,\n    \"15\": 0.02698,\n    _: \"0\",\n    \"3.1\": 0,\n    \"3.2\": 0,\n    \"5.1\": 0,\n    \"6.1\": 0,\n    \"7.1\": 0,\n    \"9.1\": 0.01079,\n    \"10.1\": 0.03238,\n    \"11.1\": 0.09173,\n    \"12.1\": 0.19426,\n    \"13.1\": 0.60435,\n    \"14.1\": 3.52359\n  },\n  B: {\n    \"12\": 0,\n    \"13\": 0,\n    \"14\": 0.01079,\n    \"15\": 0.0054,\n    \"16\": 0.0054,\n    \"17\": 0.0054,\n    \"18\": 0.04856,\n    \"79\": 0,\n    \"80\": 0,\n    \"81\": 0,\n    \"83\": 0,\n    \"84\": 0.01079,\n    \"85\": 0.01619,\n    \"86\": 0.01079,\n    \"87\": 0.01079,\n    \"88\": 0.01079,\n    \"89\": 0.01619,\n    \"90\": 0.03238,\n    \"91\": 0.21044,\n    \"92\": 3.85274,\n    \"93\": 0.0054\n  },\n  P: {\n    \"4\": 0.12514,\n    \"5.0-5.4\": 0.01043,\n    \"6.2-6.4\": 0,\n    \"7.2-7.4\": 0.01043,\n    \"8.2\": 0,\n    \"9.2\": 0.03128,\n    \"10.1\": 0.02086,\n    \"11.1-11.2\": 0.06257,\n    \"12.0\": 0.06257,\n    \"13.0\": 0.17728,\n    \"14.0\": 3.82706\n  },\n  I: {\n    \"0\": 0,\n    \"3\": 0,\n    \"4\": 0,\n    \"2.1\": 0,\n    \"2.2\": 0,\n    \"2.3\": 0,\n    \"4.1\": 0.00355,\n    \"4.2-4.3\": 0.00947,\n    \"4.4\": 0,\n    \"4.4.3-4.4.4\": 0.07935\n  },\n  K: {\n    _: \"0 10 11 12 11.1 11.5 12.1\"\n  },\n  A: {\n    \"6\": 0,\n    \"7\": 0,\n    \"8\": 0,\n    \"9\": 0.00573,\n    \"10\": 0,\n    \"11\": 0.45293,\n    \"5.5\": 0\n  },\n  J: {\n    \"7\": 0,\n    \"10\": 0.0046\n  },\n  N: {\n    \"10\": 0,\n    \"11\": 0\n  },\n  R: {\n    _: \"0\"\n  },\n  M: {\n    \"0\": 0.65377\n  },\n  Q: {\n    \"10.4\": 0.03683\n  },\n  O: {\n    \"0\": 0.1151\n  },\n  H: {\n    \"0\": 0.29204\n  },\n  L: {\n    \"0\": 26.16483\n  },\n  S: {\n    \"2.5\": 0\n  }\n};","map":{"version":3,"sources":["C:/xampp/public_html/vamo/interface2/node_modules/caniuse-lite/data/regions/CH.js"],"names":["module","exports","C","D","F","G","E","_","B","P","I","K","A","J","N","R","M","Q","O","H","L","S"],