{"ast":null,"code":"module.exports = {\n  C: {\n    \"2\": 0,\n    \"3\": 0,\n    \"4\": 0,\n    \"5\": 0,\n    \"6\": 0,\n    \"7\": 0,\n    \"8\": 0,\n    \"9\": 0,\n    \"10\": 0,\n    \"11\": 0,\n    \"12\": 0,\n    \"13\": 0,\n    \"14\": 0,\n    \"15\": 0,\n    \"16\": 0,\n    \"17\": 0,\n    \"18\": 0,\n    \"19\": 0,\n    \"20\": 0,\n    \"21\": 0,\n    \"22\": 0,\n    \"23\": 0,\n    \"24\": 0,\n    \"25\": 0,\n    \"26\": 0,\n    \"27\": 0,\n    \"28\": 0,\n    \"29\": 0,\n    \"30\": 0,\n    \"31\": 0,\n    \"32\": 0,\n    \"33\": 0,\n    \"34\": 0,\n    \"35\": 0.00347,\n    \"36\": 0.00174,\n    \"37\": 0,\n    \"38\": 0,\n    \"39\": 0,\n    \"40\": 0,\n    \"41\": 0,\n    \"42\": 0,\n    \"43\": 0,\n    \"44\": 0,\n    \"45\": 0,\n    \"46\": 0,\n    \"47\": 0,\n    \"48\": 0,\n    \"49\": 0,\n    \"50\": 0,\n    \"51\": 0,\n    \"52\": 0.00174,\n    \"53\": 0,\n    \"54\": 0,\n    \"55\": 0,\n    \"56\": 0,\n    \"57\": 0,\n    \"58\": 0,\n    \"59\": 0,\n    \"60\": 0,\n    \"61\": 0,\n    \"62\": 0,\n    \"63\": 0,\n    \"64\": 0,\n    \"65\": 0,\n    \"66\": 0,\n    \"67\": 0,\n    \"68\": 0.00174,\n    \"69\": 0,\n    \"70\": 0,\n    \"71\": 0,\n    \"72\": 0,\n    \"73\": 0,\n    \"74\": 0,\n    \"75\": 0,\n    \"76\": 0,\n    \"77\": 0,\n    \"78\": 0.01042,\n    \"79\": 0,\n    \"80\": 0,\n    \"81\": 0,\n    \"82\": 0,\n    \"83\": 0,\n    \"84\": 0,\n    \"85\": 0,\n    \"86\": 0,\n    \"87\": 0,\n    \"88\": 0.00174,\n    \"89\": 0.00695,\n    \"90\": 0.05906,\n    \"91\": 0.05211,\n    \"92\": 0,\n    \"93\": 0,\n    \"3.5\": 0,\n    \"3.6\": 0\n  },\n  D: {\n    \"4\": 0,\n    \"5\": 0,\n    \"6\": 0,\n    \"7\": 0,\n    \"8\": 0,\n    \"9\": 0,\n    \"10\": 0,\n    \"11\": 0,\n    \"12\": 0,\n    \"13\": 0,\n    \"14\": 0,\n    \"15\": 0,\n    \"16\": 0,\n    \"17\": 0,\n    \"18\": 0.00174,\n    \"19\": 0,\n    \"20\": 0,\n    \"21\": 0,\n    \"22\": 0,\n    \"23\": 0,\n    \"24\": 0,\n    \"25\": 0,\n    \"26\": 0,\n    \"27\": 0,\n    \"28\": 0,\n    \"29\": 0,\n    \"30\": 0,\n    \"31\": 0,\n    \"32\": 0,\n    \"33\": 0,\n    \"34\": 0,\n    \"35\": 0,\n    \"36\": 0,\n    \"37\": 0,\n    \"38\": 0,\n    \"39\": 0,\n    \"40\": 0,\n    \"41\": 0,\n    \"42\": 0.00347,\n    \"43\": 0.00174,\n    \"44\": 0,\n    \"45\": 0,\n    \"46\": 0,\n    \"47\": 0,\n    \"48\": 0,\n    \"49\": 0.00347,\n    \"50\": 0,\n    \"51\": 0,\n    \"52\": 0,\n    \"53\": 0.00174,\n    \"54\": 0,\n    \"55\": 0,\n    \"56\": 0.00174,\n    \"57\": 0,\n    \"58\": 0.00174,\n    \"59\": 0,\n    \"60\": 0.00521,\n    \"61\": 0,\n    \"62\": 0,\n    \"63\": 0.00521,\n    \"64\": 0.00347,\n    \"65\": 0,\n    \"66\": 0.00174,\n    \"67\": 0.00174,\n    \"68\": 0,\n    \"69\": 0.00174,\n    \"70\": 0.00347,\n    \"71\": 0.00174,\n    \"72\": 0.00347,\n    \"73\": 0.00174,\n    \"74\": 0.00521,\n    \"75\": 0.00174,\n    \"76\": 0.0139,\n    \"77\": 0.00521,\n    \"78\": 0.00174,\n    \"79\": 0.00695,\n    \"80\": 0.00521,\n    \"81\": 0.00869,\n    \"83\": 0.00174,\n    \"84\": 0.00174,\n    \"85\": 0.00347,\n    \"86\": 0.00521,\n    \"87\": 0.01216,\n    \"88\": 0.01911,\n    \"89\": 0.0139,\n    \"90\": 0.01563,\n    \"91\": 0.07469,\n    \"92\": 1.37918,\n    \"93\": 0.00347,\n    \"94\": 0,\n    \"95\": 0,\n    \"96\": 0\n  },\n  F: {\n    \"9\": 0,\n    \"11\": 0,\n    \"12\": 0,\n    \"15\": 0,\n    \"16\": 0,\n    \"17\": 0,\n    \"18\": 0,\n    \"19\": 0,\n    \"20\": 0,\n    \"21\": 0,\n    \"22\": 0,\n    \"23\": 0,\n    \"24\": 0,\n    \"25\": 0,\n    \"26\": 0,\n    \"27\": 0,\n    \"28\": 0.02779,\n    \"29\": 0,\n    \"30\": 0,\n    \"31\": 0,\n    \"32\": 0,\n    \"33\": 0,\n    \"34\": 0,\n    \"35\": 0,\n    \"36\": 0,\n    \"37\": 0,\n    \"38\": 0,\n    \"39\": 0,\n    \"40\": 0,\n    \"41\": 0,\n    \"42\": 0,\n    \"43\": 0,\n    \"44\": 0,\n    \"45\": 0,\n    \"46\": 0.00347,\n    \"47\": 0,\n    \"48\": 0,\n    \"49\": 0,\n    \"50\": 0,\n    \"51\": 0.00174,\n    \"52\": 0,\n    \"53\": 0,\n    \"54\": 0.00695,\n    \"55\": 0.00347,\n    \"56\": 0.00347,\n    \"57\": 0.00347,\n    \"58\": 0.08685,\n    \"60\": 0,\n    \"62\": 0,\n    \"63\": 0,\n    \"64\": 0,\n    \"65\": 0,\n    \"66\": 0,\n    \"67\": 0,\n    \"68\": 0,\n    \"69\": 0,\n    \"70\": 0,\n    \"71\": 0.00174,\n    \"72\": 0,\n    \"73\": 0,\n    \"74\": 0,\n    \"75\": 0,\n    \"76\": 0,\n    \"77\": 0.05558,\n    \"78\": 0.05037,\n    \"9.5-9.6\": 0,\n    \"10.0-10.1\": 0,\n    \"10.5\": 0,\n    \"10.6\": 0,\n    \"11.1\": 0,\n    \"11.5\": 0,\n    \"11.6\": 0,\n    \"12.1\": 0\n  },\n  G: {\n    \"8\": 0,\n    \"3.2\": 0,\n    \"4.0-4.1\": 0,\n    \"4.2-4.3\": 0,\n    \"5.0-5.1\": 0.01537,\n    \"6.0-6.1\": 0.00279,\n    \"7.0-7.1\": 0.01956,\n    \"8.1-8.4\": 0,\n    \"9.0-9.2\": 0.01537,\n    \"9.3\": 0.12574,\n    \"10.0-10.2\": 0.02096,\n    \"10.3\": 0.3856,\n    \"11.0-11.2\": 0.13971,\n    \"11.3-11.4\": 0.24868,\n    \"12.0-12.1\": 0.32413,\n    \"12.2-12.4\": 0.71252,\n    \"13.0-13.1\": 0.16206,\n    \"13.2\": 0.14949,\n    \"13.3\": 0.48619,\n    \"13.4-13.7\": 0.9598,\n    \"14.0-14.4\": 3.2664,\n    \"14.5-14.7\": 4.59504\n  },\n  E: {\n    \"4\": 0,\n    \"5\": 0,\n    \"6\": 0,\n    \"7\": 0,\n    \"8\": 0.00174,\n    \"9\": 0,\n    \"10\": 0,\n    \"11\": 0,\n    \"12\": 0,\n    \"13\": 0.00521,\n    \"14\": 0.0139,\n    \"15\": 0,\n    _: \"0\",\n    \"3.1\": 0,\n    \"3.2\": 0,\n    \"5.1\": 0.01216,\n    \"6.1\": 0,\n    \"7.1\": 0,\n    \"9.1\": 0,\n    \"10.1\": 0.01216,\n    \"11.1\": 0.00174,\n    \"12.1\": 0.00174,\n    \"13.1\": 0.00695,\n    \"14.1\": 0.0608\n  },\n  B: {\n    \"12\": 0.01042,\n    \"13\": 0.00347,\n    \"14\": 0.00695,\n    \"15\": 0.00521,\n    \"16\": 0.00695,\n    \"17\": 0.00521,\n    \"18\": 0.01563,\n    \"79\": 0,\n    \"80\": 0.00521,\n    \"81\": 0,\n    \"83\": 0,\n    \"84\": 0.00347,\n    \"85\": 0.00174,\n    \"86\": 0,\n    \"87\": 0,\n    \"88\": 0.00347,\n    \"89\": 0.00695,\n    \"90\": 0.00174,\n    \"91\": 0.01737,\n    \"92\": 0.35087,\n    \"93\": 0\n  },\n  P: {\n    \"4\": 0.50484,\n    \"5.0-5.4\": 0.11333,\n    \"6.2-6.4\": 0.05151,\n    \"7.2-7.4\": 0.38121,\n    \"8.2\": 0.12364,\n    \"9.2\": 0.17515,\n    \"10.1\": 0.02061,\n    \"11.1-11.2\": 0.53575,\n    \"12.0\": 0.11333,\n    \"13.0\": 0.23697,\n    \"14.0\": 1.01999\n  },\n  I: {\n    \"0\": 0,\n    \"3\": 0,\n    \"4\": 0.01936,\n    \"2.1\": 0,\n    \"2.2\": 0,\n    \"2.3\": 0,\n    \"4.1\": 0.00484,\n    \"4.2-4.3\": 0.01774,\n    \"4.4\": 0,\n    \"4.4.3-4.4.4\": 0.2105\n  },\n  K: {\n    _: \"0 10 11 12 11.1 11.5 12.1\"\n  },\n  A: {\n    \"6\": 0,\n    \"7\": 0,\n    \"8\": 0,\n    \"9\": 0,\n    \"10\": 0,\n    \"11\": 0.033,\n    \"5.5\": 0\n  },\n  J: {\n    \"7\": 0,\n    \"10\": 0\n  },\n  N: {\n    \"10\": 0,\n    \"11\": 0\n  },\n  R: {\n    _: \"0\"\n  },\n  M: {\n    \"0\": 0.07437\n  },\n  Q: {\n    \"10.4\": 0\n  },\n  O: {\n    \"0\": 0.26442\n  },\n  H: {\n    \"0\": 1.22037\n  },\n  L: {\n    \"0\": 79.79185\n  },\n  S: {\n    \"2.5\": 0\n  }\n};","map":{"version":3,"sources":["C:/xampp/public_html/vamo/interface2/node_modules/caniuse-lite/data/regions/HT.js"],"names":["module","exports","C","D","F","G","E","_","B","P","I","K","A","J","N","R","M","Q","O","H","L","S"],