{"ast":null,"code":"module.exports = {\n  C: {\n    \"38\": 0.06254,\n    \"52\": 0.01191,\n    \"78\": 0.03574,\n    \"81\": 0.00298,\n    \"82\": 0.00298,\n    \"84\": 0.00596,\n    \"88\": 0.00298,\n    \"89\": 0.04169,\n    \"90\": 0.2978,\n    \"91\": 0.46159,\n    \"92\": 0.00893,\n    _: \"2 3 4 5 6 7 8 9 10 11 12 13 14 15 16 17 18 19 20 21 22 23 24 25 26 27 28 29 30 31 32 33 34 35 36 37 39 40 41 42 43 44 45 46 47 48 49 50 51 53 54 55 56 57 58 59 60 61 62 63 64 65 66 67 68 69 70 71 72 73 74 75 76 77 79 80 83 85 86 87 93 3.5 3.6\"\n  },\n  D: {\n    \"34\": 0.00893,\n    \"38\": 0.03871,\n    \"49\": 0.05658,\n    \"53\": 0.00596,\n    \"55\": 0.00298,\n    \"56\": 0.00893,\n    \"61\": 0.00298,\n    \"62\": 0.00596,\n    \"63\": 0.00298,\n    \"65\": 0.00298,\n    \"66\": 0.00298,\n    \"67\": 0.00596,\n    \"68\": 0.00893,\n    \"69\": 0.00893,\n    \"70\": 0.00893,\n    \"71\": 0.00596,\n    \"73\": 0.00596,\n    \"74\": 0.01191,\n    \"75\": 0.00893,\n    \"76\": 0.00893,\n    \"77\": 0.00596,\n    \"78\": 0.01191,\n    \"79\": 0.08934,\n    \"80\": 0.01787,\n    \"81\": 0.01489,\n    \"83\": 0.02085,\n    \"84\": 0.02085,\n    \"85\": 0.02382,\n    \"86\": 0.06254,\n    \"87\": 0.14592,\n    \"88\": 0.08041,\n    \"89\": 0.08041,\n    \"90\": 0.0953,\n    \"91\": 0.74152,\n    \"92\": 20.21169,\n    \"93\": 0.01489,\n    \"94\": 0.00893,\n    _: \"4 5 6 7 8 9 10 11 12 13 14 15 16 17 18 19 20 21 22 23 24 25 26 27 28 29 30 31 32 33 35 36 37 39 40 41 42 43 44 45 46 47 48 50 51 52 54 57 58 59 60 64 72 95 96\"\n  },\n  F: {\n    \"28\": 0.00893,\n    \"46\": 0.00893,\n    \"77\": 0.24122,\n    \"78\": 0.22335,\n    _: \"9 11 12 15 16 17 18 19 20 21 22 23 24 25 26 27 29 30 31 32 33 34 35 36 37 38 39 40 41 42 43 44 45 47 48 49 50 51 52 53 54 55 56 57 58 60 62 63 64 65 66 67 68 69 70 71 72 73 74 75 76 9.5-9.6 10.5 10.6 11.1 11.5 11.6 12.1\",\n    \"10.0-10.1\": 0\n  },\n  G: {\n    \"8\": 0,\n    \"3.2\": 0,\n    \"4.0-4.1\": 0,\n    \"4.2-4.3\": 0,\n    \"5.0-5.1\": 0.00897,\n    \"6.0-6.1\": 0,\n    \"7.0-7.1\": 0.02306,\n    \"8.1-8.4\": 0,\n    \"9.0-9.2\": 0,\n    \"9.3\": 0.07047,\n    \"10.0-10.2\": 0.00256,\n    \"10.3\": 0.06022,\n    \"11.0-11.2\": 0.03716,\n    \"11.3-11.4\": 0.01922,\n    \"12.0-12.1\": 0.01153,\n    \"12.2-12.4\": 0.03972,\n    \"13.0-13.1\": 0.01666,\n    \"13.2\": 0.00897,\n    \"13.3\": 0.0961,\n    \"13.4-13.7\": 0.32674,\n    \"14.0-14.4\": 1.4825,\n    \"14.5-14.7\": 10.22505\n  },\n  E: {\n    \"4\": 0,\n    \"12\": 0.00298,\n    \"13\": 0.06254,\n    \"14\": 0.38416,\n    \"15\": 0.01787,\n    _: \"0 5 6 7 8 9 10 11 3.1 3.2 5.1 6.1 7.1 9.1\",\n    \"10.1\": 0.00298,\n    \"11.1\": 0.01191,\n    \"12.1\": 0.03574,\n    \"13.1\": 0.14294,\n    \"14.1\": 1.3669\n  },\n  B: {\n    \"13\": 0.00298,\n    \"14\": 0.00298,\n    \"16\": 0.00596,\n    \"17\": 0.01191,\n    \"18\": 0.0536,\n    \"84\": 0.01787,\n    \"85\": 0.00596,\n    \"87\": 0.03276,\n    \"88\": 0.00596,\n    \"89\": 0.01191,\n    \"90\": 0.00596,\n    \"91\": 0.07743,\n    \"92\": 2.36155,\n    _: \"12 15 79 80 81 83 86 93\"\n  },\n  P: {\n    \"4\": 0.09295,\n    \"5.0-5.4\": 0.06114,\n    \"6.2-6.4\": 0.02137,\n    \"7.2-7.4\": 0.04131,\n    \"8.2\": 0.10189,\n    \"9.2\": 0.02066,\n    \"10.1\": 0.04122,\n    \"11.1-11.2\": 0.13426,\n    \"12.0\": 0.04131,\n    \"13.0\": 0.14459,\n    \"14.0\": 2.39607\n  },\n  I: {\n    \"0\": 0,\n    \"3\": 0,\n    \"4\": 0,\n    \"2.1\": 0,\n    \"2.2\": 0,\n    \"2.3\": 0,\n    \"4.1\": 0,\n    \"4.2-4.3\": 0.00443,\n    \"4.4\": 0,\n    \"4.4.3-4.4.4\": 0.02365\n  },\n  K: {\n    _: \"0 10 11 12 11.1 11.5 12.1\"\n  },\n  A: {\n    \"11\": 0.35438,\n    _: \"6 7 8 9 10 5.5\"\n  },\n  J: {\n    \"7\": 0,\n    \"10\": 0\n  },\n  N: {\n    \"11\": 0.02439,\n    _: \"10\"\n  },\n  R: {\n    _: \"0\"\n  },\n  M: {\n    \"0\": 0.08426\n  },\n  Q: {\n    \"10.4\": 0\n  },\n  O: {\n    \"0\": 6.17936\n  },\n  H: {\n    \"0\": 1.21658\n  },\n  L: {\n    \"0\": 48.3754\n  },\n  S: {\n    \"2.5\": 0\n  }\n};","map":{"version":3,"sources":["C:/xampp/public_html/vamo/interface2/node_modules/caniuse-lite/data/regions/QA.js"],"names":["module","exports","C","_","D","F","G","E","B","P","I","K","A","J","N","R","M","Q","O","H","L","S"],"mappings":"AAAAA,MAAM,CAACC,OAAP,GAAe;AAACC,EAAAA,CAAC,EAAC;AAAC,UAAK,OAAN;AAAc,UAAK,OAAnB;AAA2B,UAAK,OAAhC;AAAwC,UAAK,OAA7C;AAAqD,UAAK,OAA1D;AAAkE,UAAK,OAAvE;AAA+E,UAAK,OAApF;AAA4F,UAAK,OAAjG;AAAyG,UAAK,MAA9G;AAAqH,UAAK,OAA1H;AAAkI,UAAK,OAAvI;AAA+IC,IAAAA,CAAC,EAAC;AAAjJ,GAAH;AAA0YC,EAAAA,CAAC,EAAC;AAAC,UAAK,OAAN;AAAc,UAAK,OAAnB;AAA2B,UAAK,OAAhC;AAAwC,UAAK,OAA7C;AAAqD,UAAK,OAA1D;AAAkE,UAAK,OAAvE;AAA+E,UAAK,OAApF;AAA4F,UAAK,OAAjG;AAAyG,UAAK,OAA9G;AAAsH,UAAK,OAA3H;AAAmI,UAAK,OAAxI;AAAgJ,UAAK,OAArJ;AAA6J,UAAK,OAAlK;AAA0K,UAAK,OAA/K;AAAuL,UAAK,OAA5L;AAAoM,UAAK,OAAzM;AAAiN,UAAK,OAAtN;AAA8N,UAAK,OAAnO;AAA2O,UAAK,OAAhP;AAAwP,UAAK,OAA7P;AAAqQ,UAAK,OAA1Q;AAAkR,UAAK,OAAvR;AAA+R,UAAK,OAApS;AAA4S,UAAK,OAAjT;AAAyT,UAAK,OAA9T;AAAsU,UAAK,OAA3U;AAAmV,UAAK,OAAxV;AAAgW,UAAK,OAArW;AAA6W,UAAK,OAAlX;AAA0X,UAAK,OAA/X;AAAuY,UAAK,OAA5Y;AAAoZ,UAAK,OAAzZ;AAAia,UAAK,MAAta;AAA6a,UAAK,OAAlb;AAA0b,UAAK,QAA/b;AAAwc,UAAK,OAA7c;AAAqd,UAAK,OAA1d;AAAkeD,IAAAA,CAAC,EAAC;AAApe,GAA5Y;AAAkhCE,EAAAA,CAAC,EAAC;AAAC,UAAK,OAAN;AAAc,UAAK,OAAnB;AAA2B,UAAK,OAAhC;AAAwC,UAAK,OAA7C;AAAqDF,IAAAA,CAAC,EAAC,6NAAvD;AAAqR,iBAAY;AAAjS,GAAphC;AAAwzCG,EAAAA,CAAC,EAAC;AAAC,SAAI,CAAL;AAAO,WAAM,CAAb;AAAe,eAAU,CAAzB;AAA2B,eAAU,CAArC;AAAuC,eAAU,OAAjD;AAAyD,eAAU,CAAnE;AAAqE,eAAU,OAA/E;AAAuF,eAAU,CAAjG;AAAmG,eAAU,CAA7G;AAA+G,WAAM,OAArH;AAA6H,iBAAY,OAAzI;AAAiJ,YAAO,OAAxJ;AAAgK,iBAAY,OAA5K;AAAoL,iBAAY,OAAhM;AAAwM,iBAAY,OAApN;AAA4N,iBAAY,OAAxO;AAAgP,iBAAY,OAA5P;AAAoQ,YAAO,OAA3Q;AAAmR,YAAO,MAA1R;AAAiS,iBAAY,OAA7S;AAAqT,iBAAY,MAAjU;AAAwU,iBAAY;AAApV,GAA1zC;AAAwpDC,EAAAA,CAAC,EAAC;AAAC,SAAI,CAAL;AAAO,UAAK,OAAZ;AAAoB,UAAK,OAAzB;AAAiC,UAAK,OAAtC;AAA8C,UAAK,OAAnD;AAA2DJ,IAAAA,CAAC,EAAC,2CAA7D;AAAyG,YAAO,OAAhH;AAAwH,YAAO,OAA/H;AAAuI,YAAO,OAA9I;AAAsJ,YAAO,OAA7J;AAAqK,YAAO;AAA5K,GAA1pD;AAA80DK,EAAAA,CAAC,EAAC;AAAC,UAAK,OAAN;AAAc,UAAK,OAAnB;AAA2B,UAAK,OAAhC;AAAwC,UAAK,OAA7C;AAAqD,UAAK,MAA1D;AAAiE,UAAK,OAAtE;AAA8E,UAAK,OAAnF;AAA2F,UAAK,OAAhG;AAAwG,UAAK,OAA7G;AAAqH,UAAK,OAA1H;AAAkI,UAAK,OAAvI;AAA+I,UAAK,OAApJ;AAA4J,UAAK,OAAjK;AAAyKL,IAAAA,CAAC,EAAC;AAA3K,GAAh1D;AAAshEM,EAAAA,CAAC,EAAC;AAAC,SAAI,OAAL;AAAa,eAAU,OAAvB;AAA+B,eAAU,OAAzC;AAAiD,eAAU,OAA3D;AAAmE,WAAM,OAAzE;AAAiF,WAAM,OAAvF;AAA+F,YAAO,OAAtG;AAA8G,iBAAY,OAA1H;AAAkI,YAAO,OAAzI;AAAiJ,YAAO,OAAxJ;AAAgK,YAAO;AAAvK,GAAxhE;AAAwsEC,EAAAA,CAAC,EAAC;AAAC,SAAI,CAAL;AAAO,SAAI,CAAX;AAAa,SAAI,CAAjB;AAAmB,WAAM,CAAzB;AAA2B,WAAM,CAAjC;AAAmC,WAAM,CAAzC;AAA2C,WAAM,CAAjD;AAAmD,eAAU,OAA7D;AAAqE,WAAM,CAA3E;AAA6E,mBAAc;AAA3F,GAA1sE;AAA8yEC,EAAAA,CAAC,EAAC;AAACR,IAAAA,CAAC,EAAC;AAAH,GAAhzE;AAAg1ES,EAAAA,CAAC,EAAC;AAAC,UAAK,OAAN;AAAcT,IAAAA,CAAC,EAAC;AAAhB,GAAl1E;AAAo3EU,EAAAA,CAAC,EAAC;AAAC,SAAI,CAAL;AAAO,UAAK;AAAZ,GAAt3E;AAAq4EC,EAAAA,CAAC,EAAC;AAAC,UAAK,OAAN;AAAcX,IAAAA,CAAC,EAAC;AAAhB,GAAv4E;AAA65EY,EAAAA,CAAC,EAAC;AAACZ,IAAAA,CAAC,EAAC;AAAH,GAA/5E;AAAu6Ea,EAAAA,CAAC,EAAC;AAAC,SAAI;AAAL,GAAz6E;AAAu7EC,EAAAA,CAAC,EAAC;AAAC,YAAO;AAAR,GAAz7E;AAAo8EC,EAAAA,CAAC,EAAC;AAAC,SAAI;AAAL,GAAt8E;AAAo9EC,EAAAA,CAAC,EAAC;AAAC,SAAI;AAAL,GAAt9E;AAAo+EC,EAAAA,CAAC,EAAC;AAAC,SAAI;AAAL,GAAt+E;AAAo/EC,EAAAA,CAAC,EAAC;AAAC,WAAM;AAAP;AAAt/E,CAAf",