{"ast":null,"code":"module.exports = {\n  C: {\n    \"2\": 0,\n    \"3\": 0,\n    \"4\": 0,\n    \"5\": 0,\n    \"6\": 0,\n    \"7\": 0,\n    \"8\": 0,\n    \"9\": 0,\n    \"10\": 0,\n    \"11\": 0,\n    \"12\": 0,\n    \"13\": 0,\n    \"14\": 0,\n    \"15\": 0,\n    \"16\": 0,\n    \"17\": 0,\n    \"18\": 0,\n    \"19\": 0,\n    \"20\": 0,\n    \"21\": 0,\n    \"22\": 0,\n    \"23\": 0,\n    \"24\": 0,\n    \"25\": 0,\n    \"26\": 0,\n    \"27\": 0,\n    \"28\": 0,\n    \"29\": 0,\n    \"30\": 0,\n    \"31\": 0,\n    \"32\": 0,\n    \"33\": 0,\n    \"34\": 0,\n    \"35\": 0.00421,\n    \"36\": 0.00421,\n    \"37\": 0,\n    \"38\": 0,\n    \"39\": 0,\n    \"40\": 0,\n    \"41\": 0,\n    \"42\": 0,\n    \"43\": 0,\n    \"44\": 0,\n    \"45\": 0,\n    \"46\": 0,\n    \"47\": 0,\n    \"48\": 0,\n    \"49\": 0,\n    \"50\": 0,\n    \"51\": 0,\n    \"52\": 0.03792,\n    \"53\": 0,\n    \"54\": 0,\n    \"55\": 0,\n    \"56\": 0,\n    \"57\": 0,\n    \"58\": 0,\n    \"59\": 0.00421,\n    \"60\": 0,\n    \"61\": 0,\n    \"62\": 0,\n    \"63\": 0,\n    \"64\": 0,\n    \"65\": 0,\n    \"66\": 0.01264,\n    \"67\": 0,\n    \"68\": 0.00421,\n    \"69\": 0.00421,\n    \"70\": 0,\n    \"71\": 0,\n    \"72\": 0.00421,\n    \"73\": 0.00421,\n    \"74\": 0,\n    \"75\": 0,\n    \"76\": 0,\n    \"77\": 0.00421,\n    \"78\": 0.01685,\n    \"79\": 0.00421,\n    \"80\": 0.00421,\n    \"81\": 0,\n    \"82\": 0.00421,\n    \"83\": 0.00421,\n    \"84\": 0.02107,\n    \"85\": 0.00421,\n    \"86\": 0.00421,\n    \"87\": 0.00421,\n    \"88\": 0.01264,\n    \"89\": 0.02528,\n    \"90\": 0.30755,\n    \"91\": 0.45079,\n    \"92\": 0.00421,\n    \"93\": 0,\n    \"3.5\": 0,\n    \"3.6\": 0\n  },\n  D: {\n    \"4\": 0,\n    \"5\": 0,\n    \"6\": 0,\n    \"7\": 0,\n    \"8\": 0,\n    \"9\": 0,\n    \"10\": 0,\n    \"11\": 0,\n    \"12\": 0,\n    \"13\": 0,\n    \"14\": 0,\n    \"15\": 0,\n    \"16\": 0,\n    \"17\": 0,\n    \"18\": 0,\n    \"19\": 0,\n    \"20\": 0,\n    \"21\": 0,\n    \"22\": 0,\n    \"23\": 0,\n    \"24\": 0,\n    \"25\": 0,\n    \"26\": 0,\n    \"27\": 0,\n    \"28\": 0,\n    \"29\": 0,\n    \"30\": 0,\n    \"31\": 0,\n    \"32\": 0,\n    \"33\": 0,\n    \"34\": 0.00421,\n    \"35\": 0,\n    \"36\": 0,\n    \"37\": 0,\n    \"38\": 0.00843,\n    \"39\": 0,\n    \"40\": 0,\n    \"41\": 0,\n    \"42\": 0,\n    \"43\": 0.00421,\n    \"44\": 0,\n    \"45\": 0,\n    \"46\": 0,\n    \"47\": 0,\n    \"48\": 0,\n    \"49\": 0.17273,\n    \"50\": 0,\n    \"51\": 0,\n    \"52\": 0,\n    \"53\": 0,\n    \"54\": 0,\n    \"55\": 0,\n    \"56\": 0,\n    \"57\": 0,\n    \"58\": 0.00421,\n    \"59\": 0,\n    \"60\": 0,\n    \"61\": 0.02107,\n    \"62\": 0,\n    \"63\": 0.00421,\n    \"64\": 0,\n    \"65\": 0.00421,\n    \"66\": 0.01685,\n    \"67\": 0.00421,\n    \"68\": 0.00421,\n    \"69\": 0.00421,\n    \"70\": 0.00843,\n    \"71\": 0.00421,\n    \"72\": 0.00421,\n    \"73\": 0.00421,\n    \"74\": 0.01264,\n    \"75\": 0.00843,\n    \"76\": 0.00843,\n    \"77\": 0.00843,\n    \"78\": 0.01264,\n    \"79\": 0.02107,\n    \"80\": 0.01685,\n    \"81\": 0.02528,\n    \"83\": 0.01264,\n    \"84\": 0.01264,\n    \"85\": 0.01685,\n    \"86\": 0.02528,\n    \"87\": 0.15167,\n    \"88\": 0.02528,\n    \"89\": 0.04213,\n    \"90\": 0.07583,\n    \"91\": 0.41709,\n    \"92\": 13.29623,\n    \"93\": 0.00843,\n    \"94\": 0.00421,\n    \"95\": 0.00421,\n    \"96\": 0\n  },\n  F: {\n    \"9\": 0,\n    \"11\": 0,\n    \"12\": 0,\n    \"15\": 0,\n    \"16\": 0,\n    \"17\": 0,\n    \"18\": 0,\n    \"19\": 0,\n    \"20\": 0,\n    \"21\": 0,\n    \"22\": 0,\n    \"23\": 0,\n    \"24\": 0,\n    \"25\": 0,\n    \"26\": 0,\n    \"27\": 0,\n    \"28\": 0,\n    \"29\": 0,\n    \"30\": 0,\n    \"31\": 0,\n    \"32\": 0,\n    \"33\": 0,\n    \"34\": 0,\n    \"35\": 0,\n    \"36\": 0.00421,\n    \"37\": 0,\n    \"38\": 0,\n    \"39\": 0,\n    \"40\": 0,\n    \"41\": 0,\n    \"42\": 0,\n    \"43\": 0,\n    \"44\": 0,\n    \"45\": 0,\n    \"46\": 0,\n    \"47\": 0,\n    \"48\": 0,\n    \"49\": 0,\n    \"50\": 0,\n    \"51\": 0,\n    \"52\": 0,\n    \"53\": 0,\n    \"54\": 0,\n    \"55\": 0,\n    \"56\": 0,\n    \"57\": 0,\n    \"58\": 0.01685,\n    \"60\": 0,\n    \"62\": 0,\n    \"63\": 0,\n    \"64\": 0,\n    \"65\": 0,\n    \"66\": 0,\n    \"67\": 0,\n    \"68\": 0,\n    \"69\": 0,\n    \"70\": 0,\n    \"71\": 0,\n    \"72\": 0,\n    \"73\": 0,\n    \"74\": 0,\n    \"75\": 0,\n    \"76\": 0.00421,\n    \"77\": 0.31598,\n    \"78\": 0.26542,\n    \"9.5-9.6\": 0,\n    \"10.0-10.1\": 0,\n    \"10.5\": 0,\n    \"10.6\": 0,\n    \"11.1\": 0,\n    \"11.5\": 0,\n    \"11.6\": 0,\n    \"12.1\": 0\n  },\n  G: {\n    \"8\": 0.00118,\n    \"3.2\": 0.00118,\n    \"4.0-4.1\": 0,\n    \"4.2-4.3\": 0,\n    \"5.0-5.1\": 0.03197,\n    \"6.0-6.1\": 0.00355,\n    \"7.0-7.1\": 0.0077,\n    \"8.1-8.4\": 0.00474,\n    \"9.0-9.2\": 0.00237,\n    \"9.3\": 0.06927,\n    \"10.0-10.2\": 0.00237,\n    \"10.3\": 0.05032,\n    \"11.0-11.2\": 0.01421,\n    \"11.3-11.4\": 0.0669,\n    \"12.0-12.1\": 0.01835,\n    \"12.2-12.4\": 0.04618,\n    \"13.0-13.1\": 0.01717,\n    \"13.2\": 0.00592,\n    \"13.3\": 0.0444,\n    \"13.4-13.7\": 0.16872,\n    \"14.0-14.4\": 0.50913,\n    \"14.5-14.7\": 4.50344\n  },\n  E: {\n    \"4\": 0,\n    \"5\": 0,\n    \"6\": 0,\n    \"7\": 0,\n    \"8\": 0,\n    \"9\": 0,\n    \"10\": 0,\n    \"11\": 0,\n    \"12\": 0,\n    \"13\": 0.00843,\n    \"14\": 0.03792,\n    \"15\": 0,\n    _: \"0\",\n    \"3.1\": 0,\n    \"3.2\": 0,\n    \"5.1\": 0.01685,\n    \"6.1\": 0,\n    \"7.1\": 0,\n    \"9.1\": 0,\n    \"10.1\": 0,\n    \"11.1\": 0.00843,\n    \"12.1\": 0.00843,\n    \"13.1\": 0.03792,\n    \"14.1\": 0.20222\n  },\n  B: {\n    \"12\": 0,\n    \"13\": 0,\n    \"14\": 0.00421,\n    \"15\": 0.00843,\n    \"16\": 0,\n    \"17\": 0.00421,\n    \"18\": 0.01264,\n    \"79\": 0,\n    \"80\": 0,\n    \"81\": 0,\n    \"83\": 0,\n    \"84\": 0.00421,\n    \"85\": 0,\n    \"86\": 0.00421,\n    \"87\": 0,\n    \"88\": 0,\n    \"89\": 0.00421,\n    \"90\": 0.00421,\n    \"91\": 0.01685,\n    \"92\": 0.76677,\n    \"93\": 0\n  },\n  P: {\n    \"4\": 0.19154,\n    \"5.0-5.4\": 0.01008,\n    \"6.2-6.4\": 0,\n    \"7.2-7.4\": 0.23187,\n    \"8.2\": 0.02016,\n    \"9.2\": 0.05041,\n    \"10.1\": 0.02016,\n    \"11.1-11.2\": 0.1613,\n    \"12.0\": 0.06049,\n    \"13.0\": 0.2117,\n    \"14.0\": 2.10697\n  },\n  I: {\n    \"0\": 0,\n    \"3\": 0,\n    \"4\": 0.00074,\n    \"2.1\": 0,\n    \"2.2\": 0,\n    \"2.3\": 0,\n    \"4.1\": 0.00736,\n    \"4.2-4.3\": 0.01104,\n    \"4.4\": 0,\n    \"4.4.3-4.4.4\": 0.09564\n  },\n  K: {\n    _: \"0 10 11 12 11.1 11.5 12.1\"\n  },\n  A: {\n    \"6\": 0,\n    \"7\": 0,\n    \"8\": 0,\n    \"9\": 0.00458,\n    \"10\": 0,\n    \"11\": 0.10075,\n    \"5.5\": 0\n  },\n  J: {\n    \"7\": 0,\n    \"10\": 0\n  },\n  N: {\n    \"10\": 0,\n    \"11\": 0\n  },\n  R: {\n    _: \"0\"\n  },\n  M: {\n    \"0\": 0.14468\n  },\n  Q: {\n    \"10.4\": 0.00579\n  },\n  O: {\n    \"0\": 0.04051\n  },\n  H: {\n    \"0\": 0.20819\n  },\n  L: {\n    \"0\": 71.76611\n  },\n  S: {\n    \"2.5\": 0\n  }\n};","map":{"version":3,"sources":["C:/xampp/public_html/vamo/interface2/node_modules/caniuse-lite/data/regions/AR.js"],"names":["module","exports","C","D","F","G","E","_","B","P","I","K","A","J","N","R","M","Q","O","H","L","S"],