{"ast":null,"code":"module.exports = {\n  C: {\n    \"7\": 0.00948,\n    \"19\": 0.00632,\n    \"20\": 0.0158,\n    \"21\": 0.04108,\n    \"24\": 0.00632,\n    \"29\": 0.00316,\n    \"32\": 0.00948,\n    \"33\": 0.00316,\n    \"35\": 0.00316,\n    \"36\": 0.00948,\n    \"37\": 0.00632,\n    \"38\": 0.02844,\n    \"39\": 0.00316,\n    \"40\": 0.00316,\n    \"41\": 0.09796,\n    \"43\": 0.0316,\n    \"44\": 0.0316,\n    \"45\": 0.00316,\n    \"46\": 0.02212,\n    \"47\": 0.08216,\n    \"48\": 0.03792,\n    \"49\": 0.00316,\n    \"50\": 0.00316,\n    \"52\": 0.00632,\n    \"56\": 0.00632,\n    \"57\": 0.04424,\n    \"58\": 0.01264,\n    \"61\": 0.00948,\n    \"65\": 0.01264,\n    \"66\": 0.00632,\n    \"67\": 0.0316,\n    \"68\": 0.00632,\n    \"69\": 0.00948,\n    \"72\": 0.02212,\n    \"74\": 0.00632,\n    \"75\": 0.00948,\n    \"76\": 0.01264,\n    \"77\": 0.00316,\n    \"78\": 0.26228,\n    \"79\": 0.2528,\n    \"80\": 0.00316,\n    \"81\": 0.02844,\n    \"82\": 0.01896,\n    \"83\": 0.00948,\n    \"84\": 0.00948,\n    \"85\": 0.04424,\n    \"86\": 0.02212,\n    \"87\": 0.01896,\n    \"88\": 0.12324,\n    \"89\": 0.21172,\n    \"90\": 2.04452,\n    \"91\": 2.99568,\n    \"92\": 0.30336,\n    _: \"2 3 4 5 6 8 9 10 11 12 13 14 15 16 17 18 22 23 25 26 27 28 30 31 34 42 51 53 54 55 59 60 62 63 64 70 71 73 93 3.5 3.6\"\n  },\n  D: {\n    \"11\": 0.00948,\n    \"30\": 0.00316,\n    \"31\": 0.02528,\n    \"32\": 0.0158,\n    \"33\": 0.00316,\n    \"36\": 0.00632,\n    \"38\": 0.00316,\n    \"40\": 0.0158,\n    \"42\": 0.01264,\n    \"43\": 0.0474,\n    \"45\": 0.00948,\n    \"47\": 0.00316,\n    \"48\": 0.00316,\n    \"49\": 0.06636,\n    \"55\": 0.0158,\n    \"56\": 0.00316,\n    \"58\": 0.04424,\n    \"62\": 0.01264,\n    \"63\": 0.04424,\n    \"64\": 0.00316,\n    \"65\": 0.01896,\n    \"67\": 0.01264,\n    \"68\": 0.00316,\n    \"69\": 0.00316,\n    \"70\": 0.00632,\n    \"73\": 0.00632,\n    \"74\": 0.00948,\n    \"76\": 0.00948,\n    \"77\": 0.00316,\n    \"78\": 0.01264,\n    \"79\": 0.01896,\n    \"80\": 0.01896,\n    \"81\": 0.00316,\n    \"83\": 0.00948,\n    \"84\": 0.079,\n    \"85\": 0.05372,\n    \"86\": 0.03792,\n    \"87\": 0.2844,\n    \"88\": 0.0632,\n    \"89\": 0.05688,\n    \"90\": 0.158,\n    \"91\": 0.47084,\n    \"92\": 15.0416,\n    \"93\": 0.00632,\n    _: \"4 5 6 7 8 9 10 12 13 14 15 16 17 18 19 20 21 22 23 24 25 26 27 28 29 34 35 37 39 41 44 46 50 51 52 53 54 57 59 60 61 66 71 72 75 94 95 96\"\n  },\n  F: {\n    \"37\": 0.00316,\n    \"50\": 0.00632,\n    \"54\": 0.00632,\n    \"56\": 0.01264,\n    \"75\": 0.00316,\n    \"76\": 0.00632,\n    \"77\": 0.39816,\n    \"78\": 0.11376,\n    _: \"9 11 12 15 16 17 18 19 20 21 22 23 24 25 26 27 28 29 30 31 32 33 34 35 36 38 39 40 41 42 43 44 45 46 47 48 49 51 52 53 55 57 58 60 62 63 64 65 66 67 68 69 70 71 72 73 74 9.5-9.6 10.5 10.6 11.1 11.5 11.6 12.1\",\n    \"10.0-10.1\": 0\n  },\n  G: {\n    \"8\": 0,\n    \"3.2\": 0,\n    \"4.0-4.1\": 0,\n    \"4.2-4.3\": 0.01215,\n    \"5.0-5.1\": 0.00028,\n    \"6.0-6.1\": 0,\n    \"7.0-7.1\": 0.01554,\n    \"8.1-8.4\": 0.00028,\n    \"9.0-9.2\": 0.00904,\n    \"9.3\": 0.01441,\n    \"10.0-10.2\": 0.05255,\n    \"10.3\": 0.04069,\n    \"11.0-11.2\": 0.04464,\n    \"11.3-11.4\": 0.07544,\n    \"12.0-12.1\": 0.07629,\n    \"12.2-12.4\": 0.21418,\n    \"13.0-13.1\": 0.06979,\n    \"13.2\": 0.02402,\n    \"13.3\": 0.11104,\n    \"13.4-13.7\": 0.21333,\n    \"14.0-14.4\": 0.91039,\n    \"14.5-14.7\": 0.74933\n  },\n  E: {\n    \"4\": 0,\n    \"8\": 0.00632,\n    \"11\": 0.00316,\n    \"12\": 0.00948,\n    \"13\": 0.00316,\n    \"14\": 0.10744,\n    _: \"0 5 6 7 9 10 15 3.1 3.2 7.1\",\n    \"5.1\": 0.00632,\n    \"6.1\": 0.06636,\n    \"9.1\": 0.00632,\n    \"10.1\": 0.06636,\n    \"11.1\": 0.0158,\n    \"12.1\": 0.0316,\n    \"13.1\": 0.18012,\n    \"14.1\": 0.10744\n  },\n  B: {\n    \"12\": 1.23556,\n    \"13\": 0.00632,\n    \"14\": 0.00948,\n    \"15\": 0.01896,\n    \"16\": 0.01896,\n    \"17\": 0.02844,\n    \"18\": 0.15484,\n    \"80\": 0.00316,\n    \"84\": 0.02844,\n    \"85\": 0.00316,\n    \"86\": 0.00632,\n    \"88\": 0.01264,\n    \"89\": 0.02212,\n    \"90\": 0.01264,\n    \"91\": 0.06636,\n    \"92\": 1.98448,\n    _: \"79 81 83 87 93\"\n  },\n  P: {\n    \"4\": 0.70482,\n    \"5.0-5.4\": 0.06129,\n    \"6.2-6.4\": 0.06129,\n    \"7.2-7.4\": 0.24516,\n    \"8.2\": 0.02043,\n    \"9.2\": 0.14301,\n    \"10.1\": 0.06129,\n    \"11.1-11.2\": 0.32687,\n    \"12.0\": 0.04086,\n    \"13.0\": 0.08172,\n    \"14.0\": 0.5516\n  },\n  I: {\n    \"0\": 0,\n    \"3\": 0,\n    \"4\": 0.00095,\n    \"2.1\": 0,\n    \"2.2\": 0,\n    \"2.3\": 0,\n    \"4.1\": 0.00189,\n    \"4.2-4.3\": 0.00189,\n    \"4.4\": 0,\n    \"4.4.3-4.4.4\": 0.04316\n  },\n  K: {\n    _: \"0 10 11 12 11.1 11.5 12.1\"\n  },\n  A: {\n    \"8\": 0.04025,\n    \"11\": 1.26799,\n    _: \"6 7 9 10 5.5\"\n  },\n  J: {\n    \"7\": 0,\n    \"10\": 0\n  },\n  N: {\n    \"11\": 0.01983,\n    _: \"10\"\n  },\n  R: {\n    _: \"0\"\n  },\n  M: {\n    \"0\": 0.02736\n  },\n  Q: {\n    \"10.4\": 0\n  },\n  O: {\n    \"0\": 0.43776\n  },\n  H: {\n    \"0\": 3.84655\n  },\n  L: {\n    \"0\": 60.28916\n  },\n  S: {\n    \"2.5\": 0\n  }\n};","map":{"version":3,"sources":["C:/xampp/public_html/vamo/interface2/node_modules/caniuse-lite/data/regions/TL.js"],"names":["module","exports","C","_","D","F","G","E","B","P","I","K","A","J","N","R","M","Q","O","H","L","S"],