{"ast":null,"code":"module.exports = {\n  C: {\n    \"2\": 0,\n    \"3\": 0,\n    \"4\": 0,\n    \"5\": 0,\n    \"6\": 0,\n    \"7\": 0,\n    \"8\": 0,\n    \"9\": 0,\n    \"10\": 0,\n    \"11\": 0,\n    \"12\": 0,\n    \"13\": 0,\n    \"14\": 0,\n    \"15\": 0,\n    \"16\": 0,\n    \"17\": 0,\n    \"18\": 0,\n    \"19\": 0,\n    \"20\": 0,\n    \"21\": 0,\n    \"22\": 0,\n    \"23\": 0,\n    \"24\": 0,\n    \"25\": 0,\n    \"26\": 0,\n    \"27\": 0,\n    \"28\": 0,\n    \"29\": 0,\n    \"30\": 0,\n    \"31\": 0,\n    \"32\": 0,\n    \"33\": 0,\n    \"34\": 0,\n    \"35\": 0.00896,\n    \"36\": 0.00896,\n    \"37\": 0,\n    \"38\": 0,\n    \"39\": 0,\n    \"40\": 0,\n    \"41\": 0,\n    \"42\": 0,\n    \"43\": 0,\n    \"44\": 0,\n    \"45\": 0,\n    \"46\": 0,\n    \"47\": 0,\n    \"48\": 0,\n    \"49\": 0,\n    \"50\": 0.00448,\n    \"51\": 0,\n    \"52\": 0.03137,\n    \"53\": 0,\n    \"54\": 0,\n    \"55\": 0,\n    \"56\": 0,\n    \"57\": 0,\n    \"58\": 0,\n    \"59\": 0,\n    \"60\": 0,\n    \"61\": 0,\n    \"62\": 0,\n    \"63\": 0,\n    \"64\": 0,\n    \"65\": 0,\n    \"66\": 0.08066,\n    \"67\": 0,\n    \"68\": 0.00448,\n    \"69\": 0,\n    \"70\": 0,\n    \"71\": 0,\n    \"72\": 0.00448,\n    \"73\": 0.02689,\n    \"74\": 0,\n    \"75\": 0,\n    \"76\": 0,\n    \"77\": 0,\n    \"78\": 0.11203,\n    \"79\": 0,\n    \"80\": 0,\n    \"81\": 0.00448,\n    \"82\": 0,\n    \"83\": 0,\n    \"84\": 0.00448,\n    \"85\": 0.00448,\n    \"86\": 0.00448,\n    \"87\": 0.00448,\n    \"88\": 0.08962,\n    \"89\": 0.02241,\n    \"90\": 0.47947,\n    \"91\": 0.6363,\n    \"92\": 0.00896,\n    \"93\": 0,\n    \"3.5\": 0,\n    \"3.6\": 0\n  },\n  D: {\n    \"4\": 0,\n    \"5\": 0,\n    \"6\": 0,\n    \"7\": 0,\n    \"8\": 0,\n    \"9\": 0,\n    \"10\": 0,\n    \"11\": 0,\n    \"12\": 0,\n    \"13\": 0,\n    \"14\": 0,\n    \"15\": 0,\n    \"16\": 0,\n    \"17\": 0,\n    \"18\": 0,\n    \"19\": 0,\n    \"20\": 0,\n    \"21\": 0,\n    \"22\": 0,\n    \"23\": 0,\n    \"24\": 0,\n    \"25\": 0,\n    \"26\": 0,\n    \"27\": 0,\n    \"28\": 0,\n    \"29\": 0,\n    \"30\": 0,\n    \"31\": 0,\n    \"32\": 0,\n    \"33\": 0,\n    \"34\": 0,\n    \"35\": 0,\n    \"36\": 0,\n    \"37\": 0,\n    \"38\": 0,\n    \"39\": 0,\n    \"40\": 0,\n    \"41\": 0,\n    \"42\": 0,\n    \"43\": 0,\n    \"44\": 0,\n    \"45\": 0,\n    \"46\": 0,\n    \"47\": 0.00448,\n    \"48\": 0,\n    \"49\": 0.0941,\n    \"50\": 0,\n    \"51\": 0,\n    \"52\": 0,\n    \"53\": 0,\n    \"54\": 0,\n    \"55\": 0,\n    \"56\": 0,\n    \"57\": 0,\n    \"58\": 0.00448,\n    \"59\": 0,\n    \"60\": 0,\n    \"61\": 0,\n    \"62\": 0,\n    \"63\": 0.00448,\n    \"64\": 0,\n    \"65\": 0.00896,\n    \"66\": 0,\n    \"67\": 0.00448,\n    \"68\": 0,\n    \"69\": 0.00448,\n    \"70\": 0,\n    \"71\": 0.00448,\n    \"72\": 0.00448,\n    \"73\": 0.00448,\n    \"74\": 0.00448,\n    \"75\": 0.01344,\n    \"76\": 0.00896,\n    \"77\": 0.00448,\n    \"78\": 0.00448,\n    \"79\": 0.01344,\n    \"80\": 0.01344,\n    \"81\": 0.01344,\n    \"83\": 0.01792,\n    \"84\": 0.00448,\n    \"85\": 0.01344,\n    \"86\": 0.02689,\n    \"87\": 0.30023,\n    \"88\": 0.05377,\n    \"89\": 0.03585,\n    \"90\": 0.10306,\n    \"91\": 0.41673,\n    \"92\": 12.55576,\n    \"93\": 0.02241,\n    \"94\": 0.00448,\n    \"95\": 0,\n    \"96\": 0\n  },\n  F: {\n    \"9\": 0,\n    \"11\": 0,\n    \"12\": 0,\n    \"15\": 0,\n    \"16\": 0,\n    \"17\": 0,\n    \"18\": 0,\n    \"19\": 0,\n    \"20\": 0,\n    \"21\": 0,\n    \"22\": 0,\n    \"23\": 0,\n    \"24\": 0,\n    \"25\": 0,\n    \"26\": 0,\n    \"27\": 0,\n    \"28\": 0.00448,\n    \"29\": 0,\n    \"30\": 0,\n    \"31\": 0,\n    \"32\": 0,\n    \"33\": 0,\n    \"34\": 0,\n    \"35\": 0,\n    \"36\": 0.00448,\n    \"37\": 0,\n    \"38\": 0,\n    \"39\": 0,\n    \"40\": 0,\n    \"41\": 0,\n    \"42\": 0,\n    \"43\": 0,\n    \"44\": 0,\n    \"45\": 0,\n    \"46\": 0,\n    \"47\": 0,\n    \"48\": 0,\n    \"49\": 0,\n    \"50\": 0,\n    \"51\": 0,\n    \"52\": 0,\n    \"53\": 0,\n    \"54\": 0,\n    \"55\": 0,\n    \"56\": 0,\n    \"57\": 0,\n    \"58\": 0.02689,\n    \"60\": 0,\n    \"62\": 0,\n    \"63\": 0,\n    \"64\": 0,\n    \"65\": 0,\n    \"66\": 0,\n    \"67\": 0,\n    \"68\": 0,\n    \"69\": 0,\n    \"70\": 0,\n    \"71\": 0,\n    \"72\": 0,\n    \"73\": 0,\n    \"74\": 0,\n    \"75\": 0,\n    \"76\": 0,\n    \"77\": 0.36296,\n    \"78\": 0.30023,\n    \"9.5-9.6\": 0,\n    \"10.0-10.1\": 0,\n    \"10.5\": 0,\n    \"10.6\": 0,\n    \"11.1\": 0,\n    \"11.5\": 0,\n    \"11.6\": 0,\n    \"12.1\": 0\n  },\n  G: {\n    \"8\": 0,\n    \"3.2\": 0,\n    \"4.0-4.1\": 0,\n    \"4.2-4.3\": 0,\n    \"5.0-5.1\": 0.01068,\n    \"6.0-6.1\": 0.01068,\n    \"7.0-7.1\": 0.02441,\n    \"8.1-8.4\": 0,\n    \"9.0-9.2\": 0.00153,\n    \"9.3\": 0.08696,\n    \"10.0-10.2\": 0.00153,\n    \"10.3\": 0.09001,\n    \"11.0-11.2\": 0.01983,\n    \"11.3-11.4\": 0.04577,\n    \"12.0-12.1\": 0.02136,\n    \"12.2-12.4\": 0.15866,\n    \"13.0-13.1\": 0.01831,\n    \"13.2\": 0.0061,\n    \"13.3\": 0.12967,\n    \"13.4-13.7\": 0.2807,\n    \"14.0-14.4\": 1.35621,\n    \"14.5-14.7\": 12.29738\n  },\n  E: {\n    \"4\": 0,\n    \"5\": 0,\n    \"6\": 0,\n    \"7\": 0,\n    \"8\": 0,\n    \"9\": 0,\n    \"10\": 0,\n    \"11\": 0,\n    \"12\": 0,\n    \"13\": 0.02241,\n    \"14\": 0.17924,\n    \"15\": 0.00896,\n    _: \"0\",\n    \"3.1\": 0,\n    \"3.2\": 0,\n    \"5.1\": 0.04033,\n    \"6.1\": 0,\n    \"7.1\": 0,\n    \"9.1\": 0.00448,\n    \"10.1\": 0.00448,\n    \"11.1\": 0.01792,\n    \"12.1\": 0.02241,\n    \"13.1\": 0.17028,\n    \"14.1\": 1.03959\n  },\n  B: {\n    \"12\": 0,\n    \"13\": 0,\n    \"14\": 0,\n    \"15\": 0.00448,\n    \"16\": 0,\n    \"17\": 0.00448,\n    \"18\": 0.01344,\n    \"79\": 0,\n    \"80\": 0,\n    \"81\": 0,\n    \"83\": 0,\n    \"84\": 0.00448,\n    \"85\": 0.00448,\n    \"86\": 0,\n    \"87\": 0,\n    \"88\": 0,\n    \"89\": 0.02241,\n    \"90\": 0.00448,\n    \"91\": 0.03137,\n    \"92\": 1.44288,\n    \"93\": 0.00448\n  },\n  P: {\n    \"4\": 0.98549,\n    \"5.0-5.4\": 0,\n    \"6.2-6.4\": 0.01016,\n    \"7.2-7.4\": 0.1016,\n    \"8.2\": 0,\n    \"9.2\": 0.0508,\n    \"10.1\": 0.01016,\n    \"11.1-11.2\": 0.16255,\n    \"12.0\": 0.08128,\n    \"13.0\": 0.22351,\n    \"14.0\": 2.53992\n  },\n  I: {\n    \"0\": 0,\n    \"3\": 0,\n    \"4\": 0.02378,\n    \"2.1\": 0,\n    \"2.2\": 0,\n    \"2.3\": 0,\n    \"4.1\": 0.00892,\n    \"4.2-4.3\": 0.02675,\n    \"4.4\": 0,\n    \"4.4.3-4.4.4\": 0.22291\n  },\n  K: {\n    _: \"0 10 11 12 11.1 11.5 12.1\"\n  },\n  A: {\n    \"6\": 0,\n    \"7\": 0,\n    \"8\": 0,\n    \"9\": 0,\n    \"10\": 0,\n    \"11\": 0.10754,\n    \"5.5\": 0\n  },\n  J: {\n    \"7\": 0,\n    \"10\": 0\n  },\n  N: {\n    \"10\": 0,\n    \"11\": 0\n  },\n  R: {\n    _: \"0\"\n  },\n  M: {\n    \"0\": 0.35322\n  },\n  Q: {\n    \"10.4\": 0.00552\n  },\n  O: {\n    \"0\": 0.03863\n  },\n  H: {\n    \"0\": 0.24035\n  },\n  L: {\n    \"0\": 58.55713\n  },\n  S: {\n    \"2.5\": 0\n  }\n};","map":{"version":3,"sources":["C:/xampp/public_html/vamo/interface2/node_modules/caniuse-lite/data/regions/CR.js"],"names":["module","exports","C","D","F","G","E","_","B","P","I","K","A","J","N","R","M","Q","O","H","L","S"],