{"ast":null,"code":"module.exports = {\n  C: {\n    \"2\": 0,\n    \"3\": 0,\n    \"4\": 0,\n    \"5\": 0,\n    \"6\": 0,\n    \"7\": 0,\n    \"8\": 0,\n    \"9\": 0,\n    \"10\": 0,\n    \"11\": 0,\n    \"12\": 0,\n    \"13\": 0,\n    \"14\": 0,\n    \"15\": 0,\n    \"16\": 0,\n    \"17\": 0,\n    \"18\": 0,\n    \"19\": 0,\n    \"20\": 0,\n    \"21\": 0,\n    \"22\": 0,\n    \"23\": 0,\n    \"24\": 0,\n    \"25\": 0,\n    \"26\": 0,\n    \"27\": 0,\n    \"28\": 0,\n    \"29\": 0,\n    \"30\": 0,\n    \"31\": 0,\n    \"32\": 0,\n    \"33\": 0,\n    \"34\": 0,\n    \"35\": 0.00174,\n    \"36\": 0,\n    \"37\": 0,\n    \"38\": 0,\n    \"39\": 0,\n    \"40\": 0,\n    \"41\": 0,\n    \"42\": 0,\n    \"43\": 0,\n    \"44\": 0,\n    \"45\": 0,\n    \"46\": 0,\n    \"47\": 0,\n    \"48\": 0,\n    \"49\": 0,\n    \"50\": 0,\n    \"51\": 0,\n    \"52\": 0.00174,\n    \"53\": 0,\n    \"54\": 0,\n    \"55\": 0,\n    \"56\": 0,\n    \"57\": 0,\n    \"58\": 0,\n    \"59\": 0,\n    \"60\": 0,\n    \"61\": 0,\n    \"62\": 0,\n    \"63\": 0,\n    \"64\": 0,\n    \"65\": 0,\n    \"66\": 0,\n    \"67\": 0,\n    \"68\": 0,\n    \"69\": 0,\n    \"70\": 0,\n    \"71\": 0,\n    \"72\": 0,\n    \"73\": 0,\n    \"74\": 0,\n    \"75\": 0,\n    \"76\": 0,\n    \"77\": 0,\n    \"78\": 0.00348,\n    \"79\": 0,\n    \"80\": 0,\n    \"81\": 0,\n    \"82\": 0,\n    \"83\": 0,\n    \"84\": 0,\n    \"85\": 0,\n    \"86\": 0,\n    \"87\": 0,\n    \"88\": 0.00174,\n    \"89\": 0.00523,\n    \"90\": 0.04007,\n    \"91\": 0.06445,\n    \"92\": 0.00174,\n    \"93\": 0,\n    \"3.5\": 0,\n    \"3.6\": 0\n  },\n  D: {\n    \"4\": 0,\n    \"5\": 0,\n    \"6\": 0,\n    \"7\": 0,\n    \"8\": 0,\n    \"9\": 0,\n    \"10\": 0,\n    \"11\": 0,\n    \"12\": 0,\n    \"13\": 0,\n    \"14\": 0,\n    \"15\": 0,\n    \"16\": 0,\n    \"17\": 0,\n    \"18\": 0,\n    \"19\": 0,\n    \"20\": 0,\n    \"21\": 0,\n    \"22\": 0,\n    \"23\": 0,\n    \"24\": 0,\n    \"25\": 0,\n    \"26\": 0,\n    \"27\": 0,\n    \"28\": 0,\n    \"29\": 0,\n    \"30\": 0,\n    \"31\": 0,\n    \"32\": 0,\n    \"33\": 0,\n    \"34\": 0.00174,\n    \"35\": 0,\n    \"36\": 0,\n    \"37\": 0,\n    \"38\": 0.00523,\n    \"39\": 0.00174,\n    \"40\": 0.00174,\n    \"41\": 0,\n    \"42\": 0,\n    \"43\": 0.01219,\n    \"44\": 0,\n    \"45\": 0,\n    \"46\": 0,\n    \"47\": 0,\n    \"48\": 0,\n    \"49\": 0.00523,\n    \"50\": 0,\n    \"51\": 0,\n    \"52\": 0,\n    \"53\": 0.00174,\n    \"54\": 0,\n    \"55\": 0,\n    \"56\": 0.00174,\n    \"57\": 0,\n    \"58\": 0,\n    \"59\": 0,\n    \"60\": 0.00174,\n    \"61\": 0,\n    \"62\": 0,\n    \"63\": 0.00348,\n    \"64\": 0,\n    \"65\": 0.00174,\n    \"66\": 0,\n    \"67\": 0,\n    \"68\": 0.00174,\n    \"69\": 0.00174,\n    \"70\": 0.00174,\n    \"71\": 0,\n    \"72\": 0.00174,\n    \"73\": 0.00174,\n    \"74\": 0.00174,\n    \"75\": 0.00348,\n    \"76\": 0.00174,\n    \"77\": 0.00174,\n    \"78\": 0.00174,\n    \"79\": 0.02787,\n    \"80\": 0.00174,\n    \"81\": 0.01045,\n    \"83\": 0.00523,\n    \"84\": 0.00174,\n    \"85\": 0.00174,\n    \"86\": 0.00697,\n    \"87\": 0.01045,\n    \"88\": 0.01394,\n    \"89\": 0.01045,\n    \"90\": 0.01394,\n    \"91\": 0.07316,\n    \"92\": 1.71761,\n    \"93\": 0.00174,\n    \"94\": 0.00174,\n    \"95\": 0.00174,\n    \"96\": 0\n  },\n  F: {\n    \"9\": 0,\n    \"11\": 0,\n    \"12\": 0,\n    \"15\": 0,\n    \"16\": 0,\n    \"17\": 0,\n    \"18\": 0,\n    \"19\": 0,\n    \"20\": 0,\n    \"21\": 0,\n    \"22\": 0,\n    \"23\": 0,\n    \"24\": 0,\n    \"25\": 0,\n    \"26\": 0,\n    \"27\": 0,\n    \"28\": 0,\n    \"29\": 0,\n    \"30\": 0,\n    \"31\": 0,\n    \"32\": 0,\n    \"33\": 0,\n    \"34\": 0,\n    \"35\": 0,\n    \"36\": 0,\n    \"37\": 0,\n    \"38\": 0,\n    \"39\": 0,\n    \"40\": 0,\n    \"41\": 0,\n    \"42\": 0,\n    \"43\": 0,\n    \"44\": 0,\n    \"45\": 0,\n    \"46\": 0,\n    \"47\": 0,\n    \"48\": 0,\n    \"49\": 0,\n    \"50\": 0,\n    \"51\": 0,\n    \"52\": 0,\n    \"53\": 0,\n    \"54\": 0,\n    \"55\": 0,\n    \"56\": 0,\n    \"57\": 0,\n    \"58\": 0.00871,\n    \"60\": 0,\n    \"62\": 0,\n    \"63\": 0,\n    \"64\": 0,\n    \"65\": 0.00174,\n    \"66\": 0,\n    \"67\": 0,\n    \"68\": 0,\n    \"69\": 0,\n    \"70\": 0,\n    \"71\": 0,\n    \"72\": 0,\n    \"73\": 0,\n    \"74\": 0,\n    \"75\": 0,\n    \"76\": 0,\n    \"77\": 0.04355,\n    \"78\": 0.04007,\n    \"9.5-9.6\": 0,\n    \"10.0-10.1\": 0,\n    \"10.5\": 0,\n    \"10.6\": 0,\n    \"11.1\": 0,\n    \"11.5\": 0,\n    \"11.6\": 0,\n    \"12.1\": 0\n  },\n  G: {\n    \"8\": 0,\n    \"3.2\": 0,\n    \"4.0-4.1\": 0,\n    \"4.2-4.3\": 0,\n    \"5.0-5.1\": 0.00817,\n    \"6.0-6.1\": 0.00613,\n    \"7.0-7.1\": 0.09194,\n    \"8.1-8.4\": 0.00204,\n    \"9.0-9.2\": 0.00204,\n    \"9.3\": 0.0899,\n    \"10.0-10.2\": 0.02043,\n    \"10.3\": 0.1328,\n    \"11.0-11.2\": 0.04086,\n    \"11.3-11.4\": 0.05108,\n    \"12.0-12.1\": 0.06334,\n    \"12.2-12.4\": 0.28808,\n    \"13.0-13.1\": 0.03473,\n    \"13.2\": 0.02452,\n    \"13.3\": 0.15732,\n    \"13.4-13.7\": 0.42497,\n    \"14.0-14.4\": 2.6683,\n    \"14.5-14.7\": 15.13128\n  },\n  E: {\n    \"4\": 0,\n    \"5\": 0,\n    \"6\": 0,\n    \"7\": 0,\n    \"8\": 0,\n    \"9\": 0,\n    \"10\": 0,\n    \"11\": 0,\n    \"12\": 0,\n    \"13\": 0.00348,\n    \"14\": 0.05226,\n    \"15\": 0.00174,\n    _: \"0\",\n    \"3.1\": 0,\n    \"3.2\": 0,\n    \"5.1\": 0.01394,\n    \"6.1\": 0,\n    \"7.1\": 0,\n    \"9.1\": 0,\n    \"10.1\": 0,\n    \"11.1\": 0,\n    \"12.1\": 0.00174,\n    \"13.1\": 0.01394,\n    \"14.1\": 0.21427\n  },\n  B: {\n    \"12\": 0,\n    \"13\": 0,\n    \"14\": 0,\n    \"15\": 0,\n    \"16\": 0.00174,\n    \"17\": 0.00174,\n    \"18\": 0.01219,\n    \"79\": 0,\n    \"80\": 0,\n    \"81\": 0,\n    \"83\": 0,\n    \"84\": 0.00174,\n    \"85\": 0,\n    \"86\": 0,\n    \"87\": 0,\n    \"88\": 0,\n    \"89\": 0.00174,\n    \"90\": 0,\n    \"91\": 0.00523,\n    \"92\": 0.18291,\n    \"93\": 0\n  },\n  P: {\n    \"4\": 0.1855,\n    \"5.0-5.4\": 0.02061,\n    \"6.2-6.4\": 0.02061,\n    \"7.2-7.4\": 0.1855,\n    \"8.2\": 0.01031,\n    \"9.2\": 0.09275,\n    \"10.1\": 0.03092,\n    \"11.1-11.2\": 0.29886,\n    \"12.0\": 0.10306,\n    \"13.0\": 0.44314,\n    \"14.0\": 3.28748\n  },\n  I: {\n    \"0\": 0,\n    \"3\": 0,\n    \"4\": 0.00256,\n    \"2.1\": 0,\n    \"2.2\": 0,\n    \"2.3\": 0,\n    \"4.1\": 0.00256,\n    \"4.2-4.3\": 0.01451,\n    \"4.4\": 0,\n    \"4.4.3-4.4.4\": 0.1374\n  },\n  K: {\n    _: \"0 10 11 12 11.1 11.5 12.1\"\n  },\n  A: {\n    \"6\": 0,\n    \"7\": 0,\n    \"8\": 0,\n    \"9\": 0,\n    \"10\": 0,\n    \"11\": 0.04703,\n    \"5.5\": 0\n  },\n  J: {\n    \"7\": 0,\n    \"10\": 0\n  },\n  N: {\n    \"10\": 0,\n    \"11\": 0\n  },\n  R: {\n    _: \"0\"\n  },\n  M: {\n    \"0\": 0.08258\n  },\n  Q: {\n    \"10.4\": 0\n  },\n  O: {\n    \"0\": 0.94141\n  },\n  H: {\n    \"0\": 0.23454\n  },\n  L: {\n    \"0\": 70.25611\n  },\n  S: {\n    \"2.5\": 0\n  }\n};","map":{"version":3,"sources":["C:/xampp/public_html/vamo/interface2/node_modules/caniuse-lite/data/regions/IQ.js"],"names":["module","exports","C","D","F","G","E","_","B","P","I","K","A","J","N","R","M","Q","O","H","L","S"],