{"ast":null,"code":"module.exports = {\n  C: {\n    \"14\": 0.01051,\n    \"31\": 0.00701,\n    \"33\": 0.00701,\n    \"34\": 0.00701,\n    \"35\": 0.0035,\n    \"37\": 0.00701,\n    \"39\": 0.00701,\n    \"40\": 0.01051,\n    \"41\": 0.00701,\n    \"43\": 0.01051,\n    \"44\": 0.02102,\n    \"45\": 0.00701,\n    \"46\": 0.01051,\n    \"47\": 0.04555,\n    \"48\": 0.01402,\n    \"49\": 0.00701,\n    \"50\": 0.01402,\n    \"52\": 0.07008,\n    \"55\": 0.0035,\n    \"56\": 0.01402,\n    \"57\": 0.00701,\n    \"58\": 0.00701,\n    \"60\": 0.01051,\n    \"62\": 0.00701,\n    \"64\": 0.02102,\n    \"66\": 0.00701,\n    \"67\": 0.01051,\n    \"68\": 0.01402,\n    \"69\": 0.02102,\n    \"71\": 0.00701,\n    \"72\": 0.02453,\n    \"77\": 0.0035,\n    \"78\": 0.10862,\n    \"80\": 0.01051,\n    \"81\": 0.0035,\n    \"82\": 0.01051,\n    \"83\": 0.0035,\n    \"84\": 0.02102,\n    \"85\": 0.01402,\n    \"86\": 0.01402,\n    \"87\": 0.01402,\n    \"88\": 0.07358,\n    \"89\": 0.28032,\n    \"90\": 1.53125,\n    \"91\": 2.32666,\n    \"92\": 0.33989,\n    _: \"2 3 4 5 6 7 8 9 10 11 12 13 15 16 17 18 19 20 21 22 23 24 25 26 27 28 29 30 32 36 38 42 51 53 54 59 61 63 65 70 73 74 75 76 79 93 3.5 3.6\"\n  },\n  D: {\n    \"11\": 0.0035,\n    \"19\": 0.02102,\n    \"24\": 0.00701,\n    \"37\": 0.00701,\n    \"39\": 0.00701,\n    \"40\": 0.00701,\n    \"47\": 0.01051,\n    \"49\": 0.02803,\n    \"50\": 0.00701,\n    \"51\": 0.0035,\n    \"52\": 0.0035,\n    \"53\": 0.00701,\n    \"56\": 0.01051,\n    \"57\": 0.01051,\n    \"58\": 0.00701,\n    \"59\": 0.01051,\n    \"62\": 0.0035,\n    \"63\": 0.01752,\n    \"64\": 0.05256,\n    \"65\": 0.01402,\n    \"66\": 0.00701,\n    \"67\": 0.00701,\n    \"68\": 0.01051,\n    \"69\": 0.00701,\n    \"70\": 0.00701,\n    \"71\": 0.00701,\n    \"72\": 0.02453,\n    \"73\": 0.01752,\n    \"74\": 0.03504,\n    \"75\": 0.01752,\n    \"76\": 0.03854,\n    \"77\": 0.01051,\n    \"78\": 0.04205,\n    \"79\": 0.0841,\n    \"80\": 0.07008,\n    \"81\": 0.03154,\n    \"83\": 0.02102,\n    \"84\": 0.02453,\n    \"85\": 0.02803,\n    \"86\": 0.08059,\n    \"87\": 0.13666,\n    \"88\": 0.04906,\n    \"89\": 0.16118,\n    \"90\": 0.21725,\n    \"91\": 1.00565,\n    \"92\": 16.52837,\n    \"93\": 0.02453,\n    \"94\": 0.01752,\n    _: \"4 5 6 7 8 9 10 12 13 14 15 16 17 18 20 21 22 23 25 26 27 28 29 30 31 32 33 34 35 36 38 41 42 43 44 45 46 48 54 55 60 61 95 96\"\n  },\n  F: {\n    \"28\": 0.00701,\n    \"34\": 0.0035,\n    \"42\": 0.0035,\n    \"63\": 0.0035,\n    \"65\": 0.00701,\n    \"76\": 0.00701,\n    \"77\": 0.72182,\n    \"78\": 0.59218,\n    _: \"9 11 12 15 16 17 18 19 20 21 22 23 24 25 26 27 29 30 31 32 33 35 36 37 38 39 40 41 43 44 45 46 47 48 49 50 51 52 53 54 55 56 57 58 60 62 64 66 67 68 69 70 71 72 73 74 75 9.5-9.6 10.5 10.6 11.1 11.5 11.6\",\n    \"10.0-10.1\": 0,\n    \"12.1\": 0.0035\n  },\n  G: {\n    \"8\": 0,\n    \"3.2\": 0,\n    \"4.0-4.1\": 0.00486,\n    \"4.2-4.3\": 0.00088,\n    \"5.0-5.1\": 0.01459,\n    \"6.0-6.1\": 0.00133,\n    \"7.0-7.1\": 0.01946,\n    \"8.1-8.4\": 0.0031,\n    \"9.0-9.2\": 0.00354,\n    \"9.3\": 0.11145,\n    \"10.0-10.2\": 0.00221,\n    \"10.3\": 0.08757,\n    \"11.0-11.2\": 0.06059,\n    \"11.3-11.4\": 0.02521,\n    \"12.0-12.1\": 0.03671,\n    \"12.2-12.4\": 0.14771,\n    \"13.0-13.1\": 0.03936,\n    \"13.2\": 0.01283,\n    \"13.3\": 0.12206,\n    \"13.4-13.7\": 0.2198,\n    \"14.0-14.4\": 1.12466,\n    \"14.5-14.7\": 1.87207\n  },\n  E: {\n    \"4\": 0,\n    \"8\": 0.0035,\n    \"11\": 0.0035,\n    \"12\": 0.00701,\n    \"13\": 0.01752,\n    \"14\": 0.12264,\n    _: \"0 5 6 7 9 10 15 3.1 3.2 6.1 7.1 9.1\",\n    \"5.1\": 0.02453,\n    \"10.1\": 0.01051,\n    \"11.1\": 0.00701,\n    \"12.1\": 0.02453,\n    \"13.1\": 0.06307,\n    \"14.1\": 0.25579\n  },\n  B: {\n    \"12\": 0.03854,\n    \"13\": 0.01752,\n    \"14\": 0.01752,\n    \"15\": 0.02453,\n    \"16\": 0.02803,\n    \"17\": 0.01051,\n    \"18\": 0.11563,\n    \"84\": 0.02102,\n    \"85\": 0.01402,\n    \"88\": 0.00701,\n    \"89\": 0.02453,\n    \"90\": 0.01752,\n    \"91\": 0.12264,\n    \"92\": 1.93771,\n    _: \"79 80 81 83 86 87 93\"\n  },\n  P: {\n    \"4\": 0.21807,\n    \"5.0-5.4\": 0.01038,\n    \"6.2-6.4\": 0.11308,\n    \"7.2-7.4\": 0.07269,\n    \"8.2\": 0.01052,\n    \"9.2\": 0.12461,\n    \"10.1\": 0.01038,\n    \"11.1-11.2\": 0.15577,\n    \"12.0\": 0.03115,\n    \"13.0\": 0.135,\n    \"14.0\": 1.00729\n  },\n  I: {\n    \"0\": 0,\n    \"3\": 0,\n    \"4\": 0.0009,\n    \"2.1\": 0,\n    \"2.2\": 0,\n    \"2.3\": 0,\n    \"4.1\": 0.0015,\n    \"4.2-4.3\": 0.00632,\n    \"4.4\": 0,\n    \"4.4.3-4.4.4\": 0.10169\n  },\n  K: {\n    _: \"0 10 11 12 11.1 11.5 12.1\"\n  },\n  A: {\n    \"8\": 0.01402,\n    \"10\": 0.00701,\n    \"11\": 0.19622,\n    _: \"6 7 9 5.5\"\n  },\n  J: {\n    \"7\": 0,\n    \"10\": 0.01949\n  },\n  N: {\n    \"11\": 0.01983,\n    _: \"10\"\n  },\n  R: {\n    _: \"0\"\n  },\n  M: {\n    \"0\": 0.1299\n  },\n  Q: {\n    \"10.4\": 0.01299\n  },\n  O: {\n    \"0\": 1.20807\n  },\n  H: {\n    \"0\": 15.70466\n  },\n  L: {\n    \"0\": 46.76386\n  },\n  S: {\n    \"2.5\": 0.2663\n  }\n};","map":{"version":3,"sources":["C:/xampp/public_html/vamo/interface2/node_modules/caniuse-lite/data/regions/UG.js"],"names":["module","exports","C","_","D","F","G","E","B","P","I","K","A","J","N","R","M","Q","O","H","L","S"],