{"ast":null,"code":"module.exports = {\n  C: {\n    \"2\": 0,\n    \"3\": 0,\n    \"4\": 0.00493,\n    \"5\": 0.00493,\n    \"6\": 0,\n    \"7\": 0,\n    \"8\": 0,\n    \"9\": 0,\n    \"10\": 0,\n    \"11\": 0,\n    \"12\": 0,\n    \"13\": 0,\n    \"14\": 0.00493,\n    \"15\": 0.00493,\n    \"16\": 0,\n    \"17\": 0.00493,\n    \"18\": 0,\n    \"19\": 0,\n    \"20\": 0,\n    \"21\": 0.00493,\n    \"22\": 0,\n    \"23\": 0,\n    \"24\": 0,\n    \"25\": 0,\n    \"26\": 0,\n    \"27\": 0,\n    \"28\": 0,\n    \"29\": 0,\n    \"30\": 0,\n    \"31\": 0,\n    \"32\": 0,\n    \"33\": 0,\n    \"34\": 0,\n    \"35\": 0.00493,\n    \"36\": 0.00493,\n    \"37\": 0,\n    \"38\": 0,\n    \"39\": 0,\n    \"40\": 0.00493,\n    \"41\": 0,\n    \"42\": 0,\n    \"43\": 0,\n    \"44\": 0,\n    \"45\": 0,\n    \"46\": 0,\n    \"47\": 0,\n    \"48\": 0,\n    \"49\": 0,\n    \"50\": 0.00493,\n    \"51\": 0.00986,\n    \"52\": 0.13801,\n    \"53\": 0.00493,\n    \"54\": 0,\n    \"55\": 0.00493,\n    \"56\": 0.01479,\n    \"57\": 0,\n    \"58\": 0,\n    \"59\": 0,\n    \"60\": 0,\n    \"61\": 0,\n    \"62\": 0,\n    \"63\": 0,\n    \"64\": 0,\n    \"65\": 0,\n    \"66\": 0,\n    \"67\": 0,\n    \"68\": 0.00493,\n    \"69\": 0,\n    \"70\": 0,\n    \"71\": 0,\n    \"72\": 0.00493,\n    \"73\": 0,\n    \"74\": 0,\n    \"75\": 0,\n    \"76\": 0,\n    \"77\": 0,\n    \"78\": 0.02957,\n    \"79\": 0.00493,\n    \"80\": 0.00493,\n    \"81\": 0.00493,\n    \"82\": 0,\n    \"83\": 0,\n    \"84\": 0.00493,\n    \"85\": 0.00493,\n    \"86\": 0.00493,\n    \"87\": 0.00493,\n    \"88\": 0.01479,\n    \"89\": 0.04436,\n    \"90\": 0.42389,\n    \"91\": 0.58162,\n    \"92\": 0.00493,\n    \"93\": 0,\n    \"3.5\": 0,\n    \"3.6\": 0.00493\n  },\n  D: {\n    \"4\": 0,\n    \"5\": 0,\n    \"6\": 0,\n    \"7\": 0,\n    \"8\": 0,\n    \"9\": 0,\n    \"10\": 0,\n    \"11\": 0,\n    \"12\": 0,\n    \"13\": 0,\n    \"14\": 0,\n    \"15\": 0,\n    \"16\": 0,\n    \"17\": 0,\n    \"18\": 0,\n    \"19\": 0,\n    \"20\": 0,\n    \"21\": 0,\n    \"22\": 0.00493,\n    \"23\": 0.00493,\n    \"24\": 0.00493,\n    \"25\": 0.00493,\n    \"26\": 0,\n    \"27\": 0.00493,\n    \"28\": 0,\n    \"29\": 0,\n    \"30\": 0,\n    \"31\": 0,\n    \"32\": 0,\n    \"33\": 0,\n    \"34\": 0.00493,\n    \"35\": 0,\n    \"36\": 0,\n    \"37\": 0.00493,\n    \"38\": 0.00493,\n    \"39\": 0.00493,\n    \"40\": 0,\n    \"41\": 0,\n    \"42\": 0,\n    \"43\": 0.00493,\n    \"44\": 0.00493,\n    \"45\": 0.00493,\n    \"46\": 0.00493,\n    \"47\": 0.00986,\n    \"48\": 0.00986,\n    \"49\": 0.13308,\n    \"50\": 0.00493,\n    \"51\": 0.00493,\n    \"52\": 0,\n    \"53\": 0.00493,\n    \"54\": 0,\n    \"55\": 0.00493,\n    \"56\": 0,\n    \"57\": 0,\n    \"58\": 0,\n    \"59\": 0.01479,\n    \"60\": 0,\n    \"61\": 0.00493,\n    \"62\": 0,\n    \"63\": 0,\n    \"64\": 0.00493,\n    \"65\": 0,\n    \"66\": 0.00493,\n    \"67\": 0.01479,\n    \"68\": 0.00493,\n    \"69\": 0.00493,\n    \"70\": 0.00493,\n    \"71\": 0.04436,\n    \"72\": 0.00493,\n    \"73\": 0.00986,\n    \"74\": 0.02465,\n    \"75\": 0.0345,\n    \"76\": 0.01972,\n    \"77\": 0.00493,\n    \"78\": 0.00986,\n    \"79\": 0.12323,\n    \"80\": 0.05422,\n    \"81\": 0.01972,\n    \"83\": 0.0345,\n    \"84\": 0.03943,\n    \"85\": 0.01479,\n    \"86\": 0.08872,\n    \"87\": 0.08872,\n    \"88\": 0.09858,\n    \"89\": 0.04436,\n    \"90\": 0.15773,\n    \"91\": 0.71471,\n    \"92\": 12.73654,\n    \"93\": 0.00493,\n    \"94\": 0.01479,\n    \"95\": 0,\n    \"96\": 0\n  },\n  F: {\n    \"9\": 0,\n    \"11\": 0,\n    \"12\": 0,\n    \"15\": 0,\n    \"16\": 0,\n    \"17\": 0,\n    \"18\": 0.01972,\n    \"19\": 0,\n    \"20\": 0,\n    \"21\": 0,\n    \"22\": 0,\n    \"23\": 0,\n    \"24\": 0,\n    \"25\": 0,\n    \"26\": 0,\n    \"27\": 0,\n    \"28\": 0.00493,\n    \"29\": 0,\n    \"30\": 0,\n    \"31\": 0.00493,\n    \"32\": 0,\n    \"33\": 0,\n    \"34\": 0.00986,\n    \"35\": 0.00986,\n    \"36\": 0.00493,\n    \"37\": 0,\n    \"38\": 0.01479,\n    \"39\": 0,\n    \"40\": 0,\n    \"41\": 0,\n    \"42\": 0,\n    \"43\": 0,\n    \"44\": 0,\n    \"45\": 0,\n    \"46\": 0.0345,\n    \"47\": 0,\n    \"48\": 0,\n    \"49\": 0,\n    \"50\": 0,\n    \"51\": 0,\n    \"52\": 0,\n    \"53\": 0,\n    \"54\": 0,\n    \"55\": 0,\n    \"56\": 0,\n    \"57\": 0,\n    \"58\": 0,\n    \"60\": 0,\n    \"62\": 0,\n    \"63\": 0,\n    \"64\": 0,\n    \"65\": 0,\n    \"66\": 0,\n    \"67\": 0,\n    \"68\": 0,\n    \"69\": 0,\n    \"70\": 0,\n    \"71\": 0,\n    \"72\": 0,\n    \"73\": 0.00493,\n    \"74\": 0.01479,\n    \"75\": 0,\n    \"76\": 0.02465,\n    \"77\": 0.97101,\n    \"78\": 0.77385,\n    \"9.5-9.6\": 0,\n    \"10.0-10.1\": 0,\n    \"10.5\": 0,\n    \"10.6\": 0,\n    \"11.1\": 0,\n    \"11.5\": 0,\n    \"11.6\": 0.33024,\n    \"12.1\": 0.00493\n  },\n  G: {\n    \"8\": 0,\n    \"3.2\": 0,\n    \"4.0-4.1\": 0,\n    \"4.2-4.3\": 0.00463,\n    \"5.0-5.1\": 0.00309,\n    \"6.0-6.1\": 0.00926,\n    \"7.0-7.1\": 0.01235,\n    \"8.1-8.4\": 0.00772,\n    \"9.0-9.2\": 0.00926,\n    \"9.3\": 0.03704,\n    \"10.0-10.2\": 0.02469,\n    \"10.3\": 0.17749,\n    \"11.0-11.2\": 0.18521,\n    \"11.3-11.4\": 0.13119,\n    \"12.0-12.1\": 0.14662,\n    \"12.2-12.4\": 0.33955,\n    \"13.0-13.1\": 0.06945,\n    \"13.2\": 0.04476,\n    \"13.3\": 0.26083,\n    \"13.4-13.7\": 0.64051,\n    \"14.0-14.4\": 3.11611,\n    \"14.5-14.7\": 9.35141\n  },\n  E: {\n    \"4\": 0,\n    \"5\": 0,\n    \"6\": 0,\n    \"7\": 0,\n    \"8\": 0,\n    \"9\": 0,\n    \"10\": 0,\n    \"11\": 0,\n    \"12\": 0.00493,\n    \"13\": 0.02465,\n    \"14\": 0.28095,\n    \"15\": 0.02957,\n    _: \"0\",\n    \"3.1\": 0,\n    \"3.2\": 0,\n    \"5.1\": 0.51262,\n    \"6.1\": 0,\n    \"7.1\": 0,\n    \"9.1\": 0,\n    \"10.1\": 0,\n    \"11.1\": 0.00493,\n    \"12.1\": 0.01479,\n    \"13.1\": 0.09858,\n    \"14.1\": 0.48797\n  },\n  B: {\n    \"12\": 0.00493,\n    \"13\": 0.00493,\n    \"14\": 0.00493,\n    \"15\": 0,\n    \"16\": 0,\n    \"17\": 0.00493,\n    \"18\": 0.02957,\n    \"79\": 0,\n    \"80\": 0,\n    \"81\": 0,\n    \"83\": 0,\n    \"84\": 0.00493,\n    \"85\": 0.00493,\n    \"86\": 0,\n    \"87\": 0,\n    \"88\": 0,\n    \"89\": 0.00493,\n    \"90\": 0.00493,\n    \"91\": 0.02957,\n    \"92\": 0.81329,\n    \"93\": 0\n  },\n  P: {\n    \"4\": 0.16253,\n    \"5.0-5.4\": 0.01016,\n    \"6.2-6.4\": 0.02032,\n    \"7.2-7.4\": 0.09142,\n    \"8.2\": 0.02032,\n    \"9.2\": 0.07111,\n    \"10.1\": 0.02032,\n    \"11.1-11.2\": 0.193,\n    \"12.0\": 0.1219,\n    \"13.0\": 0.22348,\n    \"14.0\": 2.19415\n  },\n  I: {\n    \"0\": 0,\n    \"3\": 0,\n    \"4\": 0.00985,\n    \"2.1\": 0,\n    \"2.2\": 0,\n    \"2.3\": 0,\n    \"4.1\": 0.00591,\n    \"4.2-4.3\": 0.03743,\n    \"4.4\": 0,\n    \"4.4.3-4.4.4\": 0.09653\n  },\n  K: {\n    _: \"0 10 11 12 11.1 11.5 12.1\"\n  },\n  A: {\n    \"6\": 0,\n    \"7\": 0,\n    \"8\": 0.02013,\n    \"9\": 0,\n    \"10\": 0.01006,\n    \"11\": 0.45285,\n    \"5.5\": 0\n  },\n  J: {\n    \"7\": 0,\n    \"10\": 0.01521\n  },\n  N: {\n    \"10\": 0,\n    \"11\": 0\n  },\n  R: {\n    _: \"0\"\n  },\n  M: {\n    \"0\": 0.11663\n  },\n  Q: {\n    \"10.4\": 0.05071\n  },\n  O: {\n    \"0\": 0.85193\n  },\n  H: {\n    \"0\": 0.29285\n  },\n  L: {\n    \"0\": 52.62229\n  },\n  S: {\n    \"2.5\": 0\n  }\n};","map":{"version":3,"sources":["C:/xampp/public_html/vamo/interface2/node_modules/caniuse-lite/data/regions/KZ.js"],"names":["module","exports","C","D","F","G","E","_","B","P","I","K","A","J","N","R","M","Q","O","H","L","S"],