{"ast":null,"code":"module.exports = {\n  C: {\n    \"49\": 0.00344,\n    \"52\": 0.88623,\n    \"56\": 0.00344,\n    \"69\": 0.00344,\n    \"72\": 0.00687,\n    \"73\": 0.00687,\n    \"75\": 0.00344,\n    \"77\": 0.00344,\n    \"78\": 0.01718,\n    \"79\": 0.01718,\n    \"83\": 0.01374,\n    \"84\": 0.01718,\n    \"86\": 0.02748,\n    \"88\": 0.01718,\n    \"89\": 0.06183,\n    \"90\": 0.71105,\n    \"91\": 1.11638,\n    \"92\": 0.01374,\n    _: \"2 3 4 5 6 7 8 9 10 11 12 13 14 15 16 17 18 19 20 21 22 23 24 25 26 27 28 29 30 31 32 33 34 35 36 37 38 39 40 41 42 43 44 45 46 47 48 50 51 53 54 55 57 58 59 60 61 62 63 64 65 66 67 68 70 71 74 76 80 81 82 85 87 93 3.5 3.6\"\n  },\n  D: {\n    \"38\": 0.02405,\n    \"49\": 0.31259,\n    \"50\": 0.00687,\n    \"53\": 0.02405,\n    \"55\": 0.00687,\n    \"56\": 0.00344,\n    \"58\": 0.01374,\n    \"60\": 0.00687,\n    \"63\": 0.01718,\n    \"66\": 0.03435,\n    \"67\": 0.01031,\n    \"68\": 0.01374,\n    \"69\": 0.01718,\n    \"70\": 0.01374,\n    \"72\": 0.00344,\n    \"74\": 0.00344,\n    \"75\": 0.00687,\n    \"76\": 0.02061,\n    \"77\": 0.01031,\n    \"78\": 0.01718,\n    \"79\": 0.1374,\n    \"80\": 0.01718,\n    \"81\": 0.02405,\n    \"83\": 0.04809,\n    \"84\": 0.30228,\n    \"85\": 0.04809,\n    \"86\": 0.07901,\n    \"87\": 0.18549,\n    \"88\": 0.07557,\n    \"89\": 0.0584,\n    \"90\": 0.10992,\n    \"91\": 0.99959,\n    \"92\": 18.21237,\n    \"93\": 0.01031,\n    _: \"4 5 6 7 8 9 10 11 12 13 14 15 16 17 18 19 20 21 22 23 24 25 26 27 28 29 30 31 32 33 34 35 36 37 39 40 41 42 43 44 45 46 47 48 51 52 54 57 59 61 62 64 65 71 73 94 95 96\"\n  },\n  F: {\n    \"28\": 0.00344,\n    \"31\": 0.00344,\n    \"46\": 0.01374,\n    \"68\": 6.08339,\n    \"74\": 0.00687,\n    \"77\": 0.46716,\n    \"78\": 0.42594,\n    _: \"9 11 12 15 16 17 18 19 20 21 22 23 24 25 26 27 29 30 32 33 34 35 36 37 38 39 40 41 42 43 44 45 47 48 49 50 51 52 53 54 55 56 57 58 60 62 63 64 65 66 67 69 70 71 72 73 75 76 9.5-9.6 10.5 10.6 11.1 11.5 11.6 12.1\",\n    \"10.0-10.1\": 0\n  },\n  G: {\n    \"8\": 0,\n    \"3.2\": 0,\n    \"4.0-4.1\": 0,\n    \"4.2-4.3\": 0,\n    \"5.0-5.1\": 0,\n    \"6.0-6.1\": 0.00277,\n    \"7.0-7.1\": 0.04148,\n    \"8.1-8.4\": 0.01245,\n    \"9.0-9.2\": 0.00138,\n    \"9.3\": 0.07329,\n    \"10.0-10.2\": 0.0083,\n    \"10.3\": 0.10233,\n    \"11.0-11.2\": 0.02074,\n    \"11.3-11.4\": 0.04563,\n    \"12.0-12.1\": 0.03734,\n    \"12.2-12.4\": 0.16594,\n    \"13.0-13.1\": 0.04563,\n    \"13.2\": 0.00691,\n    \"13.3\": 0.12307,\n    \"13.4-13.7\": 0.4674,\n    \"14.0-14.4\": 1.70502,\n    \"14.5-14.7\": 10.40162\n  },\n  E: {\n    \"4\": 0,\n    \"12\": 0.01031,\n    \"13\": 0.01031,\n    \"14\": 0.25419,\n    _: \"0 5 6 7 8 9 10 11 15 3.1 3.2 5.1 6.1 7.1 9.1 10.1\",\n    \"11.1\": 0.01374,\n    \"12.1\": 0.03092,\n    \"13.1\": 0.13397,\n    \"14.1\": 0.87936\n  },\n  B: {\n    \"15\": 0.00344,\n    \"16\": 0.00687,\n    \"18\": 0.01031,\n    \"84\": 0.00344,\n    \"89\": 0.00687,\n    \"90\": 0.00344,\n    \"91\": 0.04466,\n    \"92\": 0.97554,\n    _: \"12 13 14 17 79 80 81 83 85 86 87 88 93\"\n  },\n  P: {\n    \"4\": 0.17419,\n    \"5.0-5.4\": 0.06114,\n    \"6.2-6.4\": 0.02038,\n    \"7.2-7.4\": 0.04099,\n    \"8.2\": 0.01026,\n    \"9.2\": 0.03074,\n    \"10.1\": 0.06148,\n    \"11.1-11.2\": 0.27666,\n    \"12.0\": 0.14345,\n    \"13.0\": 0.24592,\n    \"14.0\": 3.39167\n  },\n  I: {\n    \"0\": 0,\n    \"3\": 0,\n    \"4\": 0,\n    \"2.1\": 0,\n    \"2.2\": 0,\n    \"2.3\": 0,\n    \"4.1\": 0.00095,\n    \"4.2-4.3\": 0.00095,\n    \"4.4\": 0,\n    \"4.4.3-4.4.4\": 0.01124\n  },\n  K: {\n    _: \"0 10 11 12 11.1 11.5 12.1\"\n  },\n  A: {\n    \"11\": 0.10992,\n    _: \"6 7 8 9 10 5.5\"\n  },\n  J: {\n    \"7\": 0,\n    \"10\": 0\n  },\n  N: {\n    \"11\": 0.02439,\n    _: \"10\"\n  },\n  R: {\n    _: \"0\"\n  },\n  M: {\n    \"0\": 0.21665\n  },\n  Q: {\n    \"10.4\": 0\n  },\n  O: {\n    \"0\": 0.0197\n  },\n  H: {\n    \"0\": 0.26104\n  },\n  L: {\n    \"0\": 47.85905\n  },\n  S: {\n    \"2.5\": 0\n  }\n};","map":{"version":3,"sources":["C:/xampp/public_html/vamo/interface2/node_modules/caniuse-lite/data/regions/ME.js"],"names":["module","exports","C","_","D","F","G","E","B","P","I","K","A","J","N","R","M","Q","O","H","L","S"],"mappings":"AAAAA,MAAM,CAACC,OAAP,GAAe;AAACC,EAAAA,CAAC,EAAC;AAAC,UAAK,OAAN;AAAc,UAAK,OAAnB;AAA2B,UAAK,OAAhC;AAAwC,UAAK,OAA7C;AAAqD,UAAK,OAA1D;AAAkE,UAAK,OAAvE;AAA+E,UAAK,OAApF;AAA4F,UAAK,OAAjG;AAAyG,UAAK,OAA9G;AAAsH,UAAK,OAA3H;AAAmI,UAAK,OAAxI;AAAgJ,UAAK,OAArJ;AAA6J,UAAK,OAAlK;AAA0K,UAAK,OAA/K;AAAuL,UAAK,OAA5L;AAAoM,UAAK,OAAzM;AAAiN,UAAK,OAAtN;AAA8N,UAAK,OAAnO;AAA2OC,IAAAA,CAAC,EAAC;AAA7O,GAAH;AAAidC,EAAAA,CAAC,EAAC;AAAC,UAAK,OAAN;AAAc,UAAK,OAAnB;AAA2B,UAAK,OAAhC;AAAwC,UAAK,OAA7C;AAAqD,UAAK,OAA1D;AAAkE,UAAK,OAAvE;AAA+E,UAAK,OAApF;AAA4F,UAAK,OAAjG;AAAyG,UAAK,OAA9G;AAAsH,UAAK,OAA3H;AAAmI,UAAK,OAAxI;AAAgJ,UAAK,OAArJ;AAA6J,UAAK,OAAlK;AAA0K,UAAK,OAA/K;AAAuL,UAAK,OAA5L;AAAoM,UAAK,OAAzM;AAAiN,UAAK,OAAtN;AAA8N,UAAK,OAAnO;AAA2O,UAAK,OAAhP;AAAwP,UAAK,OAA7P;AAAqQ,UAAK,MAA1Q;AAAiR,UAAK,OAAtR;AAA8R,UAAK,OAAnS;AAA2S,UAAK,OAAhT;AAAwT,UAAK,OAA7T;AAAqU,UAAK,OAA1U;AAAkV,UAAK,OAAvV;AAA+V,UAAK,OAApW;AAA4W,UAAK,OAAjX;AAAyX,UAAK,MAA9X;AAAqY,UAAK,OAA1Y;AAAkZ,UAAK,OAAvZ;AAA+Z,UAAK,QAApa;AAA6a,UAAK,OAAlb;AAA0bD,IAAAA,CAAC,EAAC;AAA5b,GAAnd;AAA0jCE,EAAAA,CAAC,EAAC;AAAC,UAAK,OAAN;AAAc,UAAK,OAAnB;AAA2B,UAAK,OAAhC;AAAwC,UAAK,OAA7C;AAAqD,UAAK,OAA1D;AAAkE,UAAK,OAAvE;AAA+E,UAAK,OAApF;AAA4FF,IAAAA,CAAC,EAAC,oNAA9F;AAAmT,iBAAY;AAA/T,GAA5jC;AAA83CG,EAAAA,CAAC,EAAC;AAAC,SAAI,CAAL;AAAO,WAAM,CAAb;AAAe,eAAU,CAAzB;AAA2B,eAAU,CAArC;AAAuC,eAAU,CAAjD;AAAmD,eAAU,OAA7D;AAAqE,eAAU,OAA/E;AAAuF,eAAU,OAAjG;AAAyG,eAAU,OAAnH;AAA2H,WAAM,OAAjI;AAAyI,iBAAY,MAArJ;AAA4J,YAAO,OAAnK;AAA2K,iBAAY,OAAvL;AAA+L,iBAAY,OAA3M;AAAmN,iBAAY,OAA/N;AAAuO,iBAAY,OAAnP;AAA2P,iBAAY,OAAvQ;AAA+Q,YAAO,OAAtR;AAA8R,YAAO,OAArS;AAA6S,iBAAY,MAAzT;AAAgU,iBAAY,OAA5U;AAAoV,iBAAY;AAAhW,GAAh4C;AAA0uDC,EAAAA,CAAC,EAAC;AAAC,SAAI,CAAL;AAAO,UAAK,OAAZ;AAAoB,UAAK,OAAzB;AAAiC,UAAK,OAAtC;AAA8CJ,IAAAA,CAAC,EAAC,mDAAhD;AAAoG,YAAO,OAA3G;AAAmH,YAAO,OAA1H;AAAkI,YAAO,OAAzI;AAAiJ,YAAO;AAAxJ,GAA5uD;AAA64DK,EAAAA,CAAC,EAAC;AAAC,UAAK,OAAN;AAAc,UAAK,OAAnB;AAA2B,UAAK,OAAhC;AAAwC,UAAK,OAA7C;AAAqD,UAAK,OAA1D;AAAkE,UAAK,OAAvE;AAA+E,UAAK,OAApF;AAA4F,UAAK,OAAjG;AAAyGL,IAAAA,CAAC,EAAC;AAA3G,GAA/4D;AAAoiEM,EAAAA,CAAC,EAAC;AAAC,SAAI,OAAL;AAAa,eAAU,OAAvB;AAA+B,eAAU,OAAzC;AAAiD,eAAU,OAA3D;AAAmE,WAAM,OAAzE;AAAiF,WAAM,OAAvF;AAA+F,YAAO,OAAtG;AAA8G,iBAAY,OAA1H;AAAkI,YAAO,OAAzI;AAAiJ,YAAO,OAAxJ;AAAgK,YAAO;AAAvK,GAAtiE;AAAstEC,EAAAA,CAAC,EAAC;AAAC,SAAI,CAAL;AAAO,SAAI,CAAX;AAAa,SAAI,CAAjB;AAAmB,WAAM,CAAzB;AAA2B,WAAM,CAAjC;AAAmC,WAAM,CAAzC;AAA2C,WAAM,OAAjD;AAAyD,eAAU,OAAnE;AAA2E,WAAM,CAAjF;AAAmF,mBAAc;AAAjG,GAAxtE;AAAk0EC,EAAAA,CAAC,EAAC;AAACR,IAAAA,CAAC,EAAC;AAAH,GAAp0E;AAAo2ES,EAAAA,CAAC,EAAC;AAAC,UAAK,OAAN;AAAcT,IAAAA,CAAC,EAAC;AAAhB,GAAt2E;AAAw4EU,EAAAA,CAAC,EAAC;AAAC,SAAI,CAAL;AAAO,UAAK;AAAZ,GAA14E;AAAy5EC,EAAAA,CAAC,EAAC;AAAC,UAAK,OAAN;AAAcX,IAAAA,CAAC,EAAC;AAAhB,GAA35E;AAAi7EY,EAAAA,CAAC,EAAC;AAACZ,IAAAA,CAAC,EAAC;AAAH,GAAn7E;AAA27Ea,EAAAA,CAAC,EAAC;AAAC,SAAI;AAAL,GAA77E;AAA28EC,EAAAA,CAAC,EAAC;AAAC,YAAO;AAAR,GAA78E;AAAw9EC,EAAAA,CAAC,EAAC;AAAC,SAAI;AAAL,GAA19E;AAAu+EC,EAAAA,CAAC,EAAC;AAAC,SAAI;AAAL,GAAz+E;AAAu/EC,EAAAA,CAAC,EAAC;AAAC,SAAI;AAAL,GAAz/E;AAAwgFC,EAAAA,CAAC,EAAC;AAAC,WAAM;AAAP;AAA1gF,CAAf",