{"ast":null,"code":"module.exports = {\n  C: {\n    \"89\": 0.0386,\n    \"90\": 0.5597,\n    \"91\": 0.4053,\n    _: \"2 3 4 5 6 7 8 9 10 11 12 13 14 15 16 17 18 19 20 21 22 23 24 25 26 27 28 29 30 31 32 33 34 35 36 37 38 39 40 41 42 43 44 45 46 47 48 49 50 51 52 53 54 55 56 57 58 59 60 61 62 63 64 65 66 67 68 69 70 71 72 73 74 75 76 77 78 79 80 81 82 83 84 85 86 87 88 92 93 3.5 3.6\"\n  },\n  D: {\n    \"49\": 0.12063,\n    \"50\": 0.03378,\n    \"67\": 0.00965,\n    \"69\": 0.01448,\n    \"73\": 0.03378,\n    \"74\": 0.53075,\n    \"78\": 0.04343,\n    \"79\": 0.37635,\n    \"80\": 0.10615,\n    \"81\": 0.06273,\n    \"83\": 0.01448,\n    \"86\": 0.00483,\n    \"87\": 0.09168,\n    \"88\": 0.04343,\n    \"89\": 0.01448,\n    \"90\": 0.22678,\n    \"91\": 1.68875,\n    \"92\": 24.3373,\n    \"93\": 0.0579,\n    _: \"4 5 6 7 8 9 10 11 12 13 14 15 16 17 18 19 20 21 22 23 24 25 26 27 28 29 30 31 32 33 34 35 36 37 38 39 40 41 42 43 44 45 46 47 48 51 52 53 54 55 56 57 58 59 60 61 62 63 64 65 66 68 70 71 72 75 76 77 84 85 94 95 96\"\n  },\n  F: {\n    \"77\": 0.27503,\n    \"78\": 0.24125,\n    _: \"9 11 12 15 16 17 18 19 20 21 22 23 24 25 26 27 28 29 30 31 32 33 34 35 36 37 38 39 40 41 42 43 44 45 46 47 48 49 50 51 52 53 54 55 56 57 58 60 62 63 64 65 66 67 68 69 70 71 72 73 74 75 76 9.5-9.6 10.5 10.6 11.1 11.5 11.6 12.1\",\n    \"10.0-10.1\": 0\n  },\n  G: {\n    \"8\": 0,\n    \"3.2\": 0,\n    \"4.0-4.1\": 0,\n    \"4.2-4.3\": 0,\n    \"5.0-5.1\": 0.00169,\n    \"6.0-6.1\": 0,\n    \"7.0-7.1\": 0,\n    \"8.1-8.4\": 0.01181,\n    \"9.0-9.2\": 0,\n    \"9.3\": 0.34418,\n    \"10.0-10.2\": 0,\n    \"10.3\": 0.01518,\n    \"11.0-11.2\": 0.02699,\n    \"11.3-11.4\": 0.02531,\n    \"12.0-12.1\": 0.02025,\n    \"12.2-12.4\": 0.06243,\n    \"13.0-13.1\": 0.00506,\n    \"13.2\": 0,\n    \"13.3\": 0.07255,\n    \"13.4-13.7\": 0.22608,\n    \"14.0-14.4\": 1.65173,\n    \"14.5-14.7\": 14.21772\n  },\n  E: {\n    \"4\": 0,\n    \"13\": 0.1158,\n    \"14\": 0.7527,\n    \"15\": 0.00483,\n    _: \"0 5 6 7 8 9 10 11 12 3.1 3.2 5.1 6.1 7.1 9.1\",\n    \"10.1\": 0.01448,\n    \"11.1\": 0.0193,\n    \"12.1\": 0.10615,\n    \"13.1\": 0.0772,\n    \"14.1\": 5.597\n  },\n  B: {\n    \"13\": 0.1351,\n    \"15\": 0.05308,\n    \"16\": 0.10133,\n    \"18\": 0.18335,\n    \"84\": 0.00965,\n    \"91\": 0.16405,\n    \"92\": 9.96845,\n    _: \"12 14 17 79 80 81 83 85 86 87 88 89 90 93\"\n  },\n  P: {\n    \"4\": 0.15574,\n    \"5.0-5.4\": 0,\n    \"6.2-6.4\": 0,\n    \"7.2-7.4\": 0.38417,\n    \"8.2\": 0.02077,\n    \"9.2\": 0.09345,\n    \"10.1\": 0.02004,\n    \"11.1-11.2\": 0.89293,\n    \"12.0\": 0.14536,\n    \"13.0\": 0.7891,\n    \"14.0\": 4.93191\n  },\n  I: {\n    \"0\": 0,\n    \"3\": 0,\n    \"4\": 0,\n    \"2.1\": 0,\n    \"2.2\": 0,\n    \"2.3\": 0,\n    \"4.1\": 0,\n    \"4.2-4.3\": 0,\n    \"4.4\": 0,\n    \"4.4.3-4.4.4\": 0\n  },\n  K: {\n    _: \"0 10 11 12 11.1 11.5 12.1\"\n  },\n  A: {\n    \"11\": 0.24125,\n    _: \"6 7 8 9 10 5.5\"\n  },\n  J: {\n    \"7\": 0,\n    \"10\": 0\n  },\n  N: {\n    \"10\": 0,\n    \"11\": 0\n  },\n  R: {\n    _: \"0\"\n  },\n  M: {\n    \"0\": 0.119\n  },\n  Q: {\n    \"10.4\": 0\n  },\n  O: {\n    \"0\": 0.16039\n  },\n  H: {\n    \"0\": 0.08327\n  },\n  L: {\n    \"0\": 27.7347\n  },\n  S: {\n    \"2.5\": 0\n  }\n};","map":{"version":3,"sources":["C:/xampp/public_html/vamo/interface2/node_modules/caniuse-lite/data/regions/VG.js"],"names":["module","exports","C","_","D","F","G","E","B","P","I","K","A","J","N","R","M","Q","O","H","L","S"],"mappings":"AAAAA,MAAM,CAACC,OAAP,GAAe;AAACC,EAAAA,CAAC,EAAC;AAAC,UAAK,MAAN;AAAa,UAAK,MAAlB;AAAyB,UAAK,MAA9B;AAAqCC,IAAAA,CAAC,EAAC;AAAvC,GAAH;AAAwTC,EAAAA,CAAC,EAAC;AAAC,UAAK,OAAN;AAAc,UAAK,OAAnB;AAA2B,UAAK,OAAhC;AAAwC,UAAK,OAA7C;AAAqD,UAAK,OAA1D;AAAkE,UAAK,OAAvE;AAA+E,UAAK,OAApF;AAA4F,UAAK,OAAjG;AAAyG,UAAK,OAA9G;AAAsH,UAAK,OAA3H;AAAmI,UAAK,OAAxI;AAAgJ,UAAK,OAArJ;AAA6J,UAAK,OAAlK;AAA0K,UAAK,OAA/K;AAAuL,UAAK,OAA5L;AAAoM,UAAK,OAAzM;AAAiN,UAAK,OAAtN;AAA8N,UAAK,OAAnO;AAA2O,UAAK,MAAhP;AAAuPD,IAAAA,CAAC,EAAC;AAAzP,GAA1T;AAA2wBE,EAAAA,CAAC,EAAC;AAAC,UAAK,OAAN;AAAc,UAAK,OAAnB;AAA2BF,IAAAA,CAAC,EAAC,mOAA7B;AAAiQ,iBAAY;AAA7Q,GAA7wB;AAA6hCG,EAAAA,CAAC,EAAC;AAAC,SAAI,CAAL;AAAO,WAAM,CAAb;AAAe,eAAU,CAAzB;AAA2B,eAAU,CAArC;AAAuC,eAAU,OAAjD;AAAyD,eAAU,CAAnE;AAAqE,eAAU,CAA/E;AAAiF,eAAU,OAA3F;AAAmG,eAAU,CAA7G;AAA+G,WAAM,OAArH;AAA6H,iBAAY,CAAzI;AAA2I,YAAO,OAAlJ;AAA0J,iBAAY,OAAtK;AAA8K,iBAAY,OAA1L;AAAkM,iBAAY,OAA9M;AAAsN,iBAAY,OAAlO;AAA0O,iBAAY,OAAtP;AAA8P,YAAO,CAArQ;AAAuQ,YAAO,OAA9Q;AAAsR,iBAAY,OAAlS;AAA0S,iBAAY,OAAtT;AAA8T,iBAAY;AAA1U,GAA/hC;AAAm3CC,EAAAA,CAAC,EAAC;AAAC,SAAI,CAAL;AAAO,UAAK,MAAZ;AAAmB,UAAK,MAAxB;AAA+B,UAAK,OAApC;AAA4CJ,IAAAA,CAAC,EAAC,8CAA9C;AAA6F,YAAO,OAApG;AAA4G,YAAO,MAAnH;AAA0H,YAAO,OAAjI;AAAyI,YAAO,MAAhJ;AAAuJ,YAAO;AAA9J,GAAr3C;AAA0hDK,EAAAA,CAAC,EAAC;AAAC,UAAK,MAAN;AAAa,UAAK,OAAlB;AAA0B,UAAK,OAA/B;AAAuC,UAAK,OAA5C;AAAoD,UAAK,OAAzD;AAAiE,UAAK,OAAtE;AAA8E,UAAK,OAAnF;AAA2FL,IAAAA,CAAC,EAAC;AAA7F,GAA5hD;AAAsqDM,EAAAA,CAAC,EAAC;AAAC,SAAI,OAAL;AAAa,eAAU,CAAvB;AAAyB,eAAU,CAAnC;AAAqC,eAAU,OAA/C;AAAuD,WAAM,OAA7D;AAAqE,WAAM,OAA3E;AAAmF,YAAO,OAA1F;AAAkG,iBAAY,OAA9G;AAAsH,YAAO,OAA7H;AAAqI,YAAO,MAA5I;AAAmJ,YAAO;AAA1J,GAAxqD;AAA20DC,EAAAA,CAAC,EAAC;AAAC,SAAI,CAAL;AAAO,SAAI,CAAX;AAAa,SAAI,CAAjB;AAAmB,WAAM,CAAzB;AAA2B,WAAM,CAAjC;AAAmC,WAAM,CAAzC;AAA2C,WAAM,CAAjD;AAAmD,eAAU,CAA7D;AAA+D,WAAM,CAArE;AAAuE,mBAAc;AAArF,GAA70D;AAAq6DC,EAAAA,CAAC,EAAC;AAACR,IAAAA,CAAC,EAAC;AAAH,GAAv6D;AAAu8DS,EAAAA,CAAC,EAAC;AAAC,UAAK,OAAN;AAAcT,IAAAA,CAAC,EAAC;AAAhB,GAAz8D;AAA2+DU,EAAAA,CAAC,EAAC;AAAC,SAAI,CAAL;AAAO,UAAK;AAAZ,GAA7+D;AAA4/DC,EAAAA,CAAC,EAAC;AAAC,UAAK,CAAN;AAAQ,UAAK;AAAb,GAA9/D;AAA8gEC,EAAAA,CAAC,EAAC;AAACZ,IAAAA,CAAC,EAAC;AAAH,GAAhhE;AAAwhEa,EAAAA,CAAC,EAAC;AAAC,SAAI;AAAL,GAA1hE;AAAsiEC,EAAAA,CAAC,EAAC;AAAC,YAAO;AAAR,GAAxiE;AAAmjEC,EAAAA,CAAC,EAAC;AAAC,SAAI;AAAL,GAArjE;AAAmkEC,EAAAA,CAAC,EAAC;AAAC,SAAI;AAAL,GAArkE;AAAmlEC,EAAAA,CAAC,EAAC;AAAC,SAAI;AAAL,GAArlE;AAAmmEC,EAAAA,CAAC,EAAC;AAAC,WAAM;AAAP;AAArmE,CAAf",