{"ast":null,"code":"module.exports = {\n  C: {\n    \"45\": 0.00953,\n    \"48\": 0.0143,\n    \"50\": 0.00477,\n    \"51\": 0.00477,\n    \"52\": 0.15251,\n    \"55\": 0.00953,\n    \"56\": 0.0143,\n    \"59\": 0.00953,\n    \"60\": 0.0143,\n    \"65\": 0.00953,\n    \"66\": 0.00953,\n    \"68\": 0.02383,\n    \"70\": 0.00477,\n    \"72\": 0.00953,\n    \"74\": 0.00477,\n    \"77\": 0.0143,\n    \"78\": 0.21924,\n    \"79\": 0.01906,\n    \"80\": 0.0143,\n    \"81\": 0.02383,\n    \"82\": 0.01906,\n    \"83\": 0.0143,\n    \"84\": 0.03336,\n    \"85\": 0.0143,\n    \"86\": 0.0143,\n    \"87\": 0.03336,\n    \"88\": 0.08579,\n    \"89\": 0.17158,\n    \"90\": 1.97789,\n    \"91\": 2.82147,\n    \"92\": 0.01906,\n    _: \"2 3 4 5 6 7 8 9 10 11 12 13 14 15 16 17 18 19 20 21 22 23 24 25 26 27 28 29 30 31 32 33 34 35 36 37 38 39 40 41 42 43 44 46 47 49 53 54 57 58 61 62 63 64 67 69 71 73 75 76 93 3.5 3.6\"\n  },\n  D: {\n    \"22\": 0.01906,\n    \"34\": 0.00477,\n    \"38\": 0.02383,\n    \"40\": 0.04289,\n    \"43\": 0.0143,\n    \"47\": 0.00953,\n    \"48\": 0.0143,\n    \"49\": 0.33362,\n    \"50\": 0.00477,\n    \"51\": 0.00953,\n    \"52\": 0.01906,\n    \"53\": 0.0143,\n    \"54\": 0.01906,\n    \"56\": 0.02383,\n    \"57\": 0.00477,\n    \"58\": 0.00953,\n    \"59\": 0.00953,\n    \"60\": 0.03336,\n    \"61\": 0.08102,\n    \"62\": 0.00953,\n    \"63\": 0.01906,\n    \"64\": 0.01906,\n    \"65\": 0.04289,\n    \"66\": 0.04289,\n    \"67\": 0.01906,\n    \"68\": 0.00953,\n    \"69\": 0.10962,\n    \"70\": 0.03336,\n    \"71\": 0.0286,\n    \"72\": 0.03336,\n    \"73\": 0.00953,\n    \"74\": 0.11915,\n    \"75\": 0.20494,\n    \"76\": 0.03813,\n    \"77\": 0.02383,\n    \"78\": 0.10485,\n    \"79\": 0.2526,\n    \"80\": 0.16681,\n    \"81\": 0.11438,\n    \"83\": 0.14775,\n    \"84\": 0.17158,\n    \"85\": 0.71013,\n    \"86\": 0.13345,\n    \"87\": 0.40034,\n    \"88\": 0.13345,\n    \"89\": 0.37651,\n    \"90\": 0.30502,\n    \"91\": 1.32495,\n    \"92\": 22.23339,\n    \"93\": 0.01906,\n    \"94\": 0.0143,\n    _: \"4 5 6 7 8 9 10 11 12 13 14 15 16 17 18 19 20 21 23 24 25 26 27 28 29 30 31 32 33 35 36 37 39 41 42 44 45 46 55 95 96\"\n  },\n  F: {\n    \"31\": 0.0286,\n    \"36\": 0.0143,\n    \"40\": 0.01906,\n    \"46\": 0.00477,\n    \"68\": 0.0143,\n    \"69\": 0.00477,\n    \"71\": 0.00477,\n    \"74\": 0.00477,\n    \"75\": 0.00477,\n    \"76\": 0.0143,\n    \"77\": 1.01516,\n    \"78\": 0.84358,\n    _: \"9 11 12 15 16 17 18 19 20 21 22 23 24 25 26 27 28 29 30 32 33 34 35 37 38 39 41 42 43 44 45 47 48 49 50 51 52 53 54 55 56 57 58 60 62 63 64 65 66 67 70 72 73 9.5-9.6 10.5 10.6 11.1 11.5 11.6\",\n    \"10.0-10.1\": 0,\n    \"12.1\": 0.00477\n  },\n  G: {\n    \"8\": 0.00307,\n    \"3.2\": 0,\n    \"4.0-4.1\": 0,\n    \"4.2-4.3\": 0,\n    \"5.0-5.1\": 0.00921,\n    \"6.0-6.1\": 0.00614,\n    \"7.0-7.1\": 0.02303,\n    \"8.1-8.4\": 0.01689,\n    \"9.0-9.2\": 0.02149,\n    \"9.3\": 0.18115,\n    \"10.0-10.2\": 0.01535,\n    \"10.3\": 0.17347,\n    \"11.0-11.2\": 0.04452,\n    \"11.3-11.4\": 0.05987,\n    \"12.0-12.1\": 0.04145,\n    \"12.2-12.4\": 0.14124,\n    \"13.0-13.1\": 0.03838,\n    \"13.2\": 0.01842,\n    \"13.3\": 0.11514,\n    \"13.4-13.7\": 0.3884,\n    \"14.0-14.4\": 1.61193,\n    \"14.5-14.7\": 11.69649\n  },\n  E: {\n    \"4\": 0,\n    \"11\": 0.00477,\n    \"12\": 0.01906,\n    \"13\": 0.10009,\n    \"14\": 0.62911,\n    \"15\": 0.02383,\n    _: \"0 5 6 7 8 9 10 3.1 3.2 6.1 7.1\",\n    \"5.1\": 0.01906,\n    \"9.1\": 0.00477,\n    \"10.1\": 0.01906,\n    \"11.1\": 0.06672,\n    \"12.1\": 0.10009,\n    \"13.1\": 0.38605,\n    \"14.1\": 3.03118\n  },\n  B: {\n    \"12\": 0.00953,\n    \"14\": 0.00477,\n    \"15\": 0.00953,\n    \"16\": 0.00953,\n    \"17\": 0.01906,\n    \"18\": 0.09532,\n    \"80\": 0.00953,\n    \"81\": 0.00953,\n    \"83\": 0.00953,\n    \"84\": 0.01906,\n    \"85\": 0.01906,\n    \"86\": 0.01906,\n    \"87\": 0.0143,\n    \"88\": 0.0143,\n    \"89\": 0.0286,\n    \"90\": 0.0286,\n    \"91\": 0.16204,\n    \"92\": 4.23697,\n    \"93\": 0.00953,\n    _: \"13 79\"\n  },\n  P: {\n    \"4\": 0.16814,\n    \"5.0-5.4\": 0,\n    \"6.2-6.4\": 0.01029,\n    \"7.2-7.4\": 0.03153,\n    \"8.2\": 0,\n    \"9.2\": 0.03153,\n    \"10.1\": 0.02102,\n    \"11.1-11.2\": 0.14712,\n    \"12.0\": 0.06305,\n    \"13.0\": 0.21017,\n    \"14.0\": 3.40481\n  },\n  I: {\n    \"0\": 0,\n    \"3\": 0,\n    \"4\": 0.00626,\n    \"2.1\": 0,\n    \"2.2\": 0,\n    \"2.3\": 0,\n    \"4.1\": 0.00695,\n    \"4.2-4.3\": 0.01251,\n    \"4.4\": 0,\n    \"4.4.3-4.4.4\": 0.06327\n  },\n  K: {\n    _: \"0 10 11 12 11.1 11.5 12.1\"\n  },\n  A: {\n    \"8\": 0.01723,\n    \"9\": 0.01149,\n    \"10\": 0.01149,\n    \"11\": 0.6032,\n    _: \"6 7 5.5\"\n  },\n  J: {\n    \"7\": 0,\n    \"10\": 0\n  },\n  N: {\n    \"10\": 0,\n    \"11\": 0\n  },\n  R: {\n    _: \"0\"\n  },\n  M: {\n    \"0\": 0.45545\n  },\n  Q: {\n    \"10.4\": 0.01047\n  },\n  O: {\n    \"0\": 0.19893\n  },\n  H: {\n    \"0\": 0.50553\n  },\n  L: {\n    \"0\": 32.69332\n  },\n  S: {\n    \"2.5\": 0\n  }\n};","map":{"version":3,"sources":["C:/xampp/public_html/vamo/interface2/node_modules/caniuse-lite/data/regions/alt-eu.js"],"names":["module","exports","C","_","D","F","G","E","B","P","I","K","A","J","N","R","M","Q","O","H","L","S"],