{"ast":null,"code":"module.exports = {\n  C: {\n    \"2\": 0,\n    \"3\": 0,\n    \"4\": 0.00929,\n    \"5\": 0.00929,\n    \"6\": 0,\n    \"7\": 0,\n    \"8\": 0,\n    \"9\": 0,\n    \"10\": 0,\n    \"11\": 0,\n    \"12\": 0,\n    \"13\": 0,\n    \"14\": 0,\n    \"15\": 0.00465,\n    \"16\": 0,\n    \"17\": 0.00929,\n    \"18\": 0,\n    \"19\": 0,\n    \"20\": 0,\n    \"21\": 0,\n    \"22\": 0,\n    \"23\": 0,\n    \"24\": 0,\n    \"25\": 0,\n    \"26\": 0,\n    \"27\": 0,\n    \"28\": 0,\n    \"29\": 0,\n    \"30\": 0,\n    \"31\": 0,\n    \"32\": 0,\n    \"33\": 0,\n    \"34\": 0,\n    \"35\": 0.01394,\n    \"36\": 0.00929,\n    \"37\": 0,\n    \"38\": 0,\n    \"39\": 0,\n    \"40\": 0,\n    \"41\": 0,\n    \"42\": 0,\n    \"43\": 0,\n    \"44\": 0.00465,\n    \"45\": 0,\n    \"46\": 0,\n    \"47\": 0.00465,\n    \"48\": 0.00929,\n    \"49\": 0,\n    \"50\": 0.00465,\n    \"51\": 0.00465,\n    \"52\": 0.00929,\n    \"53\": 0,\n    \"54\": 0.00465,\n    \"55\": 0.00465,\n    \"56\": 0.00929,\n    \"57\": 0.00465,\n    \"58\": 0,\n    \"59\": 0,\n    \"60\": 0,\n    \"61\": 0.01858,\n    \"62\": 0,\n    \"63\": 0,\n    \"64\": 0,\n    \"65\": 0,\n    \"66\": 0,\n    \"67\": 0.00465,\n    \"68\": 0.00465,\n    \"69\": 0,\n    \"70\": 0,\n    \"71\": 0,\n    \"72\": 0.17655,\n    \"73\": 0,\n    \"74\": 0,\n    \"75\": 0,\n    \"76\": 0,\n    \"77\": 0,\n    \"78\": 0.01858,\n    \"79\": 0.00465,\n    \"80\": 0.01394,\n    \"81\": 0.05111,\n    \"82\": 0.00465,\n    \"83\": 0.00465,\n    \"84\": 0.00465,\n    \"85\": 0.00465,\n    \"86\": 0,\n    \"87\": 0.00929,\n    \"88\": 0.04181,\n    \"89\": 0.0604,\n    \"90\": 0.37633,\n    \"91\": 0.62256,\n    \"92\": 0.02788,\n    \"93\": 0,\n    \"3.5\": 0,\n    \"3.6\": 0\n  },\n  D: {\n    \"4\": 0,\n    \"5\": 0,\n    \"6\": 0,\n    \"7\": 0,\n    \"8\": 0,\n    \"9\": 0,\n    \"10\": 0,\n    \"11\": 0,\n    \"12\": 0,\n    \"13\": 0,\n    \"14\": 0,\n    \"15\": 0,\n    \"16\": 0,\n    \"17\": 0,\n    \"18\": 0,\n    \"19\": 0,\n    \"20\": 0,\n    \"21\": 0,\n    \"22\": 0,\n    \"23\": 0.00465,\n    \"24\": 0.01394,\n    \"25\": 0.00465,\n    \"26\": 0,\n    \"27\": 0,\n    \"28\": 0,\n    \"29\": 0,\n    \"30\": 0,\n    \"31\": 0,\n    \"32\": 0,\n    \"33\": 0,\n    \"34\": 0,\n    \"35\": 0,\n    \"36\": 0,\n    \"37\": 0,\n    \"38\": 0.00929,\n    \"39\": 0,\n    \"40\": 0.00465,\n    \"41\": 0,\n    \"42\": 0,\n    \"43\": 0.00465,\n    \"44\": 0,\n    \"45\": 0,\n    \"46\": 0.00465,\n    \"47\": 0.00929,\n    \"48\": 0,\n    \"49\": 0.10686,\n    \"50\": 0,\n    \"51\": 0,\n    \"52\": 0,\n    \"53\": 0.01858,\n    \"54\": 0,\n    \"55\": 0.00465,\n    \"56\": 0.01394,\n    \"57\": 0.00465,\n    \"58\": 0.00465,\n    \"59\": 0,\n    \"60\": 0,\n    \"61\": 0,\n    \"62\": 0,\n    \"63\": 0.00465,\n    \"64\": 0.00465,\n    \"65\": 0.00465,\n    \"66\": 0,\n    \"67\": 0.00465,\n    \"68\": 0.00465,\n    \"69\": 0.00465,\n    \"70\": 0.00465,\n    \"71\": 0.00465,\n    \"72\": 0.00929,\n    \"73\": 0.00465,\n    \"74\": 0.00465,\n    \"75\": 0.00929,\n    \"76\": 0.00929,\n    \"77\": 0,\n    \"78\": 0.02788,\n    \"79\": 0.06504,\n    \"80\": 0.02788,\n    \"81\": 0.00929,\n    \"83\": 0.05111,\n    \"84\": 0.08363,\n    \"85\": 0.05111,\n    \"86\": 0.08363,\n    \"87\": 0.16726,\n    \"88\": 0.06969,\n    \"89\": 0.03252,\n    \"90\": 0.08363,\n    \"91\": 0.4646,\n    \"92\": 14.28645,\n    \"93\": 0.02323,\n    \"94\": 0.02323,\n    \"95\": 0.00465,\n    \"96\": 0\n  },\n  F: {\n    \"9\": 0,\n    \"11\": 0,\n    \"12\": 0,\n    \"15\": 0,\n    \"16\": 0,\n    \"17\": 0,\n    \"18\": 0,\n    \"19\": 0,\n    \"20\": 0,\n    \"21\": 0,\n    \"22\": 0,\n    \"23\": 0,\n    \"24\": 0,\n    \"25\": 0,\n    \"26\": 0,\n    \"27\": 0,\n    \"28\": 0,\n    \"29\": 0.00465,\n    \"30\": 0,\n    \"31\": 0,\n    \"32\": 0,\n    \"33\": 0,\n    \"34\": 0,\n    \"35\": 0,\n    \"36\": 0.00465,\n    \"37\": 0.01394,\n    \"38\": 0,\n    \"39\": 0,\n    \"40\": 0.00465,\n    \"41\": 0,\n    \"42\": 0,\n    \"43\": 0,\n    \"44\": 0,\n    \"45\": 0,\n    \"46\": 0.00465,\n    \"47\": 0,\n    \"48\": 0,\n    \"49\": 0,\n    \"50\": 0,\n    \"51\": 0,\n    \"52\": 0,\n    \"53\": 0,\n    \"54\": 0.00465,\n    \"55\": 0.00465,\n    \"56\": 0,\n    \"57\": 0,\n    \"58\": 0.00929,\n    \"60\": 0,\n    \"62\": 0,\n    \"63\": 0,\n    \"64\": 0,\n    \"65\": 0,\n    \"66\": 0,\n    \"67\": 0,\n    \"68\": 0.00465,\n    \"69\": 0,\n    \"70\": 0.00929,\n    \"71\": 0.00465,\n    \"72\": 0,\n    \"73\": 0,\n    \"74\": 0,\n    \"75\": 0,\n    \"76\": 0.00465,\n    \"77\": 0.14867,\n    \"78\": 0.15796,\n    \"9.5-9.6\": 0,\n    \"10.0-10.1\": 0,\n    \"10.5\": 0,\n    \"10.6\": 0,\n    \"11.1\": 0,\n    \"11.5\": 0,\n    \"11.6\": 0,\n    \"12.1\": 0\n  },\n  G: {\n    \"8\": 0,\n    \"3.2\": 0,\n    \"4.0-4.1\": 0,\n    \"4.2-4.3\": 0,\n    \"5.0-5.1\": 0,\n    \"6.0-6.1\": 0.03496,\n    \"7.0-7.1\": 0.08934,\n    \"8.1-8.4\": 0.13595,\n    \"9.0-9.2\": 0.02331,\n    \"9.3\": 0.27578,\n    \"10.0-10.2\": 0.06992,\n    \"10.3\": 0.3185,\n    \"11.0-11.2\": 0.13983,\n    \"11.3-11.4\": 0.23305,\n    \"12.0-12.1\": 0.26801,\n    \"12.2-12.4\": 0.94774,\n    \"13.0-13.1\": 0.21363,\n    \"13.2\": 0.0738,\n    \"13.3\": 0.56709,\n    \"13.4-13.7\": 1.58475,\n    \"14.0-14.4\": 7.00318,\n    \"14.5-14.7\": 24.18293\n  },\n  E: {\n    \"4\": 0,\n    \"5\": 0,\n    \"6\": 0,\n    \"7\": 0,\n    \"8\": 0,\n    \"9\": 0,\n    \"10\": 0.00465,\n    \"11\": 0.00465,\n    \"12\": 0.00465,\n    \"13\": 0.03252,\n    \"14\": 0.29734,\n    \"15\": 0.01394,\n    _: \"0\",\n    \"3.1\": 0,\n    \"3.2\": 0,\n    \"5.1\": 0,\n    \"6.1\": 0,\n    \"7.1\": 0,\n    \"9.1\": 0,\n    \"10.1\": 0.00465,\n    \"11.1\": 0.01394,\n    \"12.1\": 0.02788,\n    \"13.1\": 0.16261,\n    \"14.1\": 1.11039\n  },\n  B: {\n    \"12\": 0.00465,\n    \"13\": 0.00465,\n    \"14\": 0.00465,\n    \"15\": 0.00465,\n    \"16\": 0.00465,\n    \"17\": 0.00465,\n    \"18\": 0.02323,\n    \"79\": 0,\n    \"80\": 0,\n    \"81\": 0,\n    \"83\": 0,\n    \"84\": 0.00465,\n    \"85\": 0.00465,\n    \"86\": 0.00929,\n    \"87\": 0.00465,\n    \"88\": 0,\n    \"89\": 0.00929,\n    \"90\": 0.00465,\n    \"91\": 0.02323,\n    \"92\": 0.83628,\n    \"93\": 0\n  },\n  P: {\n    \"4\": 0.28041,\n    \"5.0-5.4\": 0.01039,\n    \"6.2-6.4\": 0,\n    \"7.2-7.4\": 0.02077,\n    \"8.2\": 0.01039,\n    \"9.2\": 0.02077,\n    \"10.1\": 0.02077,\n    \"11.1-11.2\": 0.03116,\n    \"12.0\": 0.05193,\n    \"13.0\": 0.10385,\n    \"14.0\": 1.12163\n  },\n  I: {\n    \"0\": 0,\n    \"3\": 0,\n    \"4\": 0,\n    \"2.1\": 0,\n    \"2.2\": 0,\n    \"2.3\": 0,\n    \"4.1\": 0,\n    \"4.2-4.3\": 0.01375,\n    \"4.4\": 0,\n    \"4.4.3-4.4.4\": 0.07484\n  },\n  K: {\n    _: \"0 10 11 12 11.1 11.5 12.1\"\n  },\n  A: {\n    \"6\": 0,\n    \"7\": 0,\n    \"8\": 0.01284,\n    \"9\": 0,\n    \"10\": 0.01284,\n    \"11\": 0.32742,\n    \"5.5\": 0\n  },\n  J: {\n    \"7\": 0,\n    \"10\": 0\n  },\n  N: {\n    \"10\": 0,\n    \"11\": 0\n  },\n  R: {\n    _: \"0\"\n  },\n  M: {\n    \"0\": 0.14991\n  },\n  Q: {\n    \"10.4\": 0.02677\n  },\n  O: {\n    \"0\": 0.71208\n  },\n  H: {\n    \"0\": 0.48661\n  },\n  L: {\n    \"0\": 38.13323\n  },\n  S: {\n    \"2.5\": 0\n  }\n};","map":{"version":3,"sources":["C:/xampp/public_html/vamo/interface2/node_modules/caniuse-lite/data/regions/KH.js"],"names":["module","exports","C","D","F","G","E","_","B","P","I","K","A","J","N","R","M","Q","O","H","L","S"],